{
  "request_date": "2019-12-07-09:25:32",
  "data": [
    {
      "source": "<a href=\"http://twitter.com/download/android\" rel=\"nofollow\">Twitter for Android</a>",
      "favorite_count": 0,
      "geo": null,
      "created_at": "Thu Dec 05 23:13:16 +0000 2019",
      "in_reply_to_screen_name": null,
      "id": 1202727670330613766,
      "place": null,
      "is_quote_status": false,
      "in_reply_to_user_id_str": null,
      "id_str": "1202727670330613766",
      "in_reply_to_status_id_str": null,
      "text": "🎙#HOY 🕙10:00p.m. n #AlBicentenario nos acompañan @MontezaMaximo, @aleesel31 @greenluchoperu, quienes hablarán sobre… https://t.co/bUEs53iwsQ",
      "metadata": {
        "result_type": "recent",
        "iso_language_code": "es"
      },
      "truncated": true,
      "user": {
        "profile_background_color": "F5F8FA",
        "following": false,
        "profile_banner_url": "https://pbs.twimg.com/profile_banners/1195488826359242753/1574262935",
        "profile_background_image_url": null,
        "profile_use_background_image": true,
        "id": 1195488826359242753,
        "statuses_count": 156,
        "is_translator": false,
        "verified": false,
        "location": "",
        "geo_enabled": false,
        "translator_type": "none",
        "created_at": "Fri Nov 15 23:49:12 +0000 2019",
        "description": "",
        "friends_count": 231,
        "profile_text_color": "333333",
        "profile_image_url_https": "https://pbs.twimg.com/profile_images/1197166073264713729/4updsJhb_normal.png",
        "profile_background_image_url_https": null,
        "contributors_enabled": false,
        "profile_link_color": "1DA1F2",
        "time_zone": null,
        "entities": {
          "description": {
            "urls": []
          }
        },
        "notifications": false,
        "favourites_count": 54,
        "profile_sidebar_fill_color": "DDEEF6",
        "follow_request_sent": false,
        "utc_offset": null,
        "protected": false,
        "id_str": "1195488826359242753",
        "screen_name": "MFerreyraPeru",
        "lang": null,
        "profile_image_url": "http://pbs.twimg.com/profile_images/1197166073264713729/4updsJhb_normal.png",
        "listed_count": 0,
        "is_translation_enabled": false,
        "followers_count": 13,
        "has_extended_profile": false,
        "url": null,
        "default_profile": true,
        "name": "Miguel Angel Ferreyra",
        "default_profile_image": false,
        "profile_sidebar_border_color": "C0DEED",
        "profile_background_tile": false
      },
      "possibly_sensitive": false,
      "coordinates": null,
      "entities": {
        "symbols": [],
        "user_mentions": [
          {
            "id": 2820848067,
            "id_str": "2820848067",
            "name": "MAXIMO MONTEZA",
            "screen_name": "MontezaMaximo",
            "indices": [
              49,
              63
            ]
          },
          {
            "id": 1195076420705431564,
            "id_str": "1195076420705431564",
            "name": "Alejandra Argandoña Liza",
            "screen_name": "aleesel31",
            "indices": [
              65,
              75
            ]
          },
          {
            "id": 329423640,
            "id_str": "329423640",
            "name": "Luis Angel Bringas Tacchino.",
            "screen_name": "greenluchoperu",
            "indices": [
              76,
              91
            ]
          }
        ],
        "hashtags": [
          {
            "indices": [
              1,
              5
            ],
            "text": "HOY"
          },
          {
            "indices": [
              19,
              34
            ],
            "text": "AlBicentenario"
          }
        ],
        "urls": [
          {
            "expanded_url": "https://twitter.com/i/web/status/1202727670330613766",
            "url": "https://t.co/bUEs53iwsQ",
            "indices": [
              117,
              140
            ],
            "display_url": "twitter.com/i/web/status/1…"
          }
        ]
      },
      "retweeted": false,
      "contributors": null,
      "retweet_count": 0,
      "favorited": false,
      "in_reply_to_user_id": null,
      "lang": "es",
      "in_reply_to_status_id": null
    },
    {
      "source": "<a href=\"http://twitter.com/download/android\" rel=\"nofollow\">Twitter for Android</a>",
      "favorite_count": 0,
      "geo": null,
      "created_at": "Thu Dec 05 22:41:49 +0000 2019",
      "in_reply_to_screen_name": null,
      "id": 1202719754865262592,
      "place": null,
      "is_quote_status": false,
      "in_reply_to_user_id_str": null,
      "id_str": "1202719754865262592",
      "in_reply_to_status_id_str": null,
      "text": "RT @al_bicentenario: 🎙#HOY 🕙10:00p.m. en #AlBicentenario nos acompañan @MontezaMaximo, @aleesel31 @greenluchoperu, quienes hablarán sobre s…",
      "metadata": {
        "result_type": "recent",
        "iso_language_code": "es"
      },
      "truncated": false,
      "user": {
        "profile_background_color": "F5F8FA",
        "following": false,
        "profile_banner_url": "https://pbs.twimg.com/profile_banners/1195488826359242753/1574262935",
        "profile_background_image_url": null,
        "profile_use_background_image": true,
        "id": 1195488826359242753,
        "statuses_count": 156,
        "is_translator": false,
        "verified": false,
        "location": "",
        "geo_enabled": false,
        "translator_type": "none",
        "created_at": "Fri Nov 15 23:49:12 +0000 2019",
        "description": "",
        "friends_count": 231,
        "profile_text_color": "333333",
        "profile_image_url_https": "https://pbs.twimg.com/profile_images/1197166073264713729/4updsJhb_normal.png",
        "profile_background_image_url_https": null,
        "contributors_enabled": false,
        "profile_link_color": "1DA1F2",
        "time_zone": null,
        "entities": {
          "description": {
            "urls": []
          }
        },
        "notifications": false,
        "favourites_count": 54,
        "profile_sidebar_fill_color": "DDEEF6",
        "follow_request_sent": false,
        "utc_offset": null,
        "protected": false,
        "id_str": "1195488826359242753",
        "screen_name": "MFerreyraPeru",
        "lang": null,
        "profile_image_url": "http://pbs.twimg.com/profile_images/1197166073264713729/4updsJhb_normal.png",
        "listed_count": 0,
        "is_translation_enabled": false,
        "followers_count": 13,
        "has_extended_profile": false,
        "url": null,
        "default_profile": true,
        "name": "Miguel Angel Ferreyra",
        "default_profile_image": false,
        "profile_sidebar_border_color": "C0DEED",
        "profile_background_tile": false
      },
      "coordinates": null,
      "entities": {
        "symbols": [],
        "user_mentions": [
          {
            "id": 1151892936512147457,
            "id_str": "1151892936512147457",
            "name": "Al Bicentenario",
            "screen_name": "al_bicentenario",
            "indices": [
              3,
              19
            ]
          },
          {
            "id": 2820848067,
            "id_str": "2820848067",
            "name": "MAXIMO MONTEZA",
            "screen_name": "MontezaMaximo",
            "indices": [
              71,
              85
            ]
          },
          {
            "id": 1195076420705431564,
            "id_str": "1195076420705431564",
            "name": "Alejandra Argandoña Liza",
            "screen_name": "aleesel31",
            "indices": [
              87,
              97
            ]
          },
          {
            "id": 329423640,
            "id_str": "329423640",
            "name": "Luis Angel Bringas Tacchino.",
            "screen_name": "greenluchoperu",
            "indices": [
              98,
              113
            ]
          }
        ],
        "hashtags": [
          {
            "indices": [
              22,
              26
            ],
            "text": "HOY"
          },
          {
            "indices": [
              41,
              56
            ],
            "text": "AlBicentenario"
          }
        ],
        "urls": []
      },
      "retweeted": false,
      "contributors": null,
      "retweet_count": 1,
      "favorited": false,
      "in_reply_to_user_id": null,
      "lang": "es",
      "retweeted_status": {
        "source": "<a href=\"https://mobile.twitter.com\" rel=\"nofollow\">Twitter Web App</a>",
        "favorite_count": 2,
        "geo": null,
        "created_at": "Thu Dec 05 21:25:13 +0000 2019",
        "in_reply_to_screen_name": null,
        "id": 1202700479060463645,
        "place": null,
        "is_quote_status": false,
        "in_reply_to_user_id_str": null,
        "id_str": "1202700479060463645",
        "in_reply_to_status_id_str": null,
        "text": "🎙#HOY 🕙10:00p.m. en #AlBicentenario nos acompañan @MontezaMaximo, @aleesel31 @greenluchoperu, quienes hablarán sobr… https://t.co/mYBXlW5Uj2",
        "metadata": {
          "result_type": "recent",
          "iso_language_code": "es"
        },
        "truncated": true,
        "user": {
          "profile_background_color": "F5F8FA",
          "following": false,
          "profile_banner_url": "https://pbs.twimg.com/profile_banners/1151892936512147457/1569529177",
          "profile_background_image_url": null,
          "profile_use_background_image": true,
          "id": 1151892936512147457,
          "statuses_count": 137,
          "is_translator": false,
          "verified": false,
          "location": "",
          "geo_enabled": true,
          "translator_type": "none",
          "created_at": "Thu Jul 18 16:34:11 +0000 2019",
          "description": "Programa de análisis y debate político, conducido por @MiguelAFerreyr4 . Todos los jueves a las 🕚10:00 p.m. por @Ucinoticias_pe",
          "friends_count": 554,
          "profile_text_color": "333333",
          "profile_image_url_https": "https://pbs.twimg.com/profile_images/1177316806173876224/hh61NjZS_normal.jpg",
          "profile_background_image_url_https": null,
          "contributors_enabled": false,
          "profile_link_color": "1DA1F2",
          "time_zone": null,
          "entities": {
            "description": {
              "urls": []
            }
          },
          "notifications": false,
          "favourites_count": 10,
          "profile_sidebar_fill_color": "DDEEF6",
          "follow_request_sent": false,
          "utc_offset": null,
          "protected": false,
          "id_str": "1151892936512147457",
          "screen_name": "al_bicentenario",
          "lang": null,
          "profile_image_url": "http://pbs.twimg.com/profile_images/1177316806173876224/hh61NjZS_normal.jpg",
          "listed_count": 0,
          "is_translation_enabled": false,
          "followers_count": 59,
          "has_extended_profile": false,
          "url": null,
          "default_profile": true,
          "name": "Al Bicentenario",
          "default_profile_image": false,
          "profile_sidebar_border_color": "C0DEED",
          "profile_background_tile": false
        },
        "possibly_sensitive": false,
        "coordinates": null,
        "entities": {
          "symbols": [],
          "user_mentions": [
            {
              "id": 2820848067,
              "id_str": "2820848067",
              "name": "MAXIMO MONTEZA",
              "screen_name": "MontezaMaximo",
              "indices": [
                50,
                64
              ]
            },
            {
              "id": 1195076420705431564,
              "id_str": "1195076420705431564",
              "name": "Alejandra Argandoña Liza",
              "screen_name": "aleesel31",
              "indices": [
                66,
                76
              ]
            },
            {
              "id": 329423640,
              "id_str": "329423640",
              "name": "Luis Angel Bringas Tacchino.",
              "screen_name": "greenluchoperu",
              "indices": [
                77,
                92
              ]
            }
          ],
          "hashtags": [
            {
              "indices": [
                1,
                5
              ],
              "text": "HOY"
            },
            {
              "indices": [
                20,
                35
              ],
              "text": "AlBicentenario"
            }
          ],
          "urls": [
            {
              "expanded_url": "https://twitter.com/i/web/status/1202700479060463645",
              "url": "https://t.co/mYBXlW5Uj2",
              "indices": [
                117,
                140
              ],
              "display_url": "twitter.com/i/web/status/1…"
            }
          ]
        },
        "retweeted": false,
        "contributors": null,
        "retweet_count": 1,
        "favorited": false,
        "in_reply_to_user_id": null,
        "lang": "es",
        "in_reply_to_status_id": null
      },
      "in_reply_to_status_id": null
    },
    {
      "source": "<a href=\"https://mobile.twitter.com\" rel=\"nofollow\">Twitter Web App</a>",
      "favorite_count": 2,
      "geo": null,
      "created_at": "Thu Dec 05 21:25:13 +0000 2019",
      "in_reply_to_screen_name": null,
      "id": 1202700479060463645,
      "place": null,
      "is_quote_status": false,
      "in_reply_to_user_id_str": null,
      "id_str": "1202700479060463645",
      "in_reply_to_status_id_str": null,
      "text": "🎙#HOY 🕙10:00p.m. en #AlBicentenario nos acompañan @MontezaMaximo, @aleesel31 @greenluchoperu, quienes hablarán sobr… https://t.co/mYBXlW5Uj2",
      "metadata": {
        "result_type": "recent",
        "iso_language_code": "es"
      },
      "truncated": true,
      "user": {
        "profile_background_color": "F5F8FA",
        "following": false,
        "profile_banner_url": "https://pbs.twimg.com/profile_banners/1151892936512147457/1569529177",
        "profile_background_image_url": null,
        "profile_use_background_image": true,
        "id": 1151892936512147457,
        "statuses_count": 137,
        "is_translator": false,
        "verified": false,
        "location": "",
        "geo_enabled": true,
        "translator_type": "none",
        "created_at": "Thu Jul 18 16:34:11 +0000 2019",
        "description": "Programa de análisis y debate político, conducido por @MiguelAFerreyr4 . Todos los jueves a las 🕚10:00 p.m. por @Ucinoticias_pe",
        "friends_count": 554,
        "profile_text_color": "333333",
        "profile_image_url_https": "https://pbs.twimg.com/profile_images/1177316806173876224/hh61NjZS_normal.jpg",
        "profile_background_image_url_https": null,
        "contributors_enabled": false,
        "profile_link_color": "1DA1F2",
        "time_zone": null,
        "entities": {
          "description": {
            "urls": []
          }
        },
        "notifications": false,
        "favourites_count": 10,
        "profile_sidebar_fill_color": "DDEEF6",
        "follow_request_sent": false,
        "utc_offset": null,
        "protected": false,
        "id_str": "1151892936512147457",
        "screen_name": "al_bicentenario",
        "lang": null,
        "profile_image_url": "http://pbs.twimg.com/profile_images/1177316806173876224/hh61NjZS_normal.jpg",
        "listed_count": 0,
        "is_translation_enabled": false,
        "followers_count": 59,
        "has_extended_profile": false,
        "url": null,
        "default_profile": true,
        "name": "Al Bicentenario",
        "default_profile_image": false,
        "profile_sidebar_border_color": "C0DEED",
        "profile_background_tile": false
      },
      "possibly_sensitive": false,
      "coordinates": null,
      "entities": {
        "symbols": [],
        "user_mentions": [
          {
            "id": 2820848067,
            "id_str": "2820848067",
            "name": "MAXIMO MONTEZA",
            "screen_name": "MontezaMaximo",
            "indices": [
              50,
              64
            ]
          },
          {
            "id": 1195076420705431564,
            "id_str": "1195076420705431564",
            "name": "Alejandra Argandoña Liza",
            "screen_name": "aleesel31",
            "indices": [
              66,
              76
            ]
          },
          {
            "id": 329423640,
            "id_str": "329423640",
            "name": "Luis Angel Bringas Tacchino.",
            "screen_name": "greenluchoperu",
            "indices": [
              77,
              92
            ]
          }
        ],
        "hashtags": [
          {
            "indices": [
              1,
              5
            ],
            "text": "HOY"
          },
          {
            "indices": [
              20,
              35
            ],
            "text": "AlBicentenario"
          }
        ],
        "urls": [
          {
            "expanded_url": "https://twitter.com/i/web/status/1202700479060463645",
            "url": "https://t.co/mYBXlW5Uj2",
            "indices": [
              117,
              140
            ],
            "display_url": "twitter.com/i/web/status/1…"
          }
        ]
      },
      "retweeted": false,
      "contributors": null,
      "retweet_count": 1,
      "favorited": false,
      "in_reply_to_user_id": null,
      "lang": "es",
      "in_reply_to_status_id": null
    },
    {
      "source": "<a href=\"https://twitter.tools.eticlab.xyz\" rel=\"nofollow\">Etic Lab Toolkit</a>",
      "favorite_count": 0,
      "geo": null,
      "created_at": "Sun Dec 01 01:02:00 +0000 2019",
      "in_reply_to_screen_name": null,
      "id": 1200943091701731328,
      "place": null,
      "is_quote_status": false,
      "in_reply_to_user_id_str": null,
      "id_str": "1200943091701731328",
      "in_reply_to_status_id_str": null,
      "text": "RT @greenluchoperu: Estamos en una alerta mundial ecológica ❗❗❗\n#A30 #Ecología\n#ClimateStrike\nhttps://t.co/KXqXbbKrOC",
      "metadata": {
        "result_type": "recent",
        "iso_language_code": "es"
      },
      "truncated": false,
      "user": {
        "profile_background_color": "F5F8FA",
        "following": false,
        "profile_banner_url": "https://pbs.twimg.com/profile_banners/1174664712291794944/1568906713",
        "profile_background_image_url": null,
        "profile_use_background_image": true,
        "id": 1174664712291794944,
        "statuses_count": 15188,
        "is_translator": false,
        "verified": false,
        "location": "",
        "geo_enabled": false,
        "translator_type": "none",
        "created_at": "Thu Sep 19 12:43:15 +0000 2019",
        "description": "A party that is driven by the public and our one concern: inaction now at a critical point in human history condemns our children to a dangerous & hostile world",
        "friends_count": 903,
        "profile_text_color": "333333",
        "profile_image_url_https": "https://pbs.twimg.com/profile_images/1174696009752035328/2DfU05DP_normal.png",
        "profile_background_image_url_https": null,
        "contributors_enabled": false,
        "profile_link_color": "1DA1F2",
        "time_zone": null,
        "entities": {
          "url": {
            "urls": [
              {
                "expanded_url": "https://climatechangeparty.uk",
                "url": "https://t.co/xTV8iXgUAs",
                "indices": [
                  0,
                  23
                ],
                "display_url": "climatechangeparty.uk"
              }
            ]
          },
          "description": {
            "urls": []
          }
        },
        "notifications": false,
        "favourites_count": 0,
        "profile_sidebar_fill_color": "DDEEF6",
        "follow_request_sent": false,
        "utc_offset": null,
        "protected": false,
        "id_str": "1174664712291794944",
        "screen_name": "ClimateChangePa",
        "lang": null,
        "profile_image_url": "http://pbs.twimg.com/profile_images/1174696009752035328/2DfU05DP_normal.png",
        "listed_count": 27,
        "is_translation_enabled": false,
        "followers_count": 832,
        "has_extended_profile": false,
        "url": "https://t.co/xTV8iXgUAs",
        "default_profile": true,
        "name": "Climate Change Party",
        "default_profile_image": false,
        "profile_sidebar_border_color": "C0DEED",
        "profile_background_tile": false
      },
      "possibly_sensitive": false,
      "coordinates": null,
      "entities": {
        "symbols": [],
        "user_mentions": [
          {
            "id": 329423640,
            "id_str": "329423640",
            "name": "Luis Angel Bringas Tacchino.",
            "screen_name": "greenluchoperu",
            "indices": [
              3,
              18
            ]
          }
        ],
        "hashtags": [
          {
            "indices": [
              64,
              68
            ],
            "text": "A30"
          },
          {
            "indices": [
              69,
              78
            ],
            "text": "Ecología"
          },
          {
            "indices": [
              79,
              93
            ],
            "text": "ClimateStrike"
          }
        ],
        "urls": [
          {
            "expanded_url": "https://m.facebook.com/story.php?story_fbid=1364162883756410&id=967293213443381",
            "url": "https://t.co/KXqXbbKrOC",
            "indices": [
              94,
              117
            ],
            "display_url": "m.facebook.com/story.php?stor…"
          }
        ]
      },
      "retweeted": false,
      "contributors": null,
      "retweet_count": 3,
      "favorited": false,
      "in_reply_to_user_id": null,
      "lang": "es",
      "retweeted_status": {
        "source": "<a href=\"http://twitter.com/download/android\" rel=\"nofollow\">Twitter for Android</a>",
        "favorite_count": 2,
        "geo": null,
        "created_at": "Sat Nov 30 15:45:24 +0000 2019",
        "in_reply_to_screen_name": null,
        "id": 1200803019312549891,
        "place": null,
        "is_quote_status": false,
        "in_reply_to_user_id_str": null,
        "id_str": "1200803019312549891",
        "in_reply_to_status_id_str": null,
        "text": "Estamos en una alerta mundial ecológica ❗❗❗\n#A30 #Ecología\n#ClimateStrike\nhttps://t.co/KXqXbbKrOC",
        "metadata": {
          "result_type": "recent",
          "iso_language_code": "es"
        },
        "truncated": false,
        "user": {
          "profile_background_color": "000000",
          "following": false,
          "profile_banner_url": "https://pbs.twimg.com/profile_banners/329423640/1574799150",
          "profile_background_image_url": "http://abs.twimg.com/images/themes/theme1/bg.png",
          "profile_use_background_image": true,
          "id": 329423640,
          "statuses_count": 172,
          "is_translator": false,
          "verified": false,
          "location": "Lima Perú",
          "geo_enabled": true,
          "translator_type": "none",
          "created_at": "Tue Jul 05 01:55:26 +0000 2011",
          "description": "Político, Comunicador.\nCreador:\n- Green Xpress\n- Capri Café",
          "friends_count": 1120,
          "profile_text_color": "333333",
          "profile_image_url_https": "https://pbs.twimg.com/profile_images/1199420877038858240/0nGOceNl_normal.jpg",
          "profile_background_image_url_https": "https://abs.twimg.com/images/themes/theme1/bg.png",
          "contributors_enabled": false,
          "profile_link_color": "0084B4",
          "time_zone": null,
          "entities": {
            "description": {
              "urls": []
            }
          },
          "notifications": false,
          "favourites_count": 20,
          "profile_sidebar_fill_color": "DDEEF6",
          "follow_request_sent": false,
          "utc_offset": null,
          "protected": false,
          "id_str": "329423640",
          "screen_name": "greenluchoperu",
          "lang": null,
          "profile_image_url": "http://pbs.twimg.com/profile_images/1199420877038858240/0nGOceNl_normal.jpg",
          "listed_count": 0,
          "is_translation_enabled": false,
          "followers_count": 216,
          "has_extended_profile": true,
          "url": null,
          "default_profile": false,
          "name": "Luis Angel Bringas Tacchino.",
          "default_profile_image": false,
          "profile_sidebar_border_color": "C0DEED",
          "profile_background_tile": false
        },
        "possibly_sensitive": false,
        "coordinates": null,
        "entities": {
          "symbols": [],
          "user_mentions": [],
          "hashtags": [
            {
              "indices": [
                44,
                48
              ],
              "text": "A30"
            },
            {
              "indices": [
                49,
                58
              ],
              "text": "Ecología"
            },
            {
              "indices": [
                59,
                73
              ],
              "text": "ClimateStrike"
            }
          ],
          "urls": [
            {
              "expanded_url": "https://m.facebook.com/story.php?story_fbid=1364162883756410&id=967293213443381",
              "url": "https://t.co/KXqXbbKrOC",
              "indices": [
                74,
                97
              ],
              "display_url": "m.facebook.com/story.php?stor…"
            }
          ]
        },
        "retweeted": false,
        "contributors": null,
        "retweet_count": 3,
        "favorited": false,
        "in_reply_to_user_id": null,
        "lang": "es",
        "in_reply_to_status_id": null
      },
      "in_reply_to_status_id": null
    },
    {
      "source": "<a href=\"http://twitter.com/download/iphone\" rel=\"nofollow\">Twitter for iPhone</a>",
      "favorite_count": 0,
      "geo": null,
      "created_at": "Sun Dec 01 00:59:02 +0000 2019",
      "in_reply_to_screen_name": null,
      "id": 1200942346541699072,
      "place": null,
      "is_quote_status": false,
      "in_reply_to_user_id_str": null,
      "id_str": "1200942346541699072",
      "in_reply_to_status_id_str": null,
      "text": "RT @greenluchoperu: Estamos en una alerta mundial ecológica ❗❗❗\n#A30 #Ecología\n#ClimateStrike\nhttps://t.co/KXqXbbKrOC",
      "metadata": {
        "result_type": "recent",
        "iso_language_code": "es"
      },
      "truncated": false,
      "user": {
        "profile_background_color": "C0DEED",
        "following": false,
        "profile_link_color": "1DA1F2",
        "profile_background_image_url": "http://abs.twimg.com/images/themes/theme1/bg.png",
        "profile_use_background_image": true,
        "id": 618391837,
        "statuses_count": 25,
        "is_translator": false,
        "verified": false,
        "location": "Miraflores- Lima",
        "geo_enabled": false,
        "translator_type": "none",
        "created_at": "Mon Jun 25 19:57:16 +0000 2012",
        "description": "Publicista con especialidad en Marketing. Me gusta todo lo relacionado con las comunicaciones,Amo viajar y disfruto de salir a bailar.me gusta aprender de todo.",
        "friends_count": 115,
        "profile_text_color": "333333",
        "profile_image_url_https": "https://pbs.twimg.com/profile_images/2340714407/4icrc7fd8fq2977y812d_normal.jpeg",
        "profile_background_image_url_https": "https://abs.twimg.com/images/themes/theme1/bg.png",
        "contributors_enabled": false,
        "time_zone": null,
        "entities": {
          "description": {
            "urls": []
          }
        },
        "notifications": false,
        "favourites_count": 10,
        "profile_sidebar_fill_color": "DDEEF6",
        "follow_request_sent": false,
        "utc_offset": null,
        "protected": false,
        "id_str": "618391837",
        "screen_name": "LoreBringas1",
        "lang": null,
        "profile_image_url": "http://pbs.twimg.com/profile_images/2340714407/4icrc7fd8fq2977y812d_normal.jpeg",
        "listed_count": 2,
        "is_translation_enabled": false,
        "followers_count": 54,
        "has_extended_profile": false,
        "url": null,
        "default_profile": true,
        "name": "Lorena Bringas Tacch",
        "default_profile_image": false,
        "profile_sidebar_border_color": "C0DEED",
        "profile_background_tile": false
      },
      "possibly_sensitive": false,
      "coordinates": null,
      "entities": {
        "symbols": [],
        "user_mentions": [
          {
            "id": 329423640,
            "id_str": "329423640",
            "name": "Luis Angel Bringas Tacchino.",
            "screen_name": "greenluchoperu",
            "indices": [
              3,
              18
            ]
          }
        ],
        "hashtags": [
          {
            "indices": [
              64,
              68
            ],
            "text": "A30"
          },
          {
            "indices": [
              69,
              78
            ],
            "text": "Ecología"
          },
          {
            "indices": [
              79,
              93
            ],
            "text": "ClimateStrike"
          }
        ],
        "urls": [
          {
            "expanded_url": "https://m.facebook.com/story.php?story_fbid=1364162883756410&id=967293213443381",
            "url": "https://t.co/KXqXbbKrOC",
            "indices": [
              94,
              117
            ],
            "display_url": "m.facebook.com/story.php?stor…"
          }
        ]
      },
      "retweeted": false,
      "contributors": null,
      "retweet_count": 3,
      "favorited": false,
      "in_reply_to_user_id": null,
      "lang": "es",
      "retweeted_status": {
        "source": "<a href=\"http://twitter.com/download/android\" rel=\"nofollow\">Twitter for Android</a>",
        "favorite_count": 2,
        "geo": null,
        "created_at": "Sat Nov 30 15:45:24 +0000 2019",
        "in_reply_to_screen_name": null,
        "id": 1200803019312549891,
        "place": null,
        "is_quote_status": false,
        "in_reply_to_user_id_str": null,
        "id_str": "1200803019312549891",
        "in_reply_to_status_id_str": null,
        "text": "Estamos en una alerta mundial ecológica ❗❗❗\n#A30 #Ecología\n#ClimateStrike\nhttps://t.co/KXqXbbKrOC",
        "metadata": {
          "result_type": "recent",
          "iso_language_code": "es"
        },
        "truncated": false,
        "user": {
          "profile_background_color": "000000",
          "following": false,
          "profile_banner_url": "https://pbs.twimg.com/profile_banners/329423640/1574799150",
          "profile_background_image_url": "http://abs.twimg.com/images/themes/theme1/bg.png",
          "profile_use_background_image": true,
          "id": 329423640,
          "statuses_count": 172,
          "is_translator": false,
          "verified": false,
          "location": "Lima Perú",
          "geo_enabled": true,
          "translator_type": "none",
          "created_at": "Tue Jul 05 01:55:26 +0000 2011",
          "description": "Político, Comunicador.\nCreador:\n- Green Xpress\n- Capri Café",
          "friends_count": 1120,
          "profile_text_color": "333333",
          "profile_image_url_https": "https://pbs.twimg.com/profile_images/1199420877038858240/0nGOceNl_normal.jpg",
          "profile_background_image_url_https": "https://abs.twimg.com/images/themes/theme1/bg.png",
          "contributors_enabled": false,
          "profile_link_color": "0084B4",
          "time_zone": null,
          "entities": {
            "description": {
              "urls": []
            }
          },
          "notifications": false,
          "favourites_count": 20,
          "profile_sidebar_fill_color": "DDEEF6",
          "follow_request_sent": false,
          "utc_offset": null,
          "protected": false,
          "id_str": "329423640",
          "screen_name": "greenluchoperu",
          "lang": null,
          "profile_image_url": "http://pbs.twimg.com/profile_images/1199420877038858240/0nGOceNl_normal.jpg",
          "listed_count": 0,
          "is_translation_enabled": false,
          "followers_count": 216,
          "has_extended_profile": true,
          "url": null,
          "default_profile": false,
          "name": "Luis Angel Bringas Tacchino.",
          "default_profile_image": false,
          "profile_sidebar_border_color": "C0DEED",
          "profile_background_tile": false
        },
        "possibly_sensitive": false,
        "coordinates": null,
        "entities": {
          "symbols": [],
          "user_mentions": [],
          "hashtags": [
            {
              "indices": [
                44,
                48
              ],
              "text": "A30"
            },
            {
              "indices": [
                49,
                58
              ],
              "text": "Ecología"
            },
            {
              "indices": [
                59,
                73
              ],
              "text": "ClimateStrike"
            }
          ],
          "urls": [
            {
              "expanded_url": "https://m.facebook.com/story.php?story_fbid=1364162883756410&id=967293213443381",
              "url": "https://t.co/KXqXbbKrOC",
              "indices": [
                74,
                97
              ],
              "display_url": "m.facebook.com/story.php?stor…"
            }
          ]
        },
        "retweeted": false,
        "contributors": null,
        "retweet_count": 3,
        "favorited": false,
        "in_reply_to_user_id": null,
        "lang": "es",
        "in_reply_to_status_id": null
      },
      "in_reply_to_status_id": null
    },
    {
      "source": "<a href=\"http://twitter.com/download/android\" rel=\"nofollow\">Twitter for Android</a>",
      "favorite_count": 0,
      "geo": null,
      "created_at": "Sat Nov 30 23:51:38 +0000 2019",
      "in_reply_to_screen_name": null,
      "id": 1200925385887752192,
      "place": null,
      "is_quote_status": false,
      "in_reply_to_user_id_str": null,
      "id_str": "1200925385887752192",
      "in_reply_to_status_id_str": null,
      "text": "RT @greenluchoperu: \"¿Qué sentido tiene una economía que crece financieramente y que por su misma naturaleza genera inequidad creciente, ac…",
      "metadata": {
        "result_type": "recent",
        "iso_language_code": "es"
      },
      "truncated": false,
      "user": {
        "profile_background_color": "C0DEED",
        "following": false,
        "profile_link_color": "1DA1F2",
        "profile_background_image_url": "http://abs.twimg.com/images/themes/theme1/bg.png",
        "profile_use_background_image": true,
        "id": 719355984,
        "statuses_count": 6604,
        "is_translator": false,
        "verified": false,
        "location": "Lima",
        "geo_enabled": true,
        "translator_type": "none",
        "created_at": "Fri Jul 27 03:44:53 +0000 2012",
        "description": "Tecnico en Administraciòn y deportista de toda la vida.",
        "friends_count": 231,
        "profile_text_color": "333333",
        "profile_image_url_https": "https://pbs.twimg.com/profile_images/1156389829267152901/_oJpppsS_normal.jpg",
        "profile_background_image_url_https": "https://abs.twimg.com/images/themes/theme1/bg.png",
        "contributors_enabled": false,
        "time_zone": null,
        "entities": {
          "url": {
            "urls": [
              {
                "expanded_url": "http://facebook.com/roberto.angel.lg",
                "url": "https://t.co/xQKNVUB2AS",
                "indices": [
                  0,
                  23
                ],
                "display_url": "facebook.com/roberto.angel.…"
              }
            ]
          },
          "description": {
            "urls": []
          }
        },
        "notifications": false,
        "favourites_count": 83,
        "profile_sidebar_fill_color": "DDEEF6",
        "follow_request_sent": false,
        "utc_offset": null,
        "protected": false,
        "id_str": "719355984",
        "screen_name": "Roberto4ngel",
        "lang": null,
        "profile_image_url": "http://pbs.twimg.com/profile_images/1156389829267152901/_oJpppsS_normal.jpg",
        "listed_count": 3,
        "is_translation_enabled": false,
        "followers_count": 275,
        "has_extended_profile": false,
        "url": "https://t.co/xQKNVUB2AS",
        "default_profile": true,
        "name": "Roberto Angel",
        "default_profile_image": false,
        "profile_sidebar_border_color": "C0DEED",
        "profile_background_tile": false
      },
      "coordinates": null,
      "entities": {
        "symbols": [],
        "user_mentions": [
          {
            "id": 329423640,
            "id_str": "329423640",
            "name": "Luis Angel Bringas Tacchino.",
            "screen_name": "greenluchoperu",
            "indices": [
              3,
              18
            ]
          }
        ],
        "hashtags": [],
        "urls": []
      },
      "retweeted": false,
      "contributors": null,
      "retweet_count": 2,
      "favorited": false,
      "in_reply_to_user_id": null,
      "lang": "es",
      "retweeted_status": {
        "source": "<a href=\"https://mobile.twitter.com\" rel=\"nofollow\">Twitter Web App</a>",
        "favorite_count": 0,
        "geo": null,
        "created_at": "Wed Nov 27 21:24:09 +0000 2019",
        "in_reply_to_screen_name": null,
        "id": 1199801104978067456,
        "place": null,
        "is_quote_status": false,
        "in_reply_to_user_id_str": null,
        "id_str": "1199801104978067456",
        "in_reply_to_status_id_str": null,
        "text": "\"¿Qué sentido tiene una economía que crece financieramente y que por su misma naturaleza genera inequidad creciente… https://t.co/b4NYrrAuLu",
        "metadata": {
          "result_type": "recent",
          "iso_language_code": "es"
        },
        "truncated": true,
        "user": {
          "profile_background_color": "000000",
          "following": false,
          "profile_banner_url": "https://pbs.twimg.com/profile_banners/329423640/1574799150",
          "profile_background_image_url": "http://abs.twimg.com/images/themes/theme1/bg.png",
          "profile_use_background_image": true,
          "id": 329423640,
          "statuses_count": 172,
          "is_translator": false,
          "verified": false,
          "location": "Lima Perú",
          "geo_enabled": true,
          "translator_type": "none",
          "created_at": "Tue Jul 05 01:55:26 +0000 2011",
          "description": "Político, Comunicador.\nCreador:\n- Green Xpress\n- Capri Café",
          "friends_count": 1120,
          "profile_text_color": "333333",
          "profile_image_url_https": "https://pbs.twimg.com/profile_images/1199420877038858240/0nGOceNl_normal.jpg",
          "profile_background_image_url_https": "https://abs.twimg.com/images/themes/theme1/bg.png",
          "contributors_enabled": false,
          "profile_link_color": "0084B4",
          "time_zone": null,
          "entities": {
            "description": {
              "urls": []
            }
          },
          "notifications": false,
          "favourites_count": 20,
          "profile_sidebar_fill_color": "DDEEF6",
          "follow_request_sent": false,
          "utc_offset": null,
          "protected": false,
          "id_str": "329423640",
          "screen_name": "greenluchoperu",
          "lang": null,
          "profile_image_url": "http://pbs.twimg.com/profile_images/1199420877038858240/0nGOceNl_normal.jpg",
          "listed_count": 0,
          "is_translation_enabled": false,
          "followers_count": 216,
          "has_extended_profile": true,
          "url": null,
          "default_profile": false,
          "name": "Luis Angel Bringas Tacchino.",
          "default_profile_image": false,
          "profile_sidebar_border_color": "C0DEED",
          "profile_background_tile": false
        },
        "coordinates": null,
        "entities": {
          "symbols": [],
          "user_mentions": [],
          "hashtags": [],
          "urls": [
            {
              "expanded_url": "https://twitter.com/i/web/status/1199801104978067456",
              "url": "https://t.co/b4NYrrAuLu",
              "indices": [
                117,
                140
              ],
              "display_url": "twitter.com/i/web/status/1…"
            }
          ]
        },
        "retweeted": false,
        "contributors": null,
        "retweet_count": 2,
        "favorited": false,
        "in_reply_to_user_id": null,
        "lang": "es",
        "in_reply_to_status_id": null
      },
      "in_reply_to_status_id": null
    }
  ]
}