{
  "data": [
    {
      "source": "<a href=\"https://about.twitter.com/products/tweetdeck\" rel=\"nofollow\">TweetDeck</a>",
      "is_quote_status": false,
      "truncated": true,
      "id": 1213518454118060039,
      "metadata": {
        "result_type": "recent",
        "iso_language_code": "es"
      },
      "favorite_count": 5,
      "created_at": "Sat Jan 04 17:52:00 +0000 2020",
      "contributors": null,
      "user": {
        "profile_sidebar_border_color": "FFFFFF",
        "following": true,
        "profile_sidebar_fill_color": "EADEAA",
        "profile_link_color": "991919",
        "profile_banner_url": "https://pbs.twimg.com/profile_banners/63597537/1578177508",
        "name": "TVPerú Noticias",
        "profile_background_tile": false,
        "profile_text_color": "333333",
        "friends_count": 1828,
        "id": 63597537,
        "screen_name": "noticias_tvperu",
        "profile_use_background_image": false,
        "description": "Somos el canal de noticias de @TVPeruPE. Tenemos la mejor cobertura y el análisis de periodistas especializados sobre el acontecer nacional e internacional.",
        "created_at": "Fri Aug 07 01:18:28 +0000 2009",
        "contributors_enabled": false,
        "url": "https://t.co/hjjAuhOFS0",
        "default_profile": false,
        "notifications": false,
        "profile_background_image_url_https": "https://abs.twimg.com/images/themes/theme8/bg.gif",
        "profile_image_url": "http://pbs.twimg.com/profile_images/1120354998116921345/yIS4QiIA_normal.png",
        "statuses_count": 211345,
        "listed_count": 1740,
        "favourites_count": 3158,
        "utc_offset": null,
        "time_zone": null,
        "verified": true,
        "location": "Santa Beatriz, Lima - Perú",
        "profile_background_image_url": "http://abs.twimg.com/images/themes/theme8/bg.gif",
        "translator_type": "none",
        "entities": {
          "description": {
            "urls": []
          },
          "url": {
            "urls": [
              {
                "display_url": "tvperu.gob.pe/noticias",
                "expanded_url": "http://www.tvperu.gob.pe/noticias",
                "url": "https://t.co/hjjAuhOFS0",
                "indices": [
                  0,
                  23
                ]
              }
            ]
          }
        },
        "follow_request_sent": false,
        "has_extended_profile": false,
        "default_profile_image": false,
        "is_translation_enabled": false,
        "geo_enabled": true,
        "followers_count": 793780,
        "protected": false,
        "id_str": "63597537",
        "profile_background_color": "083A66",
        "lang": null,
        "profile_image_url_https": "https://pbs.twimg.com/profile_images/1120354998116921345/yIS4QiIA_normal.png",
        "is_translator": false
      },
      "in_reply_to_status_id_str": null,
      "place": null,
      "id_str": "1213518454118060039",
      "lang": "es",
      "retweeted": false,
      "text": "El Juzgado Civil Transitorio de Chorrillos ordenó que el candidato excluido por el Partido Popular Cristiano,… https://t.co/RuNkqNQSwL",
      "in_reply_to_status_id": null,
      "entities": {
        "hashtags": [],
        "urls": [
          {
            "display_url": "twitter.com/i/web/status/1…",
            "expanded_url": "https://twitter.com/i/web/status/1213518454118060039",
            "url": "https://t.co/RuNkqNQSwL",
            "indices": [
              111,
              134
            ]
          }
        ],
        "user_mentions": [],
        "symbols": []
      },
      "favorited": false,
      "geo": null,
      "in_reply_to_user_id_str": null,
      "coordinates": null,
      "retweet_count": 0,
      "in_reply_to_user_id": null,
      "possibly_sensitive": false,
      "in_reply_to_screen_name": null
    }
  ],
  "request_date": "2020-01-04-19:42:14"
}