{
  "data": [
    {
      "in_reply_to_user_id_str": "52487924",
      "metadata": {
        "iso_language_code": "es",
        "result_type": "recent"
      },
      "id_str": "1203725725989318656",
      "in_reply_to_user_id": 52487924,
      "is_quote_status": false,
      "lang": "es",
      "user": {
        "time_zone": null,
        "name": "Avanti Morocha",
        "id": 1080262798104502272,
        "statuses_count": 2641,
        "translator_type": "none",
        "profile_sidebar_border_color": "C0DEED",
        "id_str": "1080262798104502272",
        "profile_background_image_url": null,
        "follow_request_sent": false,
        "listed_count": 0,
        "profile_background_image_url_https": null,
        "notifications": false,
        "lang": null,
        "profile_text_color": "333333",
        "profile_image_url_https": "https://pbs.twimg.com/profile_images/1130950014359015424/7j6VeRhH_normal.jpg",
        "favourites_count": 9600,
        "url": null,
        "description": "Psicóloga, atea, feminista, de izquierda, madre de un universitario, amante de la literatura, apasionada por la política.",
        "has_extended_profile": true,
        "geo_enabled": false,
        "protected": false,
        "screen_name": "VaneOblitas1",
        "profile_use_background_image": true,
        "profile_image_url": "http://pbs.twimg.com/profile_images/1130950014359015424/7j6VeRhH_normal.jpg",
        "verified": false,
        "profile_background_tile": false,
        "following": false,
        "followers_count": 123,
        "utc_offset": null,
        "location": "Arequipa, Peru",
        "is_translator": false,
        "entities": {
          "description": {
            "urls": []
          }
        },
        "friends_count": 154,
        "created_at": "Wed Jan 02 00:41:36 +0000 2019",
        "is_translation_enabled": false,
        "profile_link_color": "1DA1F2",
        "default_profile_image": false,
        "contributors_enabled": false,
        "profile_banner_url": "https://pbs.twimg.com/profile_banners/1080262798104502272/1567801808",
        "profile_background_color": "F5F8FA",
        "default_profile": true,
        "profile_sidebar_fill_color": "DDEEF6"
      },
      "retweet_count": 0,
      "in_reply_to_status_id": 1203513695734767616,
      "favorited": false,
      "contributors": null,
      "place": null,
      "text": "@jlcckoky @rosangelak30 No seas animal, crees que por una mujer desnuda, ebria, inconsciente, sola, un hombre puede… https://t.co/QbqTmiileV",
      "retweeted": false,
      "truncated": true,
      "in_reply_to_status_id_str": "1203513695734767616",
      "id": 1203725725989318656,
      "in_reply_to_screen_name": "jlcckoky",
      "entities": {
        "symbols": [],
        "hashtags": [],
        "urls": [
          {
            "expanded_url": "https://twitter.com/i/web/status/1203725725989318656",
            "indices": [
              117,
              140
            ],
            "url": "https://t.co/QbqTmiileV",
            "display_url": "twitter.com/i/web/status/1…"
          }
        ],
        "user_mentions": [
          {
            "name": "JorgeLuis Cabani",
            "id_str": "52487924",
            "screen_name": "jlcckoky",
            "indices": [
              0,
              9
            ],
            "id": 52487924
          },
          {
            "name": "Rosangella Barbarán",
            "id_str": "142471814",
            "screen_name": "rosangelak30",
            "indices": [
              10,
              23
            ],
            "id": 142471814
          }
        ]
      },
      "geo": null,
      "created_at": "Sun Dec 08 17:19:11 +0000 2019",
      "coordinates": null,
      "source": "<a href=\"http://twitter.com/download/android\" rel=\"nofollow\">Twitter for Android</a>",
      "favorite_count": 0
    },
    {
      "in_reply_to_user_id_str": "142471814",
      "metadata": {
        "iso_language_code": "es",
        "result_type": "recent"
      },
      "id_str": "1203725414176296960",
      "in_reply_to_user_id": 142471814,
      "is_quote_status": false,
      "lang": "es",
      "user": {
        "time_zone": null,
        "name": "Edgar herrera",
        "id": 558376580,
        "statuses_count": 332,
        "translator_type": "none",
        "profile_sidebar_border_color": "C0DEED",
        "id_str": "558376580",
        "profile_background_image_url": "http://abs.twimg.com/images/themes/theme1/bg.png",
        "follow_request_sent": false,
        "listed_count": 0,
        "profile_background_image_url_https": "https://abs.twimg.com/images/themes/theme1/bg.png",
        "notifications": false,
        "lang": null,
        "profile_text_color": "333333",
        "profile_image_url_https": "https://pbs.twimg.com/profile_images/943740902668894210/TUAiAlhQ_normal.jpg",
        "favourites_count": 117,
        "url": null,
        "description": "tratando de transformar mi entorno",
        "has_extended_profile": false,
        "geo_enabled": false,
        "protected": false,
        "screen_name": "EMHO_JHV",
        "profile_use_background_image": true,
        "profile_image_url": "http://pbs.twimg.com/profile_images/943740902668894210/TUAiAlhQ_normal.jpg",
        "verified": false,
        "profile_background_tile": false,
        "following": false,
        "followers_count": 25,
        "utc_offset": null,
        "location": "",
        "is_translator": false,
        "entities": {
          "description": {
            "urls": []
          }
        },
        "friends_count": 89,
        "created_at": "Fri Apr 20 06:27:49 +0000 2012",
        "is_translation_enabled": false,
        "profile_link_color": "1DA1F2",
        "default_profile_image": false,
        "contributors_enabled": false,
        "profile_banner_url": "https://pbs.twimg.com/profile_banners/558376580/1513839843",
        "profile_background_color": "C0DEED",
        "default_profile": true,
        "profile_sidebar_fill_color": "DDEEF6"
      },
      "retweet_count": 0,
      "in_reply_to_status_id": 1203473477895888902,
      "favorited": false,
      "contributors": null,
      "place": null,
      "text": "@rosangelak30 @LuzSalgado_R Por las que fueron esterilizadas también ?",
      "retweeted": false,
      "truncated": false,
      "in_reply_to_status_id_str": "1203473477895888902",
      "id": 1203725414176296960,
      "in_reply_to_screen_name": "rosangelak30",
      "entities": {
        "symbols": [],
        "hashtags": [],
        "urls": [],
        "user_mentions": [
          {
            "name": "Rosangella Barbarán",
            "id_str": "142471814",
            "screen_name": "rosangelak30",
            "indices": [
              0,
              13
            ],
            "id": 142471814
          },
          {
            "name": "Luz Salgado",
            "id_str": "486862376",
            "screen_name": "LuzSalgado_R",
            "indices": [
              14,
              27
            ],
            "id": 486862376
          }
        ]
      },
      "geo": null,
      "created_at": "Sun Dec 08 17:17:57 +0000 2019",
      "coordinates": null,
      "source": "<a href=\"http://twitter.com/download/android\" rel=\"nofollow\">Twitter for Android</a>",
      "favorite_count": 0
    },
    {
      "in_reply_to_user_id_str": "142471814",
      "metadata": {
        "iso_language_code": "und",
        "result_type": "recent"
      },
      "id_str": "1203707982418190337",
      "in_reply_to_user_id": 142471814,
      "is_quote_status": false,
      "lang": "und",
      "extended_entities": {
        "media": [
          {
            "display_url": "pic.twitter.com/1h3KozsNaJ",
            "expanded_url": "https://twitter.com/hcarrionprensa1/status/1203707982418190337/photo/1",
            "indices": [
              14,
              37
            ],
            "sizes": {
              "small": {
                "resize": "fit",
                "w": 578,
                "h": 680
              },
              "medium": {
                "resize": "fit",
                "w": 1020,
                "h": 1200
              },
              "large": {
                "resize": "fit",
                "w": 1080,
                "h": 1270
              },
              "thumb": {
                "resize": "crop",
                "w": 150,
                "h": 150
              }
            },
            "media_url": "http://pbs.twimg.com/media/ELRuBk3UwAAhQYs.jpg",
            "id_str": "1203707973769412608",
            "url": "https://t.co/1h3KozsNaJ",
            "type": "photo",
            "media_url_https": "https://pbs.twimg.com/media/ELRuBk3UwAAhQYs.jpg",
            "id": 1203707973769412608
          }
        ]
      },
      "user": {
        "time_zone": null,
        "name": "H.CARRIÓN",
        "id": 2815776731,
        "statuses_count": 22873,
        "translator_type": "none",
        "profile_sidebar_border_color": "C0DEED",
        "id_str": "2815776731",
        "profile_background_image_url": "http://abs.twimg.com/images/themes/theme1/bg.png",
        "follow_request_sent": false,
        "listed_count": 2,
        "profile_background_image_url_https": "https://abs.twimg.com/images/themes/theme1/bg.png",
        "notifications": false,
        "lang": null,
        "profile_text_color": "333333",
        "profile_image_url_https": "https://pbs.twimg.com/profile_images/630479735164928000/evP4SBy3_normal.jpg",
        "favourites_count": 10583,
        "url": null,
        "description": "",
        "has_extended_profile": false,
        "geo_enabled": true,
        "protected": false,
        "screen_name": "hcarrionprensa1",
        "profile_use_background_image": true,
        "profile_image_url": "http://pbs.twimg.com/profile_images/630479735164928000/evP4SBy3_normal.jpg",
        "verified": false,
        "profile_background_tile": false,
        "following": false,
        "followers_count": 398,
        "utc_offset": null,
        "location": "",
        "is_translator": false,
        "entities": {
          "description": {
            "urls": []
          }
        },
        "friends_count": 1391,
        "created_at": "Wed Oct 08 16:01:41 +0000 2014",
        "is_translation_enabled": false,
        "profile_link_color": "1DA1F2",
        "default_profile_image": false,
        "contributors_enabled": false,
        "profile_banner_url": "https://pbs.twimg.com/profile_banners/2815776731/1439152828",
        "profile_background_color": "C0DEED",
        "default_profile": true,
        "profile_sidebar_fill_color": "DDEEF6"
      },
      "retweet_count": 0,
      "in_reply_to_status_id": 1203473477895888902,
      "favorited": false,
      "contributors": null,
      "place": null,
      "text": "@rosangelak30 https://t.co/1h3KozsNaJ",
      "retweeted": false,
      "truncated": false,
      "in_reply_to_status_id_str": "1203473477895888902",
      "id": 1203707982418190337,
      "in_reply_to_screen_name": "rosangelak30",
      "entities": {
        "media": [
          {
            "display_url": "pic.twitter.com/1h3KozsNaJ",
            "expanded_url": "https://twitter.com/hcarrionprensa1/status/1203707982418190337/photo/1",
            "indices": [
              14,
              37
            ],
            "sizes": {
              "small": {
                "resize": "fit",
                "w": 578,
                "h": 680
              },
              "medium": {
                "resize": "fit",
                "w": 1020,
                "h": 1200
              },
              "large": {
                "resize": "fit",
                "w": 1080,
                "h": 1270
              },
              "thumb": {
                "resize": "crop",
                "w": 150,
                "h": 150
              }
            },
            "media_url": "http://pbs.twimg.com/media/ELRuBk3UwAAhQYs.jpg",
            "id_str": "1203707973769412608",
            "url": "https://t.co/1h3KozsNaJ",
            "type": "photo",
            "media_url_https": "https://pbs.twimg.com/media/ELRuBk3UwAAhQYs.jpg",
            "id": 1203707973769412608
          }
        ],
        "symbols": [],
        "hashtags": [],
        "urls": [],
        "user_mentions": [
          {
            "name": "Rosangella Barbarán",
            "id_str": "142471814",
            "screen_name": "rosangelak30",
            "indices": [
              0,
              13
            ],
            "id": 142471814
          }
        ]
      },
      "geo": null,
      "created_at": "Sun Dec 08 16:08:41 +0000 2019",
      "coordinates": null,
      "source": "<a href=\"http://twitter.com/download/android\" rel=\"nofollow\">Twitter for Android</a>",
      "favorite_count": 0,
      "possibly_sensitive": false
    },
    {
      "in_reply_to_user_id_str": "941662353581576193",
      "metadata": {
        "iso_language_code": "es",
        "result_type": "recent"
      },
      "id_str": "1203700462307946498",
      "in_reply_to_user_id": 941662353581576193,
      "is_quote_status": false,
      "lang": "es",
      "user": {
        "time_zone": null,
        "name": "trotador inter",
        "id": 752524424,
        "statuses_count": 46719,
        "translator_type": "none",
        "profile_sidebar_border_color": "000000",
        "id_str": "752524424",
        "profile_background_image_url": "http://abs.twimg.com/images/themes/theme1/bg.png",
        "follow_request_sent": false,
        "listed_count": 2,
        "profile_background_image_url_https": "https://abs.twimg.com/images/themes/theme1/bg.png",
        "notifications": false,
        "lang": null,
        "profile_text_color": "000000",
        "profile_image_url_https": "https://pbs.twimg.com/profile_images/1201686729985593344/RjvS70DI_normal.jpg",
        "favourites_count": 33847,
        "url": null,
        "description": "🇵🇪🇵🇪🇵🇪🇵🇪🇵🇪🇵🇪🇵🇪🇵🇪🇵🇪Gracias a la tecnología puedo estar en todos sitios. ¿pueden enviar mensajes?",
        "has_extended_profile": false,
        "geo_enabled": false,
        "protected": false,
        "screen_name": "trotnavegante",
        "profile_use_background_image": false,
        "profile_image_url": "http://pbs.twimg.com/profile_images/1201686729985593344/RjvS70DI_normal.jpg",
        "verified": false,
        "profile_background_tile": false,
        "following": false,
        "followers_count": 356,
        "utc_offset": null,
        "location": "Perú",
        "is_translator": false,
        "entities": {
          "description": {
            "urls": []
          }
        },
        "friends_count": 3402,
        "created_at": "Sun Aug 12 05:22:37 +0000 2012",
        "is_translation_enabled": false,
        "profile_link_color": "7FDBB6",
        "default_profile_image": false,
        "contributors_enabled": false,
        "profile_banner_url": "https://pbs.twimg.com/profile_banners/752524424/1520517378",
        "profile_background_color": "000000",
        "default_profile": false,
        "profile_sidebar_fill_color": "000000"
      },
      "retweet_count": 0,
      "in_reply_to_status_id": 1203686184465121280,
      "favorited": false,
      "contributors": null,
      "place": null,
      "text": "@VelazcoLaime @jlcckoky @EdgardLazo @rosangelak30 Si es sicólogo, seguro se encarga d lavar cerebros para adoctrinar FUJIMONTESINISTAS",
      "retweeted": false,
      "truncated": false,
      "in_reply_to_status_id_str": "1203686184465121280",
      "id": 1203700462307946498,
      "in_reply_to_screen_name": "VelazcoLaime",
      "entities": {
        "symbols": [],
        "hashtags": [],
        "urls": [],
        "user_mentions": [
          {
            "name": "Gloria Velazco Laime",
            "id_str": "941662353581576193",
            "screen_name": "VelazcoLaime",
            "indices": [
              0,
              13
            ],
            "id": 941662353581576193
          },
          {
            "name": "JorgeLuis Cabani",
            "id_str": "52487924",
            "screen_name": "jlcckoky",
            "indices": [
              14,
              23
            ],
            "id": 52487924
          },
          {
            "name": "Free thinker",
            "id_str": "233172584",
            "screen_name": "EdgardLazo",
            "indices": [
              24,
              35
            ],
            "id": 233172584
          },
          {
            "name": "Rosangella Barbarán",
            "id_str": "142471814",
            "screen_name": "rosangelak30",
            "indices": [
              36,
              49
            ],
            "id": 142471814
          }
        ]
      },
      "geo": null,
      "created_at": "Sun Dec 08 15:38:48 +0000 2019",
      "coordinates": null,
      "source": "<a href=\"https://mobile.twitter.com\" rel=\"nofollow\">Twitter Web App</a>",
      "favorite_count": 0
    },
    {
      "in_reply_to_user_id_str": "142471814",
      "metadata": {
        "iso_language_code": "es",
        "result_type": "recent"
      },
      "id_str": "1203700082346004481",
      "in_reply_to_user_id": 142471814,
      "is_quote_status": false,
      "lang": "es",
      "user": {
        "time_zone": null,
        "name": "John Wilmer Rubio",
        "id": 970487820,
        "statuses_count": 10204,
        "translator_type": "none",
        "profile_sidebar_border_color": "C0DEED",
        "id_str": "970487820",
        "profile_background_image_url": "http://abs.twimg.com/images/themes/theme1/bg.png",
        "follow_request_sent": false,
        "listed_count": 0,
        "profile_background_image_url_https": "https://abs.twimg.com/images/themes/theme1/bg.png",
        "notifications": false,
        "lang": null,
        "profile_text_color": "333333",
        "profile_image_url_https": "https://pbs.twimg.com/profile_images/1132261023875063809/xAbZhWyy_normal.jpg",
        "favourites_count": 27773,
        "url": null,
        "description": "TENIS? NOVAK, ROGER & RAFA no hay mas.\nMI FAVORITO? EL MAS GRANDE EN POCO TIEMPO: NOVAK DJOKOVIC 🇷🇸💟🇵🇪💟",
        "has_extended_profile": true,
        "geo_enabled": true,
        "protected": false,
        "screen_name": "JohnWilmerRubio",
        "profile_use_background_image": true,
        "profile_image_url": "http://pbs.twimg.com/profile_images/1132261023875063809/xAbZhWyy_normal.jpg",
        "verified": false,
        "profile_background_tile": false,
        "following": false,
        "followers_count": 76,
        "utc_offset": null,
        "location": "Panamá",
        "is_translator": false,
        "entities": {
          "description": {
            "urls": []
          }
        },
        "friends_count": 414,
        "created_at": "Sun Nov 25 18:05:27 +0000 2012",
        "is_translation_enabled": false,
        "profile_link_color": "1DA1F2",
        "default_profile_image": false,
        "contributors_enabled": false,
        "profile_banner_url": "https://pbs.twimg.com/profile_banners/970487820/1566515675",
        "profile_background_color": "C0DEED",
        "default_profile": true,
        "profile_sidebar_fill_color": "DDEEF6"
      },
      "retweet_count": 0,
      "in_reply_to_status_id": 1203473477895888902,
      "favorited": false,
      "contributors": null,
      "place": null,
      "text": "@rosangelak30 Todas sin excepción, pero ya excluiste a algunas. Pensamiento Fujimorista 🤦🏻‍♂️",
      "retweeted": false,
      "truncated": false,
      "in_reply_to_status_id_str": "1203473477895888902",
      "id": 1203700082346004481,
      "in_reply_to_screen_name": "rosangelak30",
      "entities": {
        "symbols": [],
        "hashtags": [],
        "urls": [],
        "user_mentions": [
          {
            "name": "Rosangella Barbarán",
            "id_str": "142471814",
            "screen_name": "rosangelak30",
            "indices": [
              0,
              13
            ],
            "id": 142471814
          }
        ]
      },
      "geo": null,
      "created_at": "Sun Dec 08 15:37:17 +0000 2019",
      "coordinates": null,
      "source": "<a href=\"http://twitter.com/download/android\" rel=\"nofollow\">Twitter for Android</a>",
      "favorite_count": 0
    },
    {
      "in_reply_to_user_id_str": "52487924",
      "metadata": {
        "iso_language_code": "es",
        "result_type": "recent"
      },
      "id_str": "1203686184465121280",
      "in_reply_to_user_id": 52487924,
      "is_quote_status": false,
      "lang": "es",
      "user": {
        "time_zone": null,
        "name": "Gloria Velazco Laime",
        "id": 941662353581576193,
        "statuses_count": 3797,
        "translator_type": "none",
        "profile_sidebar_border_color": "C0DEED",
        "id_str": "941662353581576193",
        "profile_background_image_url": null,
        "follow_request_sent": false,
        "listed_count": 0,
        "profile_background_image_url_https": null,
        "notifications": false,
        "lang": null,
        "profile_text_color": "333333",
        "profile_image_url_https": "https://abs.twimg.com/sticky/default_profile_images/default_profile_normal.png",
        "favourites_count": 61225,
        "url": null,
        "description": "",
        "has_extended_profile": false,
        "geo_enabled": false,
        "protected": false,
        "screen_name": "VelazcoLaime",
        "profile_use_background_image": true,
        "profile_image_url": "http://abs.twimg.com/sticky/default_profile_images/default_profile_normal.png",
        "verified": false,
        "profile_background_tile": false,
        "following": false,
        "followers_count": 77,
        "utc_offset": null,
        "location": "",
        "is_translator": false,
        "entities": {
          "description": {
            "urls": []
          }
        },
        "friends_count": 117,
        "created_at": "Fri Dec 15 13:32:55 +0000 2017",
        "is_translation_enabled": false,
        "profile_link_color": "1DA1F2",
        "default_profile_image": true,
        "contributors_enabled": false,
        "profile_background_color": "F5F8FA",
        "default_profile": true,
        "profile_sidebar_fill_color": "DDEEF6"
      },
      "retweet_count": 0,
      "in_reply_to_status_id": 1203672835568390148,
      "favorited": false,
      "contributors": null,
      "place": null,
      "text": "@jlcckoky @trotnavegante @EdgardLazo @rosangelak30 Y dices ser Psicólogo?????\nDios santo que pena por tus pacientes si es que los tienes!!!!",
      "retweeted": false,
      "truncated": false,
      "in_reply_to_status_id_str": "1203672835568390148",
      "id": 1203686184465121280,
      "in_reply_to_screen_name": "jlcckoky",
      "entities": {
        "symbols": [],
        "hashtags": [],
        "urls": [],
        "user_mentions": [
          {
            "name": "JorgeLuis Cabani",
            "id_str": "52487924",
            "screen_name": "jlcckoky",
            "indices": [
              0,
              9
            ],
            "id": 52487924
          },
          {
            "name": "trotador inter",
            "id_str": "752524424",
            "screen_name": "trotnavegante",
            "indices": [
              10,
              24
            ],
            "id": 752524424
          },
          {
            "name": "Free thinker",
            "id_str": "233172584",
            "screen_name": "EdgardLazo",
            "indices": [
              25,
              36
            ],
            "id": 233172584
          },
          {
            "name": "Rosangella Barbarán",
            "id_str": "142471814",
            "screen_name": "rosangelak30",
            "indices": [
              37,
              50
            ],
            "id": 142471814
          }
        ]
      },
      "geo": null,
      "created_at": "Sun Dec 08 14:42:04 +0000 2019",
      "coordinates": null,
      "source": "<a href=\"http://twitter.com/download/android\" rel=\"nofollow\">Twitter for Android</a>",
      "favorite_count": 1
    },
    {
      "in_reply_to_user_id_str": null,
      "metadata": {
        "iso_language_code": "es",
        "result_type": "recent"
      },
      "retweeted_status": {
        "in_reply_to_user_id_str": null,
        "metadata": {
          "iso_language_code": "es",
          "result_type": "recent"
        },
        "id_str": "1203473477895888902",
        "in_reply_to_user_id": null,
        "is_quote_status": false,
        "lang": "es",
        "user": {
          "time_zone": null,
          "name": "Rosangella Barbarán",
          "id": 142471814,
          "statuses_count": 2996,
          "translator_type": "none",
          "profile_sidebar_border_color": "000000",
          "id_str": "142471814",
          "profile_background_image_url": "http://abs.twimg.com/images/themes/theme1/bg.png",
          "follow_request_sent": false,
          "listed_count": 4,
          "profile_background_image_url_https": "https://abs.twimg.com/images/themes/theme1/bg.png",
          "notifications": false,
          "lang": null,
          "profile_text_color": "000000",
          "profile_image_url_https": "https://pbs.twimg.com/profile_images/1195484890101436416/o7VIgFqT_normal.jpg",
          "favourites_count": 2950,
          "url": null,
          "description": "“Cada día más humana, menos perfecta y más feliz”.",
          "has_extended_profile": true,
          "geo_enabled": true,
          "protected": false,
          "screen_name": "rosangelak30",
          "profile_use_background_image": false,
          "profile_image_url": "http://pbs.twimg.com/profile_images/1195484890101436416/o7VIgFqT_normal.jpg",
          "verified": false,
          "profile_background_tile": false,
          "following": false,
          "followers_count": 963,
          "utc_offset": null,
          "location": "Lima, Peru",
          "is_translator": false,
          "entities": {
            "description": {
              "urls": []
            }
          },
          "friends_count": 206,
          "created_at": "Tue May 11 00:08:18 +0000 2010",
          "is_translation_enabled": false,
          "profile_link_color": "FAB81E",
          "default_profile_image": false,
          "contributors_enabled": false,
          "profile_banner_url": "https://pbs.twimg.com/profile_banners/142471814/1574215824",
          "profile_background_color": "000000",
          "default_profile": false,
          "profile_sidebar_fill_color": "000000"
        },
        "retweet_count": 12,
        "in_reply_to_status_id": null,
        "favorited": false,
        "contributors": null,
        "place": {
          "name": "Barranco",
          "country_code": "PE",
          "bounding_box": {
            "coordinates": [
              [
                [
                  -77.0292961211561,
                  -12.1581629958778
                ],
                [
                  -77.0102769601714,
                  -12.1581629958778
                ],
                [
                  -77.0102769601714,
                  -12.1321960197324
                ],
                [
                  -77.0292961211561,
                  -12.1321960197324
                ]
              ]
            ],
            "type": "Polygon"
          },
          "contained_within": [],
          "place_type": "city",
          "country": "Peru",
          "url": "https://api.twitter.com/1.1/geo/id/0066e3b369d7d5fc.json",
          "attributes": {},
          "full_name": "Barranco, Peru",
          "id": "0066e3b369d7d5fc"
        },
        "text": "Luchemos por todas las mujeres sin excepción, respetemos a todas las que piensan distinto, a las que no queremos mo… https://t.co/yhYRhoFix2",
        "retweeted": false,
        "truncated": true,
        "in_reply_to_status_id_str": null,
        "id": 1203473477895888902,
        "in_reply_to_screen_name": null,
        "entities": {
          "symbols": [],
          "hashtags": [],
          "urls": [
            {
              "expanded_url": "https://twitter.com/i/web/status/1203473477895888902",
              "indices": [
                117,
                140
              ],
              "url": "https://t.co/yhYRhoFix2",
              "display_url": "twitter.com/i/web/status/1…"
            }
          ],
          "user_mentions": []
        },
        "geo": null,
        "created_at": "Sun Dec 08 00:36:51 +0000 2019",
        "coordinates": null,
        "source": "<a href=\"http://twitter.com/download/iphone\" rel=\"nofollow\">Twitter for iPhone</a>",
        "favorite_count": 63
      },
      "id_str": "1203685179992219649",
      "in_reply_to_user_id": null,
      "is_quote_status": false,
      "lang": "es",
      "user": {
        "time_zone": null,
        "name": "Pedro Infante",
        "id": 836754829015977984,
        "statuses_count": 9449,
        "translator_type": "none",
        "profile_sidebar_border_color": "C0DEED",
        "id_str": "836754829015977984",
        "profile_background_image_url": null,
        "follow_request_sent": false,
        "listed_count": 0,
        "profile_background_image_url_https": null,
        "notifications": false,
        "lang": null,
        "profile_text_color": "333333",
        "profile_image_url_https": "https://pbs.twimg.com/profile_images/837285389241094144/QdyK-cjD_normal.jpg",
        "favourites_count": 67,
        "url": null,
        "description": "Ing. Agronomo, MBA - Centrum PUCP, Msc - UNALM",
        "has_extended_profile": true,
        "geo_enabled": false,
        "protected": false,
        "screen_name": "pedro_infante20",
        "profile_use_background_image": true,
        "profile_image_url": "http://pbs.twimg.com/profile_images/837285389241094144/QdyK-cjD_normal.jpg",
        "verified": false,
        "profile_background_tile": false,
        "following": false,
        "followers_count": 97,
        "utc_offset": null,
        "location": "Arequipa, Peru",
        "is_translator": false,
        "entities": {
          "description": {
            "urls": []
          }
        },
        "friends_count": 582,
        "created_at": "Wed Mar 01 01:47:52 +0000 2017",
        "is_translation_enabled": false,
        "profile_link_color": "1DA1F2",
        "default_profile_image": false,
        "contributors_enabled": false,
        "profile_banner_url": "https://pbs.twimg.com/profile_banners/836754829015977984/1488459368",
        "profile_background_color": "F5F8FA",
        "default_profile": true,
        "profile_sidebar_fill_color": "DDEEF6"
      },
      "retweet_count": 12,
      "in_reply_to_status_id": null,
      "favorited": false,
      "contributors": null,
      "place": null,
      "text": "RT @rosangelak30: Luchemos por todas las mujeres sin excepción, respetemos a todas las que piensan distinto, a las que no queremos mostrar…",
      "retweeted": false,
      "truncated": false,
      "in_reply_to_status_id_str": null,
      "id": 1203685179992219649,
      "in_reply_to_screen_name": null,
      "entities": {
        "symbols": [],
        "hashtags": [],
        "urls": [],
        "user_mentions": [
          {
            "name": "Rosangella Barbarán",
            "id_str": "142471814",
            "screen_name": "rosangelak30",
            "indices": [
              3,
              16
            ],
            "id": 142471814
          }
        ]
      },
      "geo": null,
      "created_at": "Sun Dec 08 14:38:04 +0000 2019",
      "coordinates": null,
      "source": "<a href=\"http://twitter.com/download/android\" rel=\"nofollow\">Twitter for Android</a>",
      "favorite_count": 0
    },
    {
      "in_reply_to_user_id_str": null,
      "metadata": {
        "iso_language_code": "es",
        "result_type": "recent"
      },
      "retweeted_status": {
        "in_reply_to_user_id_str": null,
        "metadata": {
          "iso_language_code": "es",
          "result_type": "recent"
        },
        "id_str": "1203473477895888902",
        "in_reply_to_user_id": null,
        "is_quote_status": false,
        "lang": "es",
        "user": {
          "time_zone": null,
          "name": "Rosangella Barbarán",
          "id": 142471814,
          "statuses_count": 2996,
          "translator_type": "none",
          "profile_sidebar_border_color": "000000",
          "id_str": "142471814",
          "profile_background_image_url": "http://abs.twimg.com/images/themes/theme1/bg.png",
          "follow_request_sent": false,
          "listed_count": 4,
          "profile_background_image_url_https": "https://abs.twimg.com/images/themes/theme1/bg.png",
          "notifications": false,
          "lang": null,
          "profile_text_color": "000000",
          "profile_image_url_https": "https://pbs.twimg.com/profile_images/1195484890101436416/o7VIgFqT_normal.jpg",
          "favourites_count": 2950,
          "url": null,
          "description": "“Cada día más humana, menos perfecta y más feliz”.",
          "has_extended_profile": true,
          "geo_enabled": true,
          "protected": false,
          "screen_name": "rosangelak30",
          "profile_use_background_image": false,
          "profile_image_url": "http://pbs.twimg.com/profile_images/1195484890101436416/o7VIgFqT_normal.jpg",
          "verified": false,
          "profile_background_tile": false,
          "following": false,
          "followers_count": 963,
          "utc_offset": null,
          "location": "Lima, Peru",
          "is_translator": false,
          "entities": {
            "description": {
              "urls": []
            }
          },
          "friends_count": 206,
          "created_at": "Tue May 11 00:08:18 +0000 2010",
          "is_translation_enabled": false,
          "profile_link_color": "FAB81E",
          "default_profile_image": false,
          "contributors_enabled": false,
          "profile_banner_url": "https://pbs.twimg.com/profile_banners/142471814/1574215824",
          "profile_background_color": "000000",
          "default_profile": false,
          "profile_sidebar_fill_color": "000000"
        },
        "retweet_count": 12,
        "in_reply_to_status_id": null,
        "favorited": false,
        "contributors": null,
        "place": {
          "name": "Barranco",
          "country_code": "PE",
          "bounding_box": {
            "coordinates": [
              [
                [
                  -77.0292961211561,
                  -12.1581629958778
                ],
                [
                  -77.0102769601714,
                  -12.1581629958778
                ],
                [
                  -77.0102769601714,
                  -12.1321960197324
                ],
                [
                  -77.0292961211561,
                  -12.1321960197324
                ]
              ]
            ],
            "type": "Polygon"
          },
          "contained_within": [],
          "place_type": "city",
          "country": "Peru",
          "url": "https://api.twitter.com/1.1/geo/id/0066e3b369d7d5fc.json",
          "attributes": {},
          "full_name": "Barranco, Peru",
          "id": "0066e3b369d7d5fc"
        },
        "text": "Luchemos por todas las mujeres sin excepción, respetemos a todas las que piensan distinto, a las que no queremos mo… https://t.co/yhYRhoFix2",
        "retweeted": false,
        "truncated": true,
        "in_reply_to_status_id_str": null,
        "id": 1203473477895888902,
        "in_reply_to_screen_name": null,
        "entities": {
          "symbols": [],
          "hashtags": [],
          "urls": [
            {
              "expanded_url": "https://twitter.com/i/web/status/1203473477895888902",
              "indices": [
                117,
                140
              ],
              "url": "https://t.co/yhYRhoFix2",
              "display_url": "twitter.com/i/web/status/1…"
            }
          ],
          "user_mentions": []
        },
        "geo": null,
        "created_at": "Sun Dec 08 00:36:51 +0000 2019",
        "coordinates": null,
        "source": "<a href=\"http://twitter.com/download/iphone\" rel=\"nofollow\">Twitter for iPhone</a>",
        "favorite_count": 63
      },
      "id_str": "1203681208737120258",
      "in_reply_to_user_id": null,
      "is_quote_status": false,
      "lang": "es",
      "user": {
        "time_zone": null,
        "name": "Luis Alejandro Pala Castrillón",
        "id": 715932282062827520,
        "statuses_count": 10149,
        "translator_type": "none",
        "profile_sidebar_border_color": "C0DEED",
        "id_str": "715932282062827520",
        "profile_background_image_url": null,
        "follow_request_sent": false,
        "listed_count": 1,
        "profile_background_image_url_https": null,
        "notifications": false,
        "lang": null,
        "profile_text_color": "333333",
        "profile_image_url_https": "https://pbs.twimg.com/profile_images/940175922614870018/lXTqvdhF_normal.jpg",
        "favourites_count": 10712,
        "url": "https://t.co/9xXTTmR6D5",
        "description": "",
        "has_extended_profile": true,
        "geo_enabled": false,
        "protected": false,
        "screen_name": "palacastrillon",
        "profile_use_background_image": true,
        "profile_image_url": "http://pbs.twimg.com/profile_images/940175922614870018/lXTqvdhF_normal.jpg",
        "verified": false,
        "profile_background_tile": false,
        "following": false,
        "followers_count": 748,
        "utc_offset": null,
        "location": "Lima, Peru",
        "is_translator": false,
        "entities": {
          "url": {
            "urls": [
              {
                "expanded_url": "http://Instagram.com/palacastrillon",
                "indices": [
                  0,
                  23
                ],
                "url": "https://t.co/9xXTTmR6D5",
                "display_url": "Instagram.com/palacastrillon"
              }
            ]
          },
          "description": {
            "urls": []
          }
        },
        "friends_count": 1064,
        "created_at": "Fri Apr 01 16:02:12 +0000 2016",
        "is_translation_enabled": false,
        "profile_link_color": "1DA1F2",
        "default_profile_image": false,
        "contributors_enabled": false,
        "profile_banner_url": "https://pbs.twimg.com/profile_banners/715932282062827520/1459630710",
        "profile_background_color": "F5F8FA",
        "default_profile": true,
        "profile_sidebar_fill_color": "DDEEF6"
      },
      "retweet_count": 12,
      "in_reply_to_status_id": null,
      "favorited": false,
      "contributors": null,
      "place": null,
      "text": "RT @rosangelak30: Luchemos por todas las mujeres sin excepción, respetemos a todas las que piensan distinto, a las que no queremos mostrar…",
      "retweeted": false,
      "truncated": false,
      "in_reply_to_status_id_str": null,
      "id": 1203681208737120258,
      "in_reply_to_screen_name": null,
      "entities": {
        "symbols": [],
        "hashtags": [],
        "urls": [],
        "user_mentions": [
          {
            "name": "Rosangella Barbarán",
            "id_str": "142471814",
            "screen_name": "rosangelak30",
            "indices": [
              3,
              16
            ],
            "id": 142471814
          }
        ]
      },
      "geo": null,
      "created_at": "Sun Dec 08 14:22:18 +0000 2019",
      "coordinates": null,
      "source": "<a href=\"http://twitter.com/download/android\" rel=\"nofollow\">Twitter for Android</a>",
      "favorite_count": 0
    },
    {
      "in_reply_to_user_id_str": "142471814",
      "metadata": {
        "iso_language_code": "es",
        "result_type": "recent"
      },
      "id_str": "1203680350817390593",
      "in_reply_to_user_id": 142471814,
      "is_quote_status": false,
      "lang": "es",
      "user": {
        "time_zone": null,
        "name": "Juan Vila",
        "id": 355107051,
        "statuses_count": 16464,
        "translator_type": "none",
        "profile_sidebar_border_color": "C0DEED",
        "id_str": "355107051",
        "profile_background_image_url": "http://abs.twimg.com/images/themes/theme1/bg.png",
        "follow_request_sent": false,
        "listed_count": 5,
        "profile_background_image_url_https": "https://abs.twimg.com/images/themes/theme1/bg.png",
        "notifications": false,
        "lang": null,
        "profile_text_color": "333333",
        "profile_image_url_https": "https://pbs.twimg.com/profile_images/2156835524/nokia-e63-wallpapers-320x240-landscape-04_normal.jpg",
        "favourites_count": 8437,
        "url": null,
        "description": "Psicólogo. Especialista en Intervención Social dirigida a proyectos de saneamiento.",
        "has_extended_profile": true,
        "geo_enabled": true,
        "protected": false,
        "screen_name": "jvilacordova",
        "profile_use_background_image": true,
        "profile_image_url": "http://pbs.twimg.com/profile_images/2156835524/nokia-e63-wallpapers-320x240-landscape-04_normal.jpg",
        "verified": false,
        "profile_background_tile": false,
        "following": false,
        "followers_count": 413,
        "utc_offset": null,
        "location": "San Miguel",
        "is_translator": false,
        "entities": {
          "description": {
            "urls": []
          }
        },
        "friends_count": 1178,
        "created_at": "Sun Aug 14 21:01:34 +0000 2011",
        "is_translation_enabled": false,
        "profile_link_color": "1DA1F2",
        "default_profile_image": false,
        "contributors_enabled": false,
        "profile_background_color": "C0DEED",
        "default_profile": true,
        "profile_sidebar_fill_color": "DDEEF6"
      },
      "retweet_count": 0,
      "in_reply_to_status_id": 1203473477895888902,
      "favorited": false,
      "contributors": null,
      "place": null,
      "text": "@rosangelak30 Busca trabajo.",
      "retweeted": false,
      "truncated": false,
      "in_reply_to_status_id_str": "1203473477895888902",
      "id": 1203680350817390593,
      "in_reply_to_screen_name": "rosangelak30",
      "entities": {
        "symbols": [],
        "hashtags": [],
        "urls": [],
        "user_mentions": [
          {
            "name": "Rosangella Barbarán",
            "id_str": "142471814",
            "screen_name": "rosangelak30",
            "indices": [
              0,
              13
            ],
            "id": 142471814
          }
        ]
      },
      "geo": null,
      "created_at": "Sun Dec 08 14:18:53 +0000 2019",
      "coordinates": null,
      "source": "<a href=\"http://twitter.com/download/android\" rel=\"nofollow\">Twitter for Android</a>",
      "favorite_count": 2
    },
    {
      "in_reply_to_user_id_str": "752524424",
      "metadata": {
        "iso_language_code": "pt",
        "result_type": "recent"
      },
      "id_str": "1203673166222110720",
      "in_reply_to_user_id": 752524424,
      "is_quote_status": false,
      "lang": "pt",
      "user": {
        "time_zone": null,
        "name": "JorgeLuis Cabani",
        "id": 52487924,
        "statuses_count": 12676,
        "translator_type": "none",
        "profile_sidebar_border_color": "FFFFFF",
        "id_str": "52487924",
        "profile_background_image_url": "http://abs.twimg.com/images/themes/theme1/bg.png",
        "follow_request_sent": false,
        "listed_count": 7,
        "profile_background_image_url_https": "https://abs.twimg.com/images/themes/theme1/bg.png",
        "notifications": false,
        "lang": null,
        "profile_text_color": "333333",
        "profile_image_url_https": "https://pbs.twimg.com/profile_images/2149482449/PA210003__2_1_normal.jpg",
        "favourites_count": 31544,
        "url": null,
        "description": "Hijo, amigo, trabajador, viajero,  observador psicólogo. Reconciliación, justicia e igualdad. ProVida, ProFamilia.😃🧡👍🏻",
        "has_extended_profile": true,
        "geo_enabled": true,
        "protected": false,
        "screen_name": "jlcckoky",
        "profile_use_background_image": true,
        "profile_image_url": "http://pbs.twimg.com/profile_images/2149482449/PA210003__2_1_normal.jpg",
        "verified": false,
        "profile_background_tile": true,
        "following": false,
        "followers_count": 470,
        "utc_offset": null,
        "location": "Callao, Lima, Peru",
        "is_translator": false,
        "entities": {
          "description": {
            "urls": []
          }
        },
        "friends_count": 307,
        "created_at": "Tue Jun 30 19:13:18 +0000 2009",
        "is_translation_enabled": false,
        "profile_link_color": "FF691F",
        "default_profile_image": false,
        "contributors_enabled": false,
        "profile_banner_url": "https://pbs.twimg.com/profile_banners/52487924/1362883448",
        "profile_background_color": "C0DEED",
        "default_profile": false,
        "profile_sidebar_fill_color": "DDEEF6"
      },
      "retweet_count": 0,
      "in_reply_to_status_id": 1203672049551626241,
      "favorited": false,
      "contributors": null,
      "place": null,
      "text": "@trotnavegante @EdgardLazo @rosangelak30 Bravo!\n🤭💣🔥💥\n😎🍿",
      "retweeted": false,
      "truncated": false,
      "in_reply_to_status_id_str": "1203672049551626241",
      "id": 1203673166222110720,
      "in_reply_to_screen_name": "trotnavegante",
      "entities": {
        "symbols": [],
        "hashtags": [],
        "urls": [],
        "user_mentions": [
          {
            "name": "trotador inter",
            "id_str": "752524424",
            "screen_name": "trotnavegante",
            "indices": [
              0,
              14
            ],
            "id": 752524424
          },
          {
            "name": "Free thinker",
            "id_str": "233172584",
            "screen_name": "EdgardLazo",
            "indices": [
              15,
              26
            ],
            "id": 233172584
          },
          {
            "name": "Rosangella Barbarán",
            "id_str": "142471814",
            "screen_name": "rosangelak30",
            "indices": [
              27,
              40
            ],
            "id": 142471814
          }
        ]
      },
      "geo": null,
      "created_at": "Sun Dec 08 13:50:20 +0000 2019",
      "coordinates": null,
      "source": "<a href=\"http://twitter.com/download/android\" rel=\"nofollow\">Twitter for Android</a>",
      "favorite_count": 0
    },
    {
      "in_reply_to_user_id_str": "752524424",
      "metadata": {
        "iso_language_code": "es",
        "result_type": "recent"
      },
      "id_str": "1203672835568390148",
      "in_reply_to_user_id": 752524424,
      "is_quote_status": false,
      "lang": "es",
      "user": {
        "time_zone": null,
        "name": "JorgeLuis Cabani",
        "id": 52487924,
        "statuses_count": 12676,
        "translator_type": "none",
        "profile_sidebar_border_color": "FFFFFF",
        "id_str": "52487924",
        "profile_background_image_url": "http://abs.twimg.com/images/themes/theme1/bg.png",
        "follow_request_sent": false,
        "listed_count": 7,
        "profile_background_image_url_https": "https://abs.twimg.com/images/themes/theme1/bg.png",
        "notifications": false,
        "lang": null,
        "profile_text_color": "333333",
        "profile_image_url_https": "https://pbs.twimg.com/profile_images/2149482449/PA210003__2_1_normal.jpg",
        "favourites_count": 31544,
        "url": null,
        "description": "Hijo, amigo, trabajador, viajero,  observador psicólogo. Reconciliación, justicia e igualdad. ProVida, ProFamilia.😃🧡👍🏻",
        "has_extended_profile": true,
        "geo_enabled": true,
        "protected": false,
        "screen_name": "jlcckoky",
        "profile_use_background_image": true,
        "profile_image_url": "http://pbs.twimg.com/profile_images/2149482449/PA210003__2_1_normal.jpg",
        "verified": false,
        "profile_background_tile": true,
        "following": false,
        "followers_count": 470,
        "utc_offset": null,
        "location": "Callao, Lima, Peru",
        "is_translator": false,
        "entities": {
          "description": {
            "urls": []
          }
        },
        "friends_count": 307,
        "created_at": "Tue Jun 30 19:13:18 +0000 2009",
        "is_translation_enabled": false,
        "profile_link_color": "FF691F",
        "default_profile_image": false,
        "contributors_enabled": false,
        "profile_banner_url": "https://pbs.twimg.com/profile_banners/52487924/1362883448",
        "profile_background_color": "C0DEED",
        "default_profile": false,
        "profile_sidebar_fill_color": "DDEEF6"
      },
      "retweet_count": 0,
      "in_reply_to_status_id": 1203671785104916486,
      "favorited": false,
      "contributors": null,
      "place": null,
      "text": "@trotnavegante @EdgardLazo @rosangelak30 Ohh 💣🔥💥\nInteresante, continúa 😎🍿",
      "retweeted": false,
      "truncated": false,
      "in_reply_to_status_id_str": "1203671785104916486",
      "id": 1203672835568390148,
      "in_reply_to_screen_name": "trotnavegante",
      "entities": {
        "symbols": [],
        "hashtags": [],
        "urls": [],
        "user_mentions": [
          {
            "name": "trotador inter",
            "id_str": "752524424",
            "screen_name": "trotnavegante",
            "indices": [
              0,
              14
            ],
            "id": 752524424
          },
          {
            "name": "Free thinker",
            "id_str": "233172584",
            "screen_name": "EdgardLazo",
            "indices": [
              15,
              26
            ],
            "id": 233172584
          },
          {
            "name": "Rosangella Barbarán",
            "id_str": "142471814",
            "screen_name": "rosangelak30",
            "indices": [
              27,
              40
            ],
            "id": 142471814
          }
        ]
      },
      "geo": null,
      "created_at": "Sun Dec 08 13:49:01 +0000 2019",
      "coordinates": null,
      "source": "<a href=\"http://twitter.com/download/android\" rel=\"nofollow\">Twitter for Android</a>",
      "favorite_count": 0
    },
    {
      "in_reply_to_user_id_str": "52487924",
      "metadata": {
        "iso_language_code": "es",
        "result_type": "recent"
      },
      "id_str": "1203672049551626241",
      "in_reply_to_user_id": 52487924,
      "is_quote_status": false,
      "lang": "es",
      "user": {
        "time_zone": null,
        "name": "trotador inter",
        "id": 752524424,
        "statuses_count": 46719,
        "translator_type": "none",
        "profile_sidebar_border_color": "000000",
        "id_str": "752524424",
        "profile_background_image_url": "http://abs.twimg.com/images/themes/theme1/bg.png",
        "follow_request_sent": false,
        "listed_count": 2,
        "profile_background_image_url_https": "https://abs.twimg.com/images/themes/theme1/bg.png",
        "notifications": false,
        "lang": null,
        "profile_text_color": "000000",
        "profile_image_url_https": "https://pbs.twimg.com/profile_images/1201686729985593344/RjvS70DI_normal.jpg",
        "favourites_count": 33847,
        "url": null,
        "description": "🇵🇪🇵🇪🇵🇪🇵🇪🇵🇪🇵🇪🇵🇪🇵🇪🇵🇪Gracias a la tecnología puedo estar en todos sitios. ¿pueden enviar mensajes?",
        "has_extended_profile": false,
        "geo_enabled": false,
        "protected": false,
        "screen_name": "trotnavegante",
        "profile_use_background_image": false,
        "profile_image_url": "http://pbs.twimg.com/profile_images/1201686729985593344/RjvS70DI_normal.jpg",
        "verified": false,
        "profile_background_tile": false,
        "following": false,
        "followers_count": 356,
        "utc_offset": null,
        "location": "Perú",
        "is_translator": false,
        "entities": {
          "description": {
            "urls": []
          }
        },
        "friends_count": 3402,
        "created_at": "Sun Aug 12 05:22:37 +0000 2012",
        "is_translation_enabled": false,
        "profile_link_color": "7FDBB6",
        "default_profile_image": false,
        "contributors_enabled": false,
        "profile_banner_url": "https://pbs.twimg.com/profile_banners/752524424/1520517378",
        "profile_background_color": "000000",
        "default_profile": false,
        "profile_sidebar_fill_color": "000000"
      },
      "retweet_count": 0,
      "in_reply_to_status_id": 1203671309860913153,
      "favorited": false,
      "contributors": null,
      "place": null,
      "text": "@jlcckoky @EdgardLazo @rosangelak30 APRO FUJIMONTEDINISTA LEELO BIEN\n\nV\nI\nV\nA\n\nL\nA\n\nP\nR\nH\nU\nD\n\nREALISTA\n\nHUMANISTA\n\nDEMÓCRATA",
      "retweeted": false,
      "truncated": false,
      "in_reply_to_status_id_str": "1203671309860913153",
      "id": 1203672049551626241,
      "in_reply_to_screen_name": "jlcckoky",
      "entities": {
        "symbols": [],
        "hashtags": [],
        "urls": [],
        "user_mentions": [
          {
            "name": "JorgeLuis Cabani",
            "id_str": "52487924",
            "screen_name": "jlcckoky",
            "indices": [
              0,
              9
            ],
            "id": 52487924
          },
          {
            "name": "Free thinker",
            "id_str": "233172584",
            "screen_name": "EdgardLazo",
            "indices": [
              10,
              21
            ],
            "id": 233172584
          },
          {
            "name": "Rosangella Barbarán",
            "id_str": "142471814",
            "screen_name": "rosangelak30",
            "indices": [
              22,
              35
            ],
            "id": 142471814
          }
        ]
      },
      "geo": null,
      "created_at": "Sun Dec 08 13:45:54 +0000 2019",
      "coordinates": null,
      "source": "<a href=\"https://mobile.twitter.com\" rel=\"nofollow\">Twitter Web App</a>",
      "favorite_count": 0
    },
    {
      "in_reply_to_user_id_str": "52487924",
      "metadata": {
        "iso_language_code": "es",
        "result_type": "recent"
      },
      "id_str": "1203671785104916486",
      "in_reply_to_user_id": 52487924,
      "is_quote_status": false,
      "lang": "es",
      "user": {
        "time_zone": null,
        "name": "trotador inter",
        "id": 752524424,
        "statuses_count": 46719,
        "translator_type": "none",
        "profile_sidebar_border_color": "000000",
        "id_str": "752524424",
        "profile_background_image_url": "http://abs.twimg.com/images/themes/theme1/bg.png",
        "follow_request_sent": false,
        "listed_count": 2,
        "profile_background_image_url_https": "https://abs.twimg.com/images/themes/theme1/bg.png",
        "notifications": false,
        "lang": null,
        "profile_text_color": "000000",
        "profile_image_url_https": "https://pbs.twimg.com/profile_images/1201686729985593344/RjvS70DI_normal.jpg",
        "favourites_count": 33847,
        "url": null,
        "description": "🇵🇪🇵🇪🇵🇪🇵🇪🇵🇪🇵🇪🇵🇪🇵🇪🇵🇪Gracias a la tecnología puedo estar en todos sitios. ¿pueden enviar mensajes?",
        "has_extended_profile": false,
        "geo_enabled": false,
        "protected": false,
        "screen_name": "trotnavegante",
        "profile_use_background_image": false,
        "profile_image_url": "http://pbs.twimg.com/profile_images/1201686729985593344/RjvS70DI_normal.jpg",
        "verified": false,
        "profile_background_tile": false,
        "following": false,
        "followers_count": 356,
        "utc_offset": null,
        "location": "Perú",
        "is_translator": false,
        "entities": {
          "description": {
            "urls": []
          }
        },
        "friends_count": 3402,
        "created_at": "Sun Aug 12 05:22:37 +0000 2012",
        "is_translation_enabled": false,
        "profile_link_color": "7FDBB6",
        "default_profile_image": false,
        "contributors_enabled": false,
        "profile_banner_url": "https://pbs.twimg.com/profile_banners/752524424/1520517378",
        "profile_background_color": "000000",
        "default_profile": false,
        "profile_sidebar_fill_color": "000000"
      },
      "retweet_count": 0,
      "in_reply_to_status_id": 1203671309860913153,
      "favorited": false,
      "contributors": null,
      "place": null,
      "text": "@jlcckoky @EdgardLazo @rosangelak30 Me rojeas ¿porque no te quedan argumentos? Jajajaja estimado APRO FUJIMONTESINI… https://t.co/alqnnGoLsk",
      "retweeted": false,
      "truncated": true,
      "in_reply_to_status_id_str": "1203671309860913153",
      "id": 1203671785104916486,
      "in_reply_to_screen_name": "jlcckoky",
      "entities": {
        "symbols": [],
        "hashtags": [],
        "urls": [
          {
            "expanded_url": "https://twitter.com/i/web/status/1203671785104916486",
            "indices": [
              117,
              140
            ],
            "url": "https://t.co/alqnnGoLsk",
            "display_url": "twitter.com/i/web/status/1…"
          }
        ],
        "user_mentions": [
          {
            "name": "JorgeLuis Cabani",
            "id_str": "52487924",
            "screen_name": "jlcckoky",
            "indices": [
              0,
              9
            ],
            "id": 52487924
          },
          {
            "name": "Free thinker",
            "id_str": "233172584",
            "screen_name": "EdgardLazo",
            "indices": [
              10,
              21
            ],
            "id": 233172584
          },
          {
            "name": "Rosangella Barbarán",
            "id_str": "142471814",
            "screen_name": "rosangelak30",
            "indices": [
              22,
              35
            ],
            "id": 142471814
          }
        ]
      },
      "geo": null,
      "created_at": "Sun Dec 08 13:44:51 +0000 2019",
      "coordinates": null,
      "source": "<a href=\"https://mobile.twitter.com\" rel=\"nofollow\">Twitter Web App</a>",
      "favorite_count": 0
    },
    {
      "in_reply_to_user_id_str": "752524424",
      "metadata": {
        "iso_language_code": "es",
        "result_type": "recent"
      },
      "id_str": "1203671309860913153",
      "in_reply_to_user_id": 752524424,
      "is_quote_status": false,
      "lang": "es",
      "user": {
        "time_zone": null,
        "name": "JorgeLuis Cabani",
        "id": 52487924,
        "statuses_count": 12676,
        "translator_type": "none",
        "profile_sidebar_border_color": "FFFFFF",
        "id_str": "52487924",
        "profile_background_image_url": "http://abs.twimg.com/images/themes/theme1/bg.png",
        "follow_request_sent": false,
        "listed_count": 7,
        "profile_background_image_url_https": "https://abs.twimg.com/images/themes/theme1/bg.png",
        "notifications": false,
        "lang": null,
        "profile_text_color": "333333",
        "profile_image_url_https": "https://pbs.twimg.com/profile_images/2149482449/PA210003__2_1_normal.jpg",
        "favourites_count": 31544,
        "url": null,
        "description": "Hijo, amigo, trabajador, viajero,  observador psicólogo. Reconciliación, justicia e igualdad. ProVida, ProFamilia.😃🧡👍🏻",
        "has_extended_profile": true,
        "geo_enabled": true,
        "protected": false,
        "screen_name": "jlcckoky",
        "profile_use_background_image": true,
        "profile_image_url": "http://pbs.twimg.com/profile_images/2149482449/PA210003__2_1_normal.jpg",
        "verified": false,
        "profile_background_tile": true,
        "following": false,
        "followers_count": 470,
        "utc_offset": null,
        "location": "Callao, Lima, Peru",
        "is_translator": false,
        "entities": {
          "description": {
            "urls": []
          }
        },
        "friends_count": 307,
        "created_at": "Tue Jun 30 19:13:18 +0000 2009",
        "is_translation_enabled": false,
        "profile_link_color": "FF691F",
        "default_profile_image": false,
        "contributors_enabled": false,
        "profile_banner_url": "https://pbs.twimg.com/profile_banners/52487924/1362883448",
        "profile_background_color": "C0DEED",
        "default_profile": false,
        "profile_sidebar_fill_color": "DDEEF6"
      },
      "retweet_count": 0,
      "in_reply_to_status_id": 1203670721353916421,
      "favorited": false,
      "contributors": null,
      "place": null,
      "text": "@trotnavegante @EdgardLazo @rosangelak30 Increíble!\nDaba por más tu intelecto, pero rn vano es...\nQuién lanza impro… https://t.co/UfcAH2rDQX",
      "retweeted": false,
      "truncated": true,
      "in_reply_to_status_id_str": "1203670721353916421",
      "id": 1203671309860913153,
      "in_reply_to_screen_name": "trotnavegante",
      "entities": {
        "symbols": [],
        "hashtags": [],
        "urls": [
          {
            "expanded_url": "https://twitter.com/i/web/status/1203671309860913153",
            "indices": [
              117,
              140
            ],
            "url": "https://t.co/UfcAH2rDQX",
            "display_url": "twitter.com/i/web/status/1…"
          }
        ],
        "user_mentions": [
          {
            "name": "trotador inter",
            "id_str": "752524424",
            "screen_name": "trotnavegante",
            "indices": [
              0,
              14
            ],
            "id": 752524424
          },
          {
            "name": "Free thinker",
            "id_str": "233172584",
            "screen_name": "EdgardLazo",
            "indices": [
              15,
              26
            ],
            "id": 233172584
          },
          {
            "name": "Rosangella Barbarán",
            "id_str": "142471814",
            "screen_name": "rosangelak30",
            "indices": [
              27,
              40
            ],
            "id": 142471814
          }
        ]
      },
      "geo": null,
      "created_at": "Sun Dec 08 13:42:58 +0000 2019",
      "coordinates": null,
      "source": "<a href=\"http://twitter.com/download/android\" rel=\"nofollow\">Twitter for Android</a>",
      "favorite_count": 0
    },
    {
      "in_reply_to_user_id_str": "52487924",
      "metadata": {
        "iso_language_code": "es",
        "result_type": "recent"
      },
      "id_str": "1203670721353916421",
      "in_reply_to_user_id": 52487924,
      "is_quote_status": false,
      "lang": "es",
      "user": {
        "time_zone": null,
        "name": "trotador inter",
        "id": 752524424,
        "statuses_count": 46719,
        "translator_type": "none",
        "profile_sidebar_border_color": "000000",
        "id_str": "752524424",
        "profile_background_image_url": "http://abs.twimg.com/images/themes/theme1/bg.png",
        "follow_request_sent": false,
        "listed_count": 2,
        "profile_background_image_url_https": "https://abs.twimg.com/images/themes/theme1/bg.png",
        "notifications": false,
        "lang": null,
        "profile_text_color": "000000",
        "profile_image_url_https": "https://pbs.twimg.com/profile_images/1201686729985593344/RjvS70DI_normal.jpg",
        "favourites_count": 33847,
        "url": null,
        "description": "🇵🇪🇵🇪🇵🇪🇵🇪🇵🇪🇵🇪🇵🇪🇵🇪🇵🇪Gracias a la tecnología puedo estar en todos sitios. ¿pueden enviar mensajes?",
        "has_extended_profile": false,
        "geo_enabled": false,
        "protected": false,
        "screen_name": "trotnavegante",
        "profile_use_background_image": false,
        "profile_image_url": "http://pbs.twimg.com/profile_images/1201686729985593344/RjvS70DI_normal.jpg",
        "verified": false,
        "profile_background_tile": false,
        "following": false,
        "followers_count": 356,
        "utc_offset": null,
        "location": "Perú",
        "is_translator": false,
        "entities": {
          "description": {
            "urls": []
          }
        },
        "friends_count": 3402,
        "created_at": "Sun Aug 12 05:22:37 +0000 2012",
        "is_translation_enabled": false,
        "profile_link_color": "7FDBB6",
        "default_profile_image": false,
        "contributors_enabled": false,
        "profile_banner_url": "https://pbs.twimg.com/profile_banners/752524424/1520517378",
        "profile_background_color": "000000",
        "default_profile": false,
        "profile_sidebar_fill_color": "000000"
      },
      "retweet_count": 0,
      "in_reply_to_status_id": 1203661934677106689,
      "favorited": false,
      "contributors": null,
      "place": null,
      "text": "@jlcckoky @EdgardLazo @rosangelak30 Apro fujimontesinista, ante tu necesidad d argumentos lo único q haces es INSUL… https://t.co/fHCFdnROag",
      "retweeted": false,
      "truncated": true,
      "in_reply_to_status_id_str": "1203661934677106689",
      "id": 1203670721353916421,
      "in_reply_to_screen_name": "jlcckoky",
      "entities": {
        "symbols": [],
        "hashtags": [],
        "urls": [
          {
            "expanded_url": "https://twitter.com/i/web/status/1203670721353916421",
            "indices": [
              117,
              140
            ],
            "url": "https://t.co/fHCFdnROag",
            "display_url": "twitter.com/i/web/status/1…"
          }
        ],
        "user_mentions": [
          {
            "name": "JorgeLuis Cabani",
            "id_str": "52487924",
            "screen_name": "jlcckoky",
            "indices": [
              0,
              9
            ],
            "id": 52487924
          },
          {
            "name": "Free thinker",
            "id_str": "233172584",
            "screen_name": "EdgardLazo",
            "indices": [
              10,
              21
            ],
            "id": 233172584
          },
          {
            "name": "Rosangella Barbarán",
            "id_str": "142471814",
            "screen_name": "rosangelak30",
            "indices": [
              22,
              35
            ],
            "id": 142471814
          }
        ]
      },
      "geo": null,
      "created_at": "Sun Dec 08 13:40:37 +0000 2019",
      "coordinates": null,
      "source": "<a href=\"https://mobile.twitter.com\" rel=\"nofollow\">Twitter Web App</a>",
      "favorite_count": 1
    }
  ],
  "request_date": "2019-12-08-12:24:13"
}