{
  "data": [
    {
      "in_reply_to_user_id_str": "376372261",
      "metadata": {
        "iso_language_code": "es",
        "result_type": "recent"
      },
      "id_str": "1203651851352195075",
      "in_reply_to_user_id": 376372261,
      "is_quote_status": false,
      "lang": "es",
      "user": {
        "time_zone": null,
        "name": "Marlene",
        "id": 2955384215,
        "statuses_count": 18456,
        "translator_type": "none",
        "profile_sidebar_border_color": "C0DEED",
        "id_str": "2955384215",
        "profile_background_image_url": "http://abs.twimg.com/images/themes/theme1/bg.png",
        "follow_request_sent": false,
        "listed_count": 2,
        "profile_background_image_url_https": "https://abs.twimg.com/images/themes/theme1/bg.png",
        "notifications": false,
        "lang": null,
        "profile_text_color": "333333",
        "profile_image_url_https": "https://pbs.twimg.com/profile_images/559698114815082496/90eC7CSe_normal.jpeg",
        "favourites_count": 10593,
        "url": null,
        "description": "",
        "has_extended_profile": false,
        "geo_enabled": true,
        "protected": false,
        "screen_name": "ExiTri",
        "profile_use_background_image": true,
        "profile_image_url": "http://pbs.twimg.com/profile_images/559698114815082496/90eC7CSe_normal.jpeg",
        "verified": false,
        "profile_background_tile": false,
        "following": false,
        "followers_count": 389,
        "utc_offset": null,
        "location": "",
        "is_translator": false,
        "entities": {
          "description": {
            "urls": []
          }
        },
        "friends_count": 1445,
        "created_at": "Thu Jan 01 19:46:27 +0000 2015",
        "is_translation_enabled": true,
        "profile_link_color": "1DA1F2",
        "default_profile_image": false,
        "contributors_enabled": false,
        "profile_banner_url": "https://pbs.twimg.com/profile_banners/2955384215/1421032768",
        "profile_background_color": "C0DEED",
        "default_profile": true,
        "profile_sidebar_fill_color": "DDEEF6"
      },
      "retweet_count": 0,
      "in_reply_to_status_id": 1203499440994209794,
      "favorited": false,
      "contributors": null,
      "place": null,
      "text": "@aleskrause @CONTIGO_pe # CONTIGO Es el partido q ningún peruano honesto DEBE VOTAR!!!!",
      "retweeted": false,
      "truncated": false,
      "in_reply_to_status_id_str": "1203499440994209794",
      "id": 1203651851352195075,
      "in_reply_to_screen_name": "aleskrause",
      "entities": {
        "symbols": [],
        "hashtags": [],
        "urls": [],
        "user_mentions": [
          {
            "name": "Contigo 20",
            "id_str": "376372261",
            "screen_name": "aleskrause",
            "indices": [
              0,
              11
            ],
            "id": 376372261
          },
          {
            "name": "Partido Político CONTIGO 🇵🇪",
            "id_str": "3093249670",
            "screen_name": "CONTIGO_pe",
            "indices": [
              12,
              23
            ],
            "id": 3093249670
          }
        ]
      },
      "geo": null,
      "created_at": "Sun Dec 08 12:25:38 +0000 2019",
      "coordinates": null,
      "source": "<a href=\"http://twitter.com/download/android\" rel=\"nofollow\">Twitter for Android</a>",
      "favorite_count": 0
    },
    {
      "in_reply_to_user_id_str": "376372261",
      "metadata": {
        "iso_language_code": "und",
        "result_type": "recent"
      },
      "id_str": "1203651281333686272",
      "in_reply_to_user_id": 376372261,
      "is_quote_status": false,
      "lang": "und",
      "extended_entities": {
        "media": [
          {
            "display_url": "pic.twitter.com/37FDbPjpFR",
            "expanded_url": "https://twitter.com/pekin_1901/status/1203651281333686272/photo/1",
            "indices": [
              24,
              47
            ],
            "video_info": {
              "variants": [
                {
                  "content_type": "video/mp4",
                  "url": "https://video.twimg.com/tweet_video/ELQ6dDUWwAAZ6bZ.mp4",
                  "bitrate": 0
                }
              ],
              "aspect_ratio": [
                213,
                160
              ]
            },
            "sizes": {
              "small": {
                "resize": "fit",
                "w": 426,
                "h": 320
              },
              "medium": {
                "resize": "fit",
                "w": 426,
                "h": 320
              },
              "large": {
                "resize": "fit",
                "w": 426,
                "h": 320
              },
              "thumb": {
                "resize": "crop",
                "w": 150,
                "h": 150
              }
            },
            "media_url": "http://pbs.twimg.com/tweet_video_thumb/ELQ6dDUWwAAZ6bZ.jpg",
            "id_str": "1203651271196065792",
            "url": "https://t.co/37FDbPjpFR",
            "type": "animated_gif",
            "media_url_https": "https://pbs.twimg.com/tweet_video_thumb/ELQ6dDUWwAAZ6bZ.jpg",
            "id": 1203651271196065792
          }
        ]
      },
      "user": {
        "time_zone": null,
        "name": "pecas",
        "id": 595129782,
        "statuses_count": 1244,
        "translator_type": "none",
        "profile_sidebar_border_color": "C0DEED",
        "id_str": "595129782",
        "profile_background_image_url": "http://abs.twimg.com/images/themes/theme1/bg.png",
        "follow_request_sent": false,
        "listed_count": 0,
        "profile_background_image_url_https": "https://abs.twimg.com/images/themes/theme1/bg.png",
        "notifications": false,
        "lang": null,
        "profile_text_color": "333333",
        "profile_image_url_https": "https://pbs.twimg.com/profile_images/1170350653333540864/hZ3oK7pb_normal.jpg",
        "favourites_count": 16041,
        "url": null,
        "description": "La educación es la única herramienta que no se desgasta.",
        "has_extended_profile": true,
        "geo_enabled": true,
        "protected": false,
        "screen_name": "pekin_1901",
        "profile_use_background_image": true,
        "profile_image_url": "http://pbs.twimg.com/profile_images/1170350653333540864/hZ3oK7pb_normal.jpg",
        "verified": false,
        "profile_background_tile": false,
        "following": false,
        "followers_count": 79,
        "utc_offset": null,
        "location": "Lima, Peru",
        "is_translator": false,
        "entities": {
          "description": {
            "urls": []
          }
        },
        "friends_count": 1425,
        "created_at": "Thu May 31 01:00:02 +0000 2012",
        "is_translation_enabled": false,
        "profile_link_color": "1DA1F2",
        "default_profile_image": false,
        "contributors_enabled": false,
        "profile_background_color": "C0DEED",
        "default_profile": true,
        "profile_sidebar_fill_color": "DDEEF6"
      },
      "retweet_count": 0,
      "in_reply_to_status_id": 1203499440994209794,
      "favorited": false,
      "contributors": null,
      "place": null,
      "text": "@aleskrause @CONTIGO_pe https://t.co/37FDbPjpFR",
      "retweeted": false,
      "truncated": false,
      "in_reply_to_status_id_str": "1203499440994209794",
      "id": 1203651281333686272,
      "in_reply_to_screen_name": "aleskrause",
      "entities": {
        "media": [
          {
            "display_url": "pic.twitter.com/37FDbPjpFR",
            "expanded_url": "https://twitter.com/pekin_1901/status/1203651281333686272/photo/1",
            "indices": [
              24,
              47
            ],
            "sizes": {
              "small": {
                "resize": "fit",
                "w": 426,
                "h": 320
              },
              "medium": {
                "resize": "fit",
                "w": 426,
                "h": 320
              },
              "large": {
                "resize": "fit",
                "w": 426,
                "h": 320
              },
              "thumb": {
                "resize": "crop",
                "w": 150,
                "h": 150
              }
            },
            "media_url": "http://pbs.twimg.com/tweet_video_thumb/ELQ6dDUWwAAZ6bZ.jpg",
            "id_str": "1203651271196065792",
            "url": "https://t.co/37FDbPjpFR",
            "type": "photo",
            "media_url_https": "https://pbs.twimg.com/tweet_video_thumb/ELQ6dDUWwAAZ6bZ.jpg",
            "id": 1203651271196065792
          }
        ],
        "symbols": [],
        "hashtags": [],
        "urls": [],
        "user_mentions": [
          {
            "name": "Contigo 20",
            "id_str": "376372261",
            "screen_name": "aleskrause",
            "indices": [
              0,
              11
            ],
            "id": 376372261
          },
          {
            "name": "Partido Político CONTIGO 🇵🇪",
            "id_str": "3093249670",
            "screen_name": "CONTIGO_pe",
            "indices": [
              12,
              23
            ],
            "id": 3093249670
          }
        ]
      },
      "geo": null,
      "created_at": "Sun Dec 08 12:23:22 +0000 2019",
      "coordinates": null,
      "source": "<a href=\"http://twitter.com/download/android\" rel=\"nofollow\">Twitter for Android</a>",
      "favorite_count": 0,
      "possibly_sensitive": false
    },
    {
      "in_reply_to_user_id_str": "376372261",
      "metadata": {
        "iso_language_code": "und",
        "result_type": "recent"
      },
      "id_str": "1203650418707963904",
      "in_reply_to_user_id": 376372261,
      "is_quote_status": false,
      "lang": "und",
      "extended_entities": {
        "media": [
          {
            "display_url": "pic.twitter.com/y9hfPDOq4D",
            "expanded_url": "https://twitter.com/Bitocho/status/1203650418707963904/photo/1",
            "indices": [
              65,
              88
            ],
            "sizes": {
              "small": {
                "resize": "fit",
                "w": 680,
                "h": 443
              },
              "medium": {
                "resize": "fit",
                "w": 686,
                "h": 447
              },
              "large": {
                "resize": "fit",
                "w": 686,
                "h": 447
              },
              "thumb": {
                "resize": "crop",
                "w": 150,
                "h": 150
              }
            },
            "media_url": "http://pbs.twimg.com/media/ELQ5q2PXYAEsk-0.jpg",
            "id_str": "1203650408692015105",
            "url": "https://t.co/y9hfPDOq4D",
            "type": "photo",
            "media_url_https": "https://pbs.twimg.com/media/ELQ5q2PXYAEsk-0.jpg",
            "id": 1203650408692015105
          }
        ]
      },
      "user": {
        "time_zone": null,
        "name": "Toño",
        "id": 28999685,
        "statuses_count": 6879,
        "translator_type": "none",
        "profile_sidebar_border_color": "C0DEED",
        "id_str": "28999685",
        "profile_background_image_url": "http://abs.twimg.com/images/themes/theme1/bg.png",
        "follow_request_sent": false,
        "listed_count": 1,
        "profile_background_image_url_https": "https://abs.twimg.com/images/themes/theme1/bg.png",
        "notifications": false,
        "lang": null,
        "profile_text_color": "333333",
        "profile_image_url_https": "https://pbs.twimg.com/profile_images/1180577708167745536/pYFFIRre_normal.jpg",
        "favourites_count": 5156,
        "url": null,
        "description": "Ingeniero mecánico PUCP, tacneño y crema",
        "has_extended_profile": false,
        "geo_enabled": false,
        "protected": false,
        "screen_name": "Bitocho",
        "profile_use_background_image": true,
        "profile_image_url": "http://pbs.twimg.com/profile_images/1180577708167745536/pYFFIRre_normal.jpg",
        "verified": false,
        "profile_background_tile": false,
        "following": false,
        "followers_count": 120,
        "utc_offset": null,
        "location": "San Borja, Lima",
        "is_translator": false,
        "entities": {
          "description": {
            "urls": []
          }
        },
        "friends_count": 982,
        "created_at": "Sun Apr 05 15:02:19 +0000 2009",
        "is_translation_enabled": false,
        "profile_link_color": "1DA1F2",
        "default_profile_image": false,
        "contributors_enabled": false,
        "profile_banner_url": "https://pbs.twimg.com/profile_banners/28999685/1364065116",
        "profile_background_color": "C0DEED",
        "default_profile": true,
        "profile_sidebar_fill_color": "DDEEF6"
      },
      "retweet_count": 0,
      "in_reply_to_status_id": 1203513883387809793,
      "favorited": false,
      "contributors": null,
      "place": null,
      "text": "@aleskrause @DonVitorio_ @CONTIGO_pe @JuanSheput @SalvadorHeresi https://t.co/y9hfPDOq4D",
      "retweeted": false,
      "truncated": false,
      "in_reply_to_status_id_str": "1203513883387809793",
      "id": 1203650418707963904,
      "in_reply_to_screen_name": "aleskrause",
      "entities": {
        "media": [
          {
            "display_url": "pic.twitter.com/y9hfPDOq4D",
            "expanded_url": "https://twitter.com/Bitocho/status/1203650418707963904/photo/1",
            "indices": [
              65,
              88
            ],
            "sizes": {
              "small": {
                "resize": "fit",
                "w": 680,
                "h": 443
              },
              "medium": {
                "resize": "fit",
                "w": 686,
                "h": 447
              },
              "large": {
                "resize": "fit",
                "w": 686,
                "h": 447
              },
              "thumb": {
                "resize": "crop",
                "w": 150,
                "h": 150
              }
            },
            "media_url": "http://pbs.twimg.com/media/ELQ5q2PXYAEsk-0.jpg",
            "id_str": "1203650408692015105",
            "url": "https://t.co/y9hfPDOq4D",
            "type": "photo",
            "media_url_https": "https://pbs.twimg.com/media/ELQ5q2PXYAEsk-0.jpg",
            "id": 1203650408692015105
          }
        ],
        "symbols": [],
        "hashtags": [],
        "urls": [],
        "user_mentions": [
          {
            "name": "Contigo 20",
            "id_str": "376372261",
            "screen_name": "aleskrause",
            "indices": [
              0,
              11
            ],
            "id": 376372261
          },
          {
            "name": "Victor Raúl",
            "id_str": "4864679649",
            "screen_name": "DonVitorio_",
            "indices": [
              12,
              24
            ],
            "id": 4864679649
          },
          {
            "name": "Partido Político CONTIGO 🇵🇪",
            "id_str": "3093249670",
            "screen_name": "CONTIGO_pe",
            "indices": [
              25,
              36
            ],
            "id": 3093249670
          },
          {
            "name": "Juan Sheput",
            "id_str": "33808317",
            "screen_name": "JuanSheput",
            "indices": [
              37,
              48
            ],
            "id": 33808317
          },
          {
            "name": "Salvador Heresi",
            "id_str": "350460605",
            "screen_name": "SalvadorHeresi",
            "indices": [
              49,
              64
            ],
            "id": 350460605
          }
        ]
      },
      "geo": null,
      "created_at": "Sun Dec 08 12:19:57 +0000 2019",
      "coordinates": null,
      "source": "<a href=\"http://twitter.com/download/iphone\" rel=\"nofollow\">Twitter for iPhone</a>",
      "favorite_count": 0,
      "possibly_sensitive": false
    },
    {
      "in_reply_to_user_id_str": null,
      "metadata": {
        "iso_language_code": "es",
        "result_type": "recent"
      },
      "retweeted_status": {
        "in_reply_to_user_id_str": null,
        "metadata": {
          "iso_language_code": "es",
          "result_type": "recent"
        },
        "id_str": "1203499440994209794",
        "in_reply_to_user_id": null,
        "is_quote_status": false,
        "lang": "es",
        "user": {
          "time_zone": null,
          "name": "Contigo 20",
          "id": 376372261,
          "statuses_count": 2484,
          "translator_type": "none",
          "profile_sidebar_border_color": "C0DEED",
          "id_str": "376372261",
          "profile_background_image_url": "http://abs.twimg.com/images/themes/theme1/bg.png",
          "follow_request_sent": false,
          "listed_count": 4,
          "profile_background_image_url_https": "https://abs.twimg.com/images/themes/theme1/bg.png",
          "notifications": false,
          "lang": null,
          "profile_text_color": "333333",
          "profile_image_url_https": "https://pbs.twimg.com/profile_images/1200063052206526467/ralndZ80_normal.jpg",
          "favourites_count": 1597,
          "url": "https://t.co/ufi9FgWMQ1",
          "description": "Mamá defensora de la vida. Joven candidata al Congreso 2020 con el N°20 por el partido político Contigo.",
          "has_extended_profile": true,
          "geo_enabled": false,
          "protected": false,
          "screen_name": "aleskrause",
          "profile_use_background_image": true,
          "profile_image_url": "http://pbs.twimg.com/profile_images/1200063052206526467/ralndZ80_normal.jpg",
          "verified": false,
          "profile_background_tile": false,
          "following": false,
          "followers_count": 517,
          "utc_offset": null,
          "location": "Lima, Peru",
          "is_translator": false,
          "entities": {
            "url": {
              "urls": [
                {
                  "expanded_url": "https://www.facebook.com/alesandrakrausealcongreso20/",
                  "indices": [
                    0,
                    23
                  ],
                  "url": "https://t.co/ufi9FgWMQ1",
                  "display_url": "facebook.com/alesandrakraus…"
                }
              ]
            },
            "description": {
              "urls": []
            }
          },
          "friends_count": 402,
          "created_at": "Mon Sep 19 19:32:13 +0000 2011",
          "is_translation_enabled": false,
          "profile_link_color": "203D47",
          "default_profile_image": false,
          "contributors_enabled": false,
          "profile_banner_url": "https://pbs.twimg.com/profile_banners/376372261/1575499401",
          "profile_background_color": "C0DEED",
          "default_profile": false,
          "profile_sidebar_fill_color": "DDEEF6"
        },
        "retweet_count": 11,
        "in_reply_to_status_id": null,
        "favorited": false,
        "contributors": null,
        "place": null,
        "text": "Conóceme, soy Alessandra Krause, candidata número 20 por el partido político Contigo para las elecciones al Congres… https://t.co/RX5GY7aPrR",
        "retweeted": false,
        "truncated": true,
        "in_reply_to_status_id_str": null,
        "id": 1203499440994209794,
        "in_reply_to_screen_name": null,
        "entities": {
          "symbols": [],
          "hashtags": [],
          "urls": [
            {
              "expanded_url": "https://twitter.com/i/web/status/1203499440994209794",
              "indices": [
                117,
                140
              ],
              "url": "https://t.co/RX5GY7aPrR",
              "display_url": "twitter.com/i/web/status/1…"
            }
          ],
          "user_mentions": []
        },
        "geo": null,
        "created_at": "Sun Dec 08 02:20:01 +0000 2019",
        "coordinates": null,
        "source": "<a href=\"http://twitter.com/download/iphone\" rel=\"nofollow\">Twitter for iPhone</a>",
        "favorite_count": 32,
        "possibly_sensitive": false
      },
      "id_str": "1203649833627721730",
      "in_reply_to_user_id": null,
      "is_quote_status": false,
      "lang": "es",
      "user": {
        "time_zone": null,
        "name": "hugo Swayze",
        "id": 767178289668558852,
        "statuses_count": 4710,
        "translator_type": "none",
        "profile_sidebar_border_color": "C0DEED",
        "id_str": "767178289668558852",
        "profile_background_image_url": null,
        "follow_request_sent": false,
        "listed_count": 0,
        "profile_background_image_url_https": null,
        "notifications": false,
        "lang": null,
        "profile_text_color": "333333",
        "profile_image_url_https": "https://pbs.twimg.com/profile_images/828919236592545794/9VBAuNVA_normal.jpg",
        "favourites_count": 5169,
        "url": null,
        "description": "",
        "has_extended_profile": false,
        "geo_enabled": true,
        "protected": false,
        "screen_name": "SwayzeHugo",
        "profile_use_background_image": true,
        "profile_image_url": "http://pbs.twimg.com/profile_images/828919236592545794/9VBAuNVA_normal.jpg",
        "verified": false,
        "profile_background_tile": false,
        "following": false,
        "followers_count": 180,
        "utc_offset": null,
        "location": "",
        "is_translator": false,
        "entities": {
          "description": {
            "urls": []
          }
        },
        "friends_count": 1163,
        "created_at": "Sun Aug 21 01:55:32 +0000 2016",
        "is_translation_enabled": false,
        "profile_link_color": "1DA1F2",
        "default_profile_image": false,
        "contributors_enabled": false,
        "profile_background_color": "F5F8FA",
        "default_profile": true,
        "profile_sidebar_fill_color": "DDEEF6"
      },
      "retweet_count": 11,
      "in_reply_to_status_id": null,
      "favorited": false,
      "contributors": null,
      "place": null,
      "text": "RT @aleskrause: Conóceme, soy Alessandra Krause, candidata número 20 por el partido político Contigo para las elecciones al Congreso 2020.…",
      "retweeted": false,
      "truncated": false,
      "in_reply_to_status_id_str": null,
      "id": 1203649833627721730,
      "in_reply_to_screen_name": null,
      "entities": {
        "symbols": [],
        "hashtags": [],
        "urls": [],
        "user_mentions": [
          {
            "name": "Contigo 20",
            "id_str": "376372261",
            "screen_name": "aleskrause",
            "indices": [
              3,
              14
            ],
            "id": 376372261
          }
        ]
      },
      "geo": null,
      "created_at": "Sun Dec 08 12:17:37 +0000 2019",
      "coordinates": null,
      "source": "<a href=\"http://twitter.com/download/android\" rel=\"nofollow\">Twitter for Android</a>",
      "favorite_count": 0
    },
    {
      "in_reply_to_user_id_str": "350460605",
      "metadata": {
        "iso_language_code": "es",
        "result_type": "recent"
      },
      "id_str": "1203647873419792384",
      "in_reply_to_user_id": 350460605,
      "is_quote_status": false,
      "lang": "es",
      "user": {
        "time_zone": null,
        "name": "PercyCàceres",
        "id": 1181639072185552896,
        "statuses_count": 106,
        "translator_type": "none",
        "profile_sidebar_border_color": "C0DEED",
        "id_str": "1181639072185552896",
        "profile_background_image_url": null,
        "follow_request_sent": false,
        "listed_count": 0,
        "profile_background_image_url_https": null,
        "notifications": false,
        "lang": null,
        "profile_text_color": "333333",
        "profile_image_url_https": "https://pbs.twimg.com/profile_images/1181639775515811842/3hGvxnG__normal.jpg",
        "favourites_count": 501,
        "url": null,
        "description": "Deporte es pasión, la política se practica, lo clásico nunca se olvida. El trabajo es supervivencia, la humildad y honestidad es la llave del éxito.",
        "has_extended_profile": false,
        "geo_enabled": false,
        "protected": false,
        "screen_name": "PercyCC4",
        "profile_use_background_image": true,
        "profile_image_url": "http://pbs.twimg.com/profile_images/1181639775515811842/3hGvxnG__normal.jpg",
        "verified": false,
        "profile_background_tile": false,
        "following": false,
        "followers_count": 15,
        "utc_offset": null,
        "location": "",
        "is_translator": false,
        "entities": {
          "description": {
            "urls": []
          }
        },
        "friends_count": 92,
        "created_at": "Tue Oct 08 18:35:32 +0000 2019",
        "is_translation_enabled": false,
        "profile_link_color": "1DA1F2",
        "default_profile_image": false,
        "contributors_enabled": false,
        "profile_background_color": "F5F8FA",
        "default_profile": true,
        "profile_sidebar_fill_color": "DDEEF6"
      },
      "retweet_count": 0,
      "in_reply_to_status_id": 1203328590521262080,
      "favorited": false,
      "contributors": null,
      "place": null,
      "text": "@SalvadorHeresi @CONTIGO_pe @JuanSheput @MartinVizcarraC Vizcarra y sus seguidores son la escoria del Perú. La mafi… https://t.co/iKZJvaQXVH",
      "retweeted": false,
      "truncated": true,
      "in_reply_to_status_id_str": "1203328590521262080",
      "id": 1203647873419792384,
      "in_reply_to_screen_name": "SalvadorHeresi",
      "entities": {
        "symbols": [],
        "hashtags": [],
        "urls": [
          {
            "expanded_url": "https://twitter.com/i/web/status/1203647873419792384",
            "indices": [
              117,
              140
            ],
            "url": "https://t.co/iKZJvaQXVH",
            "display_url": "twitter.com/i/web/status/1…"
          }
        ],
        "user_mentions": [
          {
            "name": "Salvador Heresi",
            "id_str": "350460605",
            "screen_name": "SalvadorHeresi",
            "indices": [
              0,
              15
            ],
            "id": 350460605
          },
          {
            "name": "Partido Político CONTIGO 🇵🇪",
            "id_str": "3093249670",
            "screen_name": "CONTIGO_pe",
            "indices": [
              16,
              27
            ],
            "id": 3093249670
          },
          {
            "name": "Juan Sheput",
            "id_str": "33808317",
            "screen_name": "JuanSheput",
            "indices": [
              28,
              39
            ],
            "id": 33808317
          },
          {
            "name": "Martín Vizcarra",
            "id_str": "4825296327",
            "screen_name": "MartinVizcarraC",
            "indices": [
              40,
              56
            ],
            "id": 4825296327
          }
        ]
      },
      "geo": null,
      "created_at": "Sun Dec 08 12:09:50 +0000 2019",
      "coordinates": null,
      "source": "<a href=\"http://twitter.com/download/android\" rel=\"nofollow\">Twitter for Android</a>",
      "favorite_count": 0
    },
    {
      "in_reply_to_user_id_str": "350460605",
      "metadata": {
        "iso_language_code": "es",
        "result_type": "recent"
      },
      "id_str": "1203642983880560640",
      "in_reply_to_user_id": 350460605,
      "is_quote_status": false,
      "lang": "es",
      "user": {
        "time_zone": null,
        "name": "Julio Najarro Rojas",
        "id": 201914820,
        "statuses_count": 2548,
        "translator_type": "none",
        "profile_sidebar_border_color": "C0DEED",
        "id_str": "201914820",
        "profile_background_image_url": "http://abs.twimg.com/images/themes/theme1/bg.png",
        "follow_request_sent": false,
        "listed_count": 0,
        "profile_background_image_url_https": "https://abs.twimg.com/images/themes/theme1/bg.png",
        "notifications": false,
        "lang": null,
        "profile_text_color": "333333",
        "profile_image_url_https": "https://pbs.twimg.com/profile_images/523699085815984128/Vqi2wyxk_normal.jpeg",
        "favourites_count": 10190,
        "url": null,
        "description": "Nacido en Huaccana - Chincheros - Apurímac (1980). Ingeniero Civil especialista en gestión de proyectos de infraestructura pública.",
        "has_extended_profile": true,
        "geo_enabled": true,
        "protected": false,
        "screen_name": "julnajarro",
        "profile_use_background_image": true,
        "profile_image_url": "http://pbs.twimg.com/profile_images/523699085815984128/Vqi2wyxk_normal.jpeg",
        "verified": false,
        "profile_background_tile": false,
        "following": false,
        "followers_count": 211,
        "utc_offset": null,
        "location": "Ayacucho",
        "is_translator": false,
        "entities": {
          "description": {
            "urls": []
          }
        },
        "friends_count": 602,
        "created_at": "Tue Oct 12 22:29:27 +0000 2010",
        "is_translation_enabled": false,
        "profile_link_color": "1DA1F2",
        "default_profile_image": false,
        "contributors_enabled": false,
        "profile_banner_url": "https://pbs.twimg.com/profile_banners/201914820/1413694940",
        "profile_background_color": "C0DEED",
        "default_profile": true,
        "profile_sidebar_fill_color": "DDEEF6"
      },
      "retweet_count": 0,
      "in_reply_to_status_id": 1203328590521262080,
      "favorited": false,
      "contributors": null,
      "place": null,
      "text": "@SalvadorHeresi @CONTIGO_pe @JuanSheput @MartinVizcarraC Estos hermanitos de Kontigo, a demás de ser llorones, usan… https://t.co/jrU4KLuoo3",
      "retweeted": false,
      "truncated": true,
      "in_reply_to_status_id_str": "1203328590521262080",
      "id": 1203642983880560640,
      "in_reply_to_screen_name": "SalvadorHeresi",
      "entities": {
        "symbols": [],
        "hashtags": [],
        "urls": [
          {
            "expanded_url": "https://twitter.com/i/web/status/1203642983880560640",
            "indices": [
              117,
              140
            ],
            "url": "https://t.co/jrU4KLuoo3",
            "display_url": "twitter.com/i/web/status/1…"
          }
        ],
        "user_mentions": [
          {
            "name": "Salvador Heresi",
            "id_str": "350460605",
            "screen_name": "SalvadorHeresi",
            "indices": [
              0,
              15
            ],
            "id": 350460605
          },
          {
            "name": "Partido Político CONTIGO 🇵🇪",
            "id_str": "3093249670",
            "screen_name": "CONTIGO_pe",
            "indices": [
              16,
              27
            ],
            "id": 3093249670
          },
          {
            "name": "Juan Sheput",
            "id_str": "33808317",
            "screen_name": "JuanSheput",
            "indices": [
              28,
              39
            ],
            "id": 33808317
          },
          {
            "name": "Martín Vizcarra",
            "id_str": "4825296327",
            "screen_name": "MartinVizcarraC",
            "indices": [
              40,
              56
            ],
            "id": 4825296327
          }
        ]
      },
      "geo": null,
      "created_at": "Sun Dec 08 11:50:24 +0000 2019",
      "coordinates": null,
      "source": "<a href=\"http://twitter.com/download/android\" rel=\"nofollow\">Twitter for Android</a>",
      "favorite_count": 0
    },
    {
      "in_reply_to_user_id_str": null,
      "quoted_status_id": 1203314809082728455,
      "metadata": {
        "iso_language_code": "es",
        "result_type": "recent"
      },
      "retweeted_status": {
        "in_reply_to_user_id_str": null,
        "quoted_status": {
          "in_reply_to_user_id_str": null,
          "metadata": {
            "iso_language_code": "es",
            "result_type": "recent"
          },
          "id_str": "1203314809082728455",
          "in_reply_to_user_id": null,
          "is_quote_status": false,
          "lang": "es",
          "user": {
            "time_zone": null,
            "name": "Salvador Heresi",
            "id": 350460605,
            "statuses_count": 15759,
            "translator_type": "none",
            "profile_sidebar_border_color": "C0DEED",
            "id_str": "350460605",
            "profile_background_image_url": "http://abs.twimg.com/images/themes/theme1/bg.png",
            "follow_request_sent": false,
            "listed_count": 194,
            "profile_background_image_url_https": "https://abs.twimg.com/images/themes/theme1/bg.png",
            "notifications": false,
            "lang": null,
            "profile_text_color": "333333",
            "profile_image_url_https": "https://pbs.twimg.com/profile_images/1194648206384254976/rYWqYGRR_normal.jpg",
            "favourites_count": 4095,
            "url": null,
            "description": "2° Vice Presidente del Parlamento Peruano, Congresista, Ex Ministro de Justicia y Secretario General del Partido Contigo",
            "has_extended_profile": false,
            "geo_enabled": true,
            "protected": false,
            "screen_name": "SalvadorHeresi",
            "profile_use_background_image": true,
            "profile_image_url": "http://pbs.twimg.com/profile_images/1194648206384254976/rYWqYGRR_normal.jpg",
            "verified": true,
            "profile_background_tile": false,
            "following": false,
            "followers_count": 52561,
            "utc_offset": null,
            "location": "Lima, Perú",
            "is_translator": false,
            "entities": {
              "description": {
                "urls": []
              }
            },
            "friends_count": 1198,
            "created_at": "Sun Aug 07 20:23:12 +0000 2011",
            "is_translation_enabled": false,
            "profile_link_color": "1DA1F2",
            "default_profile_image": false,
            "contributors_enabled": false,
            "profile_banner_url": "https://pbs.twimg.com/profile_banners/350460605/1574289798",
            "profile_background_color": "C0DEED",
            "default_profile": true,
            "profile_sidebar_fill_color": "DDEEF6"
          },
          "retweet_count": 365,
          "in_reply_to_status_id": null,
          "favorited": false,
          "contributors": null,
          "place": null,
          "text": "Gobierno de ciudadano @MartinVizcarraC usa a prefectos y subprefectos como trolles para atacar a sus opositores. Es… https://t.co/bPzbNUTlqT",
          "retweeted": false,
          "truncated": true,
          "in_reply_to_status_id_str": null,
          "id": 1203314809082728455,
          "in_reply_to_screen_name": null,
          "entities": {
            "symbols": [],
            "hashtags": [],
            "urls": [
              {
                "expanded_url": "https://twitter.com/i/web/status/1203314809082728455",
                "indices": [
                  117,
                  140
                ],
                "url": "https://t.co/bPzbNUTlqT",
                "display_url": "twitter.com/i/web/status/1…"
              }
            ],
            "user_mentions": [
              {
                "name": "Martín Vizcarra",
                "id_str": "4825296327",
                "screen_name": "MartinVizcarraC",
                "indices": [
                  22,
                  38
                ],
                "id": 4825296327
              }
            ]
          },
          "geo": null,
          "created_at": "Sat Dec 07 14:06:21 +0000 2019",
          "coordinates": null,
          "source": "<a href=\"http://twitter.com/download/iphone\" rel=\"nofollow\">Twitter for iPhone</a>",
          "favorite_count": 534,
          "possibly_sensitive": false
        },
        "quoted_status_id": 1203314809082728455,
        "metadata": {
          "iso_language_code": "es",
          "result_type": "recent"
        },
        "id_str": "1203328590521262080",
        "in_reply_to_user_id": null,
        "is_quote_status": true,
        "lang": "es",
        "user": {
          "time_zone": null,
          "name": "Salvador Heresi",
          "id": 350460605,
          "statuses_count": 15759,
          "translator_type": "none",
          "profile_sidebar_border_color": "C0DEED",
          "id_str": "350460605",
          "profile_background_image_url": "http://abs.twimg.com/images/themes/theme1/bg.png",
          "follow_request_sent": false,
          "listed_count": 194,
          "profile_background_image_url_https": "https://abs.twimg.com/images/themes/theme1/bg.png",
          "notifications": false,
          "lang": null,
          "profile_text_color": "333333",
          "profile_image_url_https": "https://pbs.twimg.com/profile_images/1194648206384254976/rYWqYGRR_normal.jpg",
          "favourites_count": 4095,
          "url": null,
          "description": "2° Vice Presidente del Parlamento Peruano, Congresista, Ex Ministro de Justicia y Secretario General del Partido Contigo",
          "has_extended_profile": false,
          "geo_enabled": true,
          "protected": false,
          "screen_name": "SalvadorHeresi",
          "profile_use_background_image": true,
          "profile_image_url": "http://pbs.twimg.com/profile_images/1194648206384254976/rYWqYGRR_normal.jpg",
          "verified": true,
          "profile_background_tile": false,
          "following": false,
          "followers_count": 52561,
          "utc_offset": null,
          "location": "Lima, Perú",
          "is_translator": false,
          "entities": {
            "description": {
              "urls": []
            }
          },
          "friends_count": 1198,
          "created_at": "Sun Aug 07 20:23:12 +0000 2011",
          "is_translation_enabled": false,
          "profile_link_color": "1DA1F2",
          "default_profile_image": false,
          "contributors_enabled": false,
          "profile_banner_url": "https://pbs.twimg.com/profile_banners/350460605/1574289798",
          "profile_background_color": "C0DEED",
          "default_profile": true,
          "profile_sidebar_fill_color": "DDEEF6"
        },
        "retweet_count": 66,
        "quoted_status_id_str": "1203314809082728455",
        "favorited": false,
        "contributors": null,
        "place": null,
        "in_reply_to_status_id": null,
        "text": "Esto hace la diferencia con la opción aguerrida, opositora y democrática de @CONTIGO_pe que encabeza @JuanSheput re… https://t.co/4aKrfBCO0G",
        "retweeted": false,
        "truncated": true,
        "in_reply_to_status_id_str": null,
        "id": 1203328590521262080,
        "in_reply_to_screen_name": null,
        "entities": {
          "symbols": [],
          "hashtags": [],
          "urls": [
            {
              "expanded_url": "https://twitter.com/i/web/status/1203328590521262080",
              "indices": [
                117,
                140
              ],
              "url": "https://t.co/4aKrfBCO0G",
              "display_url": "twitter.com/i/web/status/1…"
            }
          ],
          "user_mentions": [
            {
              "name": "Partido Político CONTIGO 🇵🇪",
              "id_str": "3093249670",
              "screen_name": "CONTIGO_pe",
              "indices": [
                76,
                87
              ],
              "id": 3093249670
            },
            {
              "name": "Juan Sheput",
              "id_str": "33808317",
              "screen_name": "JuanSheput",
              "indices": [
                101,
                112
              ],
              "id": 33808317
            }
          ]
        },
        "geo": null,
        "created_at": "Sat Dec 07 15:01:07 +0000 2019",
        "coordinates": null,
        "source": "<a href=\"http://twitter.com/download/iphone\" rel=\"nofollow\">Twitter for iPhone</a>",
        "favorite_count": 144,
        "possibly_sensitive": false
      },
      "id_str": "1203636071877271552",
      "in_reply_to_user_id": null,
      "is_quote_status": true,
      "lang": "es",
      "user": {
        "time_zone": null,
        "name": "Jorge Cáceres",
        "id": 739654195696021505,
        "statuses_count": 15997,
        "translator_type": "none",
        "profile_sidebar_border_color": "C0DEED",
        "id_str": "739654195696021505",
        "profile_background_image_url": null,
        "follow_request_sent": false,
        "listed_count": 0,
        "profile_background_image_url_https": null,
        "notifications": false,
        "lang": null,
        "profile_text_color": "333333",
        "profile_image_url_https": "https://abs.twimg.com/sticky/default_profile_images/default_profile_normal.png",
        "favourites_count": 8502,
        "url": null,
        "description": "",
        "has_extended_profile": false,
        "geo_enabled": false,
        "protected": false,
        "screen_name": "JorgeCaceres29",
        "profile_use_background_image": true,
        "profile_image_url": "http://abs.twimg.com/sticky/default_profile_images/default_profile_normal.png",
        "verified": false,
        "profile_background_tile": false,
        "following": false,
        "followers_count": 59,
        "utc_offset": null,
        "location": "",
        "is_translator": false,
        "entities": {
          "description": {
            "urls": []
          }
        },
        "friends_count": 179,
        "created_at": "Mon Jun 06 03:04:37 +0000 2016",
        "is_translation_enabled": false,
        "profile_link_color": "1DA1F2",
        "default_profile_image": true,
        "contributors_enabled": false,
        "profile_background_color": "F5F8FA",
        "default_profile": true,
        "profile_sidebar_fill_color": "DDEEF6"
      },
      "retweet_count": 66,
      "in_reply_to_status_id": null,
      "favorited": false,
      "contributors": null,
      "place": null,
      "text": "RT @SalvadorHeresi: Esto hace la diferencia con la opción aguerrida, opositora y democrática de @CONTIGO_pe que encabeza @JuanSheput respec…",
      "retweeted": false,
      "truncated": false,
      "in_reply_to_status_id_str": null,
      "id": 1203636071877271552,
      "in_reply_to_screen_name": null,
      "entities": {
        "symbols": [],
        "hashtags": [],
        "urls": [],
        "user_mentions": [
          {
            "name": "Salvador Heresi",
            "id_str": "350460605",
            "screen_name": "SalvadorHeresi",
            "indices": [
              3,
              18
            ],
            "id": 350460605
          },
          {
            "name": "Partido Político CONTIGO 🇵🇪",
            "id_str": "3093249670",
            "screen_name": "CONTIGO_pe",
            "indices": [
              96,
              107
            ],
            "id": 3093249670
          },
          {
            "name": "Juan Sheput",
            "id_str": "33808317",
            "screen_name": "JuanSheput",
            "indices": [
              121,
              132
            ],
            "id": 33808317
          }
        ]
      },
      "geo": null,
      "created_at": "Sun Dec 08 11:22:56 +0000 2019",
      "quoted_status_id_str": "1203314809082728455",
      "coordinates": null,
      "source": "<a href=\"http://twitter.com/download/android\" rel=\"nofollow\">Twitter for Android</a>",
      "favorite_count": 0
    },
    {
      "in_reply_to_user_id_str": "376372261",
      "metadata": {
        "iso_language_code": "es",
        "result_type": "recent"
      },
      "id_str": "1203629628969144320",
      "in_reply_to_user_id": 376372261,
      "is_quote_status": false,
      "lang": "es",
      "user": {
        "time_zone": null,
        "name": "Eddy",
        "id": 716420568082477057,
        "statuses_count": 15882,
        "translator_type": "none",
        "profile_sidebar_border_color": "C0DEED",
        "id_str": "716420568082477057",
        "profile_background_image_url": null,
        "follow_request_sent": false,
        "listed_count": 1,
        "profile_background_image_url_https": null,
        "notifications": false,
        "lang": null,
        "profile_text_color": "333333",
        "profile_image_url_https": "https://pbs.twimg.com/profile_images/716427739348213760/kwYHFell_normal.jpg",
        "favourites_count": 6134,
        "url": null,
        "description": "No dejes que se muera el sol sin que hayan muerto tus rencores.",
        "has_extended_profile": false,
        "geo_enabled": true,
        "protected": false,
        "screen_name": "eddyoe47",
        "profile_use_background_image": true,
        "profile_image_url": "http://pbs.twimg.com/profile_images/716427739348213760/kwYHFell_normal.jpg",
        "verified": false,
        "profile_background_tile": false,
        "following": false,
        "followers_count": 887,
        "utc_offset": null,
        "location": "Lima",
        "is_translator": false,
        "entities": {
          "description": {
            "urls": []
          }
        },
        "friends_count": 2521,
        "created_at": "Sun Apr 03 00:22:28 +0000 2016",
        "is_translation_enabled": false,
        "profile_link_color": "1DA1F2",
        "default_profile_image": false,
        "contributors_enabled": false,
        "profile_banner_url": "https://pbs.twimg.com/profile_banners/716420568082477057/1541957082",
        "profile_background_color": "F5F8FA",
        "default_profile": true,
        "profile_sidebar_fill_color": "DDEEF6"
      },
      "retweet_count": 0,
      "in_reply_to_status_id": 1203499440994209794,
      "favorited": false,
      "contributors": null,
      "place": null,
      "text": "@aleskrause @CONTIGO_pe Yo no votó por el partido del mantenido político @julioguzmanperu Amigó y socios OH/NH… https://t.co/5KFKtDaOGV",
      "retweeted": false,
      "truncated": true,
      "in_reply_to_status_id_str": "1203499440994209794",
      "id": 1203629628969144320,
      "in_reply_to_screen_name": "aleskrause",
      "entities": {
        "symbols": [],
        "hashtags": [],
        "urls": [
          {
            "expanded_url": "https://twitter.com/i/web/status/1203629628969144320",
            "indices": [
              112,
              135
            ],
            "url": "https://t.co/5KFKtDaOGV",
            "display_url": "twitter.com/i/web/status/1…"
          }
        ],
        "user_mentions": [
          {
            "name": "Contigo 20",
            "id_str": "376372261",
            "screen_name": "aleskrause",
            "indices": [
              0,
              11
            ],
            "id": 376372261
          },
          {
            "name": "Partido Político CONTIGO 🇵🇪",
            "id_str": "3093249670",
            "screen_name": "CONTIGO_pe",
            "indices": [
              12,
              23
            ],
            "id": 3093249670
          },
          {
            "name": "Julio Guzmán",
            "id_str": "3044790214",
            "screen_name": "julioguzmanperu",
            "indices": [
              73,
              89
            ],
            "id": 3044790214
          }
        ]
      },
      "geo": null,
      "created_at": "Sun Dec 08 10:57:20 +0000 2019",
      "coordinates": null,
      "source": "<a href=\"http://twitter.com/download/android\" rel=\"nofollow\">Twitter for Android</a>",
      "favorite_count": 0,
      "possibly_sensitive": false
    },
    {
      "in_reply_to_user_id_str": "828362196749078529",
      "metadata": {
        "iso_language_code": "es",
        "result_type": "recent"
      },
      "id_str": "1203628198128435202",
      "in_reply_to_user_id": 828362196749078529,
      "is_quote_status": false,
      "lang": "es",
      "user": {
        "time_zone": null,
        "name": "jesus hernandez",
        "id": 19984897,
        "statuses_count": 12608,
        "translator_type": "none",
        "profile_sidebar_border_color": "C0DEED",
        "id_str": "19984897",
        "profile_background_image_url": "http://abs.twimg.com/images/themes/theme1/bg.png",
        "follow_request_sent": false,
        "listed_count": 10,
        "profile_background_image_url_https": "https://abs.twimg.com/images/themes/theme1/bg.png",
        "notifications": false,
        "lang": null,
        "profile_text_color": "333333",
        "profile_image_url_https": "https://pbs.twimg.com/profile_images/353067086/n606658915_1746880_75_normal.jpg",
        "favourites_count": 1639,
        "url": "https://t.co/7nMU4lTxbl",
        "description": "",
        "has_extended_profile": true,
        "geo_enabled": false,
        "protected": false,
        "screen_name": "jesush15",
        "profile_use_background_image": true,
        "profile_image_url": "http://pbs.twimg.com/profile_images/353067086/n606658915_1746880_75_normal.jpg",
        "verified": false,
        "profile_background_tile": false,
        "following": false,
        "followers_count": 321,
        "utc_offset": null,
        "location": "-12.057789, -76.939808",
        "is_translator": false,
        "entities": {
          "url": {
            "urls": [
              {
                "expanded_url": "http://www.facebook.com/jesush15",
                "indices": [
                  0,
                  23
                ],
                "url": "https://t.co/7nMU4lTxbl",
                "display_url": "facebook.com/jesush15"
              }
            ]
          },
          "description": {
            "urls": []
          }
        },
        "friends_count": 1245,
        "created_at": "Tue Feb 03 17:18:16 +0000 2009",
        "is_translation_enabled": false,
        "profile_link_color": "1DA1F2",
        "default_profile_image": false,
        "contributors_enabled": false,
        "profile_banner_url": "https://pbs.twimg.com/profile_banners/19984897/1569888005",
        "profile_background_color": "C0DEED",
        "default_profile": true,
        "profile_sidebar_fill_color": "DDEEF6"
      },
      "retweet_count": 0,
      "in_reply_to_status_id": 1203336909994496000,
      "favorited": false,
      "contributors": null,
      "place": null,
      "text": "@elchecho1967 @SalvadorHeresi @CONTIGO_pe @JuanSheput @MartinVizcarraC @fernadoalva El idiota de @SalvadorHeresi no… https://t.co/CgOS6yF79U",
      "retweeted": false,
      "truncated": true,
      "in_reply_to_status_id_str": "1203336909994496000",
      "id": 1203628198128435202,
      "in_reply_to_screen_name": "elchecho1967",
      "entities": {
        "symbols": [],
        "hashtags": [],
        "urls": [
          {
            "expanded_url": "https://twitter.com/i/web/status/1203628198128435202",
            "indices": [
              117,
              140
            ],
            "url": "https://t.co/CgOS6yF79U",
            "display_url": "twitter.com/i/web/status/1…"
          }
        ],
        "user_mentions": [
          {
            "name": "elchecho1967",
            "id_str": "828362196749078529",
            "screen_name": "elchecho1967",
            "indices": [
              0,
              13
            ],
            "id": 828362196749078529
          },
          {
            "name": "Salvador Heresi",
            "id_str": "350460605",
            "screen_name": "SalvadorHeresi",
            "indices": [
              14,
              29
            ],
            "id": 350460605
          },
          {
            "name": "Partido Político CONTIGO 🇵🇪",
            "id_str": "3093249670",
            "screen_name": "CONTIGO_pe",
            "indices": [
              30,
              41
            ],
            "id": 3093249670
          },
          {
            "name": "Juan Sheput",
            "id_str": "33808317",
            "screen_name": "JuanSheput",
            "indices": [
              42,
              53
            ],
            "id": 33808317
          },
          {
            "name": "Martín Vizcarra",
            "id_str": "4825296327",
            "screen_name": "MartinVizcarraC",
            "indices": [
              54,
              70
            ],
            "id": 4825296327
          },
          {
            "name": "Fernando alva",
            "id_str": "875687422503342082",
            "screen_name": "fernadoalva",
            "indices": [
              71,
              83
            ],
            "id": 875687422503342082
          },
          {
            "name": "Salvador Heresi",
            "id_str": "350460605",
            "screen_name": "SalvadorHeresi",
            "indices": [
              97,
              112
            ],
            "id": 350460605
          }
        ]
      },
      "geo": null,
      "created_at": "Sun Dec 08 10:51:39 +0000 2019",
      "coordinates": null,
      "source": "<a href=\"http://twitter.com/download/iphone\" rel=\"nofollow\">Twitter for iPhone</a>",
      "favorite_count": 0
    },
    {
      "in_reply_to_user_id_str": "350460605",
      "metadata": {
        "iso_language_code": "es",
        "result_type": "recent"
      },
      "id_str": "1203623757773979653",
      "in_reply_to_user_id": 350460605,
      "is_quote_status": false,
      "lang": "es",
      "user": {
        "time_zone": null,
        "name": "NANCY GUTI",
        "id": 1179596514789924868,
        "statuses_count": 28,
        "translator_type": "none",
        "profile_sidebar_border_color": "C0DEED",
        "id_str": "1179596514789924868",
        "profile_background_image_url": null,
        "follow_request_sent": false,
        "listed_count": 0,
        "profile_background_image_url_https": null,
        "notifications": false,
        "lang": null,
        "profile_text_color": "333333",
        "profile_image_url_https": "https://pbs.twimg.com/profile_images/1179596797762818049/He-MTEuY_normal.jpg",
        "favourites_count": 68,
        "url": null,
        "description": "",
        "has_extended_profile": false,
        "geo_enabled": false,
        "protected": false,
        "screen_name": "NANCYGUTI9",
        "profile_use_background_image": true,
        "profile_image_url": "http://pbs.twimg.com/profile_images/1179596797762818049/He-MTEuY_normal.jpg",
        "verified": false,
        "profile_background_tile": false,
        "following": false,
        "followers_count": 2,
        "utc_offset": null,
        "location": "",
        "is_translator": false,
        "entities": {
          "description": {
            "urls": []
          }
        },
        "friends_count": 79,
        "created_at": "Thu Oct 03 03:18:49 +0000 2019",
        "is_translation_enabled": false,
        "profile_link_color": "1DA1F2",
        "default_profile_image": false,
        "contributors_enabled": false,
        "profile_background_color": "F5F8FA",
        "default_profile": true,
        "profile_sidebar_fill_color": "DDEEF6"
      },
      "retweet_count": 0,
      "in_reply_to_status_id": 1203328590521262080,
      "favorited": false,
      "contributors": null,
      "place": null,
      "text": "@SalvadorHeresi @CONTIGO_pe @JuanSheput @MartinVizcarraC La única diferencia es que tus hermanitos te esperan, pron… https://t.co/z7j2oNreJU",
      "retweeted": false,
      "truncated": true,
      "in_reply_to_status_id_str": "1203328590521262080",
      "id": 1203623757773979653,
      "in_reply_to_screen_name": "SalvadorHeresi",
      "entities": {
        "symbols": [],
        "hashtags": [],
        "urls": [
          {
            "expanded_url": "https://twitter.com/i/web/status/1203623757773979653",
            "indices": [
              117,
              140
            ],
            "url": "https://t.co/z7j2oNreJU",
            "display_url": "twitter.com/i/web/status/1…"
          }
        ],
        "user_mentions": [
          {
            "name": "Salvador Heresi",
            "id_str": "350460605",
            "screen_name": "SalvadorHeresi",
            "indices": [
              0,
              15
            ],
            "id": 350460605
          },
          {
            "name": "Partido Político CONTIGO 🇵🇪",
            "id_str": "3093249670",
            "screen_name": "CONTIGO_pe",
            "indices": [
              16,
              27
            ],
            "id": 3093249670
          },
          {
            "name": "Juan Sheput",
            "id_str": "33808317",
            "screen_name": "JuanSheput",
            "indices": [
              28,
              39
            ],
            "id": 33808317
          },
          {
            "name": "Martín Vizcarra",
            "id_str": "4825296327",
            "screen_name": "MartinVizcarraC",
            "indices": [
              40,
              56
            ],
            "id": 4825296327
          }
        ]
      },
      "geo": null,
      "created_at": "Sun Dec 08 10:34:00 +0000 2019",
      "coordinates": null,
      "source": "<a href=\"http://twitter.com/download/iphone\" rel=\"nofollow\">Twitter for iPhone</a>",
      "favorite_count": 0
    },
    {
      "in_reply_to_user_id_str": null,
      "metadata": {
        "iso_language_code": "es",
        "result_type": "recent"
      },
      "retweeted_status": {
        "in_reply_to_user_id_str": null,
        "metadata": {
          "iso_language_code": "es",
          "result_type": "recent"
        },
        "id_str": "1203499440994209794",
        "in_reply_to_user_id": null,
        "is_quote_status": false,
        "lang": "es",
        "user": {
          "time_zone": null,
          "name": "Contigo 20",
          "id": 376372261,
          "statuses_count": 2484,
          "translator_type": "none",
          "profile_sidebar_border_color": "C0DEED",
          "id_str": "376372261",
          "profile_background_image_url": "http://abs.twimg.com/images/themes/theme1/bg.png",
          "follow_request_sent": false,
          "listed_count": 4,
          "profile_background_image_url_https": "https://abs.twimg.com/images/themes/theme1/bg.png",
          "notifications": false,
          "lang": null,
          "profile_text_color": "333333",
          "profile_image_url_https": "https://pbs.twimg.com/profile_images/1200063052206526467/ralndZ80_normal.jpg",
          "favourites_count": 1597,
          "url": "https://t.co/ufi9FgWMQ1",
          "description": "Mamá defensora de la vida. Joven candidata al Congreso 2020 con el N°20 por el partido político Contigo.",
          "has_extended_profile": true,
          "geo_enabled": false,
          "protected": false,
          "screen_name": "aleskrause",
          "profile_use_background_image": true,
          "profile_image_url": "http://pbs.twimg.com/profile_images/1200063052206526467/ralndZ80_normal.jpg",
          "verified": false,
          "profile_background_tile": false,
          "following": false,
          "followers_count": 517,
          "utc_offset": null,
          "location": "Lima, Peru",
          "is_translator": false,
          "entities": {
            "url": {
              "urls": [
                {
                  "expanded_url": "https://www.facebook.com/alesandrakrausealcongreso20/",
                  "indices": [
                    0,
                    23
                  ],
                  "url": "https://t.co/ufi9FgWMQ1",
                  "display_url": "facebook.com/alesandrakraus…"
                }
              ]
            },
            "description": {
              "urls": []
            }
          },
          "friends_count": 402,
          "created_at": "Mon Sep 19 19:32:13 +0000 2011",
          "is_translation_enabled": false,
          "profile_link_color": "203D47",
          "default_profile_image": false,
          "contributors_enabled": false,
          "profile_banner_url": "https://pbs.twimg.com/profile_banners/376372261/1575499401",
          "profile_background_color": "C0DEED",
          "default_profile": false,
          "profile_sidebar_fill_color": "DDEEF6"
        },
        "retweet_count": 11,
        "in_reply_to_status_id": null,
        "favorited": false,
        "contributors": null,
        "place": null,
        "text": "Conóceme, soy Alessandra Krause, candidata número 20 por el partido político Contigo para las elecciones al Congres… https://t.co/RX5GY7aPrR",
        "retweeted": false,
        "truncated": true,
        "in_reply_to_status_id_str": null,
        "id": 1203499440994209794,
        "in_reply_to_screen_name": null,
        "entities": {
          "symbols": [],
          "hashtags": [],
          "urls": [
            {
              "expanded_url": "https://twitter.com/i/web/status/1203499440994209794",
              "indices": [
                117,
                140
              ],
              "url": "https://t.co/RX5GY7aPrR",
              "display_url": "twitter.com/i/web/status/1…"
            }
          ],
          "user_mentions": []
        },
        "geo": null,
        "created_at": "Sun Dec 08 02:20:01 +0000 2019",
        "coordinates": null,
        "source": "<a href=\"http://twitter.com/download/iphone\" rel=\"nofollow\">Twitter for iPhone</a>",
        "favorite_count": 32,
        "possibly_sensitive": false
      },
      "id_str": "1203587591414534144",
      "in_reply_to_user_id": null,
      "is_quote_status": false,
      "lang": "es",
      "user": {
        "time_zone": null,
        "name": "Gabriela Chavez",
        "id": 232181709,
        "statuses_count": 148564,
        "translator_type": "none",
        "profile_sidebar_border_color": "C0DEED",
        "id_str": "232181709",
        "profile_background_image_url": "http://abs.twimg.com/images/themes/theme17/bg.gif",
        "follow_request_sent": false,
        "listed_count": 72,
        "profile_background_image_url_https": "https://abs.twimg.com/images/themes/theme17/bg.gif",
        "notifications": false,
        "lang": null,
        "profile_text_color": "333333",
        "profile_image_url_https": "https://pbs.twimg.com/profile_images/1201205550052077568/12_rrcl__normal.jpg",
        "favourites_count": 131203,
        "url": null,
        "description": "leer, comentar o retuitear no es adhesion",
        "has_extended_profile": false,
        "geo_enabled": true,
        "protected": false,
        "screen_name": "gabriellaperu",
        "profile_use_background_image": true,
        "profile_image_url": "http://pbs.twimg.com/profile_images/1201205550052077568/12_rrcl__normal.jpg",
        "verified": false,
        "profile_background_tile": false,
        "following": false,
        "followers_count": 8346,
        "utc_offset": null,
        "location": "Vancouver, Canada",
        "is_translator": false,
        "entities": {
          "description": {
            "urls": []
          }
        },
        "friends_count": 3138,
        "created_at": "Thu Dec 30 13:14:09 +0000 2010",
        "is_translation_enabled": false,
        "profile_link_color": "DD2E44",
        "default_profile_image": false,
        "contributors_enabled": false,
        "profile_banner_url": "https://pbs.twimg.com/profile_banners/232181709/1572566492",
        "profile_background_color": "E2EBDA",
        "default_profile": false,
        "profile_sidebar_fill_color": "DDEEF6"
      },
      "retweet_count": 11,
      "in_reply_to_status_id": null,
      "favorited": false,
      "contributors": null,
      "place": null,
      "text": "RT @aleskrause: Conóceme, soy Alessandra Krause, candidata número 20 por el partido político Contigo para las elecciones al Congreso 2020.…",
      "retweeted": false,
      "truncated": false,
      "in_reply_to_status_id_str": null,
      "id": 1203587591414534144,
      "in_reply_to_screen_name": null,
      "entities": {
        "symbols": [],
        "hashtags": [],
        "urls": [],
        "user_mentions": [
          {
            "name": "Contigo 20",
            "id_str": "376372261",
            "screen_name": "aleskrause",
            "indices": [
              3,
              14
            ],
            "id": 376372261
          }
        ]
      },
      "geo": null,
      "created_at": "Sun Dec 08 08:10:18 +0000 2019",
      "coordinates": null,
      "source": "<a href=\"http://twitter.com/download/iphone\" rel=\"nofollow\">Twitter for iPhone</a>",
      "favorite_count": 0
    },
    {
      "in_reply_to_user_id_str": null,
      "quoted_status_id": 1203314809082728455,
      "metadata": {
        "iso_language_code": "es",
        "result_type": "recent"
      },
      "retweeted_status": {
        "in_reply_to_user_id_str": null,
        "quoted_status": {
          "in_reply_to_user_id_str": null,
          "metadata": {
            "iso_language_code": "es",
            "result_type": "recent"
          },
          "id_str": "1203314809082728455",
          "in_reply_to_user_id": null,
          "is_quote_status": false,
          "lang": "es",
          "user": {
            "time_zone": null,
            "name": "Salvador Heresi",
            "id": 350460605,
            "statuses_count": 15759,
            "translator_type": "none",
            "profile_sidebar_border_color": "C0DEED",
            "id_str": "350460605",
            "profile_background_image_url": "http://abs.twimg.com/images/themes/theme1/bg.png",
            "follow_request_sent": false,
            "listed_count": 194,
            "profile_background_image_url_https": "https://abs.twimg.com/images/themes/theme1/bg.png",
            "notifications": false,
            "lang": null,
            "profile_text_color": "333333",
            "profile_image_url_https": "https://pbs.twimg.com/profile_images/1194648206384254976/rYWqYGRR_normal.jpg",
            "favourites_count": 4095,
            "url": null,
            "description": "2° Vice Presidente del Parlamento Peruano, Congresista, Ex Ministro de Justicia y Secretario General del Partido Contigo",
            "has_extended_profile": false,
            "geo_enabled": true,
            "protected": false,
            "screen_name": "SalvadorHeresi",
            "profile_use_background_image": true,
            "profile_image_url": "http://pbs.twimg.com/profile_images/1194648206384254976/rYWqYGRR_normal.jpg",
            "verified": true,
            "profile_background_tile": false,
            "following": false,
            "followers_count": 52561,
            "utc_offset": null,
            "location": "Lima, Perú",
            "is_translator": false,
            "entities": {
              "description": {
                "urls": []
              }
            },
            "friends_count": 1198,
            "created_at": "Sun Aug 07 20:23:12 +0000 2011",
            "is_translation_enabled": false,
            "profile_link_color": "1DA1F2",
            "default_profile_image": false,
            "contributors_enabled": false,
            "profile_banner_url": "https://pbs.twimg.com/profile_banners/350460605/1574289798",
            "profile_background_color": "C0DEED",
            "default_profile": true,
            "profile_sidebar_fill_color": "DDEEF6"
          },
          "retweet_count": 365,
          "in_reply_to_status_id": null,
          "favorited": false,
          "contributors": null,
          "place": null,
          "text": "Gobierno de ciudadano @MartinVizcarraC usa a prefectos y subprefectos como trolles para atacar a sus opositores. Es… https://t.co/bPzbNUTlqT",
          "retweeted": false,
          "truncated": true,
          "in_reply_to_status_id_str": null,
          "id": 1203314809082728455,
          "in_reply_to_screen_name": null,
          "entities": {
            "symbols": [],
            "hashtags": [],
            "urls": [
              {
                "expanded_url": "https://twitter.com/i/web/status/1203314809082728455",
                "indices": [
                  117,
                  140
                ],
                "url": "https://t.co/bPzbNUTlqT",
                "display_url": "twitter.com/i/web/status/1…"
              }
            ],
            "user_mentions": [
              {
                "name": "Martín Vizcarra",
                "id_str": "4825296327",
                "screen_name": "MartinVizcarraC",
                "indices": [
                  22,
                  38
                ],
                "id": 4825296327
              }
            ]
          },
          "geo": null,
          "created_at": "Sat Dec 07 14:06:21 +0000 2019",
          "coordinates": null,
          "source": "<a href=\"http://twitter.com/download/iphone\" rel=\"nofollow\">Twitter for iPhone</a>",
          "favorite_count": 534,
          "possibly_sensitive": false
        },
        "quoted_status_id": 1203314809082728455,
        "metadata": {
          "iso_language_code": "es",
          "result_type": "recent"
        },
        "id_str": "1203328590521262080",
        "in_reply_to_user_id": null,
        "is_quote_status": true,
        "lang": "es",
        "user": {
          "time_zone": null,
          "name": "Salvador Heresi",
          "id": 350460605,
          "statuses_count": 15759,
          "translator_type": "none",
          "profile_sidebar_border_color": "C0DEED",
          "id_str": "350460605",
          "profile_background_image_url": "http://abs.twimg.com/images/themes/theme1/bg.png",
          "follow_request_sent": false,
          "listed_count": 194,
          "profile_background_image_url_https": "https://abs.twimg.com/images/themes/theme1/bg.png",
          "notifications": false,
          "lang": null,
          "profile_text_color": "333333",
          "profile_image_url_https": "https://pbs.twimg.com/profile_images/1194648206384254976/rYWqYGRR_normal.jpg",
          "favourites_count": 4095,
          "url": null,
          "description": "2° Vice Presidente del Parlamento Peruano, Congresista, Ex Ministro de Justicia y Secretario General del Partido Contigo",
          "has_extended_profile": false,
          "geo_enabled": true,
          "protected": false,
          "screen_name": "SalvadorHeresi",
          "profile_use_background_image": true,
          "profile_image_url": "http://pbs.twimg.com/profile_images/1194648206384254976/rYWqYGRR_normal.jpg",
          "verified": true,
          "profile_background_tile": false,
          "following": false,
          "followers_count": 52561,
          "utc_offset": null,
          "location": "Lima, Perú",
          "is_translator": false,
          "entities": {
            "description": {
              "urls": []
            }
          },
          "friends_count": 1198,
          "created_at": "Sun Aug 07 20:23:12 +0000 2011",
          "is_translation_enabled": false,
          "profile_link_color": "1DA1F2",
          "default_profile_image": false,
          "contributors_enabled": false,
          "profile_banner_url": "https://pbs.twimg.com/profile_banners/350460605/1574289798",
          "profile_background_color": "C0DEED",
          "default_profile": true,
          "profile_sidebar_fill_color": "DDEEF6"
        },
        "retweet_count": 66,
        "quoted_status_id_str": "1203314809082728455",
        "favorited": false,
        "contributors": null,
        "place": null,
        "in_reply_to_status_id": null,
        "text": "Esto hace la diferencia con la opción aguerrida, opositora y democrática de @CONTIGO_pe que encabeza @JuanSheput re… https://t.co/4aKrfBCO0G",
        "retweeted": false,
        "truncated": true,
        "in_reply_to_status_id_str": null,
        "id": 1203328590521262080,
        "in_reply_to_screen_name": null,
        "entities": {
          "symbols": [],
          "hashtags": [],
          "urls": [
            {
              "expanded_url": "https://twitter.com/i/web/status/1203328590521262080",
              "indices": [
                117,
                140
              ],
              "url": "https://t.co/4aKrfBCO0G",
              "display_url": "twitter.com/i/web/status/1…"
            }
          ],
          "user_mentions": [
            {
              "name": "Partido Político CONTIGO 🇵🇪",
              "id_str": "3093249670",
              "screen_name": "CONTIGO_pe",
              "indices": [
                76,
                87
              ],
              "id": 3093249670
            },
            {
              "name": "Juan Sheput",
              "id_str": "33808317",
              "screen_name": "JuanSheput",
              "indices": [
                101,
                112
              ],
              "id": 33808317
            }
          ]
        },
        "geo": null,
        "created_at": "Sat Dec 07 15:01:07 +0000 2019",
        "coordinates": null,
        "source": "<a href=\"http://twitter.com/download/iphone\" rel=\"nofollow\">Twitter for iPhone</a>",
        "favorite_count": 144,
        "possibly_sensitive": false
      },
      "id_str": "1203577414455967744",
      "in_reply_to_user_id": null,
      "is_quote_status": true,
      "lang": "es",
      "user": {
        "time_zone": null,
        "name": "Gabriela Chavez",
        "id": 232181709,
        "statuses_count": 148564,
        "translator_type": "none",
        "profile_sidebar_border_color": "C0DEED",
        "id_str": "232181709",
        "profile_background_image_url": "http://abs.twimg.com/images/themes/theme17/bg.gif",
        "follow_request_sent": false,
        "listed_count": 72,
        "profile_background_image_url_https": "https://abs.twimg.com/images/themes/theme17/bg.gif",
        "notifications": false,
        "lang": null,
        "profile_text_color": "333333",
        "profile_image_url_https": "https://pbs.twimg.com/profile_images/1201205550052077568/12_rrcl__normal.jpg",
        "favourites_count": 131203,
        "url": null,
        "description": "leer, comentar o retuitear no es adhesion",
        "has_extended_profile": false,
        "geo_enabled": true,
        "protected": false,
        "screen_name": "gabriellaperu",
        "profile_use_background_image": true,
        "profile_image_url": "http://pbs.twimg.com/profile_images/1201205550052077568/12_rrcl__normal.jpg",
        "verified": false,
        "profile_background_tile": false,
        "following": false,
        "followers_count": 8346,
        "utc_offset": null,
        "location": "Vancouver, Canada",
        "is_translator": false,
        "entities": {
          "description": {
            "urls": []
          }
        },
        "friends_count": 3138,
        "created_at": "Thu Dec 30 13:14:09 +0000 2010",
        "is_translation_enabled": false,
        "profile_link_color": "DD2E44",
        "default_profile_image": false,
        "contributors_enabled": false,
        "profile_banner_url": "https://pbs.twimg.com/profile_banners/232181709/1572566492",
        "profile_background_color": "E2EBDA",
        "default_profile": false,
        "profile_sidebar_fill_color": "DDEEF6"
      },
      "retweet_count": 66,
      "in_reply_to_status_id": null,
      "favorited": false,
      "contributors": null,
      "place": null,
      "text": "RT @SalvadorHeresi: Esto hace la diferencia con la opción aguerrida, opositora y democrática de @CONTIGO_pe que encabeza @JuanSheput respec…",
      "retweeted": false,
      "truncated": false,
      "in_reply_to_status_id_str": null,
      "id": 1203577414455967744,
      "in_reply_to_screen_name": null,
      "entities": {
        "symbols": [],
        "hashtags": [],
        "urls": [],
        "user_mentions": [
          {
            "name": "Salvador Heresi",
            "id_str": "350460605",
            "screen_name": "SalvadorHeresi",
            "indices": [
              3,
              18
            ],
            "id": 350460605
          },
          {
            "name": "Partido Político CONTIGO 🇵🇪",
            "id_str": "3093249670",
            "screen_name": "CONTIGO_pe",
            "indices": [
              96,
              107
            ],
            "id": 3093249670
          },
          {
            "name": "Juan Sheput",
            "id_str": "33808317",
            "screen_name": "JuanSheput",
            "indices": [
              121,
              132
            ],
            "id": 33808317
          }
        ]
      },
      "geo": null,
      "created_at": "Sun Dec 08 07:29:51 +0000 2019",
      "quoted_status_id_str": "1203314809082728455",
      "coordinates": null,
      "source": "<a href=\"http://twitter.com/download/iphone\" rel=\"nofollow\">Twitter for iPhone</a>",
      "favorite_count": 0
    },
    {
      "in_reply_to_user_id_str": "350460605",
      "metadata": {
        "iso_language_code": "es",
        "result_type": "recent"
      },
      "id_str": "1203563212496613377",
      "in_reply_to_user_id": 350460605,
      "is_quote_status": false,
      "lang": "es",
      "user": {
        "time_zone": null,
        "name": "jocoso",
        "id": 344323968,
        "statuses_count": 5174,
        "translator_type": "none",
        "profile_sidebar_border_color": "000000",
        "id_str": "344323968",
        "profile_background_image_url": "http://abs.twimg.com/images/themes/theme1/bg.png",
        "follow_request_sent": false,
        "listed_count": 0,
        "profile_background_image_url_https": "https://abs.twimg.com/images/themes/theme1/bg.png",
        "notifications": false,
        "lang": null,
        "profile_text_color": "000000",
        "profile_image_url_https": "https://pbs.twimg.com/profile_images/1165812296402104320/uajJs__K_normal.jpg",
        "favourites_count": 1985,
        "url": null,
        "description": "Mis conjeturas y opiniones. Me gusta la política peruana, porque nunca te aburres.",
        "has_extended_profile": true,
        "geo_enabled": true,
        "protected": false,
        "screen_name": "jocoso53",
        "profile_use_background_image": false,
        "profile_image_url": "http://pbs.twimg.com/profile_images/1165812296402104320/uajJs__K_normal.jpg",
        "verified": false,
        "profile_background_tile": false,
        "following": false,
        "followers_count": 128,
        "utc_offset": null,
        "location": "Lima, Peru",
        "is_translator": false,
        "entities": {
          "description": {
            "urls": []
          }
        },
        "friends_count": 2417,
        "created_at": "Thu Jul 28 21:58:56 +0000 2011",
        "is_translation_enabled": false,
        "profile_link_color": "1B95E0",
        "default_profile_image": false,
        "contributors_enabled": false,
        "profile_banner_url": "https://pbs.twimg.com/profile_banners/344323968/1567227419",
        "profile_background_color": "000000",
        "default_profile": false,
        "profile_sidebar_fill_color": "000000"
      },
      "retweet_count": 0,
      "in_reply_to_status_id": 1203328590521262080,
      "favorited": false,
      "contributors": null,
      "place": null,
      "text": "@SalvadorHeresi @CONTIGO_pe @JuanSheput @MartinVizcarraC JA!!! NO SEAS SINVEGUENZA OYE TOPO FUJIAPRISTA!!! ESTAS MA… https://t.co/aBy2FYxbiS",
      "retweeted": false,
      "truncated": true,
      "in_reply_to_status_id_str": "1203328590521262080",
      "id": 1203563212496613377,
      "in_reply_to_screen_name": "SalvadorHeresi",
      "entities": {
        "symbols": [],
        "hashtags": [],
        "urls": [
          {
            "expanded_url": "https://twitter.com/i/web/status/1203563212496613377",
            "indices": [
              117,
              140
            ],
            "url": "https://t.co/aBy2FYxbiS",
            "display_url": "twitter.com/i/web/status/1…"
          }
        ],
        "user_mentions": [
          {
            "name": "Salvador Heresi",
            "id_str": "350460605",
            "screen_name": "SalvadorHeresi",
            "indices": [
              0,
              15
            ],
            "id": 350460605
          },
          {
            "name": "Partido Político CONTIGO 🇵🇪",
            "id_str": "3093249670",
            "screen_name": "CONTIGO_pe",
            "indices": [
              16,
              27
            ],
            "id": 3093249670
          },
          {
            "name": "Juan Sheput",
            "id_str": "33808317",
            "screen_name": "JuanSheput",
            "indices": [
              28,
              39
            ],
            "id": 33808317
          },
          {
            "name": "Martín Vizcarra",
            "id_str": "4825296327",
            "screen_name": "MartinVizcarraC",
            "indices": [
              40,
              56
            ],
            "id": 4825296327
          }
        ]
      },
      "geo": null,
      "created_at": "Sun Dec 08 06:33:25 +0000 2019",
      "coordinates": null,
      "source": "<a href=\"http://twitter.com/download/android\" rel=\"nofollow\">Twitter for Android</a>",
      "favorite_count": 0
    },
    {
      "in_reply_to_user_id_str": "376372261",
      "metadata": {
        "iso_language_code": "und",
        "result_type": "recent"
      },
      "id_str": "1203560247966752768",
      "in_reply_to_user_id": 376372261,
      "is_quote_status": false,
      "lang": "und",
      "extended_entities": {
        "media": [
          {
            "display_url": "pic.twitter.com/YCDtMtbkb5",
            "expanded_url": "https://twitter.com/ssaenzb/status/1203560247966752768/photo/1",
            "indices": [
              24,
              47
            ],
            "video_info": {
              "variants": [
                {
                  "content_type": "video/mp4",
                  "url": "https://video.twimg.com/tweet_video/ELPnqPgXkAcdE9r.mp4",
                  "bitrate": 0
                }
              ],
              "aspect_ratio": [
                135,
                76
              ]
            },
            "sizes": {
              "small": {
                "resize": "fit",
                "w": 270,
                "h": 152
              },
              "medium": {
                "resize": "fit",
                "w": 270,
                "h": 152
              },
              "large": {
                "resize": "fit",
                "w": 270,
                "h": 152
              },
              "thumb": {
                "resize": "crop",
                "w": 150,
                "h": 150
              }
            },
            "media_url": "http://pbs.twimg.com/tweet_video_thumb/ELPnqPgXkAcdE9r.jpg",
            "id_str": "1203560238340870151",
            "url": "https://t.co/YCDtMtbkb5",
            "type": "animated_gif",
            "media_url_https": "https://pbs.twimg.com/tweet_video_thumb/ELPnqPgXkAcdE9r.jpg",
            "id": 1203560238340870151
          }
        ]
      },
      "user": {
        "time_zone": null,
        "name": "Stephany Saenz",
        "id": 17698458,
        "statuses_count": 126622,
        "translator_type": "none",
        "profile_sidebar_border_color": "FFFFFF",
        "id_str": "17698458",
        "profile_background_image_url": "http://abs.twimg.com/images/themes/theme2/bg.gif",
        "follow_request_sent": false,
        "listed_count": 62,
        "profile_background_image_url_https": "https://abs.twimg.com/images/themes/theme2/bg.gif",
        "notifications": false,
        "lang": null,
        "profile_text_color": "663B12",
        "profile_image_url_https": "https://pbs.twimg.com/profile_images/1049317331120402437/p2NNZVNN_normal.jpg",
        "favourites_count": 94792,
        "url": "https://t.co/eo1gDcKfhz",
        "description": "Opiniones personales en este TL Periodista y ailurofílica🐱. Período de pausa",
        "has_extended_profile": false,
        "geo_enabled": true,
        "protected": false,
        "screen_name": "ssaenzb",
        "profile_use_background_image": true,
        "profile_image_url": "http://pbs.twimg.com/profile_images/1049317331120402437/p2NNZVNN_normal.jpg",
        "verified": false,
        "profile_background_tile": false,
        "following": false,
        "followers_count": 1949,
        "utc_offset": null,
        "location": "Planeta Tierra",
        "is_translator": false,
        "entities": {
          "url": {
            "urls": [
              {
                "expanded_url": "http://bit.ly/ssaenzb",
                "indices": [
                  0,
                  23
                ],
                "url": "https://t.co/eo1gDcKfhz",
                "display_url": "bit.ly/ssaenzb"
              }
            ]
          },
          "description": {
            "urls": []
          }
        },
        "friends_count": 2957,
        "created_at": "Fri Nov 28 04:05:15 +0000 2008",
        "is_translation_enabled": false,
        "profile_link_color": "981CEB",
        "default_profile_image": false,
        "contributors_enabled": false,
        "profile_banner_url": "https://pbs.twimg.com/profile_banners/17698458/1539012919",
        "profile_background_color": "3C94D9",
        "default_profile": false,
        "profile_sidebar_fill_color": "DAECF4"
      },
      "retweet_count": 0,
      "in_reply_to_status_id": 1203499440994209794,
      "favorited": false,
      "contributors": null,
      "place": null,
      "text": "@aleskrause @CONTIGO_pe https://t.co/YCDtMtbkb5",
      "retweeted": false,
      "truncated": false,
      "in_reply_to_status_id_str": "1203499440994209794",
      "id": 1203560247966752768,
      "in_reply_to_screen_name": "aleskrause",
      "entities": {
        "media": [
          {
            "display_url": "pic.twitter.com/YCDtMtbkb5",
            "expanded_url": "https://twitter.com/ssaenzb/status/1203560247966752768/photo/1",
            "indices": [
              24,
              47
            ],
            "sizes": {
              "small": {
                "resize": "fit",
                "w": 270,
                "h": 152
              },
              "medium": {
                "resize": "fit",
                "w": 270,
                "h": 152
              },
              "large": {
                "resize": "fit",
                "w": 270,
                "h": 152
              },
              "thumb": {
                "resize": "crop",
                "w": 150,
                "h": 150
              }
            },
            "media_url": "http://pbs.twimg.com/tweet_video_thumb/ELPnqPgXkAcdE9r.jpg",
            "id_str": "1203560238340870151",
            "url": "https://t.co/YCDtMtbkb5",
            "type": "photo",
            "media_url_https": "https://pbs.twimg.com/tweet_video_thumb/ELPnqPgXkAcdE9r.jpg",
            "id": 1203560238340870151
          }
        ],
        "symbols": [],
        "hashtags": [],
        "urls": [],
        "user_mentions": [
          {
            "name": "Contigo 20",
            "id_str": "376372261",
            "screen_name": "aleskrause",
            "indices": [
              0,
              11
            ],
            "id": 376372261
          },
          {
            "name": "Partido Político CONTIGO 🇵🇪",
            "id_str": "3093249670",
            "screen_name": "CONTIGO_pe",
            "indices": [
              12,
              23
            ],
            "id": 3093249670
          }
        ]
      },
      "geo": null,
      "created_at": "Sun Dec 08 06:21:38 +0000 2019",
      "coordinates": null,
      "source": "<a href=\"http://twitter.com/download/android\" rel=\"nofollow\">Twitter for Android</a>",
      "favorite_count": 0,
      "possibly_sensitive": false
    },
    {
      "in_reply_to_user_id_str": "350460605",
      "metadata": {
        "iso_language_code": "es",
        "result_type": "recent"
      },
      "id_str": "1203559331855253504",
      "in_reply_to_user_id": 350460605,
      "is_quote_status": false,
      "lang": "es",
      "user": {
        "time_zone": null,
        "name": "jochoy",
        "id": 829076725,
        "statuses_count": 935,
        "translator_type": "none",
        "profile_sidebar_border_color": "C0DEED",
        "id_str": "829076725",
        "profile_background_image_url": "http://abs.twimg.com/images/themes/theme1/bg.png",
        "follow_request_sent": false,
        "listed_count": 0,
        "profile_background_image_url_https": "https://abs.twimg.com/images/themes/theme1/bg.png",
        "notifications": false,
        "lang": null,
        "profile_text_color": "333333",
        "profile_image_url_https": "https://pbs.twimg.com/profile_images/748341371086475264/XBNiEihY_normal.jpg",
        "favourites_count": 1262,
        "url": null,
        "description": "",
        "has_extended_profile": true,
        "geo_enabled": false,
        "protected": false,
        "screen_name": "jochoy69",
        "profile_use_background_image": true,
        "profile_image_url": "http://pbs.twimg.com/profile_images/748341371086475264/XBNiEihY_normal.jpg",
        "verified": false,
        "profile_background_tile": false,
        "following": false,
        "followers_count": 31,
        "utc_offset": null,
        "location": "",
        "is_translator": false,
        "entities": {
          "description": {
            "urls": []
          }
        },
        "friends_count": 264,
        "created_at": "Mon Sep 17 13:33:34 +0000 2012",
        "is_translation_enabled": false,
        "profile_link_color": "1DA1F2",
        "default_profile_image": false,
        "contributors_enabled": false,
        "profile_background_color": "C0DEED",
        "default_profile": true,
        "profile_sidebar_fill_color": "DDEEF6"
      },
      "retweet_count": 0,
      "in_reply_to_status_id": 1203328590521262080,
      "favorited": false,
      "contributors": null,
      "place": null,
      "text": "@SalvadorHeresi @CONTIGO_pe @JuanSheput @MartinVizcarraC Lo más vergonzoso es poner un tweet y luego el mismo respo… https://t.co/pYZmZp87ol",
      "retweeted": false,
      "truncated": true,
      "in_reply_to_status_id_str": "1203328590521262080",
      "id": 1203559331855253504,
      "in_reply_to_screen_name": "SalvadorHeresi",
      "entities": {
        "symbols": [],
        "hashtags": [],
        "urls": [
          {
            "expanded_url": "https://twitter.com/i/web/status/1203559331855253504",
            "indices": [
              117,
              140
            ],
            "url": "https://t.co/pYZmZp87ol",
            "display_url": "twitter.com/i/web/status/1…"
          }
        ],
        "user_mentions": [
          {
            "name": "Salvador Heresi",
            "id_str": "350460605",
            "screen_name": "SalvadorHeresi",
            "indices": [
              0,
              15
            ],
            "id": 350460605
          },
          {
            "name": "Partido Político CONTIGO 🇵🇪",
            "id_str": "3093249670",
            "screen_name": "CONTIGO_pe",
            "indices": [
              16,
              27
            ],
            "id": 3093249670
          },
          {
            "name": "Juan Sheput",
            "id_str": "33808317",
            "screen_name": "JuanSheput",
            "indices": [
              28,
              39
            ],
            "id": 33808317
          },
          {
            "name": "Martín Vizcarra",
            "id_str": "4825296327",
            "screen_name": "MartinVizcarraC",
            "indices": [
              40,
              56
            ],
            "id": 4825296327
          }
        ]
      },
      "geo": null,
      "created_at": "Sun Dec 08 06:18:00 +0000 2019",
      "coordinates": null,
      "source": "<a href=\"http://twitter.com/download/android\" rel=\"nofollow\">Twitter for Android</a>",
      "favorite_count": 0
    }
  ],
  "request_date": "2019-12-08-07:27:20"
}