{
  "request_date": "2020-01-02-09:34:07",
  "data": [
    {
      "is_quote_status": false,
      "geo": null,
      "entities": {
        "symbols": [],
        "user_mentions": [
          {
            "screen_name": "matuk",
            "name": "Farid Matuk",
            "id": 14541101,
            "id_str": "14541101",
            "indices": [
              0,
              6
            ]
          },
          {
            "screen_name": "FrenteAmplioPe",
            "name": "Frente Amplio Perú",
            "id": 944253031767519233,
            "id_str": "944253031767519233",
            "indices": [
              7,
              22
            ]
          }
        ],
        "hashtags": [],
        "urls": [
          {
            "url": "https://t.co/YcBJnW7Yct",
            "display_url": "twitter.com/i/web/status/1…",
            "expanded_url": "https://twitter.com/i/web/status/1212742584143163399",
            "indices": [
              117,
              140
            ]
          }
        ]
      },
      "user": {
        "description": "",
        "translator_type": "none",
        "profile_link_color": "1DA1F2",
        "profile_image_url": "http://pbs.twimg.com/profile_images/1026469624832053248/W6D2oThK_normal.jpg",
        "follow_request_sent": false,
        "following": false,
        "profile_use_background_image": true,
        "profile_text_color": "333333",
        "entities": {
          "description": {
            "urls": []
          }
        },
        "profile_sidebar_fill_color": "DDEEF6",
        "is_translator": false,
        "profile_image_url_https": "https://pbs.twimg.com/profile_images/1026469624832053248/W6D2oThK_normal.jpg",
        "id_str": "863144958",
        "notifications": false,
        "screen_name": "milimmv",
        "lang": null,
        "location": "",
        "geo_enabled": false,
        "profile_background_image_url": "http://abs.twimg.com/images/themes/theme1/bg.png",
        "profile_background_tile": false,
        "default_profile_image": false,
        "id": 863144958,
        "statuses_count": 638,
        "profile_sidebar_border_color": "C0DEED",
        "contributors_enabled": false,
        "has_extended_profile": true,
        "url": null,
        "friends_count": 65,
        "is_translation_enabled": false,
        "verified": false,
        "time_zone": null,
        "utc_offset": null,
        "listed_count": 0,
        "default_profile": true,
        "profile_background_image_url_https": "https://abs.twimg.com/images/themes/theme1/bg.png",
        "favourites_count": 810,
        "protected": false,
        "name": "Mili Morales Macedo",
        "profile_background_color": "C0DEED",
        "followers_count": 33,
        "created_at": "Fri Oct 05 14:34:09 +0000 2012"
      },
      "id_str": "1212742584143163399",
      "retweeted": false,
      "in_reply_to_status_id": 1212741398576992259,
      "text": "@matuk @FrenteAmplioPe Quien gobernó en la época de oro, donde si se pudo cambiar el rumbo del país a nivel product… https://t.co/YcBJnW7Yct",
      "in_reply_to_status_id_str": "1212741398576992259",
      "contributors": null,
      "metadata": {
        "iso_language_code": "es",
        "result_type": "recent"
      },
      "coordinates": null,
      "retweet_count": 0,
      "place": null,
      "favorite_count": 0,
      "in_reply_to_user_id_str": "863144958",
      "source": "<a href=\"http://twitter.com/download/iphone\" rel=\"nofollow\">Twitter for iPhone</a>",
      "in_reply_to_user_id": 863144958,
      "lang": "es",
      "id": 1212742584143163399,
      "favorited": false,
      "truncated": true,
      "in_reply_to_screen_name": "milimmv",
      "created_at": "Thu Jan 02 14:28:58 +0000 2020"
    },
    {
      "is_quote_status": false,
      "geo": null,
      "entities": {
        "symbols": [],
        "user_mentions": [
          {
            "screen_name": "matuk",
            "name": "Farid Matuk",
            "id": 14541101,
            "id_str": "14541101",
            "indices": [
              0,
              6
            ]
          }
        ],
        "hashtags": [],
        "urls": [
          {
            "url": "https://t.co/5s7ccFDUh5",
            "display_url": "twitter.com/i/web/status/1…",
            "expanded_url": "https://twitter.com/i/web/status/1212742373697933312",
            "indices": [
              117,
              140
            ]
          }
        ]
      },
      "user": {
        "description": "Peruano, amante de su tierra, innovador, tolerante, solidario y amante de la verdad y la justicia.\nPero por sobre todo: anti comunista, caviar y progre.",
        "translator_type": "none",
        "profile_link_color": "E81C4F",
        "profile_image_url": "http://pbs.twimg.com/profile_images/929768157715234818/abBxcduv_normal.jpg",
        "follow_request_sent": false,
        "following": false,
        "profile_use_background_image": false,
        "profile_text_color": "000000",
        "entities": {
          "description": {
            "urls": []
          }
        },
        "profile_sidebar_fill_color": "000000",
        "is_translator": false,
        "profile_image_url_https": "https://pbs.twimg.com/profile_images/929768157715234818/abBxcduv_normal.jpg",
        "id_str": "915355129225912320",
        "notifications": false,
        "screen_name": "louis_forever69",
        "lang": null,
        "location": "Peru",
        "geo_enabled": false,
        "profile_background_image_url": "http://abs.twimg.com/images/themes/theme1/bg.png",
        "profile_background_tile": false,
        "default_profile_image": false,
        "id": 915355129225912320,
        "statuses_count": 4300,
        "profile_sidebar_border_color": "000000",
        "contributors_enabled": false,
        "has_extended_profile": false,
        "url": null,
        "friends_count": 188,
        "profile_banner_url": "https://pbs.twimg.com/profile_banners/915355129225912320/1522603073",
        "is_translation_enabled": false,
        "verified": false,
        "time_zone": null,
        "utc_offset": null,
        "listed_count": 1,
        "default_profile": false,
        "profile_background_image_url_https": "https://abs.twimg.com/images/themes/theme1/bg.png",
        "favourites_count": 18819,
        "protected": false,
        "name": "Louis Forever",
        "profile_background_color": "000000",
        "followers_count": 128,
        "created_at": "Tue Oct 03 23:17:24 +0000 2017"
      },
      "id_str": "1212742373697933312",
      "retweeted": false,
      "in_reply_to_status_id": 1212567033256255490,
      "text": "@matuk Falso !\nUna economía sólida, con inversión y una buena y adecuada explotación de sus recursos, da calor adqu… https://t.co/5s7ccFDUh5",
      "in_reply_to_status_id_str": "1212567033256255490",
      "contributors": null,
      "metadata": {
        "iso_language_code": "es",
        "result_type": "recent"
      },
      "coordinates": null,
      "retweet_count": 0,
      "place": null,
      "favorite_count": 0,
      "in_reply_to_user_id_str": "14541101",
      "source": "<a href=\"https://mobile.twitter.com\" rel=\"nofollow\">Twitter Web App</a>",
      "in_reply_to_user_id": 14541101,
      "lang": "es",
      "id": 1212742373697933312,
      "favorited": false,
      "truncated": true,
      "in_reply_to_screen_name": "matuk",
      "created_at": "Thu Jan 02 14:28:08 +0000 2020"
    },
    {
      "is_quote_status": false,
      "geo": null,
      "entities": {
        "symbols": [],
        "user_mentions": [
          {
            "screen_name": "matuk",
            "name": "Farid Matuk",
            "id": 14541101,
            "id_str": "14541101",
            "indices": [
              0,
              6
            ]
          },
          {
            "screen_name": "FrenteAmplioPe",
            "name": "Frente Amplio Perú",
            "id": 944253031767519233,
            "id_str": "944253031767519233",
            "indices": [
              7,
              22
            ]
          }
        ],
        "hashtags": [],
        "urls": [
          {
            "url": "https://t.co/UoDl1W7SLn",
            "display_url": "twitter.com/i/web/status/1…",
            "expanded_url": "https://twitter.com/i/web/status/1212741398576992259",
            "indices": [
              117,
              140
            ]
          }
        ]
      },
      "user": {
        "description": "",
        "translator_type": "none",
        "profile_link_color": "1DA1F2",
        "profile_image_url": "http://pbs.twimg.com/profile_images/1026469624832053248/W6D2oThK_normal.jpg",
        "follow_request_sent": false,
        "following": false,
        "profile_use_background_image": true,
        "profile_text_color": "333333",
        "entities": {
          "description": {
            "urls": []
          }
        },
        "profile_sidebar_fill_color": "DDEEF6",
        "is_translator": false,
        "profile_image_url_https": "https://pbs.twimg.com/profile_images/1026469624832053248/W6D2oThK_normal.jpg",
        "id_str": "863144958",
        "notifications": false,
        "screen_name": "milimmv",
        "lang": null,
        "location": "",
        "geo_enabled": false,
        "profile_background_image_url": "http://abs.twimg.com/images/themes/theme1/bg.png",
        "profile_background_tile": false,
        "default_profile_image": false,
        "id": 863144958,
        "statuses_count": 638,
        "profile_sidebar_border_color": "C0DEED",
        "contributors_enabled": false,
        "has_extended_profile": true,
        "url": null,
        "friends_count": 65,
        "is_translation_enabled": false,
        "verified": false,
        "time_zone": null,
        "utc_offset": null,
        "listed_count": 0,
        "default_profile": true,
        "profile_background_image_url_https": "https://abs.twimg.com/images/themes/theme1/bg.png",
        "favourites_count": 810,
        "protected": false,
        "name": "Mili Morales Macedo",
        "profile_background_color": "C0DEED",
        "followers_count": 33,
        "created_at": "Fri Oct 05 14:34:09 +0000 2012"
      },
      "id_str": "1212741398576992259",
      "retweeted": false,
      "in_reply_to_status_id": 1212740249220243459,
      "text": "@matuk @FrenteAmplioPe La inversión es algo delicado, bien usado genera desarrollo, mal usado genera demagogia, dep… https://t.co/UoDl1W7SLn",
      "in_reply_to_status_id_str": "1212740249220243459",
      "contributors": null,
      "metadata": {
        "iso_language_code": "es",
        "result_type": "recent"
      },
      "coordinates": null,
      "retweet_count": 0,
      "place": null,
      "favorite_count": 0,
      "in_reply_to_user_id_str": "863144958",
      "source": "<a href=\"http://twitter.com/download/iphone\" rel=\"nofollow\">Twitter for iPhone</a>",
      "in_reply_to_user_id": 863144958,
      "lang": "es",
      "id": 1212741398576992259,
      "favorited": false,
      "truncated": true,
      "in_reply_to_screen_name": "milimmv",
      "created_at": "Thu Jan 02 14:24:15 +0000 2020"
    },
    {
      "is_quote_status": false,
      "geo": null,
      "entities": {
        "symbols": [],
        "user_mentions": [
          {
            "screen_name": "matuk",
            "name": "Farid Matuk",
            "id": 14541101,
            "id_str": "14541101",
            "indices": [
              0,
              6
            ]
          },
          {
            "screen_name": "FrenteAmplioPe",
            "name": "Frente Amplio Perú",
            "id": 944253031767519233,
            "id_str": "944253031767519233",
            "indices": [
              7,
              22
            ]
          }
        ],
        "hashtags": [],
        "urls": [
          {
            "url": "https://t.co/mpi3jETCuW",
            "display_url": "twitter.com/i/web/status/1…",
            "expanded_url": "https://twitter.com/i/web/status/1212740249220243459",
            "indices": [
              117,
              140
            ]
          }
        ]
      },
      "user": {
        "description": "",
        "translator_type": "none",
        "profile_link_color": "1DA1F2",
        "profile_image_url": "http://pbs.twimg.com/profile_images/1026469624832053248/W6D2oThK_normal.jpg",
        "follow_request_sent": false,
        "following": false,
        "profile_use_background_image": true,
        "profile_text_color": "333333",
        "entities": {
          "description": {
            "urls": []
          }
        },
        "profile_sidebar_fill_color": "DDEEF6",
        "is_translator": false,
        "profile_image_url_https": "https://pbs.twimg.com/profile_images/1026469624832053248/W6D2oThK_normal.jpg",
        "id_str": "863144958",
        "notifications": false,
        "screen_name": "milimmv",
        "lang": null,
        "location": "",
        "geo_enabled": false,
        "profile_background_image_url": "http://abs.twimg.com/images/themes/theme1/bg.png",
        "profile_background_tile": false,
        "default_profile_image": false,
        "id": 863144958,
        "statuses_count": 638,
        "profile_sidebar_border_color": "C0DEED",
        "contributors_enabled": false,
        "has_extended_profile": true,
        "url": null,
        "friends_count": 65,
        "is_translation_enabled": false,
        "verified": false,
        "time_zone": null,
        "utc_offset": null,
        "listed_count": 0,
        "default_profile": true,
        "profile_background_image_url_https": "https://abs.twimg.com/images/themes/theme1/bg.png",
        "favourites_count": 810,
        "protected": false,
        "name": "Mili Morales Macedo",
        "profile_background_color": "C0DEED",
        "followers_count": 33,
        "created_at": "Fri Oct 05 14:34:09 +0000 2012"
      },
      "id_str": "1212740249220243459",
      "retweeted": false,
      "in_reply_to_status_id": 1212480843417038851,
      "text": "@matuk @FrenteAmplioPe Falso! Es más baja por una política constante de pago manejada de manera responsable de acue… https://t.co/mpi3jETCuW",
      "in_reply_to_status_id_str": "1212480843417038851",
      "contributors": null,
      "metadata": {
        "iso_language_code": "es",
        "result_type": "recent"
      },
      "coordinates": null,
      "retweet_count": 0,
      "place": null,
      "favorite_count": 0,
      "in_reply_to_user_id_str": "14541101",
      "source": "<a href=\"http://twitter.com/download/iphone\" rel=\"nofollow\">Twitter for iPhone</a>",
      "in_reply_to_user_id": 14541101,
      "lang": "es",
      "id": 1212740249220243459,
      "favorited": false,
      "truncated": true,
      "in_reply_to_screen_name": "matuk",
      "created_at": "Thu Jan 02 14:19:41 +0000 2020"
    },
    {
      "is_quote_status": false,
      "geo": null,
      "entities": {
        "symbols": [],
        "user_mentions": [
          {
            "screen_name": "pavese",
            "name": "RocioSilvaSantisteba",
            "id": 14051600,
            "id_str": "14051600",
            "indices": [
              0,
              7
            ]
          },
          {
            "screen_name": "Latina_pe",
            "name": "Latina.pe",
            "id": 187657372,
            "id_str": "187657372",
            "indices": [
              8,
              18
            ]
          },
          {
            "screen_name": "vozdelatierra",
            "name": "Marco Arana 🇵🇪",
            "id": 361042982,
            "id_str": "361042982",
            "indices": [
              19,
              33
            ]
          },
          {
            "screen_name": "ChavezWar",
            "name": "Jorge Chavez",
            "id": 374548904,
            "id_str": "374548904",
            "indices": [
              34,
              44
            ]
          },
          {
            "screen_name": "FrenteAmplioPe",
            "name": "Frente Amplio Perú",
            "id": 944253031767519233,
            "id_str": "944253031767519233",
            "indices": [
              45,
              60
            ]
          },
          {
            "screen_name": "fatyl_lima",
            "name": "Frente Amplio - Tierra y Libertad JVL - Lima",
            "id": 1141716863417819136,
            "id_str": "1141716863417819136",
            "indices": [
              61,
              72
            ]
          },
          {
            "screen_name": "javier_la_rosa",
            "name": "Javier La Rosa Calle",
            "id": 1043194381,
            "id_str": "1043194381",
            "indices": [
              73,
              88
            ]
          },
          {
            "screen_name": "jsaldanacuba",
            "name": "José Saldaña Cuba",
            "id": 52165674,
            "id_str": "52165674",
            "indices": [
              89,
              102
            ]
          }
        ],
        "hashtags": [],
        "urls": [
          {
            "url": "https://t.co/zLyzFiNe4X",
            "display_url": "twitter.com/i/web/status/1…",
            "expanded_url": "https://twitter.com/i/web/status/1212738206355070976",
            "indices": [
              104,
              127
            ]
          }
        ]
      },
      "user": {
        "description": "Biólogo Molecular de Plantas (Plant Molecular Biologist), Universidad Peruana Cayetano Heredia. Mis Tweets, mi opinión.",
        "translator_type": "none",
        "profile_link_color": "1DA1F2",
        "profile_image_url": "http://pbs.twimg.com/profile_images/1210069412197339137/55vNDeLF_normal.jpg",
        "follow_request_sent": false,
        "following": false,
        "profile_use_background_image": true,
        "profile_text_color": "333333",
        "entities": {
          "description": {
            "urls": []
          }
        },
        "profile_sidebar_fill_color": "DDEEF6",
        "is_translator": false,
        "profile_image_url_https": "https://pbs.twimg.com/profile_images/1210069412197339137/55vNDeLF_normal.jpg",
        "id_str": "233009730",
        "notifications": false,
        "screen_name": "LuisDeStefano",
        "lang": null,
        "location": "Lima, Perú",
        "geo_enabled": true,
        "profile_background_image_url": "http://abs.twimg.com/images/themes/theme1/bg.png",
        "profile_background_tile": false,
        "default_profile_image": false,
        "id": 233009730,
        "statuses_count": 28297,
        "profile_sidebar_border_color": "C0DEED",
        "contributors_enabled": false,
        "has_extended_profile": true,
        "url": null,
        "friends_count": 1261,
        "profile_banner_url": "https://pbs.twimg.com/profile_banners/233009730/1499886724",
        "is_translation_enabled": false,
        "verified": false,
        "time_zone": null,
        "utc_offset": null,
        "listed_count": 33,
        "default_profile": true,
        "profile_background_image_url_https": "https://abs.twimg.com/images/themes/theme1/bg.png",
        "favourites_count": 802,
        "protected": false,
        "name": "Luis De Stefano-Beltrán, PhD",
        "profile_background_color": "C0DEED",
        "followers_count": 1617,
        "created_at": "Sun Jan 02 01:13:47 +0000 2011"
      },
      "id_str": "1212738206355070976",
      "retweeted": false,
      "in_reply_to_status_id": 1212723588337487881,
      "text": "@pavese @Latina_pe @vozdelatierra @ChavezWar @FrenteAmplioPe @fatyl_lima @javier_la_rosa @jsaldanacuba… https://t.co/zLyzFiNe4X",
      "in_reply_to_status_id_str": "1212723588337487881",
      "contributors": null,
      "metadata": {
        "iso_language_code": "es",
        "result_type": "recent"
      },
      "coordinates": null,
      "retweet_count": 0,
      "place": null,
      "favorite_count": 0,
      "in_reply_to_user_id_str": "14051600",
      "source": "<a href=\"http://twitter.com/download/android\" rel=\"nofollow\">Twitter for Android</a>",
      "in_reply_to_user_id": 14051600,
      "lang": "es",
      "id": 1212738206355070976,
      "favorited": false,
      "truncated": true,
      "in_reply_to_screen_name": "pavese",
      "created_at": "Thu Jan 02 14:11:34 +0000 2020"
    },
    {
      "is_quote_status": true,
      "geo": null,
      "entities": {
        "symbols": [],
        "user_mentions": [
          {
            "screen_name": "pavese",
            "name": "RocioSilvaSantisteba",
            "id": 14051600,
            "id_str": "14051600",
            "indices": [
              0,
              7
            ]
          },
          {
            "screen_name": "FrenteAmplioPe",
            "name": "Frente Amplio Perú",
            "id": 944253031767519233,
            "id_str": "944253031767519233",
            "indices": [
              36,
              51
            ]
          }
        ],
        "hashtags": [],
        "urls": [
          {
            "url": "https://t.co/Zr51l9vkJp",
            "display_url": "twitter.com/i/web/status/1…",
            "expanded_url": "https://twitter.com/i/web/status/1212724332272730114",
            "indices": [
              117,
              140
            ]
          }
        ]
      },
      "user": {
        "description": "Master's student in Water Resources Management at @pucp. Bachelor of Environmental Science, environmental activist, photographer. RT not endorsement.",
        "translator_type": "none",
        "profile_link_color": "ABB8C2",
        "profile_image_url": "http://pbs.twimg.com/profile_images/918540929199468544/EkDpDP42_normal.jpg",
        "follow_request_sent": false,
        "following": false,
        "profile_use_background_image": true,
        "profile_text_color": "333333",
        "entities": {
          "url": {
            "urls": [
              {
                "url": "https://t.co/D87XgE89wD",
                "display_url": "aguamina.blogspot.com",
                "expanded_url": "http://aguamina.blogspot.com",
                "indices": [
                  0,
                  23
                ]
              }
            ]
          },
          "description": {
            "urls": []
          }
        },
        "profile_sidebar_fill_color": "DDEEF6",
        "is_translator": false,
        "profile_image_url_https": "https://pbs.twimg.com/profile_images/918540929199468544/EkDpDP42_normal.jpg",
        "id_str": "374548904",
        "notifications": false,
        "screen_name": "ChavezWar",
        "lang": null,
        "location": "Lima, Peru",
        "geo_enabled": true,
        "profile_background_image_url": "http://abs.twimg.com/images/themes/theme1/bg.png",
        "profile_background_tile": false,
        "default_profile_image": false,
        "id": 374548904,
        "statuses_count": 82661,
        "profile_sidebar_border_color": "000000",
        "contributors_enabled": false,
        "has_extended_profile": true,
        "url": "https://t.co/D87XgE89wD",
        "friends_count": 731,
        "profile_banner_url": "https://pbs.twimg.com/profile_banners/374548904/1507832464",
        "is_translation_enabled": false,
        "verified": false,
        "time_zone": null,
        "utc_offset": null,
        "listed_count": 85,
        "default_profile": false,
        "profile_background_image_url_https": "https://abs.twimg.com/images/themes/theme1/bg.png",
        "favourites_count": 1014,
        "protected": false,
        "name": "Jorge Chavez",
        "profile_background_color": "131516",
        "followers_count": 2112,
        "created_at": "Fri Sep 16 14:21:57 +0000 2011"
      },
      "id_str": "1212724332272730114",
      "retweeted": false,
      "in_reply_to_status_id": null,
      "text": "@pavese, candidata con el N2 por el @FrenteAmplioPe al Congreso, siempre a la vanguardia, propuestas nuevas e ideas… https://t.co/Zr51l9vkJp",
      "in_reply_to_status_id_str": null,
      "contributors": null,
      "retweet_count": 0,
      "coordinates": null,
      "metadata": {
        "iso_language_code": "es",
        "result_type": "recent"
      },
      "possibly_sensitive": false,
      "place": null,
      "favorite_count": 0,
      "in_reply_to_user_id_str": "14051600",
      "source": "<a href=\"http://twitter.com/download/iphone\" rel=\"nofollow\">Twitter for iPhone</a>",
      "in_reply_to_user_id": 14051600,
      "lang": "es",
      "quoted_status_id": 1212723588337487881,
      "id": 1212724332272730114,
      "quoted_status": {
        "is_quote_status": false,
        "geo": null,
        "entities": {
          "symbols": [],
          "user_mentions": [
            {
              "screen_name": "Latina_pe",
              "name": "Latina.pe",
              "id": 187657372,
              "id_str": "187657372",
              "indices": [
                99,
                109
              ]
            }
          ],
          "hashtags": [],
          "urls": [
            {
              "url": "https://t.co/EKlhX78cl3",
              "display_url": "twitter.com/i/web/status/1…",
              "expanded_url": "https://twitter.com/i/web/status/1212723588337487881",
              "indices": [
                117,
                140
              ]
            }
          ]
        },
        "user": {
          "description": "Profesora, escritora, mamá, feminista, activista de derechos humanos.",
          "translator_type": "none",
          "profile_link_color": "610851",
          "profile_image_url": "http://pbs.twimg.com/profile_images/1200883568718815232/cFLxrqJq_normal.jpg",
          "follow_request_sent": false,
          "following": false,
          "profile_use_background_image": true,
          "profile_text_color": "0C3E53",
          "entities": {
            "url": {
              "urls": [
                {
                  "url": "http://t.co/bJHvPBZqWe",
                  "display_url": "kolumnaokupa.lamula.pe",
                  "expanded_url": "http://kolumnaokupa.lamula.pe/",
                  "indices": [
                    0,
                    22
                  ]
                }
              ]
            },
            "description": {
              "urls": []
            }
          },
          "profile_sidebar_fill_color": "FFF7CC",
          "is_translator": false,
          "profile_image_url_https": "https://pbs.twimg.com/profile_images/1200883568718815232/cFLxrqJq_normal.jpg",
          "id_str": "14051600",
          "notifications": false,
          "screen_name": "pavese",
          "lang": null,
          "location": "Lima",
          "geo_enabled": true,
          "profile_background_image_url": "http://abs.twimg.com/images/themes/theme12/bg.gif",
          "profile_background_tile": false,
          "default_profile_image": false,
          "id": 14051600,
          "statuses_count": 51844,
          "profile_sidebar_border_color": "FFFFFF",
          "contributors_enabled": false,
          "has_extended_profile": true,
          "url": "http://t.co/bJHvPBZqWe",
          "friends_count": 1192,
          "profile_banner_url": "https://pbs.twimg.com/profile_banners/14051600/1403141692",
          "is_translation_enabled": false,
          "verified": false,
          "time_zone": null,
          "utc_offset": null,
          "listed_count": 305,
          "default_profile": false,
          "profile_background_image_url_https": "https://abs.twimg.com/images/themes/theme12/bg.gif",
          "favourites_count": 14146,
          "protected": false,
          "name": "RocioSilvaSantisteba",
          "profile_background_color": "E6D1DB",
          "followers_count": 56247,
          "created_at": "Wed Feb 27 21:53:06 +0000 2008"
        },
        "id_str": "1212723588337487881",
        "retweeted": false,
        "in_reply_to_status_id": null,
        "text": "Aquí estamos en el Parque del Maestro, Rimac, para entrevista de todos los N2 de los partidos para @Latina_pe: pero… https://t.co/EKlhX78cl3",
        "in_reply_to_status_id_str": null,
        "contributors": null,
        "metadata": {
          "iso_language_code": "es",
          "result_type": "recent"
        },
        "coordinates": null,
        "retweet_count": 7,
        "possibly_sensitive": false,
        "place": {
          "place_type": "city",
          "name": "Rimac",
          "bounding_box": {
            "coordinates": [
              [
                [
                  -77.0502499206173,
                  -12.0483080095256
                ],
                [
                  -77.0102809205724,
                  -12.0483080095256
                ],
                [
                  -77.0102809205724,
                  -12.000616017988
                ],
                [
                  -77.0502499206173,
                  -12.000616017988
                ]
              ]
            ],
            "type": "Polygon"
          },
          "id": "01eba1343779b144",
          "country_code": "PE",
          "full_name": "Rimac, Peru",
          "url": "https://api.twitter.com/1.1/geo/id/01eba1343779b144.json",
          "contained_within": [],
          "attributes": {},
          "country": "Peru"
        },
        "favorite_count": 35,
        "in_reply_to_user_id_str": null,
        "source": "<a href=\"http://twitter.com/download/iphone\" rel=\"nofollow\">Twitter for iPhone</a>",
        "in_reply_to_user_id": null,
        "lang": "es",
        "id": 1212723588337487881,
        "favorited": false,
        "truncated": true,
        "in_reply_to_screen_name": null,
        "created_at": "Thu Jan 02 13:13:29 +0000 2020"
      },
      "quoted_status_id_str": "1212723588337487881",
      "favorited": false,
      "truncated": true,
      "in_reply_to_screen_name": "pavese",
      "created_at": "Thu Jan 02 13:16:26 +0000 2020"
    },
    {
      "is_quote_status": false,
      "geo": null,
      "entities": {
        "symbols": [],
        "user_mentions": [
          {
            "screen_name": "moledor5",
            "name": "MOLEDOR, #EnModoAñoNuevo",
            "id": 1078058593138556928,
            "id_str": "1078058593138556928",
            "indices": [
              3,
              12
            ]
          }
        ],
        "hashtags": [],
        "urls": []
      },
      "user": {
        "description": "",
        "translator_type": "none",
        "profile_link_color": "1DA1F2",
        "profile_image_url": "http://pbs.twimg.com/profile_images/517800283456675840/2x9QW5qm_normal.jpeg",
        "follow_request_sent": false,
        "following": false,
        "profile_use_background_image": true,
        "profile_text_color": "333333",
        "entities": {
          "description": {
            "urls": []
          }
        },
        "profile_sidebar_fill_color": "DDEEF6",
        "is_translator": false,
        "profile_image_url_https": "https://pbs.twimg.com/profile_images/517800283456675840/2x9QW5qm_normal.jpeg",
        "id_str": "2800966438",
        "notifications": false,
        "screen_name": "ManuelhuntersS",
        "lang": null,
        "location": "",
        "geo_enabled": false,
        "profile_background_image_url": "http://abs.twimg.com/images/themes/theme1/bg.png",
        "profile_background_tile": false,
        "default_profile_image": false,
        "id": 2800966438,
        "statuses_count": 82316,
        "profile_sidebar_border_color": "C0DEED",
        "contributors_enabled": false,
        "has_extended_profile": true,
        "url": null,
        "friends_count": 3162,
        "is_translation_enabled": false,
        "verified": false,
        "time_zone": null,
        "utc_offset": null,
        "listed_count": 0,
        "default_profile": true,
        "profile_background_image_url_https": "https://abs.twimg.com/images/themes/theme1/bg.png",
        "favourites_count": 181804,
        "protected": false,
        "name": "Manuel Hunter S",
        "profile_background_color": "C0DEED",
        "followers_count": 1092,
        "created_at": "Thu Oct 02 22:13:10 +0000 2014"
      },
      "id_str": "1212723958870691840",
      "retweeted": false,
      "in_reply_to_status_id": null,
      "text": "RT @moledor5: Cuentas millonarias de Maduro y la hija de Chávez en banco de Roma \n\n+ de 2mil millones de euros!!!\n\nAhora sabremos de donde…",
      "in_reply_to_status_id_str": null,
      "contributors": null,
      "metadata": {
        "iso_language_code": "es",
        "result_type": "recent"
      },
      "coordinates": null,
      "retweet_count": 15,
      "place": null,
      "favorite_count": 0,
      "in_reply_to_user_id_str": null,
      "source": "<a href=\"http://twitter.com/#!/download/ipad\" rel=\"nofollow\">Twitter for iPad</a>",
      "in_reply_to_user_id": null,
      "lang": "es",
      "id": 1212723958870691840,
      "retweeted_status": {
        "is_quote_status": false,
        "geo": null,
        "entities": {
          "symbols": [],
          "user_mentions": [],
          "hashtags": [],
          "urls": [
            {
              "url": "https://t.co/x1ysRCgkDS",
              "display_url": "twitter.com/i/web/status/1…",
              "expanded_url": "https://twitter.com/i/web/status/1110682553826967552",
              "indices": [
                117,
                140
              ]
            }
          ]
        },
        "user": {
          "description": "la izquierda necesita un pueblo ignorante y fácil de manipular para q sigan subsistiendo. La izquierda no quiere tu bienestar, tu no le importas!",
          "translator_type": "none",
          "profile_link_color": "1DA1F2",
          "profile_image_url": "http://pbs.twimg.com/profile_images/1193262530052755456/ABFBcEci_normal.jpg",
          "follow_request_sent": false,
          "following": false,
          "profile_use_background_image": true,
          "profile_text_color": "333333",
          "entities": {
            "description": {
              "urls": []
            }
          },
          "profile_sidebar_fill_color": "DDEEF6",
          "is_translator": false,
          "profile_image_url_https": "https://pbs.twimg.com/profile_images/1193262530052755456/ABFBcEci_normal.jpg",
          "id_str": "1078058593138556928",
          "notifications": false,
          "screen_name": "moledor5",
          "lang": null,
          "location": "",
          "geo_enabled": false,
          "profile_background_image_url": null,
          "profile_background_tile": false,
          "default_profile_image": false,
          "id": 1078058593138556928,
          "statuses_count": 5345,
          "profile_sidebar_border_color": "C0DEED",
          "contributors_enabled": false,
          "has_extended_profile": false,
          "url": null,
          "friends_count": 295,
          "profile_banner_url": "https://pbs.twimg.com/profile_banners/1078058593138556928/1577812785",
          "is_translation_enabled": false,
          "verified": false,
          "time_zone": null,
          "utc_offset": null,
          "listed_count": 0,
          "default_profile": true,
          "profile_background_image_url_https": null,
          "favourites_count": 10492,
          "protected": false,
          "name": "MOLEDOR, #EnModoAñoNuevo",
          "profile_background_color": "F5F8FA",
          "followers_count": 88,
          "created_at": "Wed Dec 26 22:42:52 +0000 2018"
        },
        "id_str": "1110682553826967552",
        "retweeted": false,
        "in_reply_to_status_id": null,
        "text": "Cuentas millonarias de Maduro y la hija de Chávez en banco de Roma \n\n+ de 2mil millones de euros!!!\n\nAhora sabremos… https://t.co/x1ysRCgkDS",
        "in_reply_to_status_id_str": null,
        "contributors": null,
        "metadata": {
          "iso_language_code": "es",
          "result_type": "recent"
        },
        "coordinates": null,
        "retweet_count": 15,
        "possibly_sensitive": false,
        "place": null,
        "favorite_count": 13,
        "in_reply_to_user_id_str": null,
        "source": "<a href=\"http://twitter.com/download/iphone\" rel=\"nofollow\">Twitter for iPhone</a>",
        "in_reply_to_user_id": null,
        "lang": "es",
        "id": 1110682553826967552,
        "favorited": false,
        "truncated": true,
        "in_reply_to_screen_name": null,
        "created_at": "Tue Mar 26 23:18:50 +0000 2019"
      },
      "favorited": false,
      "truncated": false,
      "in_reply_to_screen_name": null,
      "created_at": "Thu Jan 02 13:14:57 +0000 2020"
    },
    {
      "is_quote_status": true,
      "geo": null,
      "entities": {
        "symbols": [],
        "user_mentions": [
          {
            "screen_name": "matuk",
            "name": "Farid Matuk",
            "id": 14541101,
            "id_str": "14541101",
            "indices": [
              3,
              9
            ]
          }
        ],
        "hashtags": [
          {
            "text": "ECONOMIA",
            "indices": [
              11,
              20
            ]
          }
        ],
        "urls": []
      },
      "user": {
        "description": "Futbolista en Sport Matoz Oide,Asesor en temas metafisicos del Dr. Spock.",
        "translator_type": "none",
        "profile_link_color": "1DA1F2",
        "profile_image_url": "http://pbs.twimg.com/profile_images/3511202111/1aa7a96ca1b4951fde6dbb2750c0fa27_normal.jpeg",
        "follow_request_sent": false,
        "following": false,
        "profile_use_background_image": true,
        "profile_text_color": "333333",
        "entities": {
          "description": {
            "urls": []
          }
        },
        "profile_sidebar_fill_color": "DDEEF6",
        "is_translator": false,
        "profile_image_url_https": "https://pbs.twimg.com/profile_images/3511202111/1aa7a96ca1b4951fde6dbb2750c0fa27_normal.jpeg",
        "id_str": "528967794",
        "notifications": false,
        "screen_name": "ClynCampos",
        "lang": null,
        "location": "",
        "geo_enabled": true,
        "profile_background_image_url": "http://abs.twimg.com/images/themes/theme1/bg.png",
        "profile_background_tile": false,
        "default_profile_image": false,
        "id": 528967794,
        "statuses_count": 38381,
        "profile_sidebar_border_color": "C0DEED",
        "contributors_enabled": false,
        "has_extended_profile": true,
        "url": null,
        "friends_count": 1270,
        "profile_banner_url": "https://pbs.twimg.com/profile_banners/528967794/1365811206",
        "is_translation_enabled": false,
        "verified": false,
        "time_zone": null,
        "utc_offset": null,
        "listed_count": 8,
        "default_profile": true,
        "profile_background_image_url_https": "https://abs.twimg.com/images/themes/theme1/bg.png",
        "favourites_count": 32454,
        "protected": false,
        "name": "Clyn Campos",
        "profile_background_color": "C0DEED",
        "followers_count": 366,
        "created_at": "Mon Mar 19 00:27:33 +0000 2012"
      },
      "id_str": "1212714034010697728",
      "retweeted": false,
      "in_reply_to_status_id": null,
      "text": "RT @matuk: #ECONOMIA Y es baja no por acción divina, es porque el Gobierno al no efectuar gasto público de acuerdo a las necesidades nacion…",
      "in_reply_to_status_id_str": null,
      "contributors": null,
      "retweet_count": 11,
      "coordinates": null,
      "metadata": {
        "iso_language_code": "es",
        "result_type": "recent"
      },
      "id": 1212714034010697728,
      "place": null,
      "favorite_count": 0,
      "in_reply_to_user_id_str": null,
      "source": "<a href=\"http://twitter.com/download/android\" rel=\"nofollow\">Twitter for Android</a>",
      "in_reply_to_user_id": null,
      "lang": "es",
      "quoted_status_id": 1212414470900854785,
      "retweeted_status": {
        "is_quote_status": true,
        "geo": null,
        "entities": {
          "symbols": [],
          "user_mentions": [],
          "hashtags": [
            {
              "text": "ECONOMIA",
              "indices": [
                0,
                9
              ]
            }
          ],
          "urls": [
            {
              "url": "https://t.co/IQvIPP43mR",
              "display_url": "twitter.com/i/web/status/1…",
              "expanded_url": "https://twitter.com/i/web/status/1212480843417038851",
              "indices": [
                117,
                140
              ]
            }
          ]
        },
        "user": {
          "description": ": ESTUDIOS https://t.co/0FqEW0yVzs & https://t.co/A0JmKt8Nc6 / FUNCIONARIO ocho años / CONSULTOR once años / CATEDRATICO doce años",
          "translator_type": "none",
          "profile_link_color": "BD31A1",
          "profile_image_url": "http://pbs.twimg.com/profile_images/744714031655690244/v8tW2U_L_normal.jpg",
          "follow_request_sent": false,
          "following": false,
          "profile_use_background_image": true,
          "profile_text_color": "949494",
          "entities": {
            "url": {
              "urls": [
                {
                  "url": "https://t.co/oH66GabBTm",
                  "display_url": "29x55.tumblr.com",
                  "expanded_url": "https://29x55.tumblr.com/",
                  "indices": [
                    0,
                    23
                  ]
                }
              ]
            },
            "description": {
              "urls": [
                {
                  "url": "https://t.co/0FqEW0yVzs",
                  "display_url": "pucp.edu.pe",
                  "expanded_url": "http://pucp.edu.pe",
                  "indices": [
                    11,
                    34
                  ]
                },
                {
                  "url": "https://t.co/A0JmKt8Nc6",
                  "display_url": "uottawa.ca",
                  "expanded_url": "http://uottawa.ca",
                  "indices": [
                    37,
                    60
                  ]
                }
              ]
            }
          },
          "profile_sidebar_fill_color": "000000",
          "is_translator": false,
          "profile_image_url_https": "https://pbs.twimg.com/profile_images/744714031655690244/v8tW2U_L_normal.jpg",
          "id_str": "14541101",
          "notifications": false,
          "screen_name": "matuk",
          "lang": null,
          "location": "+51 999350650",
          "geo_enabled": true,
          "profile_background_image_url": "http://abs.twimg.com/images/themes/theme9/bg.gif",
          "profile_background_tile": false,
          "default_profile_image": false,
          "id": 14541101,
          "statuses_count": 58438,
          "profile_sidebar_border_color": "FFFFFF",
          "contributors_enabled": false,
          "has_extended_profile": true,
          "url": "https://t.co/oH66GabBTm",
          "friends_count": 271,
          "profile_banner_url": "https://pbs.twimg.com/profile_banners/14541101/1576205683",
          "is_translation_enabled": false,
          "verified": false,
          "time_zone": null,
          "utc_offset": null,
          "listed_count": 251,
          "default_profile": false,
          "profile_background_image_url_https": "https://abs.twimg.com/images/themes/theme9/bg.gif",
          "favourites_count": 50,
          "protected": false,
          "name": "Farid Matuk",
          "profile_background_color": "000000",
          "followers_count": 30611,
          "created_at": "Sat Apr 26 07:11:07 +0000 2008"
        },
        "id_str": "1212480843417038851",
        "retweeted": false,
        "in_reply_to_status_id": null,
        "text": "#ECONOMIA Y es baja no por acción divina, es porque el Gobierno al no efectuar gasto público de acuerdo a las neces… https://t.co/IQvIPP43mR",
        "in_reply_to_status_id_str": null,
        "contributors": null,
        "retweet_count": 11,
        "coordinates": null,
        "metadata": {
          "iso_language_code": "es",
          "result_type": "recent"
        },
        "possibly_sensitive": false,
        "place": null,
        "favorite_count": 42,
        "in_reply_to_user_id_str": null,
        "source": "<a href=\"http://twitter.com/download/android\" rel=\"nofollow\">Twitter for Android</a>",
        "in_reply_to_user_id": null,
        "lang": "es",
        "quoted_status_id": 1212414470900854785,
        "id": 1212480843417038851,
        "quoted_status": {
          "is_quote_status": false,
          "geo": null,
          "entities": {
            "symbols": [],
            "user_mentions": [],
            "hashtags": [
              {
                "text": "BCRP",
                "indices": [
                  0,
                  5
                ]
              }
            ],
            "urls": [
              {
                "url": "https://t.co/ikVZEyUlUo",
                "display_url": "twitter.com/i/web/status/1…",
                "expanded_url": "https://twitter.com/i/web/status/1212414470900854785",
                "indices": [
                  116,
                  139
                ]
              }
            ]
          },
          "user": {
            "description": "Entidad constitucionalmente autónoma que tiene el mandato de preservar la estabilidad monetaria del país.",
            "translator_type": "none",
            "profile_link_color": "3B5D90",
            "profile_image_url": "http://pbs.twimg.com/profile_images/1152330067139334144/Ch8XKZVe_normal.jpg",
            "follow_request_sent": false,
            "following": false,
            "profile_use_background_image": true,
            "profile_text_color": "3C3940",
            "entities": {
              "url": {
                "urls": [
                  {
                    "url": "https://t.co/IR1W8ulZY5",
                    "display_url": "bcrp.gob.pe",
                    "expanded_url": "http://www.bcrp.gob.pe",
                    "indices": [
                      0,
                      23
                    ]
                  }
                ]
              },
              "description": {
                "urls": []
              }
            },
            "profile_sidebar_fill_color": "95E8EC",
            "is_translator": false,
            "profile_image_url_https": "https://pbs.twimg.com/profile_images/1152330067139334144/Ch8XKZVe_normal.jpg",
            "id_str": "70469669",
            "notifications": false,
            "screen_name": "bcrpoficial",
            "lang": null,
            "location": "Perú",
            "geo_enabled": false,
            "profile_background_image_url": "http://abs.twimg.com/images/themes/theme4/bg.gif",
            "profile_background_tile": false,
            "default_profile_image": false,
            "id": 70469669,
            "statuses_count": 8798,
            "profile_sidebar_border_color": "FFFFFF",
            "contributors_enabled": false,
            "has_extended_profile": false,
            "url": "https://t.co/IR1W8ulZY5",
            "friends_count": 198,
            "profile_banner_url": "https://pbs.twimg.com/profile_banners/70469669/1577203919",
            "is_translation_enabled": false,
            "verified": true,
            "time_zone": null,
            "utc_offset": null,
            "listed_count": 304,
            "default_profile": false,
            "profile_background_image_url_https": "https://abs.twimg.com/images/themes/theme4/bg.gif",
            "favourites_count": 3523,
            "protected": false,
            "name": "BCRP - Banco Central",
            "profile_background_color": "336699",
            "followers_count": 167215,
            "created_at": "Mon Aug 31 18:56:40 +0000 2009"
          },
          "id_str": "1212414470900854785",
          "retweeted": false,
          "in_reply_to_status_id": null,
          "text": "#BCRP: La deuda pública, en el Perú es equivalente a 26,7% del PBI, la más baja entre las principales economías de… https://t.co/ikVZEyUlUo",
          "in_reply_to_status_id_str": null,
          "contributors": null,
          "metadata": {
            "iso_language_code": "es",
            "result_type": "recent"
          },
          "coordinates": null,
          "retweet_count": 217,
          "possibly_sensitive": false,
          "place": null,
          "favorite_count": 551,
          "in_reply_to_user_id_str": null,
          "source": "<a href=\"https://www.hootsuite.com\" rel=\"nofollow\">Hootsuite Inc.</a>",
          "in_reply_to_user_id": null,
          "lang": "es",
          "id": 1212414470900854785,
          "favorited": false,
          "truncated": true,
          "in_reply_to_screen_name": null,
          "created_at": "Wed Jan 01 16:45:10 +0000 2020"
        },
        "quoted_status_id_str": "1212414470900854785",
        "favorited": false,
        "truncated": true,
        "in_reply_to_screen_name": null,
        "created_at": "Wed Jan 01 21:08:54 +0000 2020"
      },
      "quoted_status_id_str": "1212414470900854785",
      "favorited": false,
      "truncated": false,
      "in_reply_to_screen_name": null,
      "created_at": "Thu Jan 02 12:35:31 +0000 2020"
    },
    {
      "is_quote_status": false,
      "geo": null,
      "entities": {
        "symbols": [],
        "user_mentions": [
          {
            "screen_name": "jgarciauriarte",
            "name": "jaime garcia uriarte",
            "id": 836995551803604992,
            "id_str": "836995551803604992",
            "indices": [
              0,
              15
            ]
          },
          {
            "screen_name": "RafaelHidalgoP",
            "name": "Rafael Hidalgo",
            "id": 633023749,
            "id_str": "633023749",
            "indices": [
              16,
              31
            ]
          },
          {
            "screen_name": "FrenteAmplioPe",
            "name": "Frente Amplio Perú",
            "id": 944253031767519233,
            "id_str": "944253031767519233",
            "indices": [
              32,
              47
            ]
          }
        ],
        "hashtags": [],
        "urls": [
          {
            "url": "https://t.co/Mckbgjdcor",
            "display_url": "twitter.com/i/web/status/1…",
            "expanded_url": "https://twitter.com/i/web/status/1212710270033895424",
            "indices": [
              116,
              139
            ]
          }
        ]
      },
      "user": {
        "description": ": ESTUDIOS https://t.co/0FqEW0yVzs & https://t.co/A0JmKt8Nc6 / FUNCIONARIO ocho años / CONSULTOR once años / CATEDRATICO doce años",
        "translator_type": "none",
        "profile_link_color": "BD31A1",
        "profile_image_url": "http://pbs.twimg.com/profile_images/744714031655690244/v8tW2U_L_normal.jpg",
        "follow_request_sent": false,
        "following": false,
        "profile_use_background_image": true,
        "profile_text_color": "949494",
        "entities": {
          "url": {
            "urls": [
              {
                "url": "https://t.co/oH66GabBTm",
                "display_url": "29x55.tumblr.com",
                "expanded_url": "https://29x55.tumblr.com/",
                "indices": [
                  0,
                  23
                ]
              }
            ]
          },
          "description": {
            "urls": [
              {
                "url": "https://t.co/0FqEW0yVzs",
                "display_url": "pucp.edu.pe",
                "expanded_url": "http://pucp.edu.pe",
                "indices": [
                  11,
                  34
                ]
              },
              {
                "url": "https://t.co/A0JmKt8Nc6",
                "display_url": "uottawa.ca",
                "expanded_url": "http://uottawa.ca",
                "indices": [
                  37,
                  60
                ]
              }
            ]
          }
        },
        "profile_sidebar_fill_color": "000000",
        "is_translator": false,
        "profile_image_url_https": "https://pbs.twimg.com/profile_images/744714031655690244/v8tW2U_L_normal.jpg",
        "id_str": "14541101",
        "notifications": false,
        "screen_name": "matuk",
        "lang": null,
        "location": "+51 999350650",
        "geo_enabled": true,
        "profile_background_image_url": "http://abs.twimg.com/images/themes/theme9/bg.gif",
        "profile_background_tile": false,
        "default_profile_image": false,
        "id": 14541101,
        "statuses_count": 58438,
        "profile_sidebar_border_color": "FFFFFF",
        "contributors_enabled": false,
        "has_extended_profile": true,
        "url": "https://t.co/oH66GabBTm",
        "friends_count": 271,
        "profile_banner_url": "https://pbs.twimg.com/profile_banners/14541101/1576205683",
        "is_translation_enabled": false,
        "verified": false,
        "time_zone": null,
        "utc_offset": null,
        "listed_count": 251,
        "default_profile": false,
        "profile_background_image_url_https": "https://abs.twimg.com/images/themes/theme9/bg.gif",
        "favourites_count": 50,
        "protected": false,
        "name": "Farid Matuk",
        "profile_background_color": "000000",
        "followers_count": 30611,
        "created_at": "Sat Apr 26 07:11:07 +0000 2008"
      },
      "id_str": "1212710270033895424",
      "retweeted": false,
      "in_reply_to_status_id": 1212588928965984256,
      "text": "@jgarciauriarte @RafaelHidalgoP @FrenteAmplioPe La opción de disolver el Congreso por lo que sea, fue instalada en… https://t.co/Mckbgjdcor",
      "in_reply_to_status_id_str": "1212588928965984256",
      "contributors": null,
      "metadata": {
        "iso_language_code": "es",
        "result_type": "recent"
      },
      "coordinates": null,
      "retweet_count": 0,
      "possibly_sensitive": false,
      "place": null,
      "favorite_count": 0,
      "in_reply_to_user_id_str": "836995551803604992",
      "source": "<a href=\"http://twitter.com/download/android\" rel=\"nofollow\">Twitter for Android</a>",
      "in_reply_to_user_id": 836995551803604992,
      "lang": "es",
      "id": 1212710270033895424,
      "favorited": false,
      "truncated": true,
      "in_reply_to_screen_name": "jgarciauriarte",
      "created_at": "Thu Jan 02 12:20:34 +0000 2020"
    },
    {
      "is_quote_status": false,
      "geo": null,
      "entities": {
        "symbols": [],
        "user_mentions": [
          {
            "screen_name": "vikthor26",
            "name": "victor manuel",
            "id": 286456286,
            "id_str": "286456286",
            "indices": [
              0,
              10
            ]
          },
          {
            "screen_name": "FrenteAmplioPe",
            "name": "Frente Amplio Perú",
            "id": 944253031767519233,
            "id_str": "944253031767519233",
            "indices": [
              11,
              26
            ]
          }
        ],
        "hashtags": [],
        "urls": []
      },
      "user": {
        "description": ": ESTUDIOS https://t.co/0FqEW0yVzs & https://t.co/A0JmKt8Nc6 / FUNCIONARIO ocho años / CONSULTOR once años / CATEDRATICO doce años",
        "translator_type": "none",
        "profile_link_color": "BD31A1",
        "profile_image_url": "http://pbs.twimg.com/profile_images/744714031655690244/v8tW2U_L_normal.jpg",
        "follow_request_sent": false,
        "following": false,
        "profile_use_background_image": true,
        "profile_text_color": "949494",
        "entities": {
          "url": {
            "urls": [
              {
                "url": "https://t.co/oH66GabBTm",
                "display_url": "29x55.tumblr.com",
                "expanded_url": "https://29x55.tumblr.com/",
                "indices": [
                  0,
                  23
                ]
              }
            ]
          },
          "description": {
            "urls": [
              {
                "url": "https://t.co/0FqEW0yVzs",
                "display_url": "pucp.edu.pe",
                "expanded_url": "http://pucp.edu.pe",
                "indices": [
                  11,
                  34
                ]
              },
              {
                "url": "https://t.co/A0JmKt8Nc6",
                "display_url": "uottawa.ca",
                "expanded_url": "http://uottawa.ca",
                "indices": [
                  37,
                  60
                ]
              }
            ]
          }
        },
        "profile_sidebar_fill_color": "000000",
        "is_translator": false,
        "profile_image_url_https": "https://pbs.twimg.com/profile_images/744714031655690244/v8tW2U_L_normal.jpg",
        "id_str": "14541101",
        "notifications": false,
        "screen_name": "matuk",
        "lang": null,
        "location": "+51 999350650",
        "geo_enabled": true,
        "profile_background_image_url": "http://abs.twimg.com/images/themes/theme9/bg.gif",
        "profile_background_tile": false,
        "default_profile_image": false,
        "id": 14541101,
        "statuses_count": 58438,
        "profile_sidebar_border_color": "FFFFFF",
        "contributors_enabled": false,
        "has_extended_profile": true,
        "url": "https://t.co/oH66GabBTm",
        "friends_count": 271,
        "profile_banner_url": "https://pbs.twimg.com/profile_banners/14541101/1576205683",
        "is_translation_enabled": false,
        "verified": false,
        "time_zone": null,
        "utc_offset": null,
        "listed_count": 251,
        "default_profile": false,
        "profile_background_image_url_https": "https://abs.twimg.com/images/themes/theme9/bg.gif",
        "favourites_count": 50,
        "protected": false,
        "name": "Farid Matuk",
        "profile_background_color": "000000",
        "followers_count": 30611,
        "created_at": "Sat Apr 26 07:11:07 +0000 2008"
      },
      "id_str": "1212708921586180097",
      "retweeted": false,
      "in_reply_to_status_id": 1212554341757927425,
      "text": "@vikthor26 @FrenteAmplioPe No.",
      "in_reply_to_status_id_str": "1212554341757927425",
      "contributors": null,
      "metadata": {
        "iso_language_code": "und",
        "result_type": "recent"
      },
      "coordinates": null,
      "retweet_count": 0,
      "place": null,
      "favorite_count": 0,
      "in_reply_to_user_id_str": "286456286",
      "source": "<a href=\"http://twitter.com/download/android\" rel=\"nofollow\">Twitter for Android</a>",
      "in_reply_to_user_id": 286456286,
      "lang": "und",
      "id": 1212708921586180097,
      "favorited": false,
      "truncated": false,
      "in_reply_to_screen_name": "vikthor26",
      "created_at": "Thu Jan 02 12:15:12 +0000 2020"
    },
    {
      "is_quote_status": false,
      "geo": null,
      "entities": {
        "symbols": [],
        "user_mentions": [
          {
            "screen_name": "matuk",
            "name": "Farid Matuk",
            "id": 14541101,
            "id_str": "14541101",
            "indices": [
              0,
              6
            ]
          },
          {
            "screen_name": "FrenteAmplioPe",
            "name": "Frente Amplio Perú",
            "id": 944253031767519233,
            "id_str": "944253031767519233",
            "indices": [
              7,
              22
            ]
          }
        ],
        "hashtags": [],
        "urls": []
      },
      "user": {
        "description": "Economía y política(Principalmente). Literatura (Infaltable). Tenis, NFL y NBA (En grandes cantidades). Rock, siempre rock.",
        "translator_type": "none",
        "profile_link_color": "ABB8C2",
        "profile_image_url": "http://pbs.twimg.com/profile_images/1032272304850518017/3U-jcYNk_normal.jpg",
        "follow_request_sent": false,
        "following": false,
        "profile_use_background_image": false,
        "profile_text_color": "000000",
        "entities": {
          "description": {
            "urls": []
          }
        },
        "profile_sidebar_fill_color": "000000",
        "is_translator": false,
        "profile_image_url_https": "https://pbs.twimg.com/profile_images/1032272304850518017/3U-jcYNk_normal.jpg",
        "id_str": "199512319",
        "notifications": false,
        "screen_name": "carlossoria_p",
        "lang": null,
        "location": "Lima-Perú",
        "geo_enabled": true,
        "profile_background_image_url": "http://abs.twimg.com/images/themes/theme1/bg.png",
        "profile_background_tile": false,
        "default_profile_image": false,
        "id": 199512319,
        "statuses_count": 48184,
        "profile_sidebar_border_color": "000000",
        "contributors_enabled": false,
        "has_extended_profile": true,
        "url": null,
        "friends_count": 743,
        "profile_banner_url": "https://pbs.twimg.com/profile_banners/199512319/1485349785",
        "is_translation_enabled": false,
        "verified": false,
        "time_zone": null,
        "utc_offset": null,
        "listed_count": 16,
        "default_profile": false,
        "profile_background_image_url_https": "https://abs.twimg.com/images/themes/theme1/bg.png",
        "favourites_count": 4384,
        "protected": false,
        "name": "Carlos Soria",
        "profile_background_color": "000000",
        "followers_count": 585,
        "created_at": "Thu Oct 07 01:49:47 +0000 2010"
      },
      "id_str": "1212700838617108480",
      "retweeted": false,
      "in_reply_to_status_id": 1212480843417038851,
      "text": "@matuk @FrenteAmplioPe ¿Con la propaganda final de su numero esta queriendo decir que usted desde el Congreso puede cambiar eso?",
      "in_reply_to_status_id_str": "1212480843417038851",
      "contributors": null,
      "metadata": {
        "iso_language_code": "es",
        "result_type": "recent"
      },
      "coordinates": null,
      "retweet_count": 0,
      "place": null,
      "favorite_count": 1,
      "in_reply_to_user_id_str": "14541101",
      "source": "<a href=\"http://twitter.com/download/android\" rel=\"nofollow\">Twitter for Android</a>",
      "in_reply_to_user_id": 14541101,
      "lang": "es",
      "id": 1212700838617108480,
      "favorited": false,
      "truncated": false,
      "in_reply_to_screen_name": "matuk",
      "created_at": "Thu Jan 02 11:43:05 +0000 2020"
    },
    {
      "is_quote_status": false,
      "geo": null,
      "entities": {
        "symbols": [],
        "user_mentions": [
          {
            "screen_name": "matuk",
            "name": "Farid Matuk",
            "id": 14541101,
            "id_str": "14541101",
            "indices": [
              0,
              6
            ]
          },
          {
            "screen_name": "FrenteAmplioPe",
            "name": "Frente Amplio Perú",
            "id": 944253031767519233,
            "id_str": "944253031767519233",
            "indices": [
              7,
              22
            ]
          }
        ],
        "hashtags": [],
        "urls": []
      },
      "user": {
        "description": "No soy periodista. Me interesan: la garua limeña y en que se usan mis impuestos. Estoy cansada de la corrupción y de la inseguridad en que vivimos",
        "translator_type": "none",
        "profile_link_color": "FF0000",
        "profile_image_url": "http://pbs.twimg.com/profile_images/1070133605903597569/JAHgFRRs_normal.jpg",
        "follow_request_sent": false,
        "following": false,
        "profile_use_background_image": true,
        "profile_text_color": "0C3E53",
        "entities": {
          "description": {
            "urls": []
          }
        },
        "profile_sidebar_fill_color": "FFF7CC",
        "is_translator": false,
        "profile_image_url_https": "https://pbs.twimg.com/profile_images/1070133605903597569/JAHgFRRs_normal.jpg",
        "id_str": "558722868",
        "notifications": false,
        "screen_name": "MedeaAbanto",
        "lang": null,
        "location": "",
        "geo_enabled": false,
        "profile_background_image_url": "http://abs.twimg.com/images/themes/theme12/bg.gif",
        "profile_background_tile": false,
        "default_profile_image": false,
        "id": 558722868,
        "statuses_count": 25220,
        "profile_sidebar_border_color": "F2E195",
        "contributors_enabled": false,
        "has_extended_profile": false,
        "url": null,
        "friends_count": 2215,
        "profile_banner_url": "https://pbs.twimg.com/profile_banners/558722868/1543974649",
        "is_translation_enabled": false,
        "verified": false,
        "time_zone": null,
        "utc_offset": null,
        "listed_count": 4,
        "default_profile": false,
        "profile_background_image_url_https": "https://abs.twimg.com/images/themes/theme12/bg.gif",
        "favourites_count": 6770,
        "protected": false,
        "name": "Medea Abanto",
        "profile_background_color": "BADFCD",
        "followers_count": 702,
        "created_at": "Fri Apr 20 13:35:45 +0000 2012"
      },
      "id_str": "1212700099983351808",
      "retweeted": false,
      "in_reply_to_status_id": 1212480843417038851,
      "text": "@matuk @FrenteAmplioPe Farid tu si que eres pincha globos! Ojalá entres al congreso y pinches tb a los de la keiko!Suerte",
      "in_reply_to_status_id_str": "1212480843417038851",
      "contributors": null,
      "metadata": {
        "iso_language_code": "es",
        "result_type": "recent"
      },
      "coordinates": null,
      "retweet_count": 0,
      "place": null,
      "favorite_count": 0,
      "in_reply_to_user_id_str": "14541101",
      "source": "<a href=\"http://twitter.com/#!/download/ipad\" rel=\"nofollow\">Twitter for iPad</a>",
      "in_reply_to_user_id": 14541101,
      "lang": "es",
      "id": 1212700099983351808,
      "favorited": false,
      "truncated": false,
      "in_reply_to_screen_name": "matuk",
      "created_at": "Thu Jan 02 11:40:09 +0000 2020"
    },
    {
      "is_quote_status": true,
      "geo": null,
      "entities": {
        "symbols": [],
        "user_mentions": [
          {
            "screen_name": "matuk",
            "name": "Farid Matuk",
            "id": 14541101,
            "id_str": "14541101",
            "indices": [
              3,
              9
            ]
          }
        ],
        "hashtags": [
          {
            "text": "POLITICA",
            "indices": [
              11,
              20
            ]
          }
        ],
        "urls": []
      },
      "user": {
        "description": "Maestro e ingeniero, visionario, disernir y bailar; el Perú  y toda mi familia : Henry, Alonso y Jimena mis tesoros. Opiniones muy personales. Sigo no apruebo.",
        "translator_type": "none",
        "profile_link_color": "1DA1F2",
        "profile_image_url": "http://pbs.twimg.com/profile_images/1029420445722980352/_hQIPFbc_normal.jpg",
        "follow_request_sent": false,
        "following": false,
        "profile_use_background_image": true,
        "profile_text_color": "333333",
        "entities": {
          "description": {
            "urls": []
          }
        },
        "profile_sidebar_fill_color": "DDEEF6",
        "is_translator": false,
        "profile_image_url_https": "https://pbs.twimg.com/profile_images/1029420445722980352/_hQIPFbc_normal.jpg",
        "id_str": "519372189",
        "notifications": false,
        "screen_name": "ruidiaz100",
        "lang": null,
        "location": "Peru",
        "geo_enabled": false,
        "profile_background_image_url": "http://abs.twimg.com/images/themes/theme1/bg.png",
        "profile_background_tile": false,
        "default_profile_image": false,
        "id": 519372189,
        "statuses_count": 77010,
        "profile_sidebar_border_color": "C0DEED",
        "contributors_enabled": false,
        "has_extended_profile": true,
        "url": null,
        "friends_count": 483,
        "profile_banner_url": "https://pbs.twimg.com/profile_banners/519372189/1530018503",
        "is_translation_enabled": false,
        "verified": false,
        "time_zone": null,
        "utc_offset": null,
        "listed_count": 4,
        "default_profile": true,
        "profile_background_image_url_https": "https://abs.twimg.com/images/themes/theme1/bg.png",
        "favourites_count": 66505,
        "protected": false,
        "name": "JOSELUISDIAZRUIZ",
        "profile_background_color": "C0DEED",
        "followers_count": 244,
        "created_at": "Fri Mar 09 10:29:30 +0000 2012"
      },
      "id_str": "1212694723338670080",
      "retweeted": false,
      "in_reply_to_status_id": null,
      "text": "RT @matuk: #POLITICA Ya es 2020, el último Presidente electo de Bolivia renunció presionado por las FFAA, y aún no hay fecha de las nuevas…",
      "in_reply_to_status_id_str": null,
      "contributors": null,
      "retweet_count": 12,
      "coordinates": null,
      "metadata": {
        "iso_language_code": "es",
        "result_type": "recent"
      },
      "id": 1212694723338670080,
      "place": null,
      "favorite_count": 0,
      "in_reply_to_user_id_str": null,
      "source": "<a href=\"http://twitter.com/download/android\" rel=\"nofollow\">Twitter for Android</a>",
      "in_reply_to_user_id": null,
      "lang": "es",
      "quoted_status_id": 1212258837706747905,
      "retweeted_status": {
        "is_quote_status": true,
        "geo": null,
        "entities": {
          "symbols": [],
          "user_mentions": [],
          "hashtags": [
            {
              "text": "POLITICA",
              "indices": [
                0,
                9
              ]
            }
          ],
          "urls": [
            {
              "url": "https://t.co/TkwK6YaPla",
              "display_url": "twitter.com/i/web/status/1…",
              "expanded_url": "https://twitter.com/i/web/status/1212469794370392068",
              "indices": [
                117,
                140
              ]
            }
          ]
        },
        "user": {
          "description": ": ESTUDIOS https://t.co/0FqEW0yVzs & https://t.co/A0JmKt8Nc6 / FUNCIONARIO ocho años / CONSULTOR once años / CATEDRATICO doce años",
          "translator_type": "none",
          "profile_link_color": "BD31A1",
          "profile_image_url": "http://pbs.twimg.com/profile_images/744714031655690244/v8tW2U_L_normal.jpg",
          "follow_request_sent": false,
          "following": false,
          "profile_use_background_image": true,
          "profile_text_color": "949494",
          "entities": {
            "url": {
              "urls": [
                {
                  "url": "https://t.co/oH66GabBTm",
                  "display_url": "29x55.tumblr.com",
                  "expanded_url": "https://29x55.tumblr.com/",
                  "indices": [
                    0,
                    23
                  ]
                }
              ]
            },
            "description": {
              "urls": [
                {
                  "url": "https://t.co/0FqEW0yVzs",
                  "display_url": "pucp.edu.pe",
                  "expanded_url": "http://pucp.edu.pe",
                  "indices": [
                    11,
                    34
                  ]
                },
                {
                  "url": "https://t.co/A0JmKt8Nc6",
                  "display_url": "uottawa.ca",
                  "expanded_url": "http://uottawa.ca",
                  "indices": [
                    37,
                    60
                  ]
                }
              ]
            }
          },
          "profile_sidebar_fill_color": "000000",
          "is_translator": false,
          "profile_image_url_https": "https://pbs.twimg.com/profile_images/744714031655690244/v8tW2U_L_normal.jpg",
          "id_str": "14541101",
          "notifications": false,
          "screen_name": "matuk",
          "lang": null,
          "location": "+51 999350650",
          "geo_enabled": true,
          "profile_background_image_url": "http://abs.twimg.com/images/themes/theme9/bg.gif",
          "profile_background_tile": false,
          "default_profile_image": false,
          "id": 14541101,
          "statuses_count": 58438,
          "profile_sidebar_border_color": "FFFFFF",
          "contributors_enabled": false,
          "has_extended_profile": true,
          "url": "https://t.co/oH66GabBTm",
          "friends_count": 271,
          "profile_banner_url": "https://pbs.twimg.com/profile_banners/14541101/1576205683",
          "is_translation_enabled": false,
          "verified": false,
          "time_zone": null,
          "utc_offset": null,
          "listed_count": 251,
          "default_profile": false,
          "profile_background_image_url_https": "https://abs.twimg.com/images/themes/theme9/bg.gif",
          "favourites_count": 50,
          "protected": false,
          "name": "Farid Matuk",
          "profile_background_color": "000000",
          "followers_count": 30611,
          "created_at": "Sat Apr 26 07:11:07 +0000 2008"
        },
        "id_str": "1212469794370392068",
        "retweeted": false,
        "in_reply_to_status_id": null,
        "text": "#POLITICA Ya es 2020, el último Presidente electo de Bolivia renunció presionado por las FFAA, y aún no hay fecha d… https://t.co/TkwK6YaPla",
        "in_reply_to_status_id_str": null,
        "contributors": null,
        "retweet_count": 12,
        "coordinates": null,
        "metadata": {
          "iso_language_code": "es",
          "result_type": "recent"
        },
        "possibly_sensitive": false,
        "place": null,
        "favorite_count": 37,
        "in_reply_to_user_id_str": null,
        "source": "<a href=\"http://twitter.com/download/android\" rel=\"nofollow\">Twitter for Android</a>",
        "in_reply_to_user_id": null,
        "lang": "es",
        "quoted_status_id": 1212258837706747905,
        "id": 1212469794370392068,
        "quoted_status": {
          "is_quote_status": false,
          "extended_entities": {
            "media": [
              {
                "display_url": "pic.twitter.com/392QWOy6TG",
                "url": "https://t.co/392QWOy6TG",
                "expanded_url": "https://twitter.com/yerko_nunez/status/1212258837706747905/photo/1",
                "id": 1212258825383882754,
                "type": "photo",
                "sizes": {
                  "medium": {
                    "w": 1024,
                    "resize": "fit",
                    "h": 768
                  },
                  "large": {
                    "w": 1024,
                    "resize": "fit",
                    "h": 768
                  },
                  "small": {
                    "w": 680,
                    "resize": "fit",
                    "h": 510
                  },
                  "thumb": {
                    "w": 150,
                    "resize": "crop",
                    "h": 150
                  }
                },
                "media_url": "http://pbs.twimg.com/media/ENLO-pbWsAIq5FW.jpg",
                "indices": [
                  102,
                  125
                ],
                "id_str": "1212258825383882754",
                "media_url_https": "https://pbs.twimg.com/media/ENLO-pbWsAIq5FW.jpg"
              }
            ]
          },
          "metadata": {
            "iso_language_code": "es",
            "result_type": "recent"
          },
          "entities": {
            "symbols": [],
            "user_mentions": [],
            "media": [
              {
                "display_url": "pic.twitter.com/392QWOy6TG",
                "url": "https://t.co/392QWOy6TG",
                "expanded_url": "https://twitter.com/yerko_nunez/status/1212258837706747905/photo/1",
                "id": 1212258825383882754,
                "type": "photo",
                "sizes": {
                  "medium": {
                    "w": 1024,
                    "resize": "fit",
                    "h": 768
                  },
                  "large": {
                    "w": 1024,
                    "resize": "fit",
                    "h": 768
                  },
                  "small": {
                    "w": 680,
                    "resize": "fit",
                    "h": 510
                  },
                  "thumb": {
                    "w": 150,
                    "resize": "crop",
                    "h": 150
                  }
                },
                "media_url": "http://pbs.twimg.com/media/ENLO-pbWsAIq5FW.jpg",
                "indices": [
                  102,
                  125
                ],
                "id_str": "1212258825383882754",
                "media_url_https": "https://pbs.twimg.com/media/ENLO-pbWsAIq5FW.jpg"
              }
            ],
            "hashtags": [
              {
                "text": "Feliz2020",
                "indices": [
                  91,
                  101
                ]
              }
            ],
            "urls": []
          },
          "user": {
            "description": "Ministro de la Presidencia,Ex Senador de la República de Bolivia, Ex Alcalde Municipal de Rurrenabaque.",
            "translator_type": "none",
            "profile_link_color": "19CF86",
            "profile_image_url": "http://pbs.twimg.com/profile_images/1199746872618946560/Tfr_yokU_normal.jpg",
            "follow_request_sent": false,
            "following": false,
            "profile_use_background_image": false,
            "profile_text_color": "000000",
            "entities": {
              "description": {
                "urls": []
              }
            },
            "profile_sidebar_fill_color": "000000",
            "is_translator": false,
            "profile_image_url_https": "https://pbs.twimg.com/profile_images/1199746872618946560/Tfr_yokU_normal.jpg",
            "id_str": "3026528997",
            "notifications": false,
            "screen_name": "yerko_nunez",
            "lang": null,
            "location": "La Paz - Rurrenabaque",
            "geo_enabled": true,
            "profile_background_image_url": "http://abs.twimg.com/images/themes/theme1/bg.png",
            "profile_background_tile": false,
            "default_profile_image": false,
            "id": 3026528997,
            "statuses_count": 5172,
            "profile_sidebar_border_color": "000000",
            "contributors_enabled": false,
            "has_extended_profile": true,
            "url": null,
            "friends_count": 603,
            "profile_banner_url": "https://pbs.twimg.com/profile_banners/3026528997/1574876921",
            "is_translation_enabled": false,
            "verified": false,
            "time_zone": null,
            "utc_offset": null,
            "listed_count": 40,
            "default_profile": false,
            "profile_background_image_url_https": "https://abs.twimg.com/images/themes/theme1/bg.png",
            "favourites_count": 3918,
            "protected": false,
            "name": "Yerko Núñez Negrette",
            "profile_background_color": "000000",
            "followers_count": 9291,
            "created_at": "Mon Feb 09 15:06:05 +0000 2015"
          },
          "id_str": "1212258837706747905",
          "retweeted": false,
          "in_reply_to_status_id": null,
          "text": "Recibiendo el nuevo año junto a mujeres ejemplo, mujeres  trabajadoras, mujeres valientes. #Feliz2020 https://t.co/392QWOy6TG",
          "in_reply_to_status_id_str": null,
          "contributors": null,
          "retweet_count": 130,
          "coordinates": null,
          "geo": null,
          "possibly_sensitive": false,
          "place": null,
          "favorite_count": 2026,
          "in_reply_to_user_id_str": null,
          "source": "<a href=\"http://twitter.com/download/android\" rel=\"nofollow\">Twitter for Android</a>",
          "in_reply_to_user_id": null,
          "lang": "es",
          "id": 1212258837706747905,
          "favorited": false,
          "truncated": false,
          "in_reply_to_screen_name": null,
          "created_at": "Wed Jan 01 06:26:44 +0000 2020"
        },
        "quoted_status_id_str": "1212258837706747905",
        "favorited": false,
        "truncated": true,
        "in_reply_to_screen_name": null,
        "created_at": "Wed Jan 01 20:25:00 +0000 2020"
      },
      "quoted_status_id_str": "1212258837706747905",
      "favorited": false,
      "truncated": false,
      "in_reply_to_screen_name": null,
      "created_at": "Thu Jan 02 11:18:47 +0000 2020"
    },
    {
      "is_quote_status": false,
      "geo": null,
      "entities": {
        "symbols": [],
        "user_mentions": [
          {
            "screen_name": "samuel_yanez5",
            "name": "Samuel Yáñez",
            "id": 1194774961937928192,
            "id_str": "1194774961937928192",
            "indices": [
              0,
              14
            ]
          },
          {
            "screen_name": "vozdelatierra",
            "name": "Marco Arana 🇵🇪",
            "id": 361042982,
            "id_str": "361042982",
            "indices": [
              15,
              29
            ]
          },
          {
            "screen_name": "pavese",
            "name": "RocioSilvaSantisteba",
            "id": 14051600,
            "id_str": "14051600",
            "indices": [
              30,
              37
            ]
          },
          {
            "screen_name": "jsaldanacuba",
            "name": "José Saldaña Cuba",
            "id": 52165674,
            "id_str": "52165674",
            "indices": [
              38,
              51
            ]
          },
          {
            "screen_name": "FrenteAmplioPe",
            "name": "Frente Amplio Perú",
            "id": 944253031767519233,
            "id_str": "944253031767519233",
            "indices": [
              52,
              67
            ]
          },
          {
            "screen_name": "criascencio",
            "name": "Cristina Ascencio 🍀",
            "id": 1026929346831900675,
            "id_str": "1026929346831900675",
            "indices": [
              68,
              80
            ]
          },
          {
            "screen_name": "ValerieTarazona",
            "name": "Valerie Tarazona Kong",
            "id": 37583904,
            "id_str": "37583904",
            "indices": [
              81,
              97
            ]
          },
          {
            "screen_name": "LiaValderrama",
            "name": "Lia Valderrama",
            "id": 31628136,
            "id_str": "31628136",
            "indices": [
              98,
              112
            ]
          }
        ],
        "hashtags": [],
        "urls": [
          {
            "url": "https://t.co/ILdZuN4HJm",
            "display_url": "twitter.com/i/web/status/1…",
            "expanded_url": "https://twitter.com/i/web/status/1212662387343417346",
            "indices": [
              117,
              140
            ]
          }
        ]
      },
      "user": {
        "description": "",
        "translator_type": "none",
        "profile_link_color": "1DA1F2",
        "profile_image_url": "http://pbs.twimg.com/profile_images/1210584330189205504/k9CLbCNR_normal.jpg",
        "follow_request_sent": false,
        "following": false,
        "profile_use_background_image": true,
        "profile_text_color": "333333",
        "entities": {
          "description": {
            "urls": []
          }
        },
        "profile_sidebar_fill_color": "DDEEF6",
        "is_translator": false,
        "profile_image_url_https": "https://pbs.twimg.com/profile_images/1210584330189205504/k9CLbCNR_normal.jpg",
        "id_str": "45197004",
        "notifications": false,
        "screen_name": "augoonzales",
        "lang": null,
        "location": "",
        "geo_enabled": true,
        "profile_background_image_url": "http://abs.twimg.com/images/themes/theme1/bg.png",
        "profile_background_tile": false,
        "default_profile_image": false,
        "id": 45197004,
        "statuses_count": 1491,
        "profile_sidebar_border_color": "C0DEED",
        "contributors_enabled": false,
        "has_extended_profile": true,
        "url": null,
        "friends_count": 91,
        "is_translation_enabled": false,
        "verified": false,
        "time_zone": null,
        "utc_offset": null,
        "listed_count": 0,
        "default_profile": true,
        "profile_background_image_url_https": "https://abs.twimg.com/images/themes/theme1/bg.png",
        "favourites_count": 18,
        "protected": false,
        "name": "Ciudadano",
        "profile_background_color": "C0DEED",
        "followers_count": 10,
        "created_at": "Sat Jun 06 19:34:02 +0000 2009"
      },
      "id_str": "1212662387343417346",
      "retweeted": false,
      "in_reply_to_status_id": 1212031903806689284,
      "text": "@samuel_yanez5 @vozdelatierra @pavese @jsaldanacuba @FrenteAmplioPe @criascencio @ValerieTarazona @LiaValderrama Ot… https://t.co/ILdZuN4HJm",
      "in_reply_to_status_id_str": "1212031903806689284",
      "contributors": null,
      "metadata": {
        "iso_language_code": "es",
        "result_type": "recent"
      },
      "coordinates": null,
      "retweet_count": 0,
      "place": null,
      "favorite_count": 0,
      "in_reply_to_user_id_str": "1194774961937928192",
      "source": "<a href=\"http://twitter.com/download/android\" rel=\"nofollow\">Twitter for Android</a>",
      "in_reply_to_user_id": 1194774961937928192,
      "lang": "es",
      "id": 1212662387343417346,
      "favorited": false,
      "truncated": true,
      "in_reply_to_screen_name": "samuel_yanez5",
      "created_at": "Thu Jan 02 09:10:17 +0000 2020"
    },
    {
      "is_quote_status": false,
      "geo": null,
      "entities": {
        "symbols": [],
        "user_mentions": [
          {
            "screen_name": "matuk",
            "name": "Farid Matuk",
            "id": 14541101,
            "id_str": "14541101",
            "indices": [
              0,
              6
            ]
          },
          {
            "screen_name": "FrenteAmplioPe",
            "name": "Frente Amplio Perú",
            "id": 944253031767519233,
            "id_str": "944253031767519233",
            "indices": [
              7,
              22
            ]
          }
        ],
        "hashtags": [],
        "urls": []
      },
      "user": {
        "description": "",
        "translator_type": "none",
        "profile_link_color": "1DA1F2",
        "profile_image_url": "http://pbs.twimg.com/profile_images/838813420187172866/mNWPb5Iw_normal.jpg",
        "follow_request_sent": false,
        "following": false,
        "profile_use_background_image": true,
        "profile_text_color": "333333",
        "entities": {
          "description": {
            "urls": []
          }
        },
        "profile_sidebar_fill_color": "DDEEF6",
        "is_translator": false,
        "profile_image_url_https": "https://pbs.twimg.com/profile_images/838813420187172866/mNWPb5Iw_normal.jpg",
        "id_str": "41319106",
        "notifications": false,
        "screen_name": "rcabrera05",
        "lang": null,
        "location": "Lima, Perú",
        "geo_enabled": false,
        "profile_background_image_url": "http://abs.twimg.com/images/themes/theme1/bg.png",
        "profile_background_tile": false,
        "default_profile_image": false,
        "id": 41319106,
        "statuses_count": 3517,
        "profile_sidebar_border_color": "C0DEED",
        "contributors_enabled": false,
        "has_extended_profile": false,
        "url": null,
        "friends_count": 716,
        "is_translation_enabled": false,
        "verified": false,
        "time_zone": null,
        "utc_offset": null,
        "listed_count": 1,
        "default_profile": true,
        "profile_background_image_url_https": "https://abs.twimg.com/images/themes/theme1/bg.png",
        "favourites_count": 100,
        "protected": false,
        "name": "Rick",
        "profile_background_color": "C0DEED",
        "followers_count": 218,
        "created_at": "Wed May 20 08:02:57 +0000 2009"
      },
      "id_str": "1212647443009015808",
      "retweeted": false,
      "in_reply_to_status_id": 1212538497153818625,
      "text": "@matuk @FrenteAmplioPe Lo hago pero no he leído al respecto, me podría ayudar indicando su punto de vista?",
      "in_reply_to_status_id_str": "1212538497153818625",
      "contributors": null,
      "metadata": {
        "iso_language_code": "es",
        "result_type": "recent"
      },
      "coordinates": null,
      "retweet_count": 0,
      "place": null,
      "favorite_count": 0,
      "in_reply_to_user_id_str": "14541101",
      "source": "<a href=\"http://twitter.com/download/android\" rel=\"nofollow\">Twitter for Android</a>",
      "in_reply_to_user_id": 14541101,
      "lang": "es",
      "id": 1212647443009015808,
      "favorited": false,
      "truncated": false,
      "in_reply_to_screen_name": "matuk",
      "created_at": "Thu Jan 02 08:10:54 +0000 2020"
    }
  ]
}