{
  "request_date": "2019-12-08-17:28:00",
  "data": [
    {
      "favorite_count": 0,
      "is_quote_status": false,
      "retweet_count": 1,
      "in_reply_to_screen_name": null,
      "user": {
        "statuses_count": 5162,
        "notifications": false,
        "location": "",
        "geo_enabled": false,
        "friends_count": 106,
        "profile_image_url_https": "https://pbs.twimg.com/profile_images/1128105839305404416/gm8XwPWv_normal.jpg",
        "profile_background_color": "F5F8FA",
        "following": false,
        "id": 718221269917949952,
        "time_zone": null,
        "protected": false,
        "profile_image_url": "http://pbs.twimg.com/profile_images/1128105839305404416/gm8XwPWv_normal.jpg",
        "profile_sidebar_border_color": "C0DEED",
        "translator_type": "none",
        "verified": false,
        "profile_background_image_url": null,
        "utc_offset": null,
        "entities": {
          "description": {
            "urls": []
          }
        },
        "followers_count": 50,
        "profile_banner_url": "https://pbs.twimg.com/profile_banners/718221269917949952/1557796258",
        "profile_link_color": "1DA1F2",
        "id_str": "718221269917949952",
        "url": null,
        "is_translation_enabled": false,
        "screen_name": "Neil_M_A",
        "listed_count": 0,
        "profile_text_color": "333333",
        "created_at": "Thu Apr 07 23:37:49 +0000 2016",
        "has_extended_profile": false,
        "description": "Vivir es nacer poco a poco",
        "favourites_count": 5606,
        "profile_background_image_url_https": null,
        "lang": null,
        "default_profile_image": false,
        "is_translator": false,
        "name": "elnorterecuerda🐲🔥👑",
        "profile_use_background_image": true,
        "contributors_enabled": false,
        "default_profile": true,
        "profile_sidebar_fill_color": "DDEEF6",
        "follow_request_sent": false,
        "profile_background_tile": false
      },
      "source": "<a href=\"http://twitter.com/download/android\" rel=\"nofollow\">Twitter for Android</a>",
      "id": 1203102329710555136,
      "favorited": false,
      "contributors": null,
      "in_reply_to_user_id": null,
      "entities": {
        "symbols": [],
        "user_mentions": [
          {
            "id": 179459111,
            "id_str": "179459111",
            "screen_name": "veryangee",
            "indices": [
              3,
              13
            ],
            "name": "Angela Villón"
          }
        ],
        "urls": [],
        "hashtags": []
      },
      "retweeted_status": {
        "favorite_count": 3,
        "is_quote_status": false,
        "retweet_count": 1,
        "in_reply_to_screen_name": null,
        "user": {
          "statuses_count": 4118,
          "notifications": false,
          "location": "Lima",
          "geo_enabled": true,
          "friends_count": 512,
          "profile_image_url_https": "https://pbs.twimg.com/profile_images/1197930410581336064/BhZwuU9H_normal.jpg",
          "profile_background_color": "BADFCD",
          "following": false,
          "id": 179459111,
          "time_zone": null,
          "protected": false,
          "profile_image_url": "http://pbs.twimg.com/profile_images/1197930410581336064/BhZwuU9H_normal.jpg",
          "profile_sidebar_border_color": "F2E195",
          "translator_type": "none",
          "verified": false,
          "profile_background_image_url": "http://abs.twimg.com/images/themes/theme12/bg.gif",
          "utc_offset": null,
          "entities": {
            "description": {
              "urls": []
            }
          },
          "followers_count": 1370,
          "profile_banner_url": "https://pbs.twimg.com/profile_banners/179459111/1456376674",
          "profile_link_color": "FF0000",
          "id_str": "179459111",
          "url": null,
          "is_translation_enabled": false,
          "screen_name": "veryangee",
          "listed_count": 8,
          "profile_text_color": "0C3E53",
          "created_at": "Tue Aug 17 10:11:27 +0000 2010",
          "has_extended_profile": false,
          "description": "Soy sentimental,luchadora,perseverante y a la vez revolucionaria,gozo de ser mujer con defectos y virtudes y solo quiero de la vida SER FELIZ",
          "favourites_count": 1100,
          "profile_background_image_url_https": "https://abs.twimg.com/images/themes/theme12/bg.gif",
          "lang": null,
          "default_profile_image": false,
          "is_translator": false,
          "name": "Angela Villón",
          "profile_use_background_image": true,
          "contributors_enabled": false,
          "default_profile": false,
          "profile_sidebar_fill_color": "FFF7CC",
          "follow_request_sent": false,
          "profile_background_tile": false
        },
        "source": "<a href=\"http://www.facebook.com/twitter\" rel=\"nofollow\">Facebook</a>",
        "id": 1203090133186207745,
        "favorited": false,
        "in_reply_to_user_id": null,
        "entities": {
          "symbols": [],
          "user_mentions": [],
          "urls": [
            {
              "url": "https://t.co/3FyEwBvpEC",
              "display_url": "youtube.com/watch?v=Z20DUs…",
              "expanded_url": "https://www.youtube.com/watch?v=Z20DUs9sYXY&feature=share",
              "indices": [
                104,
                127
              ]
            }
          ],
          "hashtags": []
        },
        "contributors": null,
        "id_str": "1203090133186207745",
        "truncated": false,
        "in_reply_to_status_id_str": null,
        "created_at": "Fri Dec 06 23:13:34 +0000 2019",
        "in_reply_to_user_id_str": null,
        "coordinates": null,
        "lang": "es",
        "in_reply_to_status_id": null,
        "metadata": {
          "result_type": "recent",
          "iso_language_code": "es"
        },
        "geo": null,
        "possibly_sensitive": false,
        "retweeted": false,
        "text": "Las mujeres tenemos que hacer solidaridad de género, no es sólo, \"ni una menos\"\nEs: \"NI UNA PUTA MENOS\" https://t.co/3FyEwBvpEC",
        "place": null
      },
      "id_str": "1203102329710555136",
      "truncated": false,
      "in_reply_to_status_id_str": null,
      "created_at": "Sat Dec 07 00:02:02 +0000 2019",
      "in_reply_to_user_id_str": null,
      "coordinates": null,
      "lang": "es",
      "in_reply_to_status_id": null,
      "metadata": {
        "result_type": "recent",
        "iso_language_code": "es"
      },
      "geo": null,
      "possibly_sensitive": false,
      "retweeted": false,
      "text": "RT @veryangee: Las mujeres tenemos que hacer solidaridad de género, no es sólo, \"ni una menos\"\nEs: \"NI UNA PUTA MENOS\" https://t.co/3FyEwBv…",
      "place": null
    }
  ]
}