{
  "data": [
    {
      "in_reply_to_user_id_str": "3929180662",
      "metadata": {
        "iso_language_code": "es",
        "result_type": "recent"
      },
      "id_str": "1203688572748017664",
      "in_reply_to_user_id": 3929180662,
      "is_quote_status": false,
      "lang": "es",
      "user": {
        "time_zone": null,
        "name": "Eros Vaca Charles",
        "id": 288085551,
        "statuses_count": 107362,
        "translator_type": "none",
        "profile_sidebar_border_color": "EEEEEE",
        "id_str": "288085551",
        "profile_background_image_url": "http://abs.twimg.com/images/themes/theme14/bg.gif",
        "follow_request_sent": false,
        "listed_count": 8,
        "profile_background_image_url_https": "https://abs.twimg.com/images/themes/theme14/bg.gif",
        "notifications": false,
        "lang": null,
        "profile_text_color": "333333",
        "profile_image_url_https": "https://pbs.twimg.com/profile_images/1155473729750740994/XrDMGlRm_normal.jpg",
        "favourites_count": 49200,
        "url": "https://t.co/I2jFNNz0eJ",
        "description": "¿Eres conservador?\n¿Como los que asesinaron a Giordano Bruno, los que hicieron prisionero a Galileo, los esclavistas, los KKK, o peor?\n¿Qué quieres conservar?",
        "has_extended_profile": false,
        "geo_enabled": false,
        "protected": false,
        "screen_name": "ErosVacaCharles",
        "profile_use_background_image": true,
        "profile_image_url": "http://pbs.twimg.com/profile_images/1155473729750740994/XrDMGlRm_normal.jpg",
        "verified": false,
        "profile_background_tile": true,
        "following": false,
        "followers_count": 3233,
        "utc_offset": null,
        "location": "Lima",
        "is_translator": false,
        "entities": {
          "url": {
            "urls": [
              {
                "expanded_url": "http://erosvacacharles.wordpress.com/",
                "indices": [
                  0,
                  23
                ],
                "url": "https://t.co/I2jFNNz0eJ",
                "display_url": "erosvacacharles.wordpress.com"
              }
            ]
          },
          "description": {
            "urls": []
          }
        },
        "friends_count": 4979,
        "created_at": "Tue Apr 26 06:39:23 +0000 2011",
        "is_translation_enabled": false,
        "profile_link_color": "009999",
        "default_profile_image": false,
        "contributors_enabled": false,
        "profile_banner_url": "https://pbs.twimg.com/profile_banners/288085551/1494869891",
        "profile_background_color": "131516",
        "default_profile": false,
        "profile_sidebar_fill_color": "EFEFEF"
      },
      "retweet_count": 0,
      "in_reply_to_status_id": 1203424945772146693,
      "favorited": false,
      "contributors": null,
      "place": null,
      "text": "@mp1432 @meiermq @FrenteAmplioPe @drocabas Sí, mucha gente.",
      "retweeted": false,
      "truncated": false,
      "in_reply_to_status_id_str": "1203424945772146693",
      "id": 1203688572748017664,
      "in_reply_to_screen_name": "mp1432",
      "entities": {
        "symbols": [],
        "hashtags": [],
        "urls": [],
        "user_mentions": [
          {
            "name": "Mario",
            "id_str": "3929180662",
            "screen_name": "mp1432",
            "indices": [
              0,
              7
            ],
            "id": 3929180662
          },
          {
            "name": "martha meier m.q",
            "id_str": "281769300",
            "screen_name": "meiermq",
            "indices": [
              8,
              16
            ],
            "id": 281769300
          },
          {
            "name": "Frente Amplio Perú",
            "id_str": "944253031767519233",
            "screen_name": "FrenteAmplioPe",
            "indices": [
              17,
              32
            ],
            "id": 944253031767519233
          },
          {
            "name": "David Roca Basadre",
            "id_str": "37286968",
            "screen_name": "drocabas",
            "indices": [
              33,
              42
            ],
            "id": 37286968
          }
        ]
      },
      "geo": null,
      "created_at": "Sun Dec 08 14:51:33 +0000 2019",
      "coordinates": null,
      "source": "<a href=\"https://mobile.twitter.com\" rel=\"nofollow\">Twitter Web App</a>",
      "favorite_count": 0
    },
    {
      "in_reply_to_user_id_str": "235189317",
      "metadata": {
        "iso_language_code": "es",
        "result_type": "recent"
      },
      "id_str": "1203688300143398913",
      "in_reply_to_user_id": 235189317,
      "is_quote_status": false,
      "lang": "es",
      "user": {
        "time_zone": null,
        "name": "Eros Vaca Charles",
        "id": 288085551,
        "statuses_count": 107362,
        "translator_type": "none",
        "profile_sidebar_border_color": "EEEEEE",
        "id_str": "288085551",
        "profile_background_image_url": "http://abs.twimg.com/images/themes/theme14/bg.gif",
        "follow_request_sent": false,
        "listed_count": 8,
        "profile_background_image_url_https": "https://abs.twimg.com/images/themes/theme14/bg.gif",
        "notifications": false,
        "lang": null,
        "profile_text_color": "333333",
        "profile_image_url_https": "https://pbs.twimg.com/profile_images/1155473729750740994/XrDMGlRm_normal.jpg",
        "favourites_count": 49200,
        "url": "https://t.co/I2jFNNz0eJ",
        "description": "¿Eres conservador?\n¿Como los que asesinaron a Giordano Bruno, los que hicieron prisionero a Galileo, los esclavistas, los KKK, o peor?\n¿Qué quieres conservar?",
        "has_extended_profile": false,
        "geo_enabled": false,
        "protected": false,
        "screen_name": "ErosVacaCharles",
        "profile_use_background_image": true,
        "profile_image_url": "http://pbs.twimg.com/profile_images/1155473729750740994/XrDMGlRm_normal.jpg",
        "verified": false,
        "profile_background_tile": true,
        "following": false,
        "followers_count": 3233,
        "utc_offset": null,
        "location": "Lima",
        "is_translator": false,
        "entities": {
          "url": {
            "urls": [
              {
                "expanded_url": "http://erosvacacharles.wordpress.com/",
                "indices": [
                  0,
                  23
                ],
                "url": "https://t.co/I2jFNNz0eJ",
                "display_url": "erosvacacharles.wordpress.com"
              }
            ]
          },
          "description": {
            "urls": []
          }
        },
        "friends_count": 4979,
        "created_at": "Tue Apr 26 06:39:23 +0000 2011",
        "is_translation_enabled": false,
        "profile_link_color": "009999",
        "default_profile_image": false,
        "contributors_enabled": false,
        "profile_banner_url": "https://pbs.twimg.com/profile_banners/288085551/1494869891",
        "profile_background_color": "131516",
        "default_profile": false,
        "profile_sidebar_fill_color": "EFEFEF"
      },
      "retweet_count": 0,
      "in_reply_to_status_id": 1203440773909250048,
      "favorited": false,
      "contributors": null,
      "place": null,
      "text": "@ruthsamiv2 @matuk @meiermq @FrenteAmplioPe @drocabas ¿Como cuál?",
      "retweeted": false,
      "truncated": false,
      "in_reply_to_status_id_str": "1203440773909250048",
      "id": 1203688300143398913,
      "in_reply_to_screen_name": "ruthsamiv2",
      "entities": {
        "symbols": [],
        "hashtags": [],
        "urls": [],
        "user_mentions": [
          {
            "name": "Sami",
            "id_str": "235189317",
            "screen_name": "ruthsamiv2",
            "indices": [
              0,
              11
            ],
            "id": 235189317
          },
          {
            "name": "Farid Matuk",
            "id_str": "14541101",
            "screen_name": "matuk",
            "indices": [
              12,
              18
            ],
            "id": 14541101
          },
          {
            "name": "martha meier m.q",
            "id_str": "281769300",
            "screen_name": "meiermq",
            "indices": [
              19,
              27
            ],
            "id": 281769300
          },
          {
            "name": "Frente Amplio Perú",
            "id_str": "944253031767519233",
            "screen_name": "FrenteAmplioPe",
            "indices": [
              28,
              43
            ],
            "id": 944253031767519233
          },
          {
            "name": "David Roca Basadre",
            "id_str": "37286968",
            "screen_name": "drocabas",
            "indices": [
              44,
              53
            ],
            "id": 37286968
          }
        ]
      },
      "geo": null,
      "created_at": "Sun Dec 08 14:50:28 +0000 2019",
      "coordinates": null,
      "source": "<a href=\"https://mobile.twitter.com\" rel=\"nofollow\">Twitter Web App</a>",
      "favorite_count": 1
    },
    {
      "in_reply_to_user_id_str": "37286968",
      "metadata": {
        "iso_language_code": "es",
        "result_type": "recent"
      },
      "id_str": "1203685210270916608",
      "in_reply_to_user_id": 37286968,
      "is_quote_status": false,
      "lang": "es",
      "user": {
        "time_zone": null,
        "name": "VeroNi",
        "id": 739154515086172160,
        "statuses_count": 9708,
        "translator_type": "none",
        "profile_sidebar_border_color": "C0DEED",
        "id_str": "739154515086172160",
        "profile_background_image_url": null,
        "follow_request_sent": false,
        "listed_count": 0,
        "profile_background_image_url_https": null,
        "notifications": false,
        "lang": null,
        "profile_text_color": "333333",
        "profile_image_url_https": "https://pbs.twimg.com/profile_images/1039065681495568384/8n7IlRUi_normal.jpg",
        "favourites_count": 61989,
        "url": null,
        "description": "“Cuando el pueblo salta sus barreras, casi ningún esfuerzo es bastante poderoso para detenerlo.”  –Guadalupe Victoria, Militar y líder independentista mexicano.",
        "has_extended_profile": false,
        "geo_enabled": false,
        "protected": false,
        "screen_name": "VeroNikoleHR",
        "profile_use_background_image": true,
        "profile_image_url": "http://pbs.twimg.com/profile_images/1039065681495568384/8n7IlRUi_normal.jpg",
        "verified": false,
        "profile_background_tile": false,
        "following": false,
        "followers_count": 171,
        "utc_offset": null,
        "location": "Lima, Peru",
        "is_translator": false,
        "entities": {
          "description": {
            "urls": []
          }
        },
        "friends_count": 215,
        "created_at": "Sat Jun 04 17:59:04 +0000 2016",
        "is_translation_enabled": false,
        "profile_link_color": "1DA1F2",
        "default_profile_image": false,
        "contributors_enabled": false,
        "profile_background_color": "F5F8FA",
        "default_profile": true,
        "profile_sidebar_fill_color": "DDEEF6"
      },
      "retweet_count": 0,
      "in_reply_to_status_id": 1203359448405819395,
      "favorited": false,
      "contributors": null,
      "place": null,
      "text": "@drocabas @meiermq @FrenteAmplioPe Y que tal esta burla a la manifestación feminista en el parque Kennedy? Las posi… https://t.co/kEQmOFS7cx",
      "retweeted": false,
      "truncated": true,
      "in_reply_to_status_id_str": "1203359448405819395",
      "id": 1203685210270916608,
      "in_reply_to_screen_name": "drocabas",
      "entities": {
        "symbols": [],
        "hashtags": [],
        "urls": [
          {
            "expanded_url": "https://twitter.com/i/web/status/1203685210270916608",
            "indices": [
              117,
              140
            ],
            "url": "https://t.co/kEQmOFS7cx",
            "display_url": "twitter.com/i/web/status/1…"
          }
        ],
        "user_mentions": [
          {
            "name": "David Roca Basadre",
            "id_str": "37286968",
            "screen_name": "drocabas",
            "indices": [
              0,
              9
            ],
            "id": 37286968
          },
          {
            "name": "martha meier m.q",
            "id_str": "281769300",
            "screen_name": "meiermq",
            "indices": [
              10,
              18
            ],
            "id": 281769300
          },
          {
            "name": "Frente Amplio Perú",
            "id_str": "944253031767519233",
            "screen_name": "FrenteAmplioPe",
            "indices": [
              19,
              34
            ],
            "id": 944253031767519233
          }
        ]
      },
      "geo": null,
      "created_at": "Sun Dec 08 14:38:12 +0000 2019",
      "coordinates": null,
      "source": "<a href=\"http://twitter.com/download/iphone\" rel=\"nofollow\">Twitter for iPhone</a>",
      "favorite_count": 0,
      "possibly_sensitive": false
    },
    {
      "in_reply_to_user_id_str": "3929180662",
      "metadata": {
        "iso_language_code": "es",
        "result_type": "recent"
      },
      "id_str": "1203683990428901376",
      "in_reply_to_user_id": 3929180662,
      "is_quote_status": false,
      "lang": "es",
      "user": {
        "time_zone": null,
        "name": "La observadora",
        "id": 1062871780942139393,
        "statuses_count": 9579,
        "translator_type": "none",
        "profile_sidebar_border_color": "C0DEED",
        "id_str": "1062871780942139393",
        "profile_background_image_url": null,
        "follow_request_sent": false,
        "listed_count": 0,
        "profile_background_image_url_https": null,
        "notifications": false,
        "lang": null,
        "profile_text_color": "333333",
        "profile_image_url_https": "https://pbs.twimg.com/profile_images/1115385383137812480/11pv5tV9_normal.jpg",
        "favourites_count": 52184,
        "url": null,
        "description": "Politiqueria",
        "has_extended_profile": false,
        "geo_enabled": true,
        "protected": false,
        "screen_name": "Observadora44",
        "profile_use_background_image": true,
        "profile_image_url": "http://pbs.twimg.com/profile_images/1115385383137812480/11pv5tV9_normal.jpg",
        "verified": false,
        "profile_background_tile": false,
        "following": false,
        "followers_count": 507,
        "utc_offset": null,
        "location": "",
        "is_translator": false,
        "entities": {
          "description": {
            "urls": []
          }
        },
        "friends_count": 79,
        "created_at": "Thu Nov 15 00:55:54 +0000 2018",
        "is_translation_enabled": false,
        "profile_link_color": "1DA1F2",
        "default_profile_image": false,
        "contributors_enabled": false,
        "profile_banner_url": "https://pbs.twimg.com/profile_banners/1062871780942139393/1554763484",
        "profile_background_color": "F5F8FA",
        "default_profile": true,
        "profile_sidebar_fill_color": "DDEEF6"
      },
      "retweet_count": 0,
      "in_reply_to_status_id": 1203424945772146693,
      "favorited": false,
      "contributors": null,
      "place": null,
      "text": "@mp1432 @meiermq @FrenteAmplioPe @drocabas Votare por el Sr. Mora por la Educación de nuestros jóvenes Dignas,partido Morado!!",
      "retweeted": false,
      "truncated": false,
      "in_reply_to_status_id_str": "1203424945772146693",
      "id": 1203683990428901376,
      "in_reply_to_screen_name": "mp1432",
      "entities": {
        "symbols": [],
        "hashtags": [],
        "urls": [],
        "user_mentions": [
          {
            "name": "Mario",
            "id_str": "3929180662",
            "screen_name": "mp1432",
            "indices": [
              0,
              7
            ],
            "id": 3929180662
          },
          {
            "name": "martha meier m.q",
            "id_str": "281769300",
            "screen_name": "meiermq",
            "indices": [
              8,
              16
            ],
            "id": 281769300
          },
          {
            "name": "Frente Amplio Perú",
            "id_str": "944253031767519233",
            "screen_name": "FrenteAmplioPe",
            "indices": [
              17,
              32
            ],
            "id": 944253031767519233
          },
          {
            "name": "David Roca Basadre",
            "id_str": "37286968",
            "screen_name": "drocabas",
            "indices": [
              33,
              42
            ],
            "id": 37286968
          }
        ]
      },
      "geo": null,
      "created_at": "Sun Dec 08 14:33:21 +0000 2019",
      "coordinates": null,
      "source": "<a href=\"http://twitter.com/download/android\" rel=\"nofollow\">Twitter for Android</a>",
      "favorite_count": 0
    },
    {
      "in_reply_to_user_id_str": "281769300",
      "metadata": {
        "iso_language_code": "es",
        "result_type": "recent"
      },
      "id_str": "1203659874812518402",
      "in_reply_to_user_id": 281769300,
      "is_quote_status": false,
      "lang": "es",
      "user": {
        "time_zone": null,
        "name": "Borja Gallegos",
        "id": 3380554973,
        "statuses_count": 23595,
        "translator_type": "none",
        "profile_sidebar_border_color": "C0DEED",
        "id_str": "3380554973",
        "profile_background_image_url": "http://abs.twimg.com/images/themes/theme1/bg.png",
        "follow_request_sent": false,
        "listed_count": 0,
        "profile_background_image_url_https": "https://abs.twimg.com/images/themes/theme1/bg.png",
        "notifications": false,
        "lang": null,
        "profile_text_color": "333333",
        "profile_image_url_https": "https://pbs.twimg.com/profile_images/733488746604199936/GCDGUIHO_normal.jpg",
        "favourites_count": 29515,
        "url": null,
        "description": "Soy de Cusco, Economista. No soy fujimorista ni izquierdista. Soy de Acción Popular de toda la vida. Pago mis impuestos!!!",
        "has_extended_profile": true,
        "geo_enabled": false,
        "protected": false,
        "screen_name": "BorjaAgallegos",
        "profile_use_background_image": true,
        "profile_image_url": "http://pbs.twimg.com/profile_images/733488746604199936/GCDGUIHO_normal.jpg",
        "verified": false,
        "profile_background_tile": false,
        "following": false,
        "followers_count": 109,
        "utc_offset": null,
        "location": "",
        "is_translator": false,
        "entities": {
          "description": {
            "urls": []
          }
        },
        "friends_count": 174,
        "created_at": "Fri Jul 17 16:43:38 +0000 2015",
        "is_translation_enabled": false,
        "profile_link_color": "1DA1F2",
        "default_profile_image": false,
        "contributors_enabled": false,
        "profile_background_color": "C0DEED",
        "default_profile": true,
        "profile_sidebar_fill_color": "DDEEF6"
      },
      "retweet_count": 0,
      "in_reply_to_status_id": 1203279564962533377,
      "favorited": false,
      "contributors": null,
      "place": null,
      "text": "@meiermq @FrenteAmplioPe @drocabas Bien Sra Meier!!! De hecho FA no es el partido de mi preferencia, pero me da gus… https://t.co/tD6rFBRDKJ",
      "retweeted": false,
      "truncated": true,
      "in_reply_to_status_id_str": "1203279564962533377",
      "id": 1203659874812518402,
      "in_reply_to_screen_name": "meiermq",
      "entities": {
        "symbols": [],
        "hashtags": [],
        "urls": [
          {
            "expanded_url": "https://twitter.com/i/web/status/1203659874812518402",
            "indices": [
              117,
              140
            ],
            "url": "https://t.co/tD6rFBRDKJ",
            "display_url": "twitter.com/i/web/status/1…"
          }
        ],
        "user_mentions": [
          {
            "name": "martha meier m.q",
            "id_str": "281769300",
            "screen_name": "meiermq",
            "indices": [
              0,
              8
            ],
            "id": 281769300
          },
          {
            "name": "Frente Amplio Perú",
            "id_str": "944253031767519233",
            "screen_name": "FrenteAmplioPe",
            "indices": [
              9,
              24
            ],
            "id": 944253031767519233
          },
          {
            "name": "David Roca Basadre",
            "id_str": "37286968",
            "screen_name": "drocabas",
            "indices": [
              25,
              34
            ],
            "id": 37286968
          }
        ]
      },
      "geo": null,
      "created_at": "Sun Dec 08 12:57:31 +0000 2019",
      "coordinates": null,
      "source": "<a href=\"http://twitter.com/download/android\" rel=\"nofollow\">Twitter for Android</a>",
      "favorite_count": 1
    },
    {
      "in_reply_to_user_id_str": "281769300",
      "metadata": {
        "iso_language_code": "es",
        "result_type": "recent"
      },
      "id_str": "1203654819602264064",
      "in_reply_to_user_id": 281769300,
      "is_quote_status": false,
      "lang": "es",
      "user": {
        "time_zone": null,
        "name": "Daniel Adriano",
        "id": 811523557,
        "statuses_count": 740,
        "translator_type": "none",
        "profile_sidebar_border_color": "000000",
        "id_str": "811523557",
        "profile_background_image_url": "http://abs.twimg.com/images/themes/theme1/bg.png",
        "follow_request_sent": false,
        "listed_count": 2,
        "profile_background_image_url_https": "https://abs.twimg.com/images/themes/theme1/bg.png",
        "notifications": false,
        "lang": null,
        "profile_text_color": "333333",
        "profile_image_url_https": "https://pbs.twimg.com/profile_images/960236429778530305/yU_cu7H4_normal.jpg",
        "favourites_count": 7185,
        "url": null,
        "description": "Ingeniero de Sistemas, siempre haciéndome la misma pregunta: ¿en que momento se jodió el país🤔?",
        "has_extended_profile": true,
        "geo_enabled": false,
        "protected": false,
        "screen_name": "AdrianoChavarry",
        "profile_use_background_image": true,
        "profile_image_url": "http://pbs.twimg.com/profile_images/960236429778530305/yU_cu7H4_normal.jpg",
        "verified": false,
        "profile_background_tile": false,
        "following": false,
        "followers_count": 103,
        "utc_offset": null,
        "location": "Peru",
        "is_translator": false,
        "entities": {
          "description": {
            "urls": []
          }
        },
        "friends_count": 332,
        "created_at": "Sat Sep 08 19:10:23 +0000 2012",
        "is_translation_enabled": false,
        "profile_link_color": "1B95E0",
        "default_profile_image": false,
        "contributors_enabled": false,
        "profile_banner_url": "https://pbs.twimg.com/profile_banners/811523557/1395793189",
        "profile_background_color": "C0DEED",
        "default_profile": false,
        "profile_sidebar_fill_color": "DDEEF6"
      },
      "retweet_count": 0,
      "in_reply_to_status_id": 1203279564962533377,
      "favorited": false,
      "contributors": null,
      "place": null,
      "text": "@meiermq @FrenteAmplioPe @drocabas Basta que lo recomiende para NO BOTAR POR ÉL. Next!",
      "retweeted": false,
      "truncated": false,
      "in_reply_to_status_id_str": "1203279564962533377",
      "id": 1203654819602264064,
      "in_reply_to_screen_name": "meiermq",
      "entities": {
        "symbols": [],
        "hashtags": [],
        "urls": [],
        "user_mentions": [
          {
            "name": "martha meier m.q",
            "id_str": "281769300",
            "screen_name": "meiermq",
            "indices": [
              0,
              8
            ],
            "id": 281769300
          },
          {
            "name": "Frente Amplio Perú",
            "id_str": "944253031767519233",
            "screen_name": "FrenteAmplioPe",
            "indices": [
              9,
              24
            ],
            "id": 944253031767519233
          },
          {
            "name": "David Roca Basadre",
            "id_str": "37286968",
            "screen_name": "drocabas",
            "indices": [
              25,
              34
            ],
            "id": 37286968
          }
        ]
      },
      "geo": null,
      "created_at": "Sun Dec 08 12:37:26 +0000 2019",
      "coordinates": null,
      "source": "<a href=\"https://mobile.twitter.com\" rel=\"nofollow\">Twitter Web App</a>",
      "favorite_count": 1
    },
    {
      "in_reply_to_user_id_str": "281769300",
      "metadata": {
        "iso_language_code": "es",
        "result_type": "recent"
      },
      "id_str": "1203643613479088134",
      "in_reply_to_user_id": 281769300,
      "is_quote_status": false,
      "lang": "es",
      "user": {
        "time_zone": null,
        "name": "Arberto Yukimori",
        "id": 46392350,
        "statuses_count": 26872,
        "translator_type": "none",
        "profile_sidebar_border_color": "FFFFFF",
        "id_str": "46392350",
        "profile_background_image_url": "http://abs.twimg.com/images/themes/theme1/bg.png",
        "follow_request_sent": false,
        "listed_count": 4,
        "profile_background_image_url_https": "https://abs.twimg.com/images/themes/theme1/bg.png",
        "notifications": false,
        "lang": null,
        "profile_text_color": "333333",
        "profile_image_url_https": "https://pbs.twimg.com/profile_images/1167246902531899395/2ZtNp3M1_normal.jpg",
        "favourites_count": 20121,
        "url": null,
        "description": "Villarrealino, Bachiller en Economía, Ex-dirigente Universitario; mis enemigos son la corrupción y los extremismos, desde mi trinchera siempre los combatiré",
        "has_extended_profile": true,
        "geo_enabled": true,
        "protected": false,
        "screen_name": "Santitos84",
        "profile_use_background_image": true,
        "profile_image_url": "http://pbs.twimg.com/profile_images/1167246902531899395/2ZtNp3M1_normal.jpg",
        "verified": false,
        "profile_background_tile": true,
        "following": false,
        "followers_count": 249,
        "utc_offset": null,
        "location": "Peru",
        "is_translator": false,
        "entities": {
          "description": {
            "urls": []
          }
        },
        "friends_count": 378,
        "created_at": "Thu Jun 11 14:03:02 +0000 2009",
        "is_translation_enabled": false,
        "profile_link_color": "0084B4",
        "default_profile_image": false,
        "contributors_enabled": false,
        "profile_banner_url": "https://pbs.twimg.com/profile_banners/46392350/1525231662",
        "profile_background_color": "C0DEED",
        "default_profile": false,
        "profile_sidebar_fill_color": "DDEEF6"
      },
      "retweet_count": 0,
      "in_reply_to_status_id": 1203279564962533377,
      "favorited": false,
      "contributors": null,
      "place": {
        "name": "Bellavista",
        "country_code": "PE",
        "bounding_box": {
          "coordinates": [
            [
              [
                -77.1220479603252,
                -12.0641013033707
              ],
              [
                -77.0780941217501,
                -12.0641013033707
              ],
              [
                -77.0780941217501,
                -12.0358829678324
              ],
              [
                -77.1220479603252,
                -12.0358829678324
              ]
            ]
          ],
          "type": "Polygon"
        },
        "contained_within": [],
        "place_type": "city",
        "country": "Peru",
        "url": "https://api.twitter.com/1.1/geo/id/006446967d46b032.json",
        "attributes": {},
        "full_name": "Bellavista, Peru",
        "id": "006446967d46b032"
      },
      "text": "@meiermq @FrenteAmplioPe @drocabas Cómo te gusta quemar candidatos!! Cualquier propaganda q sale de tu boca o tus m… https://t.co/zCHk250njv",
      "retweeted": false,
      "truncated": true,
      "in_reply_to_status_id_str": "1203279564962533377",
      "id": 1203643613479088134,
      "in_reply_to_screen_name": "meiermq",
      "entities": {
        "symbols": [],
        "hashtags": [],
        "urls": [
          {
            "expanded_url": "https://twitter.com/i/web/status/1203643613479088134",
            "indices": [
              117,
              140
            ],
            "url": "https://t.co/zCHk250njv",
            "display_url": "twitter.com/i/web/status/1…"
          }
        ],
        "user_mentions": [
          {
            "name": "martha meier m.q",
            "id_str": "281769300",
            "screen_name": "meiermq",
            "indices": [
              0,
              8
            ],
            "id": 281769300
          },
          {
            "name": "Frente Amplio Perú",
            "id_str": "944253031767519233",
            "screen_name": "FrenteAmplioPe",
            "indices": [
              9,
              24
            ],
            "id": 944253031767519233
          },
          {
            "name": "David Roca Basadre",
            "id_str": "37286968",
            "screen_name": "drocabas",
            "indices": [
              25,
              34
            ],
            "id": 37286968
          }
        ]
      },
      "geo": null,
      "created_at": "Sun Dec 08 11:52:54 +0000 2019",
      "coordinates": null,
      "source": "<a href=\"http://twitter.com/download/android\" rel=\"nofollow\">Twitter for Android</a>",
      "favorite_count": 0
    },
    {
      "in_reply_to_user_id_str": "65372761",
      "metadata": {
        "iso_language_code": "es",
        "result_type": "recent"
      },
      "id_str": "1203622412992028674",
      "in_reply_to_user_id": 65372761,
      "is_quote_status": false,
      "lang": "es",
      "user": {
        "time_zone": null,
        "name": "WALTER",
        "id": 119526725,
        "statuses_count": 19188,
        "translator_type": "none",
        "profile_sidebar_border_color": "D9B17E",
        "id_str": "119526725",
        "profile_background_image_url": "http://abs.twimg.com/images/themes/theme8/bg.gif",
        "follow_request_sent": false,
        "listed_count": 1,
        "profile_background_image_url_https": "https://abs.twimg.com/images/themes/theme8/bg.gif",
        "notifications": false,
        "lang": null,
        "profile_text_color": "333333",
        "profile_image_url_https": "https://pbs.twimg.com/profile_images/644312898186182657/c-wsYo-U_normal.jpg",
        "favourites_count": 13612,
        "url": null,
        "description": "Escriban bonito pe.",
        "has_extended_profile": false,
        "geo_enabled": true,
        "protected": false,
        "screen_name": "vedobles",
        "profile_use_background_image": true,
        "profile_image_url": "http://pbs.twimg.com/profile_images/644312898186182657/c-wsYo-U_normal.jpg",
        "verified": false,
        "profile_background_tile": false,
        "following": false,
        "followers_count": 123,
        "utc_offset": null,
        "location": "Lima",
        "is_translator": false,
        "entities": {
          "description": {
            "urls": []
          }
        },
        "friends_count": 327,
        "created_at": "Wed Mar 03 22:42:02 +0000 2010",
        "is_translation_enabled": false,
        "profile_link_color": "9D582E",
        "default_profile_image": false,
        "contributors_enabled": false,
        "profile_background_color": "8B542B",
        "default_profile": false,
        "profile_sidebar_fill_color": "EADEAA"
      },
      "retweet_count": 0,
      "in_reply_to_status_id": 1203283426071236609,
      "favorited": false,
      "contributors": null,
      "place": null,
      "text": "@Xileone @meiermq @FrenteAmplioPe @drocabas Eres un pobre imbécil",
      "retweeted": false,
      "truncated": false,
      "in_reply_to_status_id_str": "1203283426071236609",
      "id": 1203622412992028674,
      "in_reply_to_screen_name": "Xileone",
      "entities": {
        "symbols": [],
        "hashtags": [],
        "urls": [],
        "user_mentions": [
          {
            "name": "Dante Bobadilla R.",
            "id_str": "65372761",
            "screen_name": "Xileone",
            "indices": [
              0,
              8
            ],
            "id": 65372761
          },
          {
            "name": "martha meier m.q",
            "id_str": "281769300",
            "screen_name": "meiermq",
            "indices": [
              9,
              17
            ],
            "id": 281769300
          },
          {
            "name": "Frente Amplio Perú",
            "id_str": "944253031767519233",
            "screen_name": "FrenteAmplioPe",
            "indices": [
              18,
              33
            ],
            "id": 944253031767519233
          },
          {
            "name": "David Roca Basadre",
            "id_str": "37286968",
            "screen_name": "drocabas",
            "indices": [
              34,
              43
            ],
            "id": 37286968
          }
        ]
      },
      "geo": null,
      "created_at": "Sun Dec 08 10:28:40 +0000 2019",
      "coordinates": null,
      "source": "<a href=\"http://twitter.com/download/iphone\" rel=\"nofollow\">Twitter for iPhone</a>",
      "favorite_count": 0
    },
    {
      "in_reply_to_user_id_str": "281769300",
      "metadata": {
        "iso_language_code": "es",
        "result_type": "recent"
      },
      "id_str": "1203614297651372032",
      "in_reply_to_user_id": 281769300,
      "is_quote_status": false,
      "lang": "es",
      "user": {
        "time_zone": null,
        "name": "Agustin Tapia",
        "id": 50413584,
        "statuses_count": 1609,
        "translator_type": "none",
        "profile_sidebar_border_color": "829D5E",
        "id_str": "50413584",
        "profile_background_image_url": "http://abs.twimg.com/images/themes/theme5/bg.gif",
        "follow_request_sent": false,
        "listed_count": 1,
        "profile_background_image_url_https": "https://abs.twimg.com/images/themes/theme5/bg.gif",
        "notifications": false,
        "lang": null,
        "profile_text_color": "3E4415",
        "profile_image_url_https": "https://pbs.twimg.com/profile_images/1094958147914092544/vjXN9I1e_normal.jpg",
        "favourites_count": 3176,
        "url": null,
        "description": "Buscador incansable de mas medios de comunicacion.",
        "has_extended_profile": true,
        "geo_enabled": true,
        "protected": false,
        "screen_name": "Theen28",
        "profile_use_background_image": true,
        "profile_image_url": "http://pbs.twimg.com/profile_images/1094958147914092544/vjXN9I1e_normal.jpg",
        "verified": false,
        "profile_background_tile": false,
        "following": false,
        "followers_count": 98,
        "utc_offset": null,
        "location": "Peru",
        "is_translator": false,
        "entities": {
          "description": {
            "urls": []
          }
        },
        "friends_count": 768,
        "created_at": "Wed Jun 24 19:50:37 +0000 2009",
        "is_translation_enabled": false,
        "profile_link_color": "D02B55",
        "default_profile_image": false,
        "contributors_enabled": false,
        "profile_banner_url": "https://pbs.twimg.com/profile_banners/50413584/1549571976",
        "profile_background_color": "352726",
        "default_profile": false,
        "profile_sidebar_fill_color": "99CC33"
      },
      "retweet_count": 0,
      "in_reply_to_status_id": 1203279564962533377,
      "favorited": false,
      "contributors": null,
      "place": {
        "name": "San Miguel",
        "country_code": "PE",
        "bounding_box": {
          "coordinates": [
            [
              [
                -77.1110830786398,
                -12.0976200001203
              ],
              [
                -77.0681271567066,
                -12.0976200001203
              ],
              [
                -77.0681271567066,
                -12.0616509613884
              ],
              [
                -77.1110830786398,
                -12.0616509613884
              ]
            ]
          ],
          "type": "Polygon"
        },
        "contained_within": [],
        "place_type": "city",
        "country": "Peru",
        "url": "https://api.twitter.com/1.1/geo/id/01e0aaf250623895.json",
        "attributes": {},
        "full_name": "San Miguel, Peru",
        "id": "01e0aaf250623895"
      },
      "text": "@meiermq @FrenteAmplioPe @drocabas Dime quién te apoya y te diré de que careces...",
      "retweeted": false,
      "truncated": false,
      "in_reply_to_status_id_str": "1203279564962533377",
      "id": 1203614297651372032,
      "in_reply_to_screen_name": "meiermq",
      "entities": {
        "symbols": [],
        "hashtags": [],
        "urls": [],
        "user_mentions": [
          {
            "name": "martha meier m.q",
            "id_str": "281769300",
            "screen_name": "meiermq",
            "indices": [
              0,
              8
            ],
            "id": 281769300
          },
          {
            "name": "Frente Amplio Perú",
            "id_str": "944253031767519233",
            "screen_name": "FrenteAmplioPe",
            "indices": [
              9,
              24
            ],
            "id": 944253031767519233
          },
          {
            "name": "David Roca Basadre",
            "id_str": "37286968",
            "screen_name": "drocabas",
            "indices": [
              25,
              34
            ],
            "id": 37286968
          }
        ]
      },
      "geo": null,
      "created_at": "Sun Dec 08 09:56:25 +0000 2019",
      "coordinates": null,
      "source": "<a href=\"http://twitter.com/download/android\" rel=\"nofollow\">Twitter for Android</a>",
      "favorite_count": 0
    },
    {
      "in_reply_to_user_id_str": "281769300",
      "metadata": {
        "iso_language_code": "es",
        "result_type": "recent"
      },
      "id_str": "1203575952804057088",
      "in_reply_to_user_id": 281769300,
      "is_quote_status": false,
      "lang": "es",
      "user": {
        "time_zone": null,
        "name": "Mario E. Cornejo Med",
        "id": 253686270,
        "statuses_count": 866,
        "translator_type": "none",
        "profile_sidebar_border_color": "FFFFFF",
        "id_str": "253686270",
        "profile_background_image_url": "http://abs.twimg.com/images/themes/theme1/bg.png",
        "follow_request_sent": false,
        "listed_count": 1,
        "profile_background_image_url_https": "https://abs.twimg.com/images/themes/theme1/bg.png",
        "notifications": false,
        "lang": null,
        "profile_text_color": "333333",
        "profile_image_url_https": "https://pbs.twimg.com/profile_images/2699795885/a2ff8fa13a664c4ff86d5ac512c26d2e_normal.jpeg",
        "favourites_count": 1948,
        "url": "https://t.co/GscHtl2hzM",
        "description": "Profesor de Ciencias Sociales  de la Escuela de Posgrado de la Universidad José Carlos Mariátegui en Moquegua. Promotor del Desarrollo Humano Sostenible.",
        "has_extended_profile": true,
        "geo_enabled": true,
        "protected": false,
        "screen_name": "marioeduacor9",
        "profile_use_background_image": true,
        "profile_image_url": "http://pbs.twimg.com/profile_images/2699795885/a2ff8fa13a664c4ff86d5ac512c26d2e_normal.jpeg",
        "verified": false,
        "profile_background_tile": false,
        "following": false,
        "followers_count": 85,
        "utc_offset": null,
        "location": "Moquegua Perú",
        "is_translator": false,
        "entities": {
          "url": {
            "urls": [
              {
                "expanded_url": "http://radiogalaxia.com.pe",
                "indices": [
                  0,
                  23
                ],
                "url": "https://t.co/GscHtl2hzM",
                "display_url": "radiogalaxia.com.pe"
              }
            ]
          },
          "description": {
            "urls": []
          }
        },
        "friends_count": 232,
        "created_at": "Thu Feb 17 19:20:51 +0000 2011",
        "is_translation_enabled": false,
        "profile_link_color": "0084B4",
        "default_profile_image": false,
        "contributors_enabled": false,
        "profile_banner_url": "https://pbs.twimg.com/profile_banners/253686270/1459532467",
        "profile_background_color": "C0DEED",
        "default_profile": false,
        "profile_sidebar_fill_color": "DDEEF6"
      },
      "retweet_count": 0,
      "in_reply_to_status_id": 1203279564962533377,
      "favorited": false,
      "contributors": null,
      "place": null,
      "text": "@meiermq @FrenteAmplioPe @drocabas Nunca votaría por un recomendado suyo, porque desconfío de su capacidad mental. \n😎😎😎😎",
      "retweeted": false,
      "truncated": false,
      "in_reply_to_status_id_str": "1203279564962533377",
      "id": 1203575952804057088,
      "in_reply_to_screen_name": "meiermq",
      "entities": {
        "symbols": [],
        "hashtags": [],
        "urls": [],
        "user_mentions": [
          {
            "name": "martha meier m.q",
            "id_str": "281769300",
            "screen_name": "meiermq",
            "indices": [
              0,
              8
            ],
            "id": 281769300
          },
          {
            "name": "Frente Amplio Perú",
            "id_str": "944253031767519233",
            "screen_name": "FrenteAmplioPe",
            "indices": [
              9,
              24
            ],
            "id": 944253031767519233
          },
          {
            "name": "David Roca Basadre",
            "id_str": "37286968",
            "screen_name": "drocabas",
            "indices": [
              25,
              34
            ],
            "id": 37286968
          }
        ]
      },
      "geo": null,
      "created_at": "Sun Dec 08 07:24:03 +0000 2019",
      "coordinates": null,
      "source": "<a href=\"http://twitter.com/download/android\" rel=\"nofollow\">Twitter for Android</a>",
      "favorite_count": 1
    },
    {
      "in_reply_to_user_id_str": null,
      "metadata": {
        "iso_language_code": "es",
        "result_type": "recent"
      },
      "retweeted_status": {
        "in_reply_to_user_id_str": "739154515086172160",
        "metadata": {
          "iso_language_code": "es",
          "result_type": "recent"
        },
        "id_str": "1203359448405819395",
        "in_reply_to_user_id": 739154515086172160,
        "is_quote_status": false,
        "lang": "es",
        "user": {
          "time_zone": null,
          "name": "David Roca Basadre",
          "id": 37286968,
          "statuses_count": 31880,
          "translator_type": "none",
          "profile_sidebar_border_color": "000000",
          "id_str": "37286968",
          "profile_background_image_url": "http://abs.twimg.com/images/themes/theme13/bg.gif",
          "follow_request_sent": false,
          "listed_count": 35,
          "profile_background_image_url_https": "https://abs.twimg.com/images/themes/theme13/bg.gif",
          "notifications": false,
          "lang": null,
          "profile_text_color": "000000",
          "profile_image_url_https": "https://pbs.twimg.com/profile_images/1200329238030757888/dmyB1-3B_normal.jpg",
          "favourites_count": 14290,
          "url": null,
          "description": "Ecologista. Amo la literatura. Educador y periodista por azar. Político porque no quedó más remedio. Anarquista, creo. Tengo este blog: http://unosodeanteojos.b",
          "has_extended_profile": true,
          "geo_enabled": true,
          "protected": false,
          "screen_name": "drocabas",
          "profile_use_background_image": false,
          "profile_image_url": "http://pbs.twimg.com/profile_images/1200329238030757888/dmyB1-3B_normal.jpg",
          "verified": false,
          "profile_background_tile": false,
          "following": false,
          "followers_count": 2873,
          "utc_offset": null,
          "location": "Lima",
          "is_translator": false,
          "entities": {
            "description": {
              "urls": []
            }
          },
          "friends_count": 2331,
          "created_at": "Sat May 02 21:27:43 +0000 2009",
          "is_translation_enabled": false,
          "profile_link_color": "94D487",
          "default_profile_image": false,
          "contributors_enabled": false,
          "profile_banner_url": "https://pbs.twimg.com/profile_banners/37286968/1575015832",
          "profile_background_color": "000000",
          "default_profile": false,
          "profile_sidebar_fill_color": "000000"
        },
        "retweet_count": 1,
        "in_reply_to_status_id": 1203352289630736384,
        "favorited": false,
        "contributors": null,
        "place": {
          "name": "Villa el Salvador",
          "country_code": "PE",
          "bounding_box": {
            "coordinates": [
              [
                [
                  -76.9773510008023,
                  -12.2539190415496
                ],
                [
                  -76.9024090778662,
                  -12.2539190415496
                ],
                [
                  -76.9024090778662,
                  -12.1846140038692
                ],
                [
                  -76.9773510008023,
                  -12.1846140038692
                ]
              ]
            ],
            "type": "Polygon"
          },
          "contained_within": [],
          "place_type": "city",
          "country": "Peru",
          "url": "https://api.twitter.com/1.1/geo/id/01a4dbad63bebe54.json",
          "attributes": {},
          "full_name": "Villa el Salvador, Peru",
          "id": "01a4dbad63bebe54"
        },
        "text": "@VeroNikoleHR @meiermq @FrenteAmplioPe Tengo respeto personal y afinidad con @meiermq por las preocupaciones ambien… https://t.co/l8eSR6pepY",
        "retweeted": false,
        "truncated": true,
        "in_reply_to_status_id_str": "1203352289630736384",
        "id": 1203359448405819395,
        "in_reply_to_screen_name": "VeroNikoleHR",
        "entities": {
          "symbols": [],
          "hashtags": [],
          "urls": [
            {
              "expanded_url": "https://twitter.com/i/web/status/1203359448405819395",
              "indices": [
                117,
                140
              ],
              "url": "https://t.co/l8eSR6pepY",
              "display_url": "twitter.com/i/web/status/1…"
            }
          ],
          "user_mentions": [
            {
              "name": "VeroNi",
              "id_str": "739154515086172160",
              "screen_name": "VeroNikoleHR",
              "indices": [
                0,
                13
              ],
              "id": 739154515086172160
            },
            {
              "name": "martha meier m.q",
              "id_str": "281769300",
              "screen_name": "meiermq",
              "indices": [
                14,
                22
              ],
              "id": 281769300
            },
            {
              "name": "Frente Amplio Perú",
              "id_str": "944253031767519233",
              "screen_name": "FrenteAmplioPe",
              "indices": [
                23,
                38
              ],
              "id": 944253031767519233
            },
            {
              "name": "martha meier m.q",
              "id_str": "281769300",
              "screen_name": "meiermq",
              "indices": [
                77,
                85
              ],
              "id": 281769300
            }
          ]
        },
        "geo": null,
        "created_at": "Sat Dec 07 17:03:44 +0000 2019",
        "coordinates": null,
        "source": "<a href=\"http://twitter.com/download/android\" rel=\"nofollow\">Twitter for Android</a>",
        "favorite_count": 22
      },
      "id_str": "1203575495725584385",
      "in_reply_to_user_id": null,
      "is_quote_status": false,
      "lang": "es",
      "user": {
        "time_zone": null,
        "name": "Jorge del Rey",
        "id": 1179369758577369089,
        "statuses_count": 4602,
        "translator_type": "none",
        "profile_sidebar_border_color": "C0DEED",
        "id_str": "1179369758577369089",
        "profile_background_image_url": null,
        "follow_request_sent": false,
        "listed_count": 0,
        "profile_background_image_url_https": null,
        "notifications": false,
        "lang": null,
        "profile_text_color": "333333",
        "profile_image_url_https": "https://pbs.twimg.com/profile_images/1196875170218160128/PLXXT6sz_normal.jpg",
        "favourites_count": 7594,
        "url": null,
        "description": "me encanta la literatura,el gym,el cine y amo a los hombres soy un radical con los corruptos y los fascistas viuda de Leonard Cohen ❤🧡💛💙💚💜❤",
        "has_extended_profile": false,
        "geo_enabled": false,
        "protected": false,
        "screen_name": "jortito30",
        "profile_use_background_image": true,
        "profile_image_url": "http://pbs.twimg.com/profile_images/1196875170218160128/PLXXT6sz_normal.jpg",
        "verified": false,
        "profile_background_tile": false,
        "following": false,
        "followers_count": 171,
        "utc_offset": null,
        "location": "",
        "is_translator": false,
        "entities": {
          "description": {
            "urls": []
          }
        },
        "friends_count": 1450,
        "created_at": "Wed Oct 02 12:18:07 +0000 2019",
        "is_translation_enabled": false,
        "profile_link_color": "1DA1F2",
        "default_profile_image": false,
        "contributors_enabled": false,
        "profile_banner_url": "https://pbs.twimg.com/profile_banners/1179369758577369089/1570191724",
        "profile_background_color": "F5F8FA",
        "default_profile": true,
        "profile_sidebar_fill_color": "DDEEF6"
      },
      "retweet_count": 1,
      "in_reply_to_status_id": null,
      "favorited": false,
      "contributors": null,
      "place": null,
      "text": "RT @drocabas: @VeroNikoleHR @meiermq @FrenteAmplioPe Tengo respeto personal y afinidad con @meiermq por las preocupaciones ambientales, y m…",
      "retweeted": false,
      "truncated": false,
      "in_reply_to_status_id_str": null,
      "id": 1203575495725584385,
      "in_reply_to_screen_name": null,
      "entities": {
        "symbols": [],
        "hashtags": [],
        "urls": [],
        "user_mentions": [
          {
            "name": "David Roca Basadre",
            "id_str": "37286968",
            "screen_name": "drocabas",
            "indices": [
              3,
              12
            ],
            "id": 37286968
          },
          {
            "name": "VeroNi",
            "id_str": "739154515086172160",
            "screen_name": "VeroNikoleHR",
            "indices": [
              14,
              27
            ],
            "id": 739154515086172160
          },
          {
            "name": "martha meier m.q",
            "id_str": "281769300",
            "screen_name": "meiermq",
            "indices": [
              28,
              36
            ],
            "id": 281769300
          },
          {
            "name": "Frente Amplio Perú",
            "id_str": "944253031767519233",
            "screen_name": "FrenteAmplioPe",
            "indices": [
              37,
              52
            ],
            "id": 944253031767519233
          },
          {
            "name": "martha meier m.q",
            "id_str": "281769300",
            "screen_name": "meiermq",
            "indices": [
              91,
              99
            ],
            "id": 281769300
          }
        ]
      },
      "geo": null,
      "created_at": "Sun Dec 08 07:22:14 +0000 2019",
      "coordinates": null,
      "source": "<a href=\"https://mobile.twitter.com\" rel=\"nofollow\">Twitter Web App</a>",
      "favorite_count": 0
    },
    {
      "in_reply_to_user_id_str": "281769300",
      "metadata": {
        "iso_language_code": "es",
        "result_type": "recent"
      },
      "id_str": "1203573494711238657",
      "in_reply_to_user_id": 281769300,
      "is_quote_status": false,
      "lang": "es",
      "user": {
        "time_zone": null,
        "name": "Hernan Bazo",
        "id": 200355785,
        "statuses_count": 31041,
        "translator_type": "none",
        "profile_sidebar_border_color": "FFFFFF",
        "id_str": "200355785",
        "profile_background_image_url": "http://abs.twimg.com/images/themes/theme18/bg.gif",
        "follow_request_sent": false,
        "listed_count": 12,
        "profile_background_image_url_https": "https://abs.twimg.com/images/themes/theme18/bg.gif",
        "notifications": false,
        "lang": null,
        "profile_text_color": "333333",
        "profile_image_url_https": "https://pbs.twimg.com/profile_images/952047035863240704/nL0oc9VC_normal.jpg",
        "favourites_count": 13716,
        "url": null,
        "description": "De Lima, Perú.Del 21 de Diciembre. Amo a el Perú, el fútbol y The Beatles.Hincha del Sporting Cristal. Odio la injusticia, la traición y la calumnia. Soy zurdo!",
        "has_extended_profile": false,
        "geo_enabled": true,
        "protected": false,
        "screen_name": "bazo11",
        "profile_use_background_image": true,
        "profile_image_url": "http://pbs.twimg.com/profile_images/952047035863240704/nL0oc9VC_normal.jpg",
        "verified": false,
        "profile_background_tile": true,
        "following": false,
        "followers_count": 206,
        "utc_offset": null,
        "location": "Miraflores, Lima  - Peru",
        "is_translator": false,
        "entities": {
          "description": {
            "urls": []
          }
        },
        "friends_count": 1888,
        "created_at": "Sat Oct 09 02:38:28 +0000 2010",
        "is_translation_enabled": false,
        "profile_link_color": "040F85",
        "default_profile_image": false,
        "contributors_enabled": false,
        "profile_banner_url": "https://pbs.twimg.com/profile_banners/200355785/1446520820",
        "profile_background_color": "ACDED6",
        "default_profile": false,
        "profile_sidebar_fill_color": "F6F6F6"
      },
      "retweet_count": 0,
      "in_reply_to_status_id": 1203279564962533377,
      "favorited": false,
      "contributors": null,
      "place": null,
      "text": "@meiermq @FrenteAmplioPe @drocabas Si lo dice #Chanchita.... Es para no votar entonces.....!",
      "retweeted": false,
      "truncated": false,
      "in_reply_to_status_id_str": "1203279564962533377",
      "id": 1203573494711238657,
      "in_reply_to_screen_name": "meiermq",
      "entities": {
        "symbols": [],
        "hashtags": [
          {
            "text": "Chanchita",
            "indices": [
              46,
              56
            ]
          }
        ],
        "urls": [],
        "user_mentions": [
          {
            "name": "martha meier m.q",
            "id_str": "281769300",
            "screen_name": "meiermq",
            "indices": [
              0,
              8
            ],
            "id": 281769300
          },
          {
            "name": "Frente Amplio Perú",
            "id_str": "944253031767519233",
            "screen_name": "FrenteAmplioPe",
            "indices": [
              9,
              24
            ],
            "id": 944253031767519233
          },
          {
            "name": "David Roca Basadre",
            "id_str": "37286968",
            "screen_name": "drocabas",
            "indices": [
              25,
              34
            ],
            "id": 37286968
          }
        ]
      },
      "geo": null,
      "created_at": "Sun Dec 08 07:14:17 +0000 2019",
      "coordinates": null,
      "source": "<a href=\"http://twitter.com/download/android\" rel=\"nofollow\">Twitter for Android</a>",
      "favorite_count": 0
    },
    {
      "in_reply_to_user_id_str": null,
      "metadata": {
        "iso_language_code": "es",
        "result_type": "recent"
      },
      "retweeted_status": {
        "in_reply_to_user_id_str": null,
        "metadata": {
          "iso_language_code": "es",
          "result_type": "recent"
        },
        "id_str": "1203279564962533377",
        "in_reply_to_user_id": null,
        "is_quote_status": false,
        "lang": "es",
        "user": {
          "time_zone": null,
          "name": "martha meier m.q",
          "id": 281769300,
          "statuses_count": 101671,
          "translator_type": "none",
          "profile_sidebar_border_color": "BDDCAD",
          "id_str": "281769300",
          "profile_background_image_url": "http://abs.twimg.com/images/themes/theme16/bg.gif",
          "follow_request_sent": false,
          "listed_count": 172,
          "profile_background_image_url_https": "https://abs.twimg.com/images/themes/theme16/bg.gif",
          "notifications": false,
          "lang": null,
          "profile_text_color": "333333",
          "profile_image_url_https": "https://pbs.twimg.com/profile_images/744750519588163585/QtMD_RFI_normal.jpg",
          "favourites_count": 47394,
          "url": null,
          "description": "Mis tuits son opiniones personales. No representan a ninguna institución o empresa. RT no necesariamente es aval",
          "has_extended_profile": false,
          "geo_enabled": false,
          "protected": false,
          "screen_name": "meiermq",
          "profile_use_background_image": true,
          "profile_image_url": "http://pbs.twimg.com/profile_images/744750519588163585/QtMD_RFI_normal.jpg",
          "verified": false,
          "profile_background_tile": false,
          "following": false,
          "followers_count": 71607,
          "utc_offset": null,
          "location": "Peru",
          "is_translator": false,
          "entities": {
            "description": {
              "urls": []
            }
          },
          "friends_count": 1092,
          "created_at": "Wed Apr 13 23:04:59 +0000 2011",
          "is_translation_enabled": false,
          "profile_link_color": "0084B4",
          "default_profile_image": false,
          "contributors_enabled": false,
          "profile_banner_url": "https://pbs.twimg.com/profile_banners/281769300/1449086260",
          "profile_background_color": "9AE4E8",
          "default_profile": false,
          "profile_sidebar_fill_color": "DDFFCC"
        },
        "retweet_count": 19,
        "in_reply_to_status_id": null,
        "favorited": false,
        "contributors": null,
        "place": null,
        "text": "Si alguien va a votar por el .@FrenteAmplioPe  les recomiendo marcar a .@drocabas David Roca Basadre #9. Educador y… https://t.co/BMj4SFOQpG",
        "retweeted": false,
        "truncated": true,
        "in_reply_to_status_id_str": null,
        "id": 1203279564962533377,
        "in_reply_to_screen_name": null,
        "entities": {
          "symbols": [],
          "hashtags": [],
          "urls": [
            {
              "expanded_url": "https://twitter.com/i/web/status/1203279564962533377",
              "indices": [
                117,
                140
              ],
              "url": "https://t.co/BMj4SFOQpG",
              "display_url": "twitter.com/i/web/status/1…"
            }
          ],
          "user_mentions": [
            {
              "name": "Frente Amplio Perú",
              "id_str": "944253031767519233",
              "screen_name": "FrenteAmplioPe",
              "indices": [
                30,
                45
              ],
              "id": 944253031767519233
            },
            {
              "name": "David Roca Basadre",
              "id_str": "37286968",
              "screen_name": "drocabas",
              "indices": [
                72,
                81
              ],
              "id": 37286968
            }
          ]
        },
        "geo": null,
        "created_at": "Sat Dec 07 11:46:18 +0000 2019",
        "coordinates": null,
        "source": "<a href=\"https://mobile.twitter.com\" rel=\"nofollow\">Twitter Web App</a>",
        "favorite_count": 108
      },
      "id_str": "1203553620215705600",
      "in_reply_to_user_id": null,
      "is_quote_status": false,
      "lang": "es",
      "user": {
        "time_zone": null,
        "name": "Leonardo Lezameta",
        "id": 496601058,
        "statuses_count": 7462,
        "translator_type": "none",
        "profile_sidebar_border_color": "C0DEED",
        "id_str": "496601058",
        "profile_background_image_url": "http://abs.twimg.com/images/themes/theme1/bg.png",
        "follow_request_sent": false,
        "listed_count": 0,
        "profile_background_image_url_https": "https://abs.twimg.com/images/themes/theme1/bg.png",
        "notifications": false,
        "lang": null,
        "profile_text_color": "333333",
        "profile_image_url_https": "https://pbs.twimg.com/profile_images/786910559455371264/71f4Hhz4_normal.jpg",
        "favourites_count": 26038,
        "url": null,
        "description": "",
        "has_extended_profile": true,
        "geo_enabled": false,
        "protected": false,
        "screen_name": "LeonardLezameta",
        "profile_use_background_image": true,
        "profile_image_url": "http://pbs.twimg.com/profile_images/786910559455371264/71f4Hhz4_normal.jpg",
        "verified": false,
        "profile_background_tile": false,
        "following": false,
        "followers_count": 97,
        "utc_offset": null,
        "location": "",
        "is_translator": false,
        "entities": {
          "description": {
            "urls": []
          }
        },
        "friends_count": 1483,
        "created_at": "Sun Feb 19 03:52:24 +0000 2012",
        "is_translation_enabled": true,
        "profile_link_color": "1DA1F2",
        "default_profile_image": false,
        "contributors_enabled": false,
        "profile_background_color": "C0DEED",
        "default_profile": true,
        "profile_sidebar_fill_color": "DDEEF6"
      },
      "retweet_count": 19,
      "in_reply_to_status_id": null,
      "favorited": false,
      "contributors": null,
      "place": null,
      "text": "RT @meiermq: Si alguien va a votar por el .@FrenteAmplioPe  les recomiendo marcar a .@drocabas David Roca Basadre #9. Educador y ecologista…",
      "retweeted": false,
      "truncated": false,
      "in_reply_to_status_id_str": null,
      "id": 1203553620215705600,
      "in_reply_to_screen_name": null,
      "entities": {
        "symbols": [],
        "hashtags": [],
        "urls": [],
        "user_mentions": [
          {
            "name": "martha meier m.q",
            "id_str": "281769300",
            "screen_name": "meiermq",
            "indices": [
              3,
              11
            ],
            "id": 281769300
          },
          {
            "name": "Frente Amplio Perú",
            "id_str": "944253031767519233",
            "screen_name": "FrenteAmplioPe",
            "indices": [
              43,
              58
            ],
            "id": 944253031767519233
          },
          {
            "name": "David Roca Basadre",
            "id_str": "37286968",
            "screen_name": "drocabas",
            "indices": [
              85,
              94
            ],
            "id": 37286968
          }
        ]
      },
      "geo": null,
      "created_at": "Sun Dec 08 05:55:18 +0000 2019",
      "coordinates": null,
      "source": "<a href=\"http://twitter.com/download/iphone\" rel=\"nofollow\">Twitter for iPhone</a>",
      "favorite_count": 0
    },
    {
      "in_reply_to_user_id_str": "281769300",
      "metadata": {
        "iso_language_code": "en",
        "result_type": "recent"
      },
      "id_str": "1203532600905805824",
      "in_reply_to_user_id": 281769300,
      "is_quote_status": false,
      "lang": "en",
      "user": {
        "time_zone": null,
        "name": "Alonso25",
        "id": 985147635769249792,
        "statuses_count": 1399,
        "translator_type": "none",
        "profile_sidebar_border_color": "C0DEED",
        "id_str": "985147635769249792",
        "profile_background_image_url": null,
        "follow_request_sent": false,
        "listed_count": 0,
        "profile_background_image_url_https": null,
        "notifications": false,
        "lang": null,
        "profile_text_color": "333333",
        "profile_image_url_https": "https://pbs.twimg.com/profile_images/996954323987849218/NUPnSv_P_normal.jpg",
        "favourites_count": 2382,
        "url": null,
        "description": "",
        "has_extended_profile": true,
        "geo_enabled": false,
        "protected": false,
        "screen_name": "AlonsoCano25",
        "profile_use_background_image": true,
        "profile_image_url": "http://pbs.twimg.com/profile_images/996954323987849218/NUPnSv_P_normal.jpg",
        "verified": false,
        "profile_background_tile": false,
        "following": false,
        "followers_count": 18,
        "utc_offset": null,
        "location": "San Ramón, Peru",
        "is_translator": false,
        "entities": {
          "description": {
            "urls": []
          }
        },
        "friends_count": 140,
        "created_at": "Sat Apr 14 13:27:54 +0000 2018",
        "is_translation_enabled": false,
        "profile_link_color": "1DA1F2",
        "default_profile_image": false,
        "contributors_enabled": false,
        "profile_banner_url": "https://pbs.twimg.com/profile_banners/985147635769249792/1526527707",
        "profile_background_color": "F5F8FA",
        "default_profile": true,
        "profile_sidebar_fill_color": "DDEEF6"
      },
      "retweet_count": 0,
      "in_reply_to_status_id": 1203279564962533377,
      "favorited": false,
      "contributors": null,
      "place": null,
      "text": "@meiermq @FrenteAmplioPe @drocabas Topo detected",
      "retweeted": false,
      "truncated": false,
      "in_reply_to_status_id_str": "1203279564962533377",
      "id": 1203532600905805824,
      "in_reply_to_screen_name": "meiermq",
      "entities": {
        "symbols": [],
        "hashtags": [],
        "urls": [],
        "user_mentions": [
          {
            "name": "martha meier m.q",
            "id_str": "281769300",
            "screen_name": "meiermq",
            "indices": [
              0,
              8
            ],
            "id": 281769300
          },
          {
            "name": "Frente Amplio Perú",
            "id_str": "944253031767519233",
            "screen_name": "FrenteAmplioPe",
            "indices": [
              9,
              24
            ],
            "id": 944253031767519233
          },
          {
            "name": "David Roca Basadre",
            "id_str": "37286968",
            "screen_name": "drocabas",
            "indices": [
              25,
              34
            ],
            "id": 37286968
          }
        ]
      },
      "geo": null,
      "created_at": "Sun Dec 08 04:31:47 +0000 2019",
      "coordinates": null,
      "source": "<a href=\"http://twitter.com/download/iphone\" rel=\"nofollow\">Twitter for iPhone</a>",
      "favorite_count": 0
    },
    {
      "in_reply_to_user_id_str": null,
      "metadata": {
        "iso_language_code": "es",
        "result_type": "recent"
      },
      "retweeted_status": {
        "in_reply_to_user_id_str": null,
        "metadata": {
          "iso_language_code": "es",
          "result_type": "recent"
        },
        "id_str": "1203463275767377920",
        "in_reply_to_user_id": null,
        "is_quote_status": false,
        "lang": "es",
        "user": {
          "time_zone": null,
          "name": "David Roca Basadre",
          "id": 37286968,
          "statuses_count": 31880,
          "translator_type": "none",
          "profile_sidebar_border_color": "000000",
          "id_str": "37286968",
          "profile_background_image_url": "http://abs.twimg.com/images/themes/theme13/bg.gif",
          "follow_request_sent": false,
          "listed_count": 35,
          "profile_background_image_url_https": "https://abs.twimg.com/images/themes/theme13/bg.gif",
          "notifications": false,
          "lang": null,
          "profile_text_color": "000000",
          "profile_image_url_https": "https://pbs.twimg.com/profile_images/1200329238030757888/dmyB1-3B_normal.jpg",
          "favourites_count": 14290,
          "url": null,
          "description": "Ecologista. Amo la literatura. Educador y periodista por azar. Político porque no quedó más remedio. Anarquista, creo. Tengo este blog: http://unosodeanteojos.b",
          "has_extended_profile": true,
          "geo_enabled": true,
          "protected": false,
          "screen_name": "drocabas",
          "profile_use_background_image": false,
          "profile_image_url": "http://pbs.twimg.com/profile_images/1200329238030757888/dmyB1-3B_normal.jpg",
          "verified": false,
          "profile_background_tile": false,
          "following": false,
          "followers_count": 2873,
          "utc_offset": null,
          "location": "Lima",
          "is_translator": false,
          "entities": {
            "description": {
              "urls": []
            }
          },
          "friends_count": 2331,
          "created_at": "Sat May 02 21:27:43 +0000 2009",
          "is_translation_enabled": false,
          "profile_link_color": "94D487",
          "default_profile_image": false,
          "contributors_enabled": false,
          "profile_banner_url": "https://pbs.twimg.com/profile_banners/37286968/1575015832",
          "profile_background_color": "000000",
          "default_profile": false,
          "profile_sidebar_fill_color": "000000"
        },
        "retweet_count": 3,
        "in_reply_to_status_id": null,
        "favorited": false,
        "contributors": null,
        "place": null,
        "text": "La descentralización es un proceso urgente, pero desde las regiones, empoderadas por mercados locales fortalecidos.… https://t.co/yFV1r158rv",
        "retweeted": false,
        "truncated": true,
        "in_reply_to_status_id_str": null,
        "id": 1203463275767377920,
        "in_reply_to_screen_name": null,
        "entities": {
          "symbols": [],
          "hashtags": [],
          "urls": [
            {
              "expanded_url": "https://twitter.com/i/web/status/1203463275767377920",
              "indices": [
                117,
                140
              ],
              "url": "https://t.co/yFV1r158rv",
              "display_url": "twitter.com/i/web/status/1…"
            }
          ],
          "user_mentions": []
        },
        "geo": null,
        "created_at": "Sat Dec 07 23:56:18 +0000 2019",
        "coordinates": null,
        "source": "<a href=\"http://www.facebook.com/twitter\" rel=\"nofollow\">Facebook</a>",
        "favorite_count": 3,
        "possibly_sensitive": false
      },
      "id_str": "1203521979233558528",
      "in_reply_to_user_id": null,
      "is_quote_status": false,
      "lang": "es",
      "user": {
        "time_zone": null,
        "name": "Alejandro Bustamante",
        "id": 1018865666,
        "statuses_count": 2101,
        "translator_type": "none",
        "profile_sidebar_border_color": "000000",
        "id_str": "1018865666",
        "profile_background_image_url": "http://abs.twimg.com/images/themes/theme1/bg.png",
        "follow_request_sent": false,
        "listed_count": 0,
        "profile_background_image_url_https": "https://abs.twimg.com/images/themes/theme1/bg.png",
        "notifications": false,
        "lang": null,
        "profile_text_color": "333333",
        "profile_image_url_https": "https://pbs.twimg.com/profile_images/1040823009093791745/4jMYXVdk_normal.jpg",
        "favourites_count": 2871,
        "url": "https://t.co/sYRCLVKqDu",
        "description": "Intento escribir. \n\nUn aspirante a artista no teme las acusaciones de pretenciosidad o irrelevancia.",
        "has_extended_profile": true,
        "geo_enabled": true,
        "protected": false,
        "screen_name": "AlejandroSk8for",
        "profile_use_background_image": true,
        "profile_image_url": "http://pbs.twimg.com/profile_images/1040823009093791745/4jMYXVdk_normal.jpg",
        "verified": false,
        "profile_background_tile": false,
        "following": false,
        "followers_count": 179,
        "utc_offset": null,
        "location": "",
        "is_translator": false,
        "entities": {
          "url": {
            "urls": [
              {
                "expanded_url": "https://avecespiensoenmi.blogspot.pe/",
                "indices": [
                  0,
                  23
                ],
                "url": "https://t.co/sYRCLVKqDu",
                "display_url": "avecespiensoenmi.blogspot.pe"
              }
            ]
          },
          "description": {
            "urls": []
          }
        },
        "friends_count": 539,
        "created_at": "Tue Dec 18 03:05:24 +0000 2012",
        "is_translation_enabled": false,
        "profile_link_color": "ABB8C2",
        "default_profile_image": false,
        "contributors_enabled": false,
        "profile_banner_url": "https://pbs.twimg.com/profile_banners/1018865666/1518231932",
        "profile_background_color": "397D94",
        "default_profile": false,
        "profile_sidebar_fill_color": "DDEEF6"
      },
      "retweet_count": 3,
      "in_reply_to_status_id": null,
      "favorited": false,
      "contributors": null,
      "place": null,
      "text": "RT @drocabas: La descentralización es un proceso urgente, pero desde las regiones, empoderadas por mercados locales fortalecidos. El Perú s…",
      "retweeted": false,
      "truncated": false,
      "in_reply_to_status_id_str": null,
      "id": 1203521979233558528,
      "in_reply_to_screen_name": null,
      "entities": {
        "symbols": [],
        "hashtags": [],
        "urls": [],
        "user_mentions": [
          {
            "name": "David Roca Basadre",
            "id_str": "37286968",
            "screen_name": "drocabas",
            "indices": [
              3,
              12
            ],
            "id": 37286968
          }
        ]
      },
      "geo": null,
      "created_at": "Sun Dec 08 03:49:34 +0000 2019",
      "coordinates": null,
      "source": "<a href=\"http://twitter.com/download/android\" rel=\"nofollow\">Twitter for Android</a>",
      "favorite_count": 0,
      "possibly_sensitive": false
    }
  ],
  "request_date": "2019-12-08-10:47:21"
}