{
  "data": [
    {
      "in_reply_to_user_id_str": null,
      "metadata": {
        "iso_language_code": "es",
        "result_type": "recent"
      },
      "id_str": "1202633495454998534",
      "in_reply_to_user_id": null,
      "is_quote_status": false,
      "lang": "es",
      "extended_entities": {
        "media": [
          {
            "display_url": "pic.twitter.com/cBbj6s5aoz",
            "expanded_url": "https://twitter.com/YoLucho34/status/1202633495454998534/photo/1",
            "indices": [
              115,
              138
            ],
            "sizes": {
              "small": {
                "resize": "fit",
                "w": 680,
                "h": 510
              },
              "medium": {
                "resize": "fit",
                "w": 1200,
                "h": 900
              },
              "large": {
                "resize": "fit",
                "w": 2048,
                "h": 1536
              },
              "thumb": {
                "resize": "crop",
                "w": 150,
                "h": 150
              }
            },
            "media_url": "http://pbs.twimg.com/media/ELCcuRGU8AAW5NZ.jpg",
            "id_str": "1202633419185778688",
            "url": "https://t.co/cBbj6s5aoz",
            "type": "photo",
            "media_url_https": "https://pbs.twimg.com/media/ELCcuRGU8AAW5NZ.jpg",
            "id": 1202633419185778688
          }
        ]
      },
      "user": {
        "time_zone": null,
        "name": "Luis Herrera Romero 3⃣4⃣",
        "id": 506135585,
        "statuses_count": 888,
        "translator_type": "none",
        "profile_sidebar_border_color": "C0DEED",
        "id_str": "506135585",
        "profile_background_image_url": "http://abs.twimg.com/images/themes/theme1/bg.png",
        "follow_request_sent": false,
        "listed_count": 12,
        "profile_background_image_url_https": "https://abs.twimg.com/images/themes/theme1/bg.png",
        "notifications": false,
        "lang": null,
        "profile_text_color": "333333",
        "profile_image_url_https": "https://pbs.twimg.com/profile_images/1203008180281913351/NvFTeweI_normal.jpg",
        "favourites_count": 1094,
        "url": null,
        "description": "Candidato al #congreso por Todos por el Perú con el número 3️⃣4️⃣.  #Elecciones2020 @TPP_PeruOficial",
        "has_extended_profile": false,
        "geo_enabled": true,
        "protected": false,
        "screen_name": "YoLucho34",
        "profile_use_background_image": true,
        "profile_image_url": "http://pbs.twimg.com/profile_images/1203008180281913351/NvFTeweI_normal.jpg",
        "verified": false,
        "profile_background_tile": false,
        "following": false,
        "followers_count": 661,
        "utc_offset": null,
        "location": "Lima, Perú",
        "is_translator": false,
        "entities": {
          "description": {
            "urls": []
          }
        },
        "friends_count": 419,
        "created_at": "Mon Feb 27 17:21:41 +0000 2012",
        "is_translation_enabled": false,
        "profile_link_color": "1DA1F2",
        "default_profile_image": false,
        "contributors_enabled": false,
        "profile_banner_url": "https://pbs.twimg.com/profile_banners/506135585/1575143955",
        "profile_background_color": "C0DEED",
        "default_profile": true,
        "profile_sidebar_fill_color": "DDEEF6"
      },
      "retweet_count": 0,
      "in_reply_to_status_id": null,
      "favorited": false,
      "contributors": null,
      "place": null,
      "text": "En estos momentos estamos en la #ConferenciaDePrensa en la presentación de la lista congresal de @TPP_PeruOficial. https://t.co/cBbj6s5aoz",
      "retweeted": false,
      "truncated": false,
      "in_reply_to_status_id_str": null,
      "id": 1202633495454998534,
      "in_reply_to_screen_name": null,
      "entities": {
        "media": [
          {
            "display_url": "pic.twitter.com/cBbj6s5aoz",
            "expanded_url": "https://twitter.com/YoLucho34/status/1202633495454998534/photo/1",
            "indices": [
              115,
              138
            ],
            "sizes": {
              "small": {
                "resize": "fit",
                "w": 680,
                "h": 510
              },
              "medium": {
                "resize": "fit",
                "w": 1200,
                "h": 900
              },
              "large": {
                "resize": "fit",
                "w": 2048,
                "h": 1536
              },
              "thumb": {
                "resize": "crop",
                "w": 150,
                "h": 150
              }
            },
            "media_url": "http://pbs.twimg.com/media/ELCcuRGU8AAW5NZ.jpg",
            "id_str": "1202633419185778688",
            "url": "https://t.co/cBbj6s5aoz",
            "type": "photo",
            "media_url_https": "https://pbs.twimg.com/media/ELCcuRGU8AAW5NZ.jpg",
            "id": 1202633419185778688
          }
        ],
        "symbols": [],
        "hashtags": [
          {
            "text": "ConferenciaDePrensa",
            "indices": [
              32,
              52
            ]
          }
        ],
        "urls": [],
        "user_mentions": [
          {
            "name": "Todos Por El Perú",
            "id_str": "730510386936594432",
            "screen_name": "TPP_PeruOficial",
            "indices": [
              97,
              113
            ],
            "id": 730510386936594432
          }
        ]
      },
      "geo": null,
      "created_at": "Thu Dec 05 16:59:03 +0000 2019",
      "coordinates": null,
      "source": "<a href=\"http://twitter.com/download/iphone\" rel=\"nofollow\">Twitter for iPhone</a>",
      "favorite_count": 0,
      "possibly_sensitive": false
    },
    {
      "in_reply_to_user_id_str": null,
      "metadata": {
        "iso_language_code": "es",
        "result_type": "recent"
      },
      "id_str": "1202632658225774592",
      "in_reply_to_user_id": null,
      "is_quote_status": false,
      "lang": "es",
      "user": {
        "time_zone": null,
        "name": "Luis Herrera Romero 3⃣4⃣",
        "id": 506135585,
        "statuses_count": 888,
        "translator_type": "none",
        "profile_sidebar_border_color": "C0DEED",
        "id_str": "506135585",
        "profile_background_image_url": "http://abs.twimg.com/images/themes/theme1/bg.png",
        "follow_request_sent": false,
        "listed_count": 12,
        "profile_background_image_url_https": "https://abs.twimg.com/images/themes/theme1/bg.png",
        "notifications": false,
        "lang": null,
        "profile_text_color": "333333",
        "profile_image_url_https": "https://pbs.twimg.com/profile_images/1203008180281913351/NvFTeweI_normal.jpg",
        "favourites_count": 1094,
        "url": null,
        "description": "Candidato al #congreso por Todos por el Perú con el número 3️⃣4️⃣.  #Elecciones2020 @TPP_PeruOficial",
        "has_extended_profile": false,
        "geo_enabled": true,
        "protected": false,
        "screen_name": "YoLucho34",
        "profile_use_background_image": true,
        "profile_image_url": "http://pbs.twimg.com/profile_images/1203008180281913351/NvFTeweI_normal.jpg",
        "verified": false,
        "profile_background_tile": false,
        "following": false,
        "followers_count": 661,
        "utc_offset": null,
        "location": "Lima, Perú",
        "is_translator": false,
        "entities": {
          "description": {
            "urls": []
          }
        },
        "friends_count": 419,
        "created_at": "Mon Feb 27 17:21:41 +0000 2012",
        "is_translation_enabled": false,
        "profile_link_color": "1DA1F2",
        "default_profile_image": false,
        "contributors_enabled": false,
        "profile_banner_url": "https://pbs.twimg.com/profile_banners/506135585/1575143955",
        "profile_background_color": "C0DEED",
        "default_profile": true,
        "profile_sidebar_fill_color": "DDEEF6"
      },
      "retweet_count": 0,
      "in_reply_to_status_id": null,
      "favorited": false,
      "contributors": null,
      "place": null,
      "text": "Estamos reunidos por el lanzamiento de la lista congresal de @TPP_PeruOficial. Muy agradecido por la invitación par… https://t.co/UwIyY1TDfU",
      "retweeted": false,
      "truncated": true,
      "in_reply_to_status_id_str": null,
      "id": 1202632658225774592,
      "in_reply_to_screen_name": null,
      "entities": {
        "symbols": [],
        "hashtags": [],
        "urls": [
          {
            "expanded_url": "https://twitter.com/i/web/status/1202632658225774592",
            "indices": [
              117,
              140
            ],
            "url": "https://t.co/UwIyY1TDfU",
            "display_url": "twitter.com/i/web/status/1…"
          }
        ],
        "user_mentions": [
          {
            "name": "Todos Por El Perú",
            "id_str": "730510386936594432",
            "screen_name": "TPP_PeruOficial",
            "indices": [
              61,
              77
            ],
            "id": 730510386936594432
          }
        ]
      },
      "geo": null,
      "created_at": "Thu Dec 05 16:55:44 +0000 2019",
      "coordinates": null,
      "source": "<a href=\"http://twitter.com/download/iphone\" rel=\"nofollow\">Twitter for iPhone</a>",
      "favorite_count": 1,
      "possibly_sensitive": false
    },
    {
      "in_reply_to_user_id_str": null,
      "quoted_status_id": 1193895773789929472,
      "metadata": {
        "iso_language_code": "und",
        "result_type": "recent"
      },
      "retweeted_status": {
        "in_reply_to_user_id_str": null,
        "quoted_status": {
          "in_reply_to_user_id_str": null,
          "metadata": {
            "iso_language_code": "und",
            "result_type": "recent"
          },
          "id_str": "1193895773789929472",
          "in_reply_to_user_id": null,
          "is_quote_status": false,
          "lang": "es",
          "user": {
            "time_zone": null,
            "name": "Erick Iriarte Ahon",
            "id": 46587924,
            "statuses_count": 214317,
            "translator_type": "none",
            "profile_sidebar_border_color": "C0DEED",
            "id_str": "46587924",
            "profile_background_image_url": "http://abs.twimg.com/images/themes/theme1/bg.png",
            "follow_request_sent": false,
            "listed_count": 532,
            "profile_background_image_url_https": "https://abs.twimg.com/images/themes/theme1/bg.png",
            "notifications": false,
            "lang": null,
            "profile_text_color": "333333",
            "profile_image_url_https": "https://pbs.twimg.com/profile_images/259650139/800px-Coyote_portrait_normal.jpg",
            "favourites_count": 11910,
            "url": "http://t.co/ryERI6VWWk",
            "description": "Un coyote en busqueda de su desierto.",
            "has_extended_profile": false,
            "geo_enabled": true,
            "protected": false,
            "screen_name": "coyotegris",
            "profile_use_background_image": true,
            "profile_image_url": "http://pbs.twimg.com/profile_images/259650139/800px-Coyote_portrait_normal.jpg",
            "verified": false,
            "profile_background_tile": false,
            "following": false,
            "followers_count": 16053,
            "utc_offset": null,
            "location": "",
            "is_translator": false,
            "entities": {
              "url": {
                "urls": [
                  {
                    "expanded_url": "http://iriartelaw.com",
                    "indices": [
                      0,
                      22
                    ],
                    "url": "http://t.co/ryERI6VWWk",
                    "display_url": "iriartelaw.com"
                  }
                ]
              },
              "description": {
                "urls": []
              }
            },
            "friends_count": 8198,
            "created_at": "Fri Jun 12 05:15:54 +0000 2009",
            "is_translation_enabled": false,
            "profile_link_color": "1DA1F2",
            "default_profile_image": false,
            "contributors_enabled": false,
            "profile_banner_url": "https://pbs.twimg.com/profile_banners/46587924/1390612673",
            "profile_background_color": "C0DEED",
            "default_profile": true,
            "profile_sidebar_fill_color": "DDEEF6"
          },
          "retweet_count": 78,
          "in_reply_to_status_id": null,
          "favorited": false,
          "contributors": null,
          "place": null,
          "text": "Carta Abierta al @JNE_Peru  y a los Partidos Políticos del Perú sobre el uso de tecnologías en los procesos elector… https://t.co/sc8tdUby7A",
          "retweeted": false,
          "truncated": true,
          "in_reply_to_status_id_str": null,
          "id": 1193895773789929472,
          "in_reply_to_screen_name": null,
          "entities": {
            "symbols": [],
            "hashtags": [],
            "urls": [
              {
                "expanded_url": "https://twitter.com/i/web/status/1193895773789929472",
                "indices": [
                  117,
                  140
                ],
                "url": "https://t.co/sc8tdUby7A",
                "display_url": "twitter.com/i/web/status/1…"
              }
            ],
            "user_mentions": [
              {
                "name": "JNE Perú",
                "id_str": "160355694",
                "screen_name": "JNE_Peru",
                "indices": [
                  17,
                  26
                ],
                "id": 160355694
              }
            ]
          },
          "geo": null,
          "created_at": "Mon Nov 11 14:18:28 +0000 2019",
          "coordinates": null,
          "source": "<a href=\"https://mobile.twitter.com\" rel=\"nofollow\">Twitter Web App</a>",
          "favorite_count": 113,
          "possibly_sensitive": false
        },
        "quoted_status_id": 1193895773789929472,
        "metadata": {
          "iso_language_code": "und",
          "result_type": "recent"
        },
        "id_str": "1194004550614691846",
        "in_reply_to_user_id": null,
        "is_quote_status": true,
        "lang": "und",
        "user": {
          "time_zone": null,
          "name": "Erick Iriarte Ahon",
          "id": 46587924,
          "statuses_count": 214317,
          "translator_type": "none",
          "profile_sidebar_border_color": "C0DEED",
          "id_str": "46587924",
          "profile_background_image_url": "http://abs.twimg.com/images/themes/theme1/bg.png",
          "follow_request_sent": false,
          "listed_count": 532,
          "profile_background_image_url_https": "https://abs.twimg.com/images/themes/theme1/bg.png",
          "notifications": false,
          "lang": null,
          "profile_text_color": "333333",
          "profile_image_url_https": "https://pbs.twimg.com/profile_images/259650139/800px-Coyote_portrait_normal.jpg",
          "favourites_count": 11910,
          "url": "http://t.co/ryERI6VWWk",
          "description": "Un coyote en busqueda de su desierto.",
          "has_extended_profile": false,
          "geo_enabled": true,
          "protected": false,
          "screen_name": "coyotegris",
          "profile_use_background_image": true,
          "profile_image_url": "http://pbs.twimg.com/profile_images/259650139/800px-Coyote_portrait_normal.jpg",
          "verified": false,
          "profile_background_tile": false,
          "following": false,
          "followers_count": 16053,
          "utc_offset": null,
          "location": "",
          "is_translator": false,
          "entities": {
            "url": {
              "urls": [
                {
                  "expanded_url": "http://iriartelaw.com",
                  "indices": [
                    0,
                    22
                  ],
                  "url": "http://t.co/ryERI6VWWk",
                  "display_url": "iriartelaw.com"
                }
              ]
            },
            "description": {
              "urls": []
            }
          },
          "friends_count": 8198,
          "created_at": "Fri Jun 12 05:15:54 +0000 2009",
          "is_translation_enabled": false,
          "profile_link_color": "1DA1F2",
          "default_profile_image": false,
          "contributors_enabled": false,
          "profile_banner_url": "https://pbs.twimg.com/profile_banners/46587924/1390612673",
          "profile_background_color": "C0DEED",
          "default_profile": true,
          "profile_sidebar_fill_color": "DDEEF6"
        },
        "retweet_count": 4,
        "quoted_status_id_str": "1193895773789929472",
        "favorited": false,
        "contributors": null,
        "place": null,
        "in_reply_to_status_id": null,
        "text": "cc: @juancarloszurek @CONTIGO_pe @SalvadorHeresi @Ollanta_HumalaT @pnacionalistap @sotomayorperu @Republicanos_Pe… https://t.co/V7kdOJXVV9",
        "retweeted": false,
        "truncated": true,
        "in_reply_to_status_id_str": null,
        "id": 1194004550614691846,
        "in_reply_to_screen_name": null,
        "entities": {
          "symbols": [],
          "hashtags": [],
          "urls": [
            {
              "expanded_url": "https://twitter.com/i/web/status/1194004550614691846",
              "indices": [
                115,
                138
              ],
              "url": "https://t.co/V7kdOJXVV9",
              "display_url": "twitter.com/i/web/status/1…"
            }
          ],
          "user_mentions": [
            {
              "name": "Juan Carlos Zurek",
              "id_str": "88962373",
              "screen_name": "juancarloszurek",
              "indices": [
                4,
                20
              ],
              "id": 88962373
            },
            {
              "name": "Partido Político CONTIGO 🇵🇪",
              "id_str": "3093249670",
              "screen_name": "CONTIGO_pe",
              "indices": [
                21,
                32
              ],
              "id": 3093249670
            },
            {
              "name": "Salvador Heresi",
              "id_str": "350460605",
              "screen_name": "SalvadorHeresi",
              "indices": [
                33,
                48
              ],
              "id": 350460605
            },
            {
              "name": "Ollanta Humala Tasso",
              "id_str": "151190865",
              "screen_name": "Ollanta_HumalaT",
              "indices": [
                49,
                65
              ],
              "id": 151190865
            },
            {
              "name": "Partido Nacionalista",
              "id_str": "75608800",
              "screen_name": "pnacionalistap",
              "indices": [
                66,
                81
              ],
              "id": 75608800
            },
            {
              "name": "Juan Sotomayor",
              "id_str": "2416368264",
              "screen_name": "sotomayorperu",
              "indices": [
                82,
                96
              ],
              "id": 2416368264
            },
            {
              "name": "Acción Republicana",
              "id_str": "1090652314107629568",
              "screen_name": "Republicanos_Pe",
              "indices": [
                97,
                113
              ],
              "id": 1090652314107629568
            }
          ]
        },
        "geo": null,
        "created_at": "Mon Nov 11 21:30:43 +0000 2019",
        "coordinates": null,
        "source": "<a href=\"https://mobile.twitter.com\" rel=\"nofollow\">Twitter Web App</a>",
        "favorite_count": 5,
        "possibly_sensitive": false
      },
      "id_str": "1202416633148518400",
      "in_reply_to_user_id": null,
      "is_quote_status": true,
      "lang": "und",
      "user": {
        "time_zone": null,
        "name": "Erick Iriarte Ahon",
        "id": 46587924,
        "statuses_count": 214317,
        "translator_type": "none",
        "profile_sidebar_border_color": "C0DEED",
        "id_str": "46587924",
        "profile_background_image_url": "http://abs.twimg.com/images/themes/theme1/bg.png",
        "follow_request_sent": false,
        "listed_count": 532,
        "profile_background_image_url_https": "https://abs.twimg.com/images/themes/theme1/bg.png",
        "notifications": false,
        "lang": null,
        "profile_text_color": "333333",
        "profile_image_url_https": "https://pbs.twimg.com/profile_images/259650139/800px-Coyote_portrait_normal.jpg",
        "favourites_count": 11910,
        "url": "http://t.co/ryERI6VWWk",
        "description": "Un coyote en busqueda de su desierto.",
        "has_extended_profile": false,
        "geo_enabled": true,
        "protected": false,
        "screen_name": "coyotegris",
        "profile_use_background_image": true,
        "profile_image_url": "http://pbs.twimg.com/profile_images/259650139/800px-Coyote_portrait_normal.jpg",
        "verified": false,
        "profile_background_tile": false,
        "following": false,
        "followers_count": 16053,
        "utc_offset": null,
        "location": "",
        "is_translator": false,
        "entities": {
          "url": {
            "urls": [
              {
                "expanded_url": "http://iriartelaw.com",
                "indices": [
                  0,
                  22
                ],
                "url": "http://t.co/ryERI6VWWk",
                "display_url": "iriartelaw.com"
              }
            ]
          },
          "description": {
            "urls": []
          }
        },
        "friends_count": 8198,
        "created_at": "Fri Jun 12 05:15:54 +0000 2009",
        "is_translation_enabled": false,
        "profile_link_color": "1DA1F2",
        "default_profile_image": false,
        "contributors_enabled": false,
        "profile_banner_url": "https://pbs.twimg.com/profile_banners/46587924/1390612673",
        "profile_background_color": "C0DEED",
        "default_profile": true,
        "profile_sidebar_fill_color": "DDEEF6"
      },
      "retweet_count": 4,
      "in_reply_to_status_id": null,
      "favorited": false,
      "contributors": null,
      "place": null,
      "text": "RT @coyotegris: cc: @juancarloszurek @CONTIGO_pe @SalvadorHeresi @Ollanta_HumalaT @pnacionalistap @sotomayorperu @Republicanos_Pe @Pedro_Ol…",
      "retweeted": false,
      "truncated": false,
      "in_reply_to_status_id_str": null,
      "id": 1202416633148518400,
      "in_reply_to_screen_name": null,
      "entities": {
        "symbols": [],
        "hashtags": [],
        "urls": [],
        "user_mentions": [
          {
            "name": "Erick Iriarte Ahon",
            "id_str": "46587924",
            "screen_name": "coyotegris",
            "indices": [
              3,
              14
            ],
            "id": 46587924
          },
          {
            "name": "Juan Carlos Zurek",
            "id_str": "88962373",
            "screen_name": "juancarloszurek",
            "indices": [
              20,
              36
            ],
            "id": 88962373
          },
          {
            "name": "Partido Político CONTIGO 🇵🇪",
            "id_str": "3093249670",
            "screen_name": "CONTIGO_pe",
            "indices": [
              37,
              48
            ],
            "id": 3093249670
          },
          {
            "name": "Salvador Heresi",
            "id_str": "350460605",
            "screen_name": "SalvadorHeresi",
            "indices": [
              49,
              64
            ],
            "id": 350460605
          },
          {
            "name": "Ollanta Humala Tasso",
            "id_str": "151190865",
            "screen_name": "Ollanta_HumalaT",
            "indices": [
              65,
              81
            ],
            "id": 151190865
          },
          {
            "name": "Partido Nacionalista",
            "id_str": "75608800",
            "screen_name": "pnacionalistap",
            "indices": [
              82,
              97
            ],
            "id": 75608800
          },
          {
            "name": "Juan Sotomayor",
            "id_str": "2416368264",
            "screen_name": "sotomayorperu",
            "indices": [
              98,
              112
            ],
            "id": 2416368264
          },
          {
            "name": "Acción Republicana",
            "id_str": "1090652314107629568",
            "screen_name": "Republicanos_Pe",
            "indices": [
              113,
              129
            ],
            "id": 1090652314107629568
          }
        ]
      },
      "geo": null,
      "created_at": "Thu Dec 05 02:37:19 +0000 2019",
      "quoted_status_id_str": "1193895773789929472",
      "coordinates": null,
      "source": "<a href=\"http://twitter.com/download/iphone\" rel=\"nofollow\">Twitter for iPhone</a>",
      "favorite_count": 0
    }
  ],
  "request_date": "2019-12-08-08:08:26"
}