{
  "request_date": "2020-01-07-01:22:47",
  "data": [
    {
      "in_reply_to_status_id_str": "1213961781430935553",
      "metadata": {
        "result_type": "recent",
        "iso_language_code": "es"
      },
      "lang": "es",
      "geo": null,
      "id": 1214406391936487425,
      "truncated": true,
      "favorited": false,
      "in_reply_to_status_id": 1213961781430935553,
      "retweeted": false,
      "text": "@pavese @FrenteAmplioPe @fatyl_lima @drocabas @EnriqueFCHA @MirafloresFa @WaykaPeru @vozdelatierra @GabSalvador85… https://t.co/9MzhJcQtXD",
      "retweet_count": 0,
      "is_quote_status": false,
      "place": null,
      "coordinates": null,
      "id_str": "1214406391936487425",
      "contributors": null,
      "in_reply_to_user_id": 14051600,
      "entities": {
        "hashtags": [],
        "urls": [
          {
            "expanded_url": "https://twitter.com/i/web/status/1214406391936487425",
            "display_url": "twitter.com/i/web/status/1…",
            "url": "https://t.co/9MzhJcQtXD",
            "indices": [
              115,
              138
            ]
          }
        ],
        "user_mentions": [
          {
            "id": 14051600,
            "screen_name": "pavese",
            "name": "RocioSilvaSantisteba",
            "id_str": "14051600",
            "indices": [
              0,
              7
            ]
          },
          {
            "id": 944253031767519233,
            "screen_name": "FrenteAmplioPe",
            "name": "Frente Amplio Perú",
            "id_str": "944253031767519233",
            "indices": [
              8,
              23
            ]
          },
          {
            "id": 1141716863417819136,
            "screen_name": "fatyl_lima",
            "name": "Frente Amplio - Tierra y Libertad JVL - Lima",
            "id_str": "1141716863417819136",
            "indices": [
              24,
              35
            ]
          },
          {
            "id": 37286968,
            "screen_name": "drocabas",
            "name": "David Roca Basadre",
            "id_str": "37286968",
            "indices": [
              36,
              45
            ]
          },
          {
            "id": 1017875140313518081,
            "screen_name": "EnriqueFCHA",
            "name": "Enrique Fernández Chacón",
            "id_str": "1017875140313518081",
            "indices": [
              46,
              58
            ]
          },
          {
            "id": 747146165980893185,
            "screen_name": "MirafloresFa",
            "name": "FA-Miraflores",
            "id_str": "747146165980893185",
            "indices": [
              59,
              72
            ]
          },
          {
            "id": 2180222485,
            "screen_name": "WaykaPeru",
            "name": "🇵🇪 Wayka📢",
            "id_str": "2180222485",
            "indices": [
              73,
              83
            ]
          },
          {
            "id": 361042982,
            "screen_name": "vozdelatierra",
            "name": "Marco Arana 🇵🇪",
            "id_str": "361042982",
            "indices": [
              84,
              98
            ]
          },
          {
            "id": 909437916539219969,
            "screen_name": "GabSalvador85",
            "name": "Gabriela Salvador C.",
            "id_str": "909437916539219969",
            "indices": [
              99,
              113
            ]
          }
        ],
        "symbols": []
      },
      "favorite_count": 0,
      "user": {
        "followers_count": 272,
        "profile_image_url": "http://pbs.twimg.com/profile_images/1139312829633310720/IEt0qd4q_normal.jpg",
        "utc_offset": null,
        "geo_enabled": false,
        "id": 798587635992293376,
        "description": "no meto las  👐 al 🔥 por ningún partido político, anticaviar ,provida,si respondes a mi Twit es porque te duele así q sobate! Rojete!!!",
        "default_profile": true,
        "is_translation_enabled": false,
        "default_profile_image": false,
        "profile_link_color": "1DA1F2",
        "time_zone": null,
        "statuses_count": 17177,
        "id_str": "798587635992293376",
        "profile_background_color": "F5F8FA",
        "contributors_enabled": false,
        "location": " Perú ",
        "profile_sidebar_border_color": "C0DEED",
        "profile_use_background_image": true,
        "translator_type": "none",
        "friends_count": 561,
        "profile_text_color": "333333",
        "lang": null,
        "screen_name": "JuanTecnico3",
        "profile_image_url_https": "https://pbs.twimg.com/profile_images/1139312829633310720/IEt0qd4q_normal.jpg",
        "following": false,
        "follow_request_sent": false,
        "profile_banner_url": "https://pbs.twimg.com/profile_banners/798587635992293376/1548689921",
        "favourites_count": 26925,
        "entities": {
          "description": {
            "urls": []
          }
        },
        "has_extended_profile": false,
        "is_translator": false,
        "name": "J.O.D.T.",
        "notifications": false,
        "profile_background_image_url_https": null,
        "profile_background_tile": false,
        "listed_count": 0,
        "url": null,
        "verified": false,
        "profile_sidebar_fill_color": "DDEEF6",
        "profile_background_image_url": null,
        "created_at": "Tue Nov 15 18:05:04 +0000 2016",
        "protected": false
      },
      "source": "<a href=\"http://twitter.com/download/android\" rel=\"nofollow\">Twitter for Android</a>",
      "possibly_sensitive": false,
      "in_reply_to_screen_name": "pavese",
      "created_at": "Tue Jan 07 04:40:21 +0000 2020",
      "in_reply_to_user_id_str": "14051600"
    },
    {
      "in_reply_to_status_id_str": "1213961781430935553",
      "metadata": {
        "result_type": "recent",
        "iso_language_code": "und"
      },
      "lang": "und",
      "geo": null,
      "id": 1214399249418469376,
      "truncated": true,
      "favorited": false,
      "in_reply_to_status_id": 1213961781430935553,
      "retweeted": false,
      "text": "@pavese @FrenteAmplioPe @fatyl_lima @drocabas @EnriqueFCHA @MirafloresFa @WaykaPeru @vozdelatierra @GabSalvador85… https://t.co/1A4mmyMGlR",
      "retweet_count": 0,
      "is_quote_status": false,
      "place": null,
      "coordinates": null,
      "id_str": "1214399249418469376",
      "contributors": null,
      "in_reply_to_user_id": 14051600,
      "entities": {
        "hashtags": [],
        "urls": [
          {
            "expanded_url": "https://twitter.com/i/web/status/1214399249418469376",
            "display_url": "twitter.com/i/web/status/1…",
            "url": "https://t.co/1A4mmyMGlR",
            "indices": [
              115,
              138
            ]
          }
        ],
        "user_mentions": [
          {
            "id": 14051600,
            "screen_name": "pavese",
            "name": "RocioSilvaSantisteba",
            "id_str": "14051600",
            "indices": [
              0,
              7
            ]
          },
          {
            "id": 944253031767519233,
            "screen_name": "FrenteAmplioPe",
            "name": "Frente Amplio Perú",
            "id_str": "944253031767519233",
            "indices": [
              8,
              23
            ]
          },
          {
            "id": 1141716863417819136,
            "screen_name": "fatyl_lima",
            "name": "Frente Amplio - Tierra y Libertad JVL - Lima",
            "id_str": "1141716863417819136",
            "indices": [
              24,
              35
            ]
          },
          {
            "id": 37286968,
            "screen_name": "drocabas",
            "name": "David Roca Basadre",
            "id_str": "37286968",
            "indices": [
              36,
              45
            ]
          },
          {
            "id": 1017875140313518081,
            "screen_name": "EnriqueFCHA",
            "name": "Enrique Fernández Chacón",
            "id_str": "1017875140313518081",
            "indices": [
              46,
              58
            ]
          },
          {
            "id": 747146165980893185,
            "screen_name": "MirafloresFa",
            "name": "FA-Miraflores",
            "id_str": "747146165980893185",
            "indices": [
              59,
              72
            ]
          },
          {
            "id": 2180222485,
            "screen_name": "WaykaPeru",
            "name": "🇵🇪 Wayka📢",
            "id_str": "2180222485",
            "indices": [
              73,
              83
            ]
          },
          {
            "id": 361042982,
            "screen_name": "vozdelatierra",
            "name": "Marco Arana 🇵🇪",
            "id_str": "361042982",
            "indices": [
              84,
              98
            ]
          },
          {
            "id": 909437916539219969,
            "screen_name": "GabSalvador85",
            "name": "Gabriela Salvador C.",
            "id_str": "909437916539219969",
            "indices": [
              99,
              113
            ]
          }
        ],
        "symbols": []
      },
      "favorite_count": 0,
      "user": {
        "followers_count": 432,
        "profile_image_url": "http://pbs.twimg.com/profile_images/1137094954612875267/T8z5mo0C_normal.jpg",
        "utc_offset": null,
        "geo_enabled": false,
        "id": 596577017,
        "description": "Emprendedora independiente en repostería casera A1. 🍰 \nSoy multifacetica y me gusta crear cosas nuevas para endulzar a la vida y ✨🍊... No a los #Caviares",
        "default_profile": false,
        "is_translation_enabled": false,
        "default_profile_image": false,
        "profile_link_color": "981CEB",
        "time_zone": null,
        "statuses_count": 6135,
        "id_str": "596577017",
        "profile_background_color": "000000",
        "contributors_enabled": false,
        "location": "Perú",
        "profile_sidebar_border_color": "000000",
        "profile_use_background_image": false,
        "translator_type": "none",
        "friends_count": 536,
        "profile_text_color": "000000",
        "lang": null,
        "screen_name": "CattaCatt22",
        "profile_image_url_https": "https://pbs.twimg.com/profile_images/1137094954612875267/T8z5mo0C_normal.jpg",
        "following": false,
        "follow_request_sent": false,
        "profile_banner_url": "https://pbs.twimg.com/profile_banners/596577017/1559940296",
        "favourites_count": 55234,
        "entities": {
          "description": {
            "urls": []
          }
        },
        "has_extended_profile": false,
        "is_translator": false,
        "name": "Catta Catt",
        "notifications": false,
        "profile_background_image_url_https": "https://abs.twimg.com/images/themes/theme4/bg.gif",
        "profile_background_tile": false,
        "listed_count": 1,
        "url": null,
        "verified": false,
        "profile_sidebar_fill_color": "000000",
        "profile_background_image_url": "http://abs.twimg.com/images/themes/theme4/bg.gif",
        "created_at": "Fri Jun 01 15:57:27 +0000 2012",
        "protected": false
      },
      "source": "<a href=\"http://twitter.com/download/android\" rel=\"nofollow\">Twitter for Android</a>",
      "in_reply_to_screen_name": "pavese",
      "created_at": "Tue Jan 07 04:11:58 +0000 2020",
      "in_reply_to_user_id_str": "14051600"
    },
    {
      "in_reply_to_status_id_str": "1213961781430935553",
      "metadata": {
        "result_type": "recent",
        "iso_language_code": "es"
      },
      "lang": "es",
      "geo": null,
      "id": 1214393324645298177,
      "truncated": true,
      "favorited": false,
      "in_reply_to_status_id": 1213961781430935553,
      "retweeted": false,
      "text": "@pavese @FrenteAmplioPe @fatyl_lima @drocabas @EnriqueFCHA @MirafloresFa @WaykaPeru @vozdelatierra @GabSalvador85… https://t.co/swrsVc4rjz",
      "retweet_count": 0,
      "is_quote_status": false,
      "place": null,
      "coordinates": null,
      "id_str": "1214393324645298177",
      "contributors": null,
      "in_reply_to_user_id": 14051600,
      "entities": {
        "hashtags": [],
        "urls": [
          {
            "expanded_url": "https://twitter.com/i/web/status/1214393324645298177",
            "display_url": "twitter.com/i/web/status/1…",
            "url": "https://t.co/swrsVc4rjz",
            "indices": [
              115,
              138
            ]
          }
        ],
        "user_mentions": [
          {
            "id": 14051600,
            "screen_name": "pavese",
            "name": "RocioSilvaSantisteba",
            "id_str": "14051600",
            "indices": [
              0,
              7
            ]
          },
          {
            "id": 944253031767519233,
            "screen_name": "FrenteAmplioPe",
            "name": "Frente Amplio Perú",
            "id_str": "944253031767519233",
            "indices": [
              8,
              23
            ]
          },
          {
            "id": 1141716863417819136,
            "screen_name": "fatyl_lima",
            "name": "Frente Amplio - Tierra y Libertad JVL - Lima",
            "id_str": "1141716863417819136",
            "indices": [
              24,
              35
            ]
          },
          {
            "id": 37286968,
            "screen_name": "drocabas",
            "name": "David Roca Basadre",
            "id_str": "37286968",
            "indices": [
              36,
              45
            ]
          },
          {
            "id": 1017875140313518081,
            "screen_name": "EnriqueFCHA",
            "name": "Enrique Fernández Chacón",
            "id_str": "1017875140313518081",
            "indices": [
              46,
              58
            ]
          },
          {
            "id": 747146165980893185,
            "screen_name": "MirafloresFa",
            "name": "FA-Miraflores",
            "id_str": "747146165980893185",
            "indices": [
              59,
              72
            ]
          },
          {
            "id": 2180222485,
            "screen_name": "WaykaPeru",
            "name": "🇵🇪 Wayka📢",
            "id_str": "2180222485",
            "indices": [
              73,
              83
            ]
          },
          {
            "id": 361042982,
            "screen_name": "vozdelatierra",
            "name": "Marco Arana 🇵🇪",
            "id_str": "361042982",
            "indices": [
              84,
              98
            ]
          },
          {
            "id": 909437916539219969,
            "screen_name": "GabSalvador85",
            "name": "Gabriela Salvador C.",
            "id_str": "909437916539219969",
            "indices": [
              99,
              113
            ]
          }
        ],
        "symbols": []
      },
      "favorite_count": 0,
      "user": {
        "followers_count": 275,
        "profile_image_url": "http://pbs.twimg.com/profile_images/949145552603660288/bzqtl75H_normal.jpg",
        "utc_offset": null,
        "geo_enabled": false,
        "id": 301439242,
        "description": "Que es lo que considera más valioso y que la mayoría de personas no está dispuesta a dar?",
        "default_profile": true,
        "is_translation_enabled": false,
        "default_profile_image": false,
        "profile_link_color": "1DA1F2",
        "time_zone": null,
        "statuses_count": 20969,
        "id_str": "301439242",
        "profile_background_color": "C0DEED",
        "contributors_enabled": false,
        "location": "Lima",
        "profile_sidebar_border_color": "C0DEED",
        "profile_use_background_image": true,
        "translator_type": "none",
        "friends_count": 88,
        "profile_text_color": "333333",
        "lang": null,
        "screen_name": "rhtorresm",
        "profile_image_url_https": "https://pbs.twimg.com/profile_images/949145552603660288/bzqtl75H_normal.jpg",
        "following": false,
        "follow_request_sent": false,
        "favourites_count": 52055,
        "entities": {
          "description": {
            "urls": []
          }
        },
        "has_extended_profile": false,
        "is_translator": false,
        "name": "RTorres",
        "notifications": false,
        "profile_background_image_url_https": "https://abs.twimg.com/images/themes/theme1/bg.png",
        "profile_background_tile": false,
        "listed_count": 0,
        "url": null,
        "verified": false,
        "profile_sidebar_fill_color": "DDEEF6",
        "profile_background_image_url": "http://abs.twimg.com/images/themes/theme1/bg.png",
        "created_at": "Thu May 19 13:36:35 +0000 2011",
        "protected": false
      },
      "source": "<a href=\"http://twitter.com/download/iphone\" rel=\"nofollow\">Twitter for iPhone</a>",
      "in_reply_to_screen_name": "pavese",
      "created_at": "Tue Jan 07 03:48:25 +0000 2020",
      "in_reply_to_user_id_str": "14051600"
    },
    {
      "in_reply_to_status_id_str": null,
      "metadata": {
        "result_type": "recent",
        "iso_language_code": "es"
      },
      "lang": "es",
      "geo": null,
      "id": 1214385278518988800,
      "in_reply_to_user_id": null,
      "truncated": false,
      "favorited": false,
      "in_reply_to_status_id": null,
      "retweeted": false,
      "text": "RT @fatyl_lima: No a Keiko\n@noakeikope\n\nFederico chambea para el lado oscuro\n\n𝕯𝖆𝖓𝖓𝖞 𝕸𝖆𝖗𝖈𝖊𝖑𝖔\n@dannymarce10\n\nFederico Salazar lo sabe todo.…",
      "retweet_count": 1,
      "is_quote_status": false,
      "place": null,
      "favorite_count": 0,
      "id_str": "1214385278518988800",
      "contributors": null,
      "retweeted_status": {
        "in_reply_to_status_id_str": null,
        "metadata": {
          "result_type": "recent",
          "iso_language_code": "es"
        },
        "lang": "es",
        "geo": null,
        "id": 1214255990725627911,
        "truncated": true,
        "favorited": false,
        "in_reply_to_status_id": null,
        "retweeted": false,
        "text": "No a Keiko\n@noakeikope\n\nFederico chambea para el lado oscuro\n\n𝕯𝖆𝖓𝖓𝖞 𝕸𝖆𝖗𝖈𝖊𝖑𝖔\n@dannymarce10\n\nFederico Salazar lo sabe… https://t.co/5obnWIichg",
        "retweet_count": 1,
        "is_quote_status": false,
        "place": null,
        "coordinates": null,
        "id_str": "1214255990725627911",
        "contributors": null,
        "in_reply_to_user_id": null,
        "entities": {
          "hashtags": [],
          "urls": [
            {
              "expanded_url": "https://twitter.com/i/web/status/1214255990725627911",
              "display_url": "twitter.com/i/web/status/1…",
              "url": "https://t.co/5obnWIichg",
              "indices": [
                117,
                140
              ]
            }
          ],
          "user_mentions": [
            {
              "id": 425964813,
              "screen_name": "noakeikope",
              "name": "No a Keiko",
              "id_str": "425964813",
              "indices": [
                11,
                22
              ]
            },
            {
              "id": 1134834835422191616,
              "screen_name": "dannymarce10",
              "name": "𝕯𝖆𝖓𝖓𝖞 𝕸𝖆𝖗𝖈𝖊𝖑𝖔",
              "id_str": "1134834835422191616",
              "indices": [
                76,
                89
              ]
            }
          ],
          "symbols": []
        },
        "favorite_count": 2,
        "user": {
          "followers_count": 106,
          "profile_image_url": "http://pbs.twimg.com/profile_images/1141717419809026050/pFCgTTqI_normal.jpg",
          "utc_offset": null,
          "geo_enabled": false,
          "id": 1141716863417819136,
          "description": "Frente Amplio por Justicia, Vida y Libertad",
          "default_profile": true,
          "is_translation_enabled": false,
          "default_profile_image": false,
          "profile_link_color": "1DA1F2",
          "time_zone": null,
          "statuses_count": 6650,
          "id_str": "1141716863417819136",
          "profile_background_color": "F5F8FA",
          "contributors_enabled": false,
          "location": "Lima, P",
          "profile_sidebar_border_color": "C0DEED",
          "profile_use_background_image": true,
          "translator_type": "none",
          "friends_count": 14,
          "profile_text_color": "333333",
          "lang": null,
          "screen_name": "fatyl_lima",
          "profile_image_url_https": "https://pbs.twimg.com/profile_images/1141717419809026050/pFCgTTqI_normal.jpg",
          "following": false,
          "follow_request_sent": false,
          "profile_banner_url": "https://pbs.twimg.com/profile_banners/1141716863417819136/1576555050",
          "favourites_count": 5464,
          "entities": {
            "description": {
              "urls": []
            }
          },
          "has_extended_profile": true,
          "is_translator": false,
          "name": "Frente Amplio - Tierra y Libertad JVL - Lima",
          "notifications": false,
          "profile_background_image_url_https": null,
          "profile_background_tile": false,
          "listed_count": 2,
          "url": null,
          "verified": false,
          "profile_sidebar_fill_color": "DDEEF6",
          "profile_background_image_url": null,
          "created_at": "Thu Jun 20 14:38:07 +0000 2019",
          "protected": false
        },
        "source": "<a href=\"http://www.facebook.com/twitter\" rel=\"nofollow\">Facebook</a>",
        "in_reply_to_screen_name": null,
        "created_at": "Mon Jan 06 18:42:42 +0000 2020",
        "in_reply_to_user_id_str": null
      },
      "entities": {
        "hashtags": [],
        "urls": [],
        "user_mentions": [
          {
            "id": 1141716863417819136,
            "screen_name": "fatyl_lima",
            "name": "Frente Amplio - Tierra y Libertad JVL - Lima",
            "id_str": "1141716863417819136",
            "indices": [
              3,
              14
            ]
          },
          {
            "id": 425964813,
            "screen_name": "noakeikope",
            "name": "No a Keiko",
            "id_str": "425964813",
            "indices": [
              27,
              38
            ]
          },
          {
            "id": 1134834835422191616,
            "screen_name": "dannymarce10",
            "name": "𝕯𝖆𝖓𝖓𝖞 𝕸𝖆𝖗𝖈𝖊𝖑𝖔",
            "id_str": "1134834835422191616",
            "indices": [
              92,
              105
            ]
          }
        ],
        "symbols": []
      },
      "coordinates": null,
      "user": {
        "followers_count": 176,
        "profile_image_url": "http://pbs.twimg.com/profile_images/946089654545084417/pfK812hC_normal.jpg",
        "utc_offset": null,
        "geo_enabled": false,
        "id": 741079153160671232,
        "description": "",
        "default_profile": true,
        "is_translation_enabled": false,
        "default_profile_image": false,
        "profile_link_color": "1DA1F2",
        "time_zone": null,
        "statuses_count": 15774,
        "id_str": "741079153160671232",
        "profile_background_color": "F5F8FA",
        "contributors_enabled": false,
        "location": "",
        "profile_sidebar_border_color": "C0DEED",
        "profile_use_background_image": true,
        "translator_type": "none",
        "friends_count": 1943,
        "profile_text_color": "333333",
        "lang": null,
        "screen_name": "emontezumas",
        "profile_image_url_https": "https://pbs.twimg.com/profile_images/946089654545084417/pfK812hC_normal.jpg",
        "following": false,
        "follow_request_sent": false,
        "favourites_count": 18483,
        "entities": {
          "description": {
            "urls": []
          }
        },
        "has_extended_profile": false,
        "is_translator": false,
        "name": "Enrique Montezuma",
        "notifications": false,
        "profile_background_image_url_https": null,
        "profile_background_tile": false,
        "listed_count": 0,
        "url": null,
        "verified": false,
        "profile_sidebar_fill_color": "DDEEF6",
        "profile_background_image_url": null,
        "created_at": "Fri Jun 10 01:26:53 +0000 2016",
        "protected": false
      },
      "source": "<a href=\"http://twitter.com/download/android\" rel=\"nofollow\">Twitter for Android</a>",
      "in_reply_to_screen_name": null,
      "created_at": "Tue Jan 07 03:16:27 +0000 2020",
      "in_reply_to_user_id_str": null
    },
    {
      "in_reply_to_status_id_str": "1213961781430935553",
      "metadata": {
        "result_type": "recent",
        "iso_language_code": "es"
      },
      "lang": "es",
      "geo": null,
      "id": 1214384190885695491,
      "truncated": true,
      "favorited": false,
      "in_reply_to_status_id": 1213961781430935553,
      "retweeted": false,
      "text": "@pavese @FrenteAmplioPe @fatyl_lima @drocabas @EnriqueFCHA @MirafloresFa @WaykaPeru @vozdelatierra @GabSalvador85… https://t.co/RBoZuE2D0V",
      "retweet_count": 0,
      "is_quote_status": false,
      "place": {
        "country_code": "PE",
        "country": "Peru",
        "bounding_box": {
          "coordinates": [
            [
              [
                -77.0094640826507,
                -12.1138759753158
              ],
              [
                -76.9754401177714,
                -12.1138759753158
              ],
              [
                -76.9754401177714,
                -12.0795720335272
              ],
              [
                -77.0094640826507,
                -12.0795720335272
              ]
            ]
          ],
          "type": "Polygon"
        },
        "url": "https://api.twitter.com/1.1/geo/id/0142981624862aa5.json",
        "contained_within": [],
        "id": "0142981624862aa5",
        "place_type": "city",
        "attributes": {},
        "full_name": "San Borja, Peru",
        "name": "San Borja"
      },
      "coordinates": null,
      "id_str": "1214384190885695491",
      "contributors": null,
      "in_reply_to_user_id": 14051600,
      "entities": {
        "hashtags": [],
        "urls": [
          {
            "expanded_url": "https://twitter.com/i/web/status/1214384190885695491",
            "display_url": "twitter.com/i/web/status/1…",
            "url": "https://t.co/RBoZuE2D0V",
            "indices": [
              115,
              138
            ]
          }
        ],
        "user_mentions": [
          {
            "id": 14051600,
            "screen_name": "pavese",
            "name": "RocioSilvaSantisteba",
            "id_str": "14051600",
            "indices": [
              0,
              7
            ]
          },
          {
            "id": 944253031767519233,
            "screen_name": "FrenteAmplioPe",
            "name": "Frente Amplio Perú",
            "id_str": "944253031767519233",
            "indices": [
              8,
              23
            ]
          },
          {
            "id": 1141716863417819136,
            "screen_name": "fatyl_lima",
            "name": "Frente Amplio - Tierra y Libertad JVL - Lima",
            "id_str": "1141716863417819136",
            "indices": [
              24,
              35
            ]
          },
          {
            "id": 37286968,
            "screen_name": "drocabas",
            "name": "David Roca Basadre",
            "id_str": "37286968",
            "indices": [
              36,
              45
            ]
          },
          {
            "id": 1017875140313518081,
            "screen_name": "EnriqueFCHA",
            "name": "Enrique Fernández Chacón",
            "id_str": "1017875140313518081",
            "indices": [
              46,
              58
            ]
          },
          {
            "id": 747146165980893185,
            "screen_name": "MirafloresFa",
            "name": "FA-Miraflores",
            "id_str": "747146165980893185",
            "indices": [
              59,
              72
            ]
          },
          {
            "id": 2180222485,
            "screen_name": "WaykaPeru",
            "name": "🇵🇪 Wayka📢",
            "id_str": "2180222485",
            "indices": [
              73,
              83
            ]
          },
          {
            "id": 361042982,
            "screen_name": "vozdelatierra",
            "name": "Marco Arana 🇵🇪",
            "id_str": "361042982",
            "indices": [
              84,
              98
            ]
          },
          {
            "id": 909437916539219969,
            "screen_name": "GabSalvador85",
            "name": "Gabriela Salvador C.",
            "id_str": "909437916539219969",
            "indices": [
              99,
              113
            ]
          }
        ],
        "symbols": []
      },
      "favorite_count": 0,
      "user": {
        "followers_count": 7490,
        "profile_image_url": "http://pbs.twimg.com/profile_images/1214396448525242369/c85baU7a_normal.jpg",
        "utc_offset": null,
        "geo_enabled": true,
        "id": 732405489384992772,
        "description": "anti caviar , anti comunista",
        "default_profile": true,
        "is_translation_enabled": false,
        "default_profile_image": false,
        "profile_link_color": "1DA1F2",
        "time_zone": null,
        "statuses_count": 144859,
        "id_str": "732405489384992772",
        "profile_background_color": "F5F8FA",
        "contributors_enabled": false,
        "location": "San Isidro Lima , Peru 🇵🇪",
        "profile_sidebar_border_color": "C0DEED",
        "profile_use_background_image": true,
        "translator_type": "none",
        "friends_count": 2233,
        "profile_text_color": "333333",
        "lang": null,
        "screen_name": "RichardMontoyaR",
        "profile_image_url_https": "https://pbs.twimg.com/profile_images/1214396448525242369/c85baU7a_normal.jpg",
        "following": false,
        "follow_request_sent": false,
        "profile_banner_url": "https://pbs.twimg.com/profile_banners/732405489384992772/1545795598",
        "favourites_count": 171693,
        "entities": {
          "description": {
            "urls": []
          }
        },
        "has_extended_profile": true,
        "is_translator": false,
        "name": "Richard Montoya",
        "notifications": false,
        "profile_background_image_url_https": null,
        "profile_background_tile": false,
        "listed_count": 13,
        "url": null,
        "verified": false,
        "profile_sidebar_fill_color": "DDEEF6",
        "profile_background_image_url": null,
        "created_at": "Tue May 17 03:00:50 +0000 2016",
        "protected": false
      },
      "source": "<a href=\"http://twitter.com/download/iphone\" rel=\"nofollow\">Twitter for iPhone</a>",
      "in_reply_to_screen_name": "pavese",
      "created_at": "Tue Jan 07 03:12:07 +0000 2020",
      "in_reply_to_user_id_str": "14051600"
    },
    {
      "in_reply_to_status_id_str": "1213961781430935553",
      "metadata": {
        "result_type": "recent",
        "iso_language_code": "ca"
      },
      "lang": "ca",
      "geo": null,
      "id": 1214375518444720128,
      "truncated": true,
      "favorited": false,
      "in_reply_to_status_id": 1213961781430935553,
      "retweeted": false,
      "text": "@pavese @FrenteAmplioPe @fatyl_lima @drocabas @EnriqueFCHA @MirafloresFa @WaykaPeru @vozdelatierra @GabSalvador85… https://t.co/QpNyHD3en6",
      "retweet_count": 0,
      "is_quote_status": false,
      "place": null,
      "coordinates": null,
      "id_str": "1214375518444720128",
      "contributors": null,
      "in_reply_to_user_id": 14051600,
      "entities": {
        "hashtags": [],
        "urls": [
          {
            "expanded_url": "https://twitter.com/i/web/status/1214375518444720128",
            "display_url": "twitter.com/i/web/status/1…",
            "url": "https://t.co/QpNyHD3en6",
            "indices": [
              115,
              138
            ]
          }
        ],
        "user_mentions": [
          {
            "id": 14051600,
            "screen_name": "pavese",
            "name": "RocioSilvaSantisteba",
            "id_str": "14051600",
            "indices": [
              0,
              7
            ]
          },
          {
            "id": 944253031767519233,
            "screen_name": "FrenteAmplioPe",
            "name": "Frente Amplio Perú",
            "id_str": "944253031767519233",
            "indices": [
              8,
              23
            ]
          },
          {
            "id": 1141716863417819136,
            "screen_name": "fatyl_lima",
            "name": "Frente Amplio - Tierra y Libertad JVL - Lima",
            "id_str": "1141716863417819136",
            "indices": [
              24,
              35
            ]
          },
          {
            "id": 37286968,
            "screen_name": "drocabas",
            "name": "David Roca Basadre",
            "id_str": "37286968",
            "indices": [
              36,
              45
            ]
          },
          {
            "id": 1017875140313518081,
            "screen_name": "EnriqueFCHA",
            "name": "Enrique Fernández Chacón",
            "id_str": "1017875140313518081",
            "indices": [
              46,
              58
            ]
          },
          {
            "id": 747146165980893185,
            "screen_name": "MirafloresFa",
            "name": "FA-Miraflores",
            "id_str": "747146165980893185",
            "indices": [
              59,
              72
            ]
          },
          {
            "id": 2180222485,
            "screen_name": "WaykaPeru",
            "name": "🇵🇪 Wayka📢",
            "id_str": "2180222485",
            "indices": [
              73,
              83
            ]
          },
          {
            "id": 361042982,
            "screen_name": "vozdelatierra",
            "name": "Marco Arana 🇵🇪",
            "id_str": "361042982",
            "indices": [
              84,
              98
            ]
          },
          {
            "id": 909437916539219969,
            "screen_name": "GabSalvador85",
            "name": "Gabriela Salvador C.",
            "id_str": "909437916539219969",
            "indices": [
              99,
              113
            ]
          }
        ],
        "symbols": []
      },
      "favorite_count": 1,
      "user": {
        "followers_count": 1200,
        "profile_image_url": "http://pbs.twimg.com/profile_images/1126444529991598080/YOS6HdQ4_normal.jpg",
        "utc_offset": null,
        "geo_enabled": false,
        "id": 2897858448,
        "description": "P r o  V i d a. \nP r o  L i f e\n💙\n*El mundo da vueltas//\n*what goes around comes around.",
        "default_profile": true,
        "is_translation_enabled": false,
        "default_profile_image": false,
        "profile_link_color": "1DA1F2",
        "time_zone": null,
        "statuses_count": 6445,
        "id_str": "2897858448",
        "profile_background_color": "C0DEED",
        "contributors_enabled": false,
        "location": "",
        "profile_sidebar_border_color": "C0DEED",
        "profile_use_background_image": true,
        "translator_type": "none",
        "friends_count": 3583,
        "profile_text_color": "333333",
        "lang": null,
        "screen_name": "bluecat19xx",
        "profile_image_url_https": "https://pbs.twimg.com/profile_images/1126444529991598080/YOS6HdQ4_normal.jpg",
        "following": false,
        "follow_request_sent": false,
        "profile_banner_url": "https://pbs.twimg.com/profile_banners/2897858448/1557482363",
        "favourites_count": 11596,
        "entities": {
          "description": {
            "urls": []
          }
        },
        "has_extended_profile": false,
        "is_translator": false,
        "name": "Lalo",
        "notifications": false,
        "profile_background_image_url_https": "https://abs.twimg.com/images/themes/theme1/bg.png",
        "profile_background_tile": false,
        "listed_count": 1,
        "url": null,
        "verified": false,
        "profile_sidebar_fill_color": "DDEEF6",
        "profile_background_image_url": "http://abs.twimg.com/images/themes/theme1/bg.png",
        "created_at": "Wed Nov 12 22:38:06 +0000 2014",
        "protected": false
      },
      "source": "<a href=\"http://twitter.com/download/android\" rel=\"nofollow\">Twitter for Android</a>",
      "in_reply_to_screen_name": "pavese",
      "created_at": "Tue Jan 07 02:37:40 +0000 2020",
      "in_reply_to_user_id_str": "14051600"
    },
    {
      "in_reply_to_status_id_str": "1213961781430935553",
      "metadata": {
        "result_type": "recent",
        "iso_language_code": "es"
      },
      "lang": "es",
      "geo": null,
      "id": 1214368211136733185,
      "truncated": true,
      "favorited": false,
      "in_reply_to_status_id": 1213961781430935553,
      "retweeted": false,
      "text": "@pavese @FrenteAmplioPe @fatyl_lima @drocabas @EnriqueFCHA @MirafloresFa @WaykaPeru @vozdelatierra @GabSalvador85… https://t.co/YAokWU6eS3",
      "retweet_count": 0,
      "is_quote_status": false,
      "place": null,
      "coordinates": null,
      "id_str": "1214368211136733185",
      "contributors": null,
      "in_reply_to_user_id": 14051600,
      "entities": {
        "hashtags": [],
        "urls": [
          {
            "expanded_url": "https://twitter.com/i/web/status/1214368211136733185",
            "display_url": "twitter.com/i/web/status/1…",
            "url": "https://t.co/YAokWU6eS3",
            "indices": [
              115,
              138
            ]
          }
        ],
        "user_mentions": [
          {
            "id": 14051600,
            "screen_name": "pavese",
            "name": "RocioSilvaSantisteba",
            "id_str": "14051600",
            "indices": [
              0,
              7
            ]
          },
          {
            "id": 944253031767519233,
            "screen_name": "FrenteAmplioPe",
            "name": "Frente Amplio Perú",
            "id_str": "944253031767519233",
            "indices": [
              8,
              23
            ]
          },
          {
            "id": 1141716863417819136,
            "screen_name": "fatyl_lima",
            "name": "Frente Amplio - Tierra y Libertad JVL - Lima",
            "id_str": "1141716863417819136",
            "indices": [
              24,
              35
            ]
          },
          {
            "id": 37286968,
            "screen_name": "drocabas",
            "name": "David Roca Basadre",
            "id_str": "37286968",
            "indices": [
              36,
              45
            ]
          },
          {
            "id": 1017875140313518081,
            "screen_name": "EnriqueFCHA",
            "name": "Enrique Fernández Chacón",
            "id_str": "1017875140313518081",
            "indices": [
              46,
              58
            ]
          },
          {
            "id": 747146165980893185,
            "screen_name": "MirafloresFa",
            "name": "FA-Miraflores",
            "id_str": "747146165980893185",
            "indices": [
              59,
              72
            ]
          },
          {
            "id": 2180222485,
            "screen_name": "WaykaPeru",
            "name": "🇵🇪 Wayka📢",
            "id_str": "2180222485",
            "indices": [
              73,
              83
            ]
          },
          {
            "id": 361042982,
            "screen_name": "vozdelatierra",
            "name": "Marco Arana 🇵🇪",
            "id_str": "361042982",
            "indices": [
              84,
              98
            ]
          },
          {
            "id": 909437916539219969,
            "screen_name": "GabSalvador85",
            "name": "Gabriela Salvador C.",
            "id_str": "909437916539219969",
            "indices": [
              99,
              113
            ]
          }
        ],
        "symbols": []
      },
      "favorite_count": 2,
      "user": {
        "followers_count": 143,
        "profile_image_url": "http://pbs.twimg.com/profile_images/1084576238943985664/N2MQG4Hz_normal.jpg",
        "utc_offset": null,
        "geo_enabled": false,
        "id": 890919301410172928,
        "description": "",
        "default_profile": true,
        "is_translation_enabled": false,
        "default_profile_image": false,
        "profile_link_color": "1DA1F2",
        "time_zone": null,
        "statuses_count": 8343,
        "id_str": "890919301410172928",
        "profile_background_color": "F5F8FA",
        "contributors_enabled": false,
        "location": "",
        "profile_sidebar_border_color": "C0DEED",
        "profile_use_background_image": true,
        "translator_type": "none",
        "friends_count": 1613,
        "profile_text_color": "333333",
        "lang": null,
        "screen_name": "freep2018",
        "profile_image_url_https": "https://pbs.twimg.com/profile_images/1084576238943985664/N2MQG4Hz_normal.jpg",
        "following": false,
        "follow_request_sent": false,
        "favourites_count": 4405,
        "entities": {
          "description": {
            "urls": []
          }
        },
        "has_extended_profile": false,
        "is_translator": false,
        "name": "PharmC",
        "notifications": false,
        "profile_background_image_url_https": null,
        "profile_background_tile": false,
        "listed_count": 4,
        "url": null,
        "verified": false,
        "profile_sidebar_fill_color": "DDEEF6",
        "profile_background_image_url": null,
        "created_at": "Fri Jul 28 12:58:08 +0000 2017",
        "protected": false
      },
      "source": "<a href=\"https://mobile.twitter.com\" rel=\"nofollow\">Twitter Web App</a>",
      "in_reply_to_screen_name": "pavese",
      "created_at": "Tue Jan 07 02:08:38 +0000 2020",
      "in_reply_to_user_id_str": "14051600"
    },
    {
      "in_reply_to_status_id_str": "1213961781430935553",
      "metadata": {
        "result_type": "recent",
        "iso_language_code": "es"
      },
      "lang": "es",
      "geo": null,
      "id": 1214367038917029889,
      "truncated": true,
      "favorited": false,
      "in_reply_to_status_id": 1213961781430935553,
      "retweeted": false,
      "text": "@pavese @FrenteAmplioPe @fatyl_lima @drocabas @EnriqueFCHA @MirafloresFa @WaykaPeru @vozdelatierra @GabSalvador85… https://t.co/L2pD9aaYoV",
      "retweet_count": 0,
      "is_quote_status": false,
      "place": null,
      "coordinates": null,
      "id_str": "1214367038917029889",
      "contributors": null,
      "in_reply_to_user_id": 14051600,
      "entities": {
        "hashtags": [],
        "urls": [
          {
            "expanded_url": "https://twitter.com/i/web/status/1214367038917029889",
            "display_url": "twitter.com/i/web/status/1…",
            "url": "https://t.co/L2pD9aaYoV",
            "indices": [
              115,
              138
            ]
          }
        ],
        "user_mentions": [
          {
            "id": 14051600,
            "screen_name": "pavese",
            "name": "RocioSilvaSantisteba",
            "id_str": "14051600",
            "indices": [
              0,
              7
            ]
          },
          {
            "id": 944253031767519233,
            "screen_name": "FrenteAmplioPe",
            "name": "Frente Amplio Perú",
            "id_str": "944253031767519233",
            "indices": [
              8,
              23
            ]
          },
          {
            "id": 1141716863417819136,
            "screen_name": "fatyl_lima",
            "name": "Frente Amplio - Tierra y Libertad JVL - Lima",
            "id_str": "1141716863417819136",
            "indices": [
              24,
              35
            ]
          },
          {
            "id": 37286968,
            "screen_name": "drocabas",
            "name": "David Roca Basadre",
            "id_str": "37286968",
            "indices": [
              36,
              45
            ]
          },
          {
            "id": 1017875140313518081,
            "screen_name": "EnriqueFCHA",
            "name": "Enrique Fernández Chacón",
            "id_str": "1017875140313518081",
            "indices": [
              46,
              58
            ]
          },
          {
            "id": 747146165980893185,
            "screen_name": "MirafloresFa",
            "name": "FA-Miraflores",
            "id_str": "747146165980893185",
            "indices": [
              59,
              72
            ]
          },
          {
            "id": 2180222485,
            "screen_name": "WaykaPeru",
            "name": "🇵🇪 Wayka📢",
            "id_str": "2180222485",
            "indices": [
              73,
              83
            ]
          },
          {
            "id": 361042982,
            "screen_name": "vozdelatierra",
            "name": "Marco Arana 🇵🇪",
            "id_str": "361042982",
            "indices": [
              84,
              98
            ]
          },
          {
            "id": 909437916539219969,
            "screen_name": "GabSalvador85",
            "name": "Gabriela Salvador C.",
            "id_str": "909437916539219969",
            "indices": [
              99,
              113
            ]
          }
        ],
        "symbols": []
      },
      "favorite_count": 2,
      "user": {
        "followers_count": 44,
        "profile_image_url": "http://pbs.twimg.com/profile_images/1206326878707093504/zWOgv5cZ_normal.jpg",
        "utc_offset": null,
        "geo_enabled": false,
        "id": 926660029,
        "description": "",
        "default_profile": true,
        "is_translation_enabled": false,
        "default_profile_image": false,
        "profile_link_color": "1DA1F2",
        "time_zone": null,
        "statuses_count": 4039,
        "id_str": "926660029",
        "profile_background_color": "C0DEED",
        "contributors_enabled": false,
        "location": "",
        "profile_sidebar_border_color": "C0DEED",
        "profile_use_background_image": true,
        "translator_type": "none",
        "friends_count": 230,
        "profile_text_color": "333333",
        "lang": null,
        "screen_name": "caitresjolie",
        "profile_image_url_https": "https://pbs.twimg.com/profile_images/1206326878707093504/zWOgv5cZ_normal.jpg",
        "following": false,
        "follow_request_sent": false,
        "favourites_count": 7502,
        "entities": {
          "description": {
            "urls": []
          }
        },
        "has_extended_profile": false,
        "is_translator": false,
        "name": "Carla Vela Malaga",
        "notifications": false,
        "profile_background_image_url_https": "https://abs.twimg.com/images/themes/theme1/bg.png",
        "profile_background_tile": false,
        "listed_count": 1,
        "url": null,
        "verified": false,
        "profile_sidebar_fill_color": "DDEEF6",
        "profile_background_image_url": "http://abs.twimg.com/images/themes/theme1/bg.png",
        "created_at": "Mon Nov 05 02:16:30 +0000 2012",
        "protected": false
      },
      "source": "<a href=\"http://twitter.com/download/android\" rel=\"nofollow\">Twitter for Android</a>",
      "in_reply_to_screen_name": "pavese",
      "created_at": "Tue Jan 07 02:03:58 +0000 2020",
      "in_reply_to_user_id_str": "14051600"
    },
    {
      "in_reply_to_status_id_str": "1213961781430935553",
      "metadata": {
        "result_type": "recent",
        "iso_language_code": "es"
      },
      "lang": "es",
      "geo": null,
      "id": 1214361501894447104,
      "truncated": true,
      "favorited": false,
      "in_reply_to_status_id": 1213961781430935553,
      "retweeted": false,
      "text": "@pavese @FrenteAmplioPe @fatyl_lima @drocabas @EnriqueFCHA @MirafloresFa @WaykaPeru @vozdelatierra @GabSalvador85… https://t.co/cSwTOSSo0z",
      "retweet_count": 0,
      "is_quote_status": false,
      "place": null,
      "coordinates": null,
      "id_str": "1214361501894447104",
      "contributors": null,
      "in_reply_to_user_id": 14051600,
      "entities": {
        "hashtags": [],
        "urls": [
          {
            "expanded_url": "https://twitter.com/i/web/status/1214361501894447104",
            "display_url": "twitter.com/i/web/status/1…",
            "url": "https://t.co/cSwTOSSo0z",
            "indices": [
              115,
              138
            ]
          }
        ],
        "user_mentions": [
          {
            "id": 14051600,
            "screen_name": "pavese",
            "name": "RocioSilvaSantisteba",
            "id_str": "14051600",
            "indices": [
              0,
              7
            ]
          },
          {
            "id": 944253031767519233,
            "screen_name": "FrenteAmplioPe",
            "name": "Frente Amplio Perú",
            "id_str": "944253031767519233",
            "indices": [
              8,
              23
            ]
          },
          {
            "id": 1141716863417819136,
            "screen_name": "fatyl_lima",
            "name": "Frente Amplio - Tierra y Libertad JVL - Lima",
            "id_str": "1141716863417819136",
            "indices": [
              24,
              35
            ]
          },
          {
            "id": 37286968,
            "screen_name": "drocabas",
            "name": "David Roca Basadre",
            "id_str": "37286968",
            "indices": [
              36,
              45
            ]
          },
          {
            "id": 1017875140313518081,
            "screen_name": "EnriqueFCHA",
            "name": "Enrique Fernández Chacón",
            "id_str": "1017875140313518081",
            "indices": [
              46,
              58
            ]
          },
          {
            "id": 747146165980893185,
            "screen_name": "MirafloresFa",
            "name": "FA-Miraflores",
            "id_str": "747146165980893185",
            "indices": [
              59,
              72
            ]
          },
          {
            "id": 2180222485,
            "screen_name": "WaykaPeru",
            "name": "🇵🇪 Wayka📢",
            "id_str": "2180222485",
            "indices": [
              73,
              83
            ]
          },
          {
            "id": 361042982,
            "screen_name": "vozdelatierra",
            "name": "Marco Arana 🇵🇪",
            "id_str": "361042982",
            "indices": [
              84,
              98
            ]
          },
          {
            "id": 909437916539219969,
            "screen_name": "GabSalvador85",
            "name": "Gabriela Salvador C.",
            "id_str": "909437916539219969",
            "indices": [
              99,
              113
            ]
          }
        ],
        "symbols": []
      },
      "favorite_count": 1,
      "user": {
        "followers_count": 143,
        "profile_image_url": "http://pbs.twimg.com/profile_images/1084576238943985664/N2MQG4Hz_normal.jpg",
        "utc_offset": null,
        "geo_enabled": false,
        "id": 890919301410172928,
        "description": "",
        "default_profile": true,
        "is_translation_enabled": false,
        "default_profile_image": false,
        "profile_link_color": "1DA1F2",
        "time_zone": null,
        "statuses_count": 8343,
        "id_str": "890919301410172928",
        "profile_background_color": "F5F8FA",
        "contributors_enabled": false,
        "location": "",
        "profile_sidebar_border_color": "C0DEED",
        "profile_use_background_image": true,
        "translator_type": "none",
        "friends_count": 1613,
        "profile_text_color": "333333",
        "lang": null,
        "screen_name": "freep2018",
        "profile_image_url_https": "https://pbs.twimg.com/profile_images/1084576238943985664/N2MQG4Hz_normal.jpg",
        "following": false,
        "follow_request_sent": false,
        "favourites_count": 4405,
        "entities": {
          "description": {
            "urls": []
          }
        },
        "has_extended_profile": false,
        "is_translator": false,
        "name": "PharmC",
        "notifications": false,
        "profile_background_image_url_https": null,
        "profile_background_tile": false,
        "listed_count": 4,
        "url": null,
        "verified": false,
        "profile_sidebar_fill_color": "DDEEF6",
        "profile_background_image_url": null,
        "created_at": "Fri Jul 28 12:58:08 +0000 2017",
        "protected": false
      },
      "source": "<a href=\"https://mobile.twitter.com\" rel=\"nofollow\">Twitter Web App</a>",
      "in_reply_to_screen_name": "pavese",
      "created_at": "Tue Jan 07 01:41:58 +0000 2020",
      "in_reply_to_user_id_str": "14051600"
    },
    {
      "in_reply_to_status_id_str": "1213961781430935553",
      "metadata": {
        "result_type": "recent",
        "iso_language_code": "und"
      },
      "lang": "und",
      "geo": null,
      "id": 1214359135954882562,
      "truncated": true,
      "favorited": false,
      "in_reply_to_status_id": 1213961781430935553,
      "retweeted": false,
      "text": "@pavese @FrenteAmplioPe @fatyl_lima @drocabas @EnriqueFCHA @MirafloresFa @WaykaPeru @vozdelatierra @GabSalvador85… https://t.co/LNYBpqsiQp",
      "retweet_count": 0,
      "is_quote_status": false,
      "place": null,
      "coordinates": null,
      "id_str": "1214359135954882562",
      "contributors": null,
      "in_reply_to_user_id": 14051600,
      "entities": {
        "hashtags": [],
        "urls": [
          {
            "expanded_url": "https://twitter.com/i/web/status/1214359135954882562",
            "display_url": "twitter.com/i/web/status/1…",
            "url": "https://t.co/LNYBpqsiQp",
            "indices": [
              115,
              138
            ]
          }
        ],
        "user_mentions": [
          {
            "id": 14051600,
            "screen_name": "pavese",
            "name": "RocioSilvaSantisteba",
            "id_str": "14051600",
            "indices": [
              0,
              7
            ]
          },
          {
            "id": 944253031767519233,
            "screen_name": "FrenteAmplioPe",
            "name": "Frente Amplio Perú",
            "id_str": "944253031767519233",
            "indices": [
              8,
              23
            ]
          },
          {
            "id": 1141716863417819136,
            "screen_name": "fatyl_lima",
            "name": "Frente Amplio - Tierra y Libertad JVL - Lima",
            "id_str": "1141716863417819136",
            "indices": [
              24,
              35
            ]
          },
          {
            "id": 37286968,
            "screen_name": "drocabas",
            "name": "David Roca Basadre",
            "id_str": "37286968",
            "indices": [
              36,
              45
            ]
          },
          {
            "id": 1017875140313518081,
            "screen_name": "EnriqueFCHA",
            "name": "Enrique Fernández Chacón",
            "id_str": "1017875140313518081",
            "indices": [
              46,
              58
            ]
          },
          {
            "id": 747146165980893185,
            "screen_name": "MirafloresFa",
            "name": "FA-Miraflores",
            "id_str": "747146165980893185",
            "indices": [
              59,
              72
            ]
          },
          {
            "id": 2180222485,
            "screen_name": "WaykaPeru",
            "name": "🇵🇪 Wayka📢",
            "id_str": "2180222485",
            "indices": [
              73,
              83
            ]
          },
          {
            "id": 361042982,
            "screen_name": "vozdelatierra",
            "name": "Marco Arana 🇵🇪",
            "id_str": "361042982",
            "indices": [
              84,
              98
            ]
          },
          {
            "id": 909437916539219969,
            "screen_name": "GabSalvador85",
            "name": "Gabriela Salvador C.",
            "id_str": "909437916539219969",
            "indices": [
              99,
              113
            ]
          }
        ],
        "symbols": []
      },
      "favorite_count": 3,
      "user": {
        "followers_count": 3921,
        "profile_image_url": "http://pbs.twimg.com/profile_images/1202925259856502784/LsI1Fab5_normal.jpg",
        "utc_offset": null,
        "geo_enabled": false,
        "id": 2227417610,
        "description": "Independiente,\nCatólica,\nMamá luchona  \nDe la U 😊\nRojo que veo rojo que bloqueo",
        "default_profile": true,
        "is_translation_enabled": false,
        "default_profile_image": false,
        "profile_link_color": "1DA1F2",
        "time_zone": null,
        "statuses_count": 20297,
        "id_str": "2227417610",
        "profile_background_color": "C0DEED",
        "contributors_enabled": false,
        "location": "",
        "profile_sidebar_border_color": "C0DEED",
        "profile_use_background_image": true,
        "translator_type": "none",
        "friends_count": 418,
        "profile_text_color": "333333",
        "lang": null,
        "screen_name": "CharitoABC",
        "profile_image_url_https": "https://pbs.twimg.com/profile_images/1202925259856502784/LsI1Fab5_normal.jpg",
        "following": false,
        "follow_request_sent": false,
        "profile_banner_url": "https://pbs.twimg.com/profile_banners/2227417610/1575759126",
        "favourites_count": 51451,
        "entities": {
          "description": {
            "urls": []
          }
        },
        "has_extended_profile": false,
        "is_translator": false,
        "name": "RosarioBenavidesAB 🇵🇪",
        "notifications": false,
        "profile_background_image_url_https": "https://abs.twimg.com/images/themes/theme1/bg.png",
        "profile_background_tile": false,
        "listed_count": 13,
        "url": null,
        "verified": false,
        "profile_sidebar_fill_color": "DDEEF6",
        "profile_background_image_url": "http://abs.twimg.com/images/themes/theme1/bg.png",
        "created_at": "Mon Dec 02 23:30:09 +0000 2013",
        "protected": false
      },
      "source": "<a href=\"http://twitter.com/download/android\" rel=\"nofollow\">Twitter for Android</a>",
      "in_reply_to_screen_name": "pavese",
      "created_at": "Tue Jan 07 01:32:34 +0000 2020",
      "in_reply_to_user_id_str": "14051600"
    },
    {
      "in_reply_to_status_id_str": "1214169373981708288",
      "metadata": {
        "result_type": "recent",
        "iso_language_code": "es"
      },
      "lang": "es",
      "geo": null,
      "id": 1214340369162342400,
      "truncated": true,
      "favorited": false,
      "in_reply_to_status_id": 1214169373981708288,
      "retweeted": false,
      "text": "@pavese @claudiacisneros @FrenteAmplioPe @CaramaQantu @vozdelatierra @LizIvett @fatyl_lima @sunivazo @tuesta… https://t.co/UJb4mIG2BR",
      "retweet_count": 0,
      "is_quote_status": false,
      "place": null,
      "coordinates": null,
      "id_str": "1214340369162342400",
      "contributors": null,
      "in_reply_to_user_id": 14051600,
      "entities": {
        "hashtags": [],
        "urls": [
          {
            "expanded_url": "https://twitter.com/i/web/status/1214340369162342400",
            "display_url": "twitter.com/i/web/status/1…",
            "url": "https://t.co/UJb4mIG2BR",
            "indices": [
              110,
              133
            ]
          }
        ],
        "user_mentions": [
          {
            "id": 14051600,
            "screen_name": "pavese",
            "name": "RocioSilvaSantisteba",
            "id_str": "14051600",
            "indices": [
              0,
              7
            ]
          },
          {
            "id": 32532614,
            "screen_name": "claudiacisneros",
            "name": "claudia cisneros",
            "id_str": "32532614",
            "indices": [
              8,
              24
            ]
          },
          {
            "id": 944253031767519233,
            "screen_name": "FrenteAmplioPe",
            "name": "Frente Amplio Perú",
            "id_str": "944253031767519233",
            "indices": [
              25,
              40
            ]
          },
          {
            "id": 856731263016808449,
            "screen_name": "CaramaQantu",
            "name": "Carmen Amaro",
            "id_str": "856731263016808449",
            "indices": [
              41,
              53
            ]
          },
          {
            "id": 361042982,
            "screen_name": "vozdelatierra",
            "name": "Marco Arana 🇵🇪",
            "id_str": "361042982",
            "indices": [
              54,
              68
            ]
          },
          {
            "id": 519002129,
            "screen_name": "LizIvett",
            "name": "Liz Meléndez",
            "id_str": "519002129",
            "indices": [
              69,
              78
            ]
          },
          {
            "id": 1141716863417819136,
            "screen_name": "fatyl_lima",
            "name": "Frente Amplio - Tierra y Libertad JVL - Lima",
            "id_str": "1141716863417819136",
            "indices": [
              79,
              90
            ]
          },
          {
            "id": 268851315,
            "screen_name": "sunivazo",
            "name": "Sol Univazo",
            "id_str": "268851315",
            "indices": [
              91,
              100
            ]
          },
          {
            "id": 17925531,
            "screen_name": "tuesta",
            "name": "Fernando Tuesta Soldevilla",
            "id_str": "17925531",
            "indices": [
              101,
              108
            ]
          }
        ],
        "symbols": []
      },
      "favorite_count": 0,
      "user": {
        "followers_count": 0,
        "profile_image_url": "http://pbs.twimg.com/profile_images/1214041451031601154/YI3rEtRS_normal.jpg",
        "utc_offset": null,
        "geo_enabled": false,
        "id": 1214040980678049793,
        "description": "Peruano consciente.",
        "default_profile": true,
        "is_translation_enabled": false,
        "default_profile_image": false,
        "profile_link_color": "1DA1F2",
        "time_zone": null,
        "statuses_count": 1,
        "id_str": "1214040980678049793",
        "profile_background_color": "F5F8FA",
        "contributors_enabled": false,
        "location": "",
        "profile_sidebar_border_color": "C0DEED",
        "profile_use_background_image": true,
        "translator_type": "none",
        "friends_count": 60,
        "profile_text_color": "333333",
        "lang": null,
        "screen_name": "LuisGia26016916",
        "profile_image_url_https": "https://pbs.twimg.com/profile_images/1214041451031601154/YI3rEtRS_normal.jpg",
        "following": false,
        "follow_request_sent": false,
        "favourites_count": 1,
        "entities": {
          "description": {
            "urls": []
          }
        },
        "has_extended_profile": false,
        "is_translator": false,
        "name": "Luis Giancarlo",
        "notifications": false,
        "profile_background_image_url_https": null,
        "profile_background_tile": false,
        "listed_count": 0,
        "url": null,
        "verified": false,
        "profile_sidebar_fill_color": "DDEEF6",
        "profile_background_image_url": null,
        "created_at": "Mon Jan 06 04:28:36 +0000 2020",
        "protected": false
      },
      "source": "<a href=\"http://twitter.com/download/android\" rel=\"nofollow\">Twitter for Android</a>",
      "in_reply_to_screen_name": "pavese",
      "created_at": "Tue Jan 07 00:18:00 +0000 2020",
      "in_reply_to_user_id_str": "14051600"
    },
    {
      "in_reply_to_status_id_str": "1213961781430935553",
      "metadata": {
        "result_type": "recent",
        "iso_language_code": "es"
      },
      "lang": "es",
      "geo": null,
      "id": 1214228352313241601,
      "truncated": true,
      "favorited": false,
      "in_reply_to_status_id": 1213961781430935553,
      "retweeted": false,
      "text": "@pavese @FrenteAmplioPe @fatyl_lima @drocabas @EnriqueFCHA @MirafloresFa @WaykaPeru @vozdelatierra @GabSalvador85… https://t.co/tbqY2Bcvk7",
      "retweet_count": 0,
      "is_quote_status": false,
      "place": null,
      "coordinates": null,
      "id_str": "1214228352313241601",
      "contributors": null,
      "in_reply_to_user_id": 14051600,
      "entities": {
        "hashtags": [],
        "urls": [
          {
            "expanded_url": "https://twitter.com/i/web/status/1214228352313241601",
            "display_url": "twitter.com/i/web/status/1…",
            "url": "https://t.co/tbqY2Bcvk7",
            "indices": [
              115,
              138
            ]
          }
        ],
        "user_mentions": [
          {
            "id": 14051600,
            "screen_name": "pavese",
            "name": "RocioSilvaSantisteba",
            "id_str": "14051600",
            "indices": [
              0,
              7
            ]
          },
          {
            "id": 944253031767519233,
            "screen_name": "FrenteAmplioPe",
            "name": "Frente Amplio Perú",
            "id_str": "944253031767519233",
            "indices": [
              8,
              23
            ]
          },
          {
            "id": 1141716863417819136,
            "screen_name": "fatyl_lima",
            "name": "Frente Amplio - Tierra y Libertad JVL - Lima",
            "id_str": "1141716863417819136",
            "indices": [
              24,
              35
            ]
          },
          {
            "id": 37286968,
            "screen_name": "drocabas",
            "name": "David Roca Basadre",
            "id_str": "37286968",
            "indices": [
              36,
              45
            ]
          },
          {
            "id": 1017875140313518081,
            "screen_name": "EnriqueFCHA",
            "name": "Enrique Fernández Chacón",
            "id_str": "1017875140313518081",
            "indices": [
              46,
              58
            ]
          },
          {
            "id": 747146165980893185,
            "screen_name": "MirafloresFa",
            "name": "FA-Miraflores",
            "id_str": "747146165980893185",
            "indices": [
              59,
              72
            ]
          },
          {
            "id": 2180222485,
            "screen_name": "WaykaPeru",
            "name": "🇵🇪 Wayka📢",
            "id_str": "2180222485",
            "indices": [
              73,
              83
            ]
          },
          {
            "id": 361042982,
            "screen_name": "vozdelatierra",
            "name": "Marco Arana 🇵🇪",
            "id_str": "361042982",
            "indices": [
              84,
              98
            ]
          },
          {
            "id": 909437916539219969,
            "screen_name": "GabSalvador85",
            "name": "Gabriela Salvador C.",
            "id_str": "909437916539219969",
            "indices": [
              99,
              113
            ]
          }
        ],
        "symbols": []
      },
      "favorite_count": 1,
      "user": {
        "followers_count": 103,
        "profile_image_url": "http://pbs.twimg.com/profile_images/887790939938459652/rFkLKol9_normal.jpg",
        "utc_offset": null,
        "geo_enabled": true,
        "id": 125239464,
        "description": "",
        "default_profile": false,
        "is_translation_enabled": false,
        "default_profile_image": false,
        "profile_link_color": "050000",
        "time_zone": null,
        "statuses_count": 933,
        "id_str": "125239464",
        "profile_background_color": "2D2D8A",
        "contributors_enabled": false,
        "location": "",
        "profile_sidebar_border_color": "FFFFFF",
        "profile_use_background_image": false,
        "translator_type": "none",
        "friends_count": 270,
        "profile_text_color": "333333",
        "lang": null,
        "screen_name": "JCFEROZ",
        "profile_image_url_https": "https://pbs.twimg.com/profile_images/887790939938459652/rFkLKol9_normal.jpg",
        "following": false,
        "follow_request_sent": false,
        "favourites_count": 601,
        "entities": {
          "description": {
            "urls": []
          }
        },
        "has_extended_profile": false,
        "is_translator": false,
        "name": "JOSHEP",
        "notifications": false,
        "profile_background_image_url_https": "https://abs.twimg.com/images/themes/theme6/bg.gif",
        "profile_background_tile": false,
        "listed_count": 1,
        "url": null,
        "verified": false,
        "profile_sidebar_fill_color": "A0C5C7",
        "profile_background_image_url": "http://abs.twimg.com/images/themes/theme6/bg.gif",
        "created_at": "Mon Mar 22 04:53:44 +0000 2010",
        "protected": false
      },
      "source": "<a href=\"http://twitter.com/download/android\" rel=\"nofollow\">Twitter for Android</a>",
      "in_reply_to_screen_name": "pavese",
      "created_at": "Mon Jan 06 16:52:53 +0000 2020",
      "in_reply_to_user_id_str": "14051600"
    },
    {
      "in_reply_to_status_id_str": "1214169373981708288",
      "metadata": {
        "result_type": "recent",
        "iso_language_code": "es"
      },
      "lang": "es",
      "geo": null,
      "id": 1214212836106354688,
      "truncated": false,
      "favorited": false,
      "in_reply_to_status_id": 1214169373981708288,
      "retweeted": false,
      "text": "@pavese @FrenteAmplioPe @CaramaQantu @vozdelatierra @LizIvett @fatyl_lima @sunivazo @tuesta @LuciaAlvites @GabSalvador85 Bien Rocío!! 💜💜💜",
      "retweet_count": 0,
      "is_quote_status": false,
      "place": null,
      "coordinates": null,
      "id_str": "1214212836106354688",
      "contributors": null,
      "in_reply_to_user_id": 14051600,
      "entities": {
        "hashtags": [],
        "urls": [],
        "user_mentions": [
          {
            "id": 14051600,
            "screen_name": "pavese",
            "name": "RocioSilvaSantisteba",
            "id_str": "14051600",
            "indices": [
              0,
              7
            ]
          },
          {
            "id": 944253031767519233,
            "screen_name": "FrenteAmplioPe",
            "name": "Frente Amplio Perú",
            "id_str": "944253031767519233",
            "indices": [
              8,
              23
            ]
          },
          {
            "id": 856731263016808449,
            "screen_name": "CaramaQantu",
            "name": "Carmen Amaro",
            "id_str": "856731263016808449",
            "indices": [
              24,
              36
            ]
          },
          {
            "id": 361042982,
            "screen_name": "vozdelatierra",
            "name": "Marco Arana 🇵🇪",
            "id_str": "361042982",
            "indices": [
              37,
              51
            ]
          },
          {
            "id": 519002129,
            "screen_name": "LizIvett",
            "name": "Liz Meléndez",
            "id_str": "519002129",
            "indices": [
              52,
              61
            ]
          },
          {
            "id": 1141716863417819136,
            "screen_name": "fatyl_lima",
            "name": "Frente Amplio - Tierra y Libertad JVL - Lima",
            "id_str": "1141716863417819136",
            "indices": [
              62,
              73
            ]
          },
          {
            "id": 268851315,
            "screen_name": "sunivazo",
            "name": "Sol Univazo",
            "id_str": "268851315",
            "indices": [
              74,
              83
            ]
          },
          {
            "id": 17925531,
            "screen_name": "tuesta",
            "name": "Fernando Tuesta Soldevilla",
            "id_str": "17925531",
            "indices": [
              84,
              91
            ]
          },
          {
            "id": 248429004,
            "screen_name": "LuciaAlvites",
            "name": "LuciaAlvites",
            "id_str": "248429004",
            "indices": [
              92,
              105
            ]
          },
          {
            "id": 909437916539219969,
            "screen_name": "GabSalvador85",
            "name": "Gabriela Salvador C.",
            "id_str": "909437916539219969",
            "indices": [
              106,
              120
            ]
          }
        ],
        "symbols": []
      },
      "favorite_count": 0,
      "user": {
        "followers_count": 874,
        "profile_image_url": "http://pbs.twimg.com/profile_images/1213288754779168768/d0Tzn47C_normal.jpg",
        "utc_offset": null,
        "geo_enabled": true,
        "id": 2970090359,
        "description": "Feminista. 🇵🇪 🇦🇷 Amo el chocolate amargo. Opiniones personales aquí. Puedes seguir mi chamba en @JimeBodyCoachEs Mi canal de YT aquí 👇🏼👇🏼",
        "default_profile": false,
        "is_translation_enabled": false,
        "default_profile_image": false,
        "profile_link_color": "E81C4F",
        "time_zone": null,
        "statuses_count": 19443,
        "id_str": "2970090359",
        "profile_background_color": "000000",
        "contributors_enabled": false,
        "location": "Lima, Peru",
        "profile_sidebar_border_color": "000000",
        "profile_use_background_image": false,
        "translator_type": "none",
        "friends_count": 1741,
        "profile_text_color": "000000",
        "lang": null,
        "screen_name": "Ella_despeinada",
        "profile_image_url_https": "https://pbs.twimg.com/profile_images/1213288754779168768/d0Tzn47C_normal.jpg",
        "following": false,
        "follow_request_sent": false,
        "profile_banner_url": "https://pbs.twimg.com/profile_banners/2970090359/1578105556",
        "favourites_count": 35350,
        "entities": {
          "description": {
            "urls": []
          },
          "url": {
            "urls": [
              {
                "expanded_url": "https://www.youtube.com/channel/UCuD-Ur9RJ0QNyAO67SW1BWQ",
                "display_url": "youtube.com/channel/UCuD-U…",
                "url": "https://t.co/ewte59f1ui",
                "indices": [
                  0,
                  23
                ]
              }
            ]
          }
        },
        "has_extended_profile": true,
        "is_translator": false,
        "name": "Jimeñita 😏",
        "notifications": false,
        "profile_background_image_url_https": "https://abs.twimg.com/images/themes/theme1/bg.png",
        "profile_background_tile": false,
        "listed_count": 5,
        "url": "https://t.co/ewte59f1ui",
        "verified": false,
        "profile_sidebar_fill_color": "000000",
        "profile_background_image_url": "http://abs.twimg.com/images/themes/theme1/bg.png",
        "created_at": "Fri Jan 09 17:37:54 +0000 2015",
        "protected": false
      },
      "source": "<a href=\"http://twitter.com/download/iphone\" rel=\"nofollow\">Twitter for iPhone</a>",
      "in_reply_to_screen_name": "pavese",
      "created_at": "Mon Jan 06 15:51:13 +0000 2020",
      "in_reply_to_user_id_str": "14051600"
    },
    {
      "in_reply_to_status_id_str": "1214169373981708288",
      "metadata": {
        "result_type": "recent",
        "iso_language_code": "es"
      },
      "lang": "es",
      "geo": null,
      "id": 1214205690547449856,
      "truncated": false,
      "favorited": false,
      "in_reply_to_status_id": 1214169373981708288,
      "retweeted": false,
      "text": "@pavese @FrenteAmplioPe @CaramaQantu @vozdelatierra @LizIvett @fatyl_lima @sunivazo @tuesta @LuciaAlvites @GabSalvador85 Es buenísimo!!! 🙌🙌🙌",
      "retweet_count": 0,
      "is_quote_status": false,
      "place": {
        "country_code": "PE",
        "country": "Peru",
        "bounding_box": {
          "coordinates": [
            [
              [
                -77.1110830786398,
                -12.0976200001203
              ],
              [
                -77.0681271567066,
                -12.0976200001203
              ],
              [
                -77.0681271567066,
                -12.0616509613884
              ],
              [
                -77.1110830786398,
                -12.0616509613884
              ]
            ]
          ],
          "type": "Polygon"
        },
        "url": "https://api.twitter.com/1.1/geo/id/01e0aaf250623895.json",
        "contained_within": [],
        "id": "01e0aaf250623895",
        "place_type": "city",
        "attributes": {},
        "full_name": "San Miguel, Peru",
        "name": "San Miguel"
      },
      "coordinates": null,
      "id_str": "1214205690547449856",
      "contributors": null,
      "in_reply_to_user_id": 14051600,
      "entities": {
        "hashtags": [],
        "urls": [],
        "user_mentions": [
          {
            "id": 14051600,
            "screen_name": "pavese",
            "name": "RocioSilvaSantisteba",
            "id_str": "14051600",
            "indices": [
              0,
              7
            ]
          },
          {
            "id": 944253031767519233,
            "screen_name": "FrenteAmplioPe",
            "name": "Frente Amplio Perú",
            "id_str": "944253031767519233",
            "indices": [
              8,
              23
            ]
          },
          {
            "id": 856731263016808449,
            "screen_name": "CaramaQantu",
            "name": "Carmen Amaro",
            "id_str": "856731263016808449",
            "indices": [
              24,
              36
            ]
          },
          {
            "id": 361042982,
            "screen_name": "vozdelatierra",
            "name": "Marco Arana 🇵🇪",
            "id_str": "361042982",
            "indices": [
              37,
              51
            ]
          },
          {
            "id": 519002129,
            "screen_name": "LizIvett",
            "name": "Liz Meléndez",
            "id_str": "519002129",
            "indices": [
              52,
              61
            ]
          },
          {
            "id": 1141716863417819136,
            "screen_name": "fatyl_lima",
            "name": "Frente Amplio - Tierra y Libertad JVL - Lima",
            "id_str": "1141716863417819136",
            "indices": [
              62,
              73
            ]
          },
          {
            "id": 268851315,
            "screen_name": "sunivazo",
            "name": "Sol Univazo",
            "id_str": "268851315",
            "indices": [
              74,
              83
            ]
          },
          {
            "id": 17925531,
            "screen_name": "tuesta",
            "name": "Fernando Tuesta Soldevilla",
            "id_str": "17925531",
            "indices": [
              84,
              91
            ]
          },
          {
            "id": 248429004,
            "screen_name": "LuciaAlvites",
            "name": "LuciaAlvites",
            "id_str": "248429004",
            "indices": [
              92,
              105
            ]
          },
          {
            "id": 909437916539219969,
            "screen_name": "GabSalvador85",
            "name": "Gabriela Salvador C.",
            "id_str": "909437916539219969",
            "indices": [
              106,
              120
            ]
          }
        ],
        "symbols": []
      },
      "favorite_count": 0,
      "user": {
        "followers_count": 775,
        "profile_image_url": "http://pbs.twimg.com/profile_images/1214012527572598784/sJjDGHj9_normal.jpg",
        "utc_offset": null,
        "geo_enabled": true,
        "id": 2574108005,
        "description": "Aquel que no se aferra a nada, lo posee todo .",
        "default_profile": true,
        "is_translation_enabled": false,
        "default_profile_image": false,
        "profile_link_color": "1DA1F2",
        "time_zone": null,
        "statuses_count": 38853,
        "id_str": "2574108005",
        "profile_background_color": "C0DEED",
        "contributors_enabled": false,
        "location": "Lima",
        "profile_sidebar_border_color": "C0DEED",
        "profile_use_background_image": true,
        "translator_type": "none",
        "friends_count": 1178,
        "profile_text_color": "333333",
        "lang": null,
        "screen_name": "bczeladam",
        "profile_image_url_https": "https://pbs.twimg.com/profile_images/1214012527572598784/sJjDGHj9_normal.jpg",
        "following": false,
        "follow_request_sent": false,
        "profile_banner_url": "https://pbs.twimg.com/profile_banners/2574108005/1577194237",
        "favourites_count": 50041,
        "entities": {
          "description": {
            "urls": []
          }
        },
        "has_extended_profile": false,
        "is_translator": false,
        "name": "Bertha Caterina",
        "notifications": false,
        "profile_background_image_url_https": "https://abs.twimg.com/images/themes/theme1/bg.png",
        "profile_background_tile": false,
        "listed_count": 2,
        "url": null,
        "verified": false,
        "profile_sidebar_fill_color": "DDEEF6",
        "profile_background_image_url": "http://abs.twimg.com/images/themes/theme1/bg.png",
        "created_at": "Sat May 31 17:02:21 +0000 2014",
        "protected": false
      },
      "source": "<a href=\"http://twitter.com/download/android\" rel=\"nofollow\">Twitter for Android</a>",
      "in_reply_to_screen_name": "pavese",
      "created_at": "Mon Jan 06 15:22:50 +0000 2020",
      "in_reply_to_user_id_str": "14051600"
    },
    {
      "in_reply_to_status_id_str": "1214169373981708288",
      "metadata": {
        "result_type": "recent",
        "iso_language_code": "es"
      },
      "lang": "es",
      "geo": null,
      "id": 1214205524612440065,
      "truncated": true,
      "favorited": false,
      "in_reply_to_status_id": 1214169373981708288,
      "retweeted": false,
      "text": "@pavese @FrenteAmplioPe @CaramaQantu @vozdelatierra @LizIvett @fatyl_lima @sunivazo @tuesta @LuciaAlvites… https://t.co/A4PxHgpZfv",
      "retweet_count": 0,
      "is_quote_status": false,
      "place": null,
      "coordinates": null,
      "id_str": "1214205524612440065",
      "contributors": null,
      "in_reply_to_user_id": 14051600,
      "entities": {
        "hashtags": [],
        "urls": [
          {
            "expanded_url": "https://twitter.com/i/web/status/1214205524612440065",
            "display_url": "twitter.com/i/web/status/1…",
            "url": "https://t.co/A4PxHgpZfv",
            "indices": [
              107,
              130
            ]
          }
        ],
        "user_mentions": [
          {
            "id": 14051600,
            "screen_name": "pavese",
            "name": "RocioSilvaSantisteba",
            "id_str": "14051600",
            "indices": [
              0,
              7
            ]
          },
          {
            "id": 944253031767519233,
            "screen_name": "FrenteAmplioPe",
            "name": "Frente Amplio Perú",
            "id_str": "944253031767519233",
            "indices": [
              8,
              23
            ]
          },
          {
            "id": 856731263016808449,
            "screen_name": "CaramaQantu",
            "name": "Carmen Amaro",
            "id_str": "856731263016808449",
            "indices": [
              24,
              36
            ]
          },
          {
            "id": 361042982,
            "screen_name": "vozdelatierra",
            "name": "Marco Arana 🇵🇪",
            "id_str": "361042982",
            "indices": [
              37,
              51
            ]
          },
          {
            "id": 519002129,
            "screen_name": "LizIvett",
            "name": "Liz Meléndez",
            "id_str": "519002129",
            "indices": [
              52,
              61
            ]
          },
          {
            "id": 1141716863417819136,
            "screen_name": "fatyl_lima",
            "name": "Frente Amplio - Tierra y Libertad JVL - Lima",
            "id_str": "1141716863417819136",
            "indices": [
              62,
              73
            ]
          },
          {
            "id": 268851315,
            "screen_name": "sunivazo",
            "name": "Sol Univazo",
            "id_str": "268851315",
            "indices": [
              74,
              83
            ]
          },
          {
            "id": 17925531,
            "screen_name": "tuesta",
            "name": "Fernando Tuesta Soldevilla",
            "id_str": "17925531",
            "indices": [
              84,
              91
            ]
          },
          {
            "id": 248429004,
            "screen_name": "LuciaAlvites",
            "name": "LuciaAlvites",
            "id_str": "248429004",
            "indices": [
              92,
              105
            ]
          }
        ],
        "symbols": []
      },
      "favorite_count": 0,
      "user": {
        "followers_count": 30,
        "profile_image_url": "http://pbs.twimg.com/profile_images/577570014498283520/4Gzrby-1_normal.jpeg",
        "utc_offset": null,
        "geo_enabled": false,
        "id": 2200444398,
        "description": "",
        "default_profile": true,
        "is_translation_enabled": false,
        "default_profile_image": false,
        "profile_link_color": "1DA1F2",
        "time_zone": null,
        "statuses_count": 950,
        "id_str": "2200444398",
        "profile_background_color": "C0DEED",
        "contributors_enabled": false,
        "location": "",
        "profile_sidebar_border_color": "C0DEED",
        "profile_use_background_image": true,
        "translator_type": "none",
        "friends_count": 925,
        "profile_text_color": "333333",
        "lang": null,
        "screen_name": "Diegotorrescost",
        "profile_image_url_https": "https://pbs.twimg.com/profile_images/577570014498283520/4Gzrby-1_normal.jpeg",
        "following": false,
        "follow_request_sent": false,
        "profile_banner_url": "https://pbs.twimg.com/profile_banners/2200444398/1426539683",
        "favourites_count": 130,
        "entities": {
          "description": {
            "urls": []
          }
        },
        "has_extended_profile": false,
        "is_translator": false,
        "name": "Henry Briones",
        "notifications": false,
        "profile_background_image_url_https": "https://abs.twimg.com/images/themes/theme1/bg.png",
        "profile_background_tile": false,
        "listed_count": 1,
        "url": null,
        "verified": false,
        "profile_sidebar_fill_color": "DDEEF6",
        "profile_background_image_url": "http://abs.twimg.com/images/themes/theme1/bg.png",
        "created_at": "Mon Nov 18 01:05:56 +0000 2013",
        "protected": false
      },
      "source": "<a href=\"http://twitter.com/download/android\" rel=\"nofollow\">Twitter for Android</a>",
      "in_reply_to_screen_name": "pavese",
      "created_at": "Mon Jan 06 15:22:10 +0000 2020",
      "in_reply_to_user_id_str": "14051600"
    }
  ]
}