{
  "request_date": "2019-12-30-20:48:53",
  "data": [
    {
      "in_reply_to_screen_name": null,
      "place": null,
      "lang": "es",
      "entities": {
        "symbols": [],
        "hashtags": [],
        "urls": [
          {
            "indices": [
              113,
              136
            ],
            "url": "https://t.co/U4N7S0IrnS",
            "expanded_url": "https://www.expreso.com.pe/elecciones-2020/hablan-los-candidatos-alexander-torres-figallo-apra/#.Xe3qmOqCcBU.twitter",
            "display_url": "expreso.com.pe/elecciones-202…"
          }
        ],
        "user_mentions": [
          {
            "indices": [
              3,
              17
            ],
            "name": "Alexander Torres Figallo",
            "id": 1116145846599475201,
            "screen_name": "FigalloTorres",
            "id_str": "1116145846599475201"
          }
        ]
      },
      "retweet_count": 27,
      "contributors": null,
      "source": "<a href=\"http://twitter.com/download/android\" rel=\"nofollow\">Twitter for Android</a>",
      "created_at": "Fri Dec 27 21:42:34 +0000 2019",
      "id": 1210677374787956737,
      "metadata": {
        "iso_language_code": "es",
        "result_type": "recent"
      },
      "retweeted_status": {
        "in_reply_to_screen_name": null,
        "place": null,
        "lang": "es",
        "entities": {
          "symbols": [],
          "hashtags": [],
          "urls": [
            {
              "indices": [
                94,
                117
              ],
              "url": "https://t.co/U4N7S0IrnS",
              "expanded_url": "https://www.expreso.com.pe/elecciones-2020/hablan-los-candidatos-alexander-torres-figallo-apra/#.Xe3qmOqCcBU.twitter",
              "display_url": "expreso.com.pe/elecciones-202…"
            }
          ],
          "user_mentions": []
        },
        "retweet_count": 27,
        "contributors": null,
        "source": "<a href=\"http://twitter.com/download/android\" rel=\"nofollow\">Twitter for Android</a>",
        "created_at": "Mon Dec 09 06:33:07 +0000 2019",
        "id": 1203925524990566400,
        "metadata": {
          "iso_language_code": "es",
          "result_type": "recent"
        },
        "coordinates": null,
        "possibly_sensitive": false,
        "favorited": false,
        "user": {
          "screen_name": "FigalloTorres",
          "verified": false,
          "description": "Candidato al Congreso por el Apra con el N° 12.",
          "name": "Alexander Torres Figallo",
          "lang": null,
          "entities": {
            "description": {
              "urls": []
            }
          },
          "contributors_enabled": false,
          "profile_banner_url": "https://pbs.twimg.com/profile_banners/1116145846599475201/1576186622",
          "follow_request_sent": false,
          "following": false,
          "profile_image_url": "http://pbs.twimg.com/profile_images/1205240164282486789/Rudts8n2_normal.jpg",
          "location": "Peru",
          "profile_image_url_https": "https://pbs.twimg.com/profile_images/1205240164282486789/Rudts8n2_normal.jpg",
          "protected": false,
          "favourites_count": 36,
          "profile_use_background_image": true,
          "url": null,
          "created_at": "Thu Apr 11 01:08:01 +0000 2019",
          "id": 1116145846599475201,
          "default_profile": true,
          "notifications": false,
          "is_translator": false,
          "profile_sidebar_fill_color": "DDEEF6",
          "geo_enabled": false,
          "utc_offset": null,
          "has_extended_profile": true,
          "friends_count": 269,
          "listed_count": 0,
          "profile_background_tile": false,
          "statuses_count": 79,
          "translator_type": "none",
          "time_zone": null,
          "is_translation_enabled": false,
          "profile_background_color": "F5F8FA",
          "default_profile_image": false,
          "id_str": "1116145846599475201",
          "profile_sidebar_border_color": "C0DEED",
          "followers_count": 104,
          "profile_text_color": "333333",
          "profile_background_image_url": null,
          "profile_background_image_url_https": null,
          "profile_link_color": "1DA1F2"
        },
        "in_reply_to_user_id": null,
        "favorite_count": 43,
        "in_reply_to_status_id_str": null,
        "is_quote_status": false,
        "truncated": false,
        "in_reply_to_status_id": null,
        "text": "Torres Figallo: \"Creación de un Gein 2 ayudaría en la lucha contra la delincuencia\" - Expreso https://t.co/U4N7S0IrnS",
        "id_str": "1203925524990566400",
        "geo": null,
        "retweeted": false,
        "in_reply_to_user_id_str": null
      },
      "coordinates": null,
      "possibly_sensitive": false,
      "favorited": false,
      "user": {
        "screen_name": "FigalloTorres",
        "verified": false,
        "description": "Candidato al Congreso por el Apra con el N° 12.",
        "name": "Alexander Torres Figallo",
        "lang": null,
        "entities": {
          "description": {
            "urls": []
          }
        },
        "contributors_enabled": false,
        "profile_banner_url": "https://pbs.twimg.com/profile_banners/1116145846599475201/1576186622",
        "follow_request_sent": false,
        "following": false,
        "profile_image_url": "http://pbs.twimg.com/profile_images/1205240164282486789/Rudts8n2_normal.jpg",
        "location": "Peru",
        "profile_image_url_https": "https://pbs.twimg.com/profile_images/1205240164282486789/Rudts8n2_normal.jpg",
        "protected": false,
        "favourites_count": 36,
        "profile_use_background_image": true,
        "url": null,
        "created_at": "Thu Apr 11 01:08:01 +0000 2019",
        "id": 1116145846599475201,
        "default_profile": true,
        "notifications": false,
        "is_translator": false,
        "profile_sidebar_fill_color": "DDEEF6",
        "geo_enabled": false,
        "utc_offset": null,
        "has_extended_profile": true,
        "friends_count": 269,
        "listed_count": 0,
        "profile_background_tile": false,
        "statuses_count": 79,
        "translator_type": "none",
        "time_zone": null,
        "is_translation_enabled": false,
        "profile_background_color": "F5F8FA",
        "default_profile_image": false,
        "id_str": "1116145846599475201",
        "profile_sidebar_border_color": "C0DEED",
        "followers_count": 104,
        "profile_text_color": "333333",
        "profile_background_image_url": null,
        "profile_background_image_url_https": null,
        "profile_link_color": "1DA1F2"
      },
      "in_reply_to_user_id": null,
      "favorite_count": 0,
      "in_reply_to_status_id_str": null,
      "is_quote_status": false,
      "truncated": false,
      "in_reply_to_status_id": null,
      "text": "RT @FigalloTorres: Torres Figallo: \"Creación de un Gein 2 ayudaría en la lucha contra la delincuencia\" - Expreso https://t.co/U4N7S0IrnS",
      "id_str": "1210677374787956737",
      "geo": null,
      "retweeted": false,
      "in_reply_to_user_id_str": null
    }
  ]
}