{
  "data": [
    {
      "id": 1211322026461421568,
      "entities": {
        "user_mentions": [
          {
            "id": 87264094,
            "id_str": "87264094",
            "name": "Patricia Gamarra",
            "screen_name": "patriciagamarra",
            "indices": [
              0,
              16
            ]
          },
          {
            "id": 74376416,
            "id_str": "74376416",
            "name": "Acción Popular",
            "screen_name": "AccionPopularPe",
            "indices": [
              17,
              33
            ]
          },
          {
            "id": 320802992,
            "id_str": "320802992",
            "name": "Bankada Fuerza Popular",
            "screen_name": "BankadaFP",
            "indices": [
              38,
              48
            ]
          },
          {
            "id": 1515282908,
            "id_str": "1515282908",
            "name": "APRA Oficial",
            "screen_name": "APRA_Oficial",
            "indices": [
              53,
              66
            ]
          },
          {
            "id": 1446831936,
            "id_str": "1446831936",
            "name": "Solidaridad Nacional",
            "screen_name": "Solidaridad_PSN",
            "indices": [
              71,
              87
            ]
          },
          {
            "id": 3093249670,
            "id_str": "3093249670",
            "name": "Partido Político CONTIGO 🇵🇪",
            "screen_name": "CONTIGO_pe",
            "indices": [
              96,
              107
            ]
          }
        ],
        "urls": [
          {
            "expanded_url": "https://twitter.com/i/web/status/1211322026461421568",
            "indices": [
              113,
              136
            ],
            "url": "https://t.co/oBMJf9I6Zz",
            "display_url": "twitter.com/i/web/status/1…"
          }
        ],
        "symbols": [],
        "hashtags": []
      },
      "truncated": true,
      "geo": null,
      "favorited": false,
      "coordinates": null,
      "text": "@patriciagamarra @AccionPopularPe 👏👏👏\n@BankadaFP 👏👏👏\n@APRA_Oficial 👏👏👏\n@Solidaridad_PSN Nac 👏👏👏\n@CONTIGO_pe 👏👏👏… https://t.co/oBMJf9I6Zz",
      "metadata": {
        "iso_language_code": "und",
        "result_type": "recent"
      },
      "user": {
        "id": 184495054,
        "entities": {
          "url": {
            "urls": [
              {
                "expanded_url": "http://www.facebook.com/profile.php?id=1080514502",
                "indices": [
                  0,
                  23
                ],
                "url": "https://t.co/7Kjsw3voY8",
                "display_url": "facebook.com/profile.php?id…"
              }
            ]
          },
          "description": {
            "urls": []
          }
        },
        "profile_background_image_url": "http://abs.twimg.com/images/themes/theme7/bg.gif",
        "name": "Carla CLM",
        "description": "Psicóloga, redactora creativa, terapeuta cognitiva. Inconforme a prueba de balas.",
        "contributors_enabled": false,
        "utc_offset": null,
        "created_at": "Sun Aug 29 18:21:00 +0000 2010",
        "profile_sidebar_fill_color": "F3F3F3",
        "profile_background_tile": false,
        "listed_count": 19,
        "has_extended_profile": false,
        "followers_count": 313,
        "screen_name": "Dharmabell",
        "verified": false,
        "friends_count": 1498,
        "default_profile_image": false,
        "protected": false,
        "follow_request_sent": false,
        "profile_sidebar_border_color": "DFDFDF",
        "following": false,
        "profile_banner_url": "https://pbs.twimg.com/profile_banners/184495054/1400609651",
        "url": "https://t.co/7Kjsw3voY8",
        "default_profile": false,
        "geo_enabled": true,
        "is_translator": false,
        "lang": null,
        "is_translation_enabled": false,
        "profile_background_image_url_https": "https://abs.twimg.com/images/themes/theme7/bg.gif",
        "profile_use_background_image": true,
        "profile_image_url": "http://pbs.twimg.com/profile_images/1055944459404361729/obzpXi5Z_normal.jpg",
        "profile_image_url_https": "https://pbs.twimg.com/profile_images/1055944459404361729/obzpXi5Z_normal.jpg",
        "id_str": "184495054",
        "profile_background_color": "EBEBEB",
        "favourites_count": 2426,
        "profile_link_color": "990000",
        "statuses_count": 14877,
        "location": "Lima, Perú",
        "notifications": false,
        "profile_text_color": "333333",
        "translator_type": "none",
        "time_zone": null
      },
      "created_at": "Sun Dec 29 16:24:11 +0000 2019",
      "contributors": null,
      "retweet_count": 0,
      "in_reply_to_status_id": 1210755412967882759,
      "favorite_count": 0,
      "in_reply_to_user_id": 87264094,
      "is_quote_status": false,
      "source": "<a href=\"http://twitter.com/download/android\" rel=\"nofollow\">Twitter for Android</a>",
      "in_reply_to_user_id_str": "87264094",
      "in_reply_to_screen_name": "patriciagamarra",
      "lang": "und",
      "retweeted": false,
      "id_str": "1211322026461421568",
      "in_reply_to_status_id_str": "1210755412967882759",
      "place": null
    },
    {
      "id": 1211284742609362944,
      "entities": {
        "user_mentions": [
          {
            "id": 832686254873468929,
            "id_str": "832686254873468929",
            "name": "Diario Perú21",
            "screen_name": "peru21noticias",
            "indices": [
              0,
              15
            ]
          },
          {
            "id": 36477202,
            "id_str": "36477202",
            "name": "Jaime Chincha",
            "screen_name": "JaimeChincha",
            "indices": [
              16,
              29
            ]
          },
          {
            "id": 52137645,
            "id_str": "52137645",
            "name": "Salvador del Solar",
            "screen_name": "saldelsol",
            "indices": [
              53,
              63
            ]
          }
        ],
        "urls": [
          {
            "expanded_url": "https://twitter.com/i/web/status/1211284742609362944",
            "indices": [
              117,
              140
            ],
            "url": "https://t.co/C5n2J0pmIf",
            "display_url": "twitter.com/i/web/status/1…"
          }
        ],
        "symbols": [],
        "hashtags": []
      },
      "truncated": true,
      "geo": null,
      "favorited": false,
      "coordinates": null,
      "text": "@peru21noticias @JaimeChincha Totalmente de acuerdo👍\n@saldelsol se presentó con el pie derecho x delante y sin frun… https://t.co/C5n2J0pmIf",
      "metadata": {
        "iso_language_code": "es",
        "result_type": "recent"
      },
      "user": {
        "id": 1051828775149801473,
        "entities": {
          "description": {
            "urls": []
          }
        },
        "profile_background_image_url": null,
        "name": "Antonio M. 🇵🇪",
        "description": "Para mis Amigos todo, para mis Enemigos la ley (Hermanitos. Cuellos blancos del puerto👎)\nDarle RT. no significa adhesión.",
        "contributors_enabled": false,
        "utc_offset": null,
        "created_at": "Mon Oct 15 13:34:56 +0000 2018",
        "profile_sidebar_fill_color": "DDEEF6",
        "profile_background_tile": false,
        "listed_count": 0,
        "has_extended_profile": false,
        "followers_count": 192,
        "screen_name": "ma_me_mi_mo_mu2",
        "verified": false,
        "friends_count": 1489,
        "default_profile_image": false,
        "protected": false,
        "follow_request_sent": false,
        "profile_sidebar_border_color": "C0DEED",
        "following": false,
        "profile_banner_url": "https://pbs.twimg.com/profile_banners/1051828775149801473/1577366606",
        "url": null,
        "default_profile": true,
        "geo_enabled": true,
        "is_translator": false,
        "lang": null,
        "is_translation_enabled": false,
        "profile_background_image_url_https": null,
        "profile_use_background_image": true,
        "profile_image_url": "http://pbs.twimg.com/profile_images/1051937484563726341/iv299UsB_normal.jpg",
        "profile_image_url_https": "https://pbs.twimg.com/profile_images/1051937484563726341/iv299UsB_normal.jpg",
        "id_str": "1051828775149801473",
        "profile_background_color": "F5F8FA",
        "favourites_count": 24821,
        "profile_link_color": "1DA1F2",
        "statuses_count": 20987,
        "location": "Lima, Peru",
        "notifications": false,
        "profile_text_color": "333333",
        "translator_type": "none",
        "time_zone": null
      },
      "created_at": "Sun Dec 29 13:56:01 +0000 2019",
      "contributors": null,
      "retweet_count": 0,
      "in_reply_to_status_id": 1211282305312002048,
      "favorite_count": 1,
      "in_reply_to_user_id": 832686254873468929,
      "is_quote_status": false,
      "source": "<a href=\"http://twitter.com/download/android\" rel=\"nofollow\">Twitter for Android</a>",
      "in_reply_to_user_id_str": "832686254873468929",
      "in_reply_to_screen_name": "peru21noticias",
      "lang": "es",
      "retweeted": false,
      "id_str": "1211284742609362944",
      "in_reply_to_status_id_str": "1211282305312002048",
      "place": null
    },
    {
      "id": 1211263867285884933,
      "entities": {
        "user_mentions": [
          {
            "id": 67351840,
            "id_str": "67351840",
            "name": "Acción Popular",
            "screen_name": "AccionPopular",
            "indices": [
              0,
              14
            ]
          },
          {
            "id": 74376416,
            "id_str": "74376416",
            "name": "Acción Popular",
            "screen_name": "AccionPopularPe",
            "indices": [
              15,
              31
            ]
          },
          {
            "id": 2800369406,
            "id_str": "2800369406",
            "name": "Partido Morado",
            "screen_name": "partidomorado",
            "indices": [
              32,
              46
            ]
          },
          {
            "id": 923299032176447488,
            "id_str": "923299032176447488",
            "name": "PPC PERÚ",
            "screen_name": "ppc_peru",
            "indices": [
              47,
              56
            ]
          },
          {
            "id": 90961315,
            "id_str": "90961315",
            "name": "APP",
            "screen_name": "Peru_APP",
            "indices": [
              57,
              66
            ]
          },
          {
            "id": 4451929413,
            "id_str": "4451929413",
            "name": "partidosomosperu",
            "screen_name": "somosperu1",
            "indices": [
              67,
              78
            ]
          },
          {
            "id": 944253031767519233,
            "id_str": "944253031767519233",
            "name": "Frente Amplio Perú",
            "screen_name": "FrenteAmplioPe",
            "indices": [
              79,
              94
            ]
          },
          {
            "id": 66805708,
            "id_str": "66805708",
            "name": "julioarbizu",
            "screen_name": "julioarbizu",
            "indices": [
              95,
              107
            ]
          }
        ],
        "urls": [
          {
            "expanded_url": "https://twitter.com/i/web/status/1211263867285884933",
            "indices": [
              109,
              132
            ],
            "url": "https://t.co/fDie0i3r5t",
            "display_url": "twitter.com/i/web/status/1…"
          }
        ],
        "symbols": [],
        "hashtags": []
      },
      "truncated": true,
      "geo": null,
      "favorited": false,
      "coordinates": null,
      "text": "@AccionPopular @AccionPopularPe @partidomorado @ppc_peru @Peru_APP @somosperu1 @FrenteAmplioPe @julioarbizu… https://t.co/fDie0i3r5t",
      "metadata": {
        "iso_language_code": "und",
        "result_type": "recent"
      },
      "user": {
        "id": 560309409,
        "entities": {
          "description": {
            "urls": []
          }
        },
        "profile_background_image_url": "http://abs.twimg.com/images/themes/theme1/bg.png",
        "name": "@tema0902",
        "description": "Simpatizante por tradición familiar. NO MILITANTE\n\"Sobre mi tumba no se escribirá: aquí yace un presidente que alcanzó la salud económica\"\nF. Belaunde Terry",
        "contributors_enabled": false,
        "utc_offset": null,
        "created_at": "Sun Apr 22 11:25:12 +0000 2012",
        "profile_sidebar_fill_color": "DDEEF6",
        "profile_background_tile": false,
        "listed_count": 5,
        "has_extended_profile": false,
        "followers_count": 1648,
        "screen_name": "tema0902",
        "verified": false,
        "friends_count": 2395,
        "default_profile_image": false,
        "protected": false,
        "follow_request_sent": false,
        "profile_sidebar_border_color": "C0DEED",
        "following": false,
        "profile_banner_url": "https://pbs.twimg.com/profile_banners/560309409/1566972914",
        "url": null,
        "default_profile": true,
        "geo_enabled": true,
        "is_translator": false,
        "lang": null,
        "is_translation_enabled": false,
        "profile_background_image_url_https": "https://abs.twimg.com/images/themes/theme1/bg.png",
        "profile_use_background_image": true,
        "profile_image_url": "http://pbs.twimg.com/profile_images/1209886566455349248/ctZh9bFZ_normal.jpg",
        "profile_image_url_https": "https://pbs.twimg.com/profile_images/1209886566455349248/ctZh9bFZ_normal.jpg",
        "id_str": "560309409",
        "profile_background_color": "C0DEED",
        "favourites_count": 28516,
        "profile_link_color": "1DA1F2",
        "statuses_count": 28948,
        "location": "Malmö, Sverige",
        "notifications": false,
        "profile_text_color": "333333",
        "translator_type": "none",
        "time_zone": null
      },
      "created_at": "Sun Dec 29 12:33:04 +0000 2019",
      "contributors": null,
      "retweet_count": 0,
      "in_reply_to_status_id": 1211263865322975233,
      "favorite_count": 1,
      "in_reply_to_user_id": 560309409,
      "is_quote_status": false,
      "source": "<a href=\"https://mobile.twitter.com\" rel=\"nofollow\">Twitter Web App</a>",
      "in_reply_to_user_id_str": "560309409",
      "in_reply_to_screen_name": "tema0902",
      "lang": "und",
      "retweeted": false,
      "id_str": "1211263867285884933",
      "in_reply_to_status_id_str": "1211263865322975233",
      "place": null
    },
    {
      "id": 1211209754640617472,
      "entities": {
        "user_mentions": [
          {
            "id": 2443946251,
            "id_str": "2443946251",
            "name": "Elio Essant",
            "screen_name": "ElioEssant",
            "indices": [
              0,
              11
            ]
          },
          {
            "id": 721086806,
            "id_str": "721086806",
            "name": "Partido Político Fuerza Popular 🇵🇪",
            "screen_name": "PFuerzaPopular",
            "indices": [
              61,
              76
            ]
          },
          {
            "id": 1446831936,
            "id_str": "1446831936",
            "name": "Solidaridad Nacional",
            "screen_name": "Solidaridad_PSN",
            "indices": [
              77,
              93
            ]
          },
          {
            "id": 1515282908,
            "id_str": "1515282908",
            "name": "APRA Oficial",
            "screen_name": "APRA_Oficial",
            "indices": [
              94,
              107
            ]
          },
          {
            "id": 3093249670,
            "id_str": "3093249670",
            "name": "Partido Político CONTIGO 🇵🇪",
            "screen_name": "CONTIGO_pe",
            "indices": [
              108,
              119
            ]
          },
          {
            "id": 1130887185622818819,
            "id_str": "1130887185622818819",
            "name": "Coordinadora Republicana",
            "screen_name": "CoordinadoraRep",
            "indices": [
              120,
              136
            ]
          }
        ],
        "urls": [],
        "symbols": [],
        "hashtags": [
          {
            "text": "Vizcarra",
            "indices": [
              32,
              41
            ]
          }
        ]
      },
      "truncated": false,
      "geo": null,
      "favorited": false,
      "coordinates": null,
      "text": "@ElioEssant Gabinete nefasto de #Vizcarra a su casa el 2020! @PFuerzaPopular @Solidaridad_PSN @APRA_Oficial @CONTIGO_pe @CoordinadoraRep",
      "metadata": {
        "iso_language_code": "es",
        "result_type": "recent"
      },
      "user": {
        "id": 2303315002,
        "entities": {
          "description": {
            "urls": []
          }
        },
        "profile_background_image_url": "http://abs.twimg.com/images/themes/theme1/bg.png",
        "name": "RdeLavieri",
        "description": "Lawyer, Entrepreneur, College Lecturer Maestría en Derecho de Comercio Exterior Especialización en Inversiones y DDHH",
        "contributors_enabled": false,
        "utc_offset": null,
        "created_at": "Sat Jan 25 10:59:16 +0000 2014",
        "profile_sidebar_fill_color": "DDEEF6",
        "profile_background_tile": false,
        "listed_count": 10,
        "has_extended_profile": false,
        "followers_count": 440,
        "screen_name": "r_lavieri",
        "verified": false,
        "friends_count": 99,
        "default_profile_image": false,
        "protected": false,
        "follow_request_sent": false,
        "profile_sidebar_border_color": "C0DEED",
        "following": false,
        "profile_banner_url": "https://pbs.twimg.com/profile_banners/2303315002/1561132667",
        "url": null,
        "default_profile": true,
        "geo_enabled": false,
        "is_translator": false,
        "lang": null,
        "is_translation_enabled": false,
        "profile_background_image_url_https": "https://abs.twimg.com/images/themes/theme1/bg.png",
        "profile_use_background_image": true,
        "profile_image_url": "http://pbs.twimg.com/profile_images/1045370828198563840/a5uAUvok_normal.jpg",
        "profile_image_url_https": "https://pbs.twimg.com/profile_images/1045370828198563840/a5uAUvok_normal.jpg",
        "id_str": "2303315002",
        "profile_background_color": "C0DEED",
        "favourites_count": 70043,
        "profile_link_color": "1DA1F2",
        "statuses_count": 69445,
        "location": "",
        "notifications": false,
        "profile_text_color": "333333",
        "translator_type": "none",
        "time_zone": null
      },
      "created_at": "Sun Dec 29 08:58:03 +0000 2019",
      "contributors": null,
      "retweet_count": 0,
      "in_reply_to_status_id": 1211109541489922048,
      "favorite_count": 0,
      "in_reply_to_user_id": 2443946251,
      "is_quote_status": false,
      "source": "<a href=\"http://twitter.com/download/android\" rel=\"nofollow\">Twitter for Android</a>",
      "in_reply_to_user_id_str": "2443946251",
      "in_reply_to_screen_name": "ElioEssant",
      "lang": "es",
      "retweeted": false,
      "id_str": "1211209754640617472",
      "in_reply_to_status_id_str": "1211109541489922048",
      "place": null
    },
    {
      "id": 1211115862096334848,
      "entities": {
        "user_mentions": [
          {
            "id": 3044790214,
            "id_str": "3044790214",
            "name": "Julio Guzmán",
            "screen_name": "julioguzmanperu",
            "indices": [
              0,
              16
            ]
          },
          {
            "id": 911374931421745152,
            "id_str": "911374931421745152",
            "name": "Zenaida Solís",
            "screen_name": "ZENAIDASOLISG",
            "indices": [
              46,
              60
            ]
          },
          {
            "id": 16077528,
            "id_str": "16077528",
            "name": "Alberto de Belaunde 🇵🇪",
            "screen_name": "AlbertoBelaunde",
            "indices": [
              67,
              83
            ]
          }
        ],
        "urls": [
          {
            "expanded_url": "https://twitter.com/i/web/status/1211115862096334848",
            "indices": [
              117,
              140
            ],
            "url": "https://t.co/HPTeoE3vxw",
            "display_url": "twitter.com/i/web/status/1…"
          }
        ],
        "symbols": [],
        "hashtags": []
      },
      "truncated": true,
      "geo": null,
      "favorited": false,
      "coordinates": null,
      "text": "@julioguzmanperu Yo la tengo clara, votaré x:\n@ZENAIDASOLISG N°5 👍\n@AlbertoBelaunde N° 6 👍\nAh, x siaca, no te olvid… https://t.co/HPTeoE3vxw",
      "metadata": {
        "iso_language_code": "es",
        "result_type": "recent"
      },
      "user": {
        "id": 1051828775149801473,
        "entities": {
          "description": {
            "urls": []
          }
        },
        "profile_background_image_url": null,
        "name": "Antonio M. 🇵🇪",
        "description": "Para mis Amigos todo, para mis Enemigos la ley (Hermanitos. Cuellos blancos del puerto👎)\nDarle RT. no significa adhesión.",
        "contributors_enabled": false,
        "utc_offset": null,
        "created_at": "Mon Oct 15 13:34:56 +0000 2018",
        "profile_sidebar_fill_color": "DDEEF6",
        "profile_background_tile": false,
        "listed_count": 0,
        "has_extended_profile": false,
        "followers_count": 192,
        "screen_name": "ma_me_mi_mo_mu2",
        "verified": false,
        "friends_count": 1489,
        "default_profile_image": false,
        "protected": false,
        "follow_request_sent": false,
        "profile_sidebar_border_color": "C0DEED",
        "following": false,
        "profile_banner_url": "https://pbs.twimg.com/profile_banners/1051828775149801473/1577366606",
        "url": null,
        "default_profile": true,
        "geo_enabled": true,
        "is_translator": false,
        "lang": null,
        "is_translation_enabled": false,
        "profile_background_image_url_https": null,
        "profile_use_background_image": true,
        "profile_image_url": "http://pbs.twimg.com/profile_images/1051937484563726341/iv299UsB_normal.jpg",
        "profile_image_url_https": "https://pbs.twimg.com/profile_images/1051937484563726341/iv299UsB_normal.jpg",
        "id_str": "1051828775149801473",
        "profile_background_color": "F5F8FA",
        "favourites_count": 24821,
        "profile_link_color": "1DA1F2",
        "statuses_count": 20987,
        "location": "Lima, Peru",
        "notifications": false,
        "profile_text_color": "333333",
        "translator_type": "none",
        "time_zone": null
      },
      "created_at": "Sun Dec 29 02:44:57 +0000 2019",
      "contributors": null,
      "retweet_count": 0,
      "in_reply_to_status_id": 1210334534648156162,
      "favorite_count": 0,
      "in_reply_to_user_id": 3044790214,
      "is_quote_status": false,
      "source": "<a href=\"http://twitter.com/download/android\" rel=\"nofollow\">Twitter for Android</a>",
      "in_reply_to_user_id_str": "3044790214",
      "in_reply_to_screen_name": "julioguzmanperu",
      "lang": "es",
      "retweeted": false,
      "id_str": "1211115862096334848",
      "in_reply_to_status_id_str": "1210334534648156162",
      "place": null
    },
    {
      "id": 1211114176720113665,
      "entities": {
        "user_mentions": [
          {
            "id": 279261789,
            "id_str": "279261789",
            "name": "Peruanos 2021🇵🇪 🌀",
            "screen_name": "PERUANOS21",
            "indices": [
              3,
              14
            ]
          },
          {
            "id": 87264094,
            "id_str": "87264094",
            "name": "Patricia Gamarra",
            "screen_name": "patriciagamarra",
            "indices": [
              16,
              32
            ]
          },
          {
            "id": 67978697,
            "id_str": "67978697",
            "name": "Rosa María Bartra",
            "screen_name": "rosamariabartra",
            "indices": [
              62,
              78
            ]
          },
          {
            "id": 1446831936,
            "id_str": "1446831936",
            "name": "Solidaridad Nacional",
            "screen_name": "Solidaridad_PSN",
            "indices": [
              95,
              111
            ]
          }
        ],
        "urls": [],
        "symbols": [],
        "hashtags": []
      },
      "truncated": false,
      "geo": null,
      "favorited": false,
      "coordinates": null,
      "text": "RT @PERUANOS21: @patriciagamarra Publicidad 👏👏👏\nVotaremos por @rosamariabartra\nMarca el sol de @Solidaridad_PSN \nAunque la primera opción e…",
      "metadata": {
        "iso_language_code": "es",
        "result_type": "recent"
      },
      "user": {
        "id": 197281725,
        "entities": {
          "description": {
            "urls": []
          }
        },
        "profile_background_image_url": "http://abs.twimg.com/images/themes/theme1/bg.png",
        "name": "Percy  E. Centeno",
        "description": "Ingeniero civil, peruano de mucha cepa, hincha muerte de la U y enemigo de los dictadores y dictadorzuelos que hay en nuestra America!!!!",
        "contributors_enabled": false,
        "utc_offset": null,
        "created_at": "Fri Oct 01 02:40:06 +0000 2010",
        "profile_sidebar_fill_color": "DDEEF6",
        "profile_background_tile": false,
        "listed_count": 10,
        "has_extended_profile": true,
        "followers_count": 1590,
        "screen_name": "percenteno",
        "verified": false,
        "friends_count": 4969,
        "default_profile_image": false,
        "protected": false,
        "follow_request_sent": false,
        "profile_sidebar_border_color": "C0DEED",
        "following": false,
        "profile_banner_url": "https://pbs.twimg.com/profile_banners/197281725/1567726632",
        "url": null,
        "default_profile": true,
        "geo_enabled": true,
        "is_translator": false,
        "lang": null,
        "is_translation_enabled": false,
        "profile_background_image_url_https": "https://abs.twimg.com/images/themes/theme1/bg.png",
        "profile_use_background_image": true,
        "profile_image_url": "http://pbs.twimg.com/profile_images/1169756501281595393/iRORT2kl_normal.jpg",
        "profile_image_url_https": "https://pbs.twimg.com/profile_images/1169756501281595393/iRORT2kl_normal.jpg",
        "id_str": "197281725",
        "profile_background_color": "C0DEED",
        "favourites_count": 64160,
        "profile_link_color": "1DA1F2",
        "statuses_count": 65669,
        "location": "lima, san borja",
        "notifications": false,
        "profile_text_color": "333333",
        "translator_type": "none",
        "time_zone": null
      },
      "created_at": "Sun Dec 29 02:38:15 +0000 2019",
      "contributors": null,
      "retweet_count": 2,
      "in_reply_to_status_id": null,
      "favorite_count": 0,
      "in_reply_to_user_id": null,
      "is_quote_status": false,
      "source": "<a href=\"http://twitter.com/download/android\" rel=\"nofollow\">Twitter for Android</a>",
      "in_reply_to_user_id_str": null,
      "in_reply_to_screen_name": null,
      "lang": "es",
      "retweeted": false,
      "id_str": "1211114176720113665",
      "retweeted_status": {
        "id": 1211020765178544129,
        "entities": {
          "user_mentions": [
            {
              "id": 87264094,
              "id_str": "87264094",
              "name": "Patricia Gamarra",
              "screen_name": "patriciagamarra",
              "indices": [
                0,
                16
              ]
            },
            {
              "id": 67978697,
              "id_str": "67978697",
              "name": "Rosa María Bartra",
              "screen_name": "rosamariabartra",
              "indices": [
                46,
                62
              ]
            },
            {
              "id": 1446831936,
              "id_str": "1446831936",
              "name": "Solidaridad Nacional",
              "screen_name": "Solidaridad_PSN",
              "indices": [
                79,
                95
              ]
            }
          ],
          "urls": [
            {
              "expanded_url": "https://twitter.com/i/web/status/1211020765178544129",
              "indices": [
                116,
                139
              ],
              "url": "https://t.co/VdfudBpYAE",
              "display_url": "twitter.com/i/web/status/1…"
            }
          ],
          "symbols": [],
          "hashtags": []
        },
        "truncated": true,
        "geo": null,
        "favorited": false,
        "coordinates": null,
        "text": "@patriciagamarra Publicidad 👏👏👏\nVotaremos por @rosamariabartra\nMarca el sol de @Solidaridad_PSN \nAunque la primera… https://t.co/VdfudBpYAE",
        "metadata": {
          "iso_language_code": "es",
          "result_type": "recent"
        },
        "user": {
          "id": 279261789,
          "entities": {
            "description": {
              "urls": []
            }
          },
          "profile_background_image_url": "http://abs.twimg.com/images/themes/theme1/bg.png",
          "name": "Peruanos 2021🇵🇪 🌀",
          "description": "",
          "contributors_enabled": false,
          "utc_offset": null,
          "created_at": "Fri Apr 08 22:44:46 +0000 2011",
          "profile_sidebar_fill_color": "DDEEF6",
          "profile_background_tile": false,
          "listed_count": 1,
          "has_extended_profile": false,
          "followers_count": 942,
          "screen_name": "PERUANOS21",
          "verified": false,
          "friends_count": 4907,
          "default_profile_image": false,
          "protected": false,
          "follow_request_sent": false,
          "profile_sidebar_border_color": "C0DEED",
          "following": false,
          "profile_banner_url": "https://pbs.twimg.com/profile_banners/279261789/1527167106",
          "url": null,
          "default_profile": true,
          "geo_enabled": false,
          "is_translator": false,
          "lang": null,
          "is_translation_enabled": false,
          "profile_background_image_url_https": "https://abs.twimg.com/images/themes/theme1/bg.png",
          "profile_use_background_image": true,
          "profile_image_url": "http://pbs.twimg.com/profile_images/1001843634935861248/daREJPtA_normal.jpg",
          "profile_image_url_https": "https://pbs.twimg.com/profile_images/1001843634935861248/daREJPtA_normal.jpg",
          "id_str": "279261789",
          "profile_background_color": "C0DEED",
          "favourites_count": 44378,
          "profile_link_color": "1DA1F2",
          "statuses_count": 31425,
          "location": "",
          "notifications": false,
          "profile_text_color": "333333",
          "translator_type": "none",
          "time_zone": null
        },
        "created_at": "Sat Dec 28 20:27:04 +0000 2019",
        "contributors": null,
        "retweet_count": 2,
        "in_reply_to_status_id": 1210774031634272257,
        "favorite_count": 4,
        "in_reply_to_user_id": 87264094,
        "is_quote_status": false,
        "source": "<a href=\"http://twitter.com/download/android\" rel=\"nofollow\">Twitter for Android</a>",
        "in_reply_to_user_id_str": "87264094",
        "in_reply_to_screen_name": "patriciagamarra",
        "lang": "es",
        "retweeted": false,
        "id_str": "1211020765178544129",
        "in_reply_to_status_id_str": "1210774031634272257",
        "place": null
      },
      "in_reply_to_status_id_str": null,
      "place": null
    },
    {
      "id": 1211085356658855936,
      "entities": {
        "user_mentions": [
          {
            "id": 279261789,
            "id_str": "279261789",
            "name": "Peruanos 2021🇵🇪 🌀",
            "screen_name": "PERUANOS21",
            "indices": [
              3,
              14
            ]
          },
          {
            "id": 87264094,
            "id_str": "87264094",
            "name": "Patricia Gamarra",
            "screen_name": "patriciagamarra",
            "indices": [
              16,
              32
            ]
          },
          {
            "id": 67978697,
            "id_str": "67978697",
            "name": "Rosa María Bartra",
            "screen_name": "rosamariabartra",
            "indices": [
              62,
              78
            ]
          },
          {
            "id": 1446831936,
            "id_str": "1446831936",
            "name": "Solidaridad Nacional",
            "screen_name": "Solidaridad_PSN",
            "indices": [
              95,
              111
            ]
          }
        ],
        "urls": [],
        "symbols": [],
        "hashtags": []
      },
      "truncated": false,
      "geo": null,
      "favorited": false,
      "coordinates": null,
      "text": "RT @PERUANOS21: @patriciagamarra Publicidad 👏👏👏\nVotaremos por @rosamariabartra\nMarca el sol de @Solidaridad_PSN \nAunque la primera opción e…",
      "metadata": {
        "iso_language_code": "es",
        "result_type": "recent"
      },
      "user": {
        "id": 3741217288,
        "entities": {
          "description": {
            "urls": []
          }
        },
        "profile_background_image_url": "http://abs.twimg.com/images/themes/theme1/bg.png",
        "name": "Walter D B Delgado",
        "description": "",
        "contributors_enabled": false,
        "utc_offset": null,
        "created_at": "Tue Sep 22 17:57:30 +0000 2015",
        "following": false,
        "profile_background_tile": false,
        "listed_count": 0,
        "has_extended_profile": false,
        "followers_count": 792,
        "screen_name": "WalterWdbd",
        "verified": false,
        "friends_count": 1489,
        "default_profile_image": false,
        "protected": false,
        "follow_request_sent": false,
        "profile_sidebar_border_color": "C0DEED",
        "profile_sidebar_fill_color": "DDEEF6",
        "url": null,
        "default_profile": true,
        "geo_enabled": false,
        "is_translator": false,
        "lang": null,
        "is_translation_enabled": false,
        "profile_background_image_url_https": "https://abs.twimg.com/images/themes/theme1/bg.png",
        "profile_use_background_image": true,
        "profile_image_url": "http://pbs.twimg.com/profile_images/666445796196380672/RC_70jV8_normal.jpg",
        "profile_image_url_https": "https://pbs.twimg.com/profile_images/666445796196380672/RC_70jV8_normal.jpg",
        "id_str": "3741217288",
        "profile_background_color": "C0DEED",
        "favourites_count": 72143,
        "profile_link_color": "1DA1F2",
        "statuses_count": 55549,
        "location": "",
        "notifications": false,
        "profile_text_color": "333333",
        "translator_type": "none",
        "time_zone": null
      },
      "created_at": "Sun Dec 29 00:43:44 +0000 2019",
      "contributors": null,
      "retweet_count": 2,
      "in_reply_to_status_id": null,
      "favorite_count": 0,
      "in_reply_to_user_id": null,
      "is_quote_status": false,
      "source": "<a href=\"http://twitter.com/download/android\" rel=\"nofollow\">Twitter for Android</a>",
      "in_reply_to_user_id_str": null,
      "in_reply_to_screen_name": null,
      "lang": "es",
      "retweeted": false,
      "id_str": "1211085356658855936",
      "retweeted_status": {
        "id": 1211020765178544129,
        "entities": {
          "user_mentions": [
            {
              "id": 87264094,
              "id_str": "87264094",
              "name": "Patricia Gamarra",
              "screen_name": "patriciagamarra",
              "indices": [
                0,
                16
              ]
            },
            {
              "id": 67978697,
              "id_str": "67978697",
              "name": "Rosa María Bartra",
              "screen_name": "rosamariabartra",
              "indices": [
                46,
                62
              ]
            },
            {
              "id": 1446831936,
              "id_str": "1446831936",
              "name": "Solidaridad Nacional",
              "screen_name": "Solidaridad_PSN",
              "indices": [
                79,
                95
              ]
            }
          ],
          "urls": [
            {
              "expanded_url": "https://twitter.com/i/web/status/1211020765178544129",
              "indices": [
                116,
                139
              ],
              "url": "https://t.co/VdfudBpYAE",
              "display_url": "twitter.com/i/web/status/1…"
            }
          ],
          "symbols": [],
          "hashtags": []
        },
        "truncated": true,
        "geo": null,
        "favorited": false,
        "coordinates": null,
        "text": "@patriciagamarra Publicidad 👏👏👏\nVotaremos por @rosamariabartra\nMarca el sol de @Solidaridad_PSN \nAunque la primera… https://t.co/VdfudBpYAE",
        "metadata": {
          "iso_language_code": "es",
          "result_type": "recent"
        },
        "user": {
          "id": 279261789,
          "entities": {
            "description": {
              "urls": []
            }
          },
          "profile_background_image_url": "http://abs.twimg.com/images/themes/theme1/bg.png",
          "name": "Peruanos 2021🇵🇪 🌀",
          "description": "",
          "contributors_enabled": false,
          "utc_offset": null,
          "created_at": "Fri Apr 08 22:44:46 +0000 2011",
          "profile_sidebar_fill_color": "DDEEF6",
          "profile_background_tile": false,
          "listed_count": 1,
          "has_extended_profile": false,
          "followers_count": 942,
          "screen_name": "PERUANOS21",
          "verified": false,
          "friends_count": 4907,
          "default_profile_image": false,
          "protected": false,
          "follow_request_sent": false,
          "profile_sidebar_border_color": "C0DEED",
          "following": false,
          "profile_banner_url": "https://pbs.twimg.com/profile_banners/279261789/1527167106",
          "url": null,
          "default_profile": true,
          "geo_enabled": false,
          "is_translator": false,
          "lang": null,
          "is_translation_enabled": false,
          "profile_background_image_url_https": "https://abs.twimg.com/images/themes/theme1/bg.png",
          "profile_use_background_image": true,
          "profile_image_url": "http://pbs.twimg.com/profile_images/1001843634935861248/daREJPtA_normal.jpg",
          "profile_image_url_https": "https://pbs.twimg.com/profile_images/1001843634935861248/daREJPtA_normal.jpg",
          "id_str": "279261789",
          "profile_background_color": "C0DEED",
          "favourites_count": 44378,
          "profile_link_color": "1DA1F2",
          "statuses_count": 31425,
          "location": "",
          "notifications": false,
          "profile_text_color": "333333",
          "translator_type": "none",
          "time_zone": null
        },
        "created_at": "Sat Dec 28 20:27:04 +0000 2019",
        "contributors": null,
        "retweet_count": 2,
        "in_reply_to_status_id": 1210774031634272257,
        "favorite_count": 4,
        "in_reply_to_user_id": 87264094,
        "is_quote_status": false,
        "source": "<a href=\"http://twitter.com/download/android\" rel=\"nofollow\">Twitter for Android</a>",
        "in_reply_to_user_id_str": "87264094",
        "in_reply_to_screen_name": "patriciagamarra",
        "lang": "es",
        "retweeted": false,
        "id_str": "1211020765178544129",
        "in_reply_to_status_id_str": "1210774031634272257",
        "place": null
      },
      "in_reply_to_status_id_str": null,
      "place": null
    },
    {
      "id": 1211084970980265987,
      "entities": {
        "user_mentions": [
          {
            "id": 3430982249,
            "id_str": "3430982249",
            "name": "#GolpeDeEstadoEnPeru",
            "screen_name": "Jazzyplus",
            "indices": [
              3,
              13
            ]
          },
          {
            "id": 3093249670,
            "id_str": "3093249670",
            "name": "Partido Político CONTIGO 🇵🇪",
            "screen_name": "CONTIGO_pe",
            "indices": [
              97,
              108
            ]
          }
        ],
        "urls": [],
        "symbols": [],
        "hashtags": []
      },
      "truncated": false,
      "geo": null,
      "favorited": false,
      "coordinates": null,
      "text": "RT @Jazzyplus: Lima y peruanos en el exterior. Elige bien. Marca la \"C\" (❌) del partido politico @CONTIGO_pe y escribe ✏el \"8\" de @JustoBal…",
      "metadata": {
        "iso_language_code": "es",
        "result_type": "recent"
      },
      "user": {
        "id": 841881934103994370,
        "entities": {
          "description": {
            "urls": []
          }
        },
        "profile_background_image_url": null,
        "name": "YoVotoProVida",
        "description": "Voto cristiano católico solo para candidatos Pro Vida y Pro Familia reconocidos.",
        "contributors_enabled": false,
        "utc_offset": null,
        "created_at": "Wed Mar 15 05:21:09 +0000 2017",
        "following": false,
        "profile_background_tile": false,
        "listed_count": 3,
        "has_extended_profile": false,
        "followers_count": 683,
        "screen_name": "March25Peru",
        "verified": false,
        "friends_count": 3090,
        "default_profile_image": true,
        "protected": false,
        "follow_request_sent": false,
        "profile_sidebar_border_color": "C0DEED",
        "profile_sidebar_fill_color": "DDEEF6",
        "url": null,
        "default_profile": true,
        "geo_enabled": false,
        "is_translator": false,
        "lang": null,
        "is_translation_enabled": false,
        "profile_background_image_url_https": null,
        "profile_use_background_image": true,
        "profile_image_url": "http://abs.twimg.com/sticky/default_profile_images/default_profile_normal.png",
        "profile_image_url_https": "https://abs.twimg.com/sticky/default_profile_images/default_profile_normal.png",
        "id_str": "841881934103994370",
        "profile_background_color": "F5F8FA",
        "favourites_count": 22686,
        "profile_link_color": "1DA1F2",
        "statuses_count": 38489,
        "location": "",
        "notifications": false,
        "profile_text_color": "333333",
        "translator_type": "none",
        "time_zone": null
      },
      "created_at": "Sun Dec 29 00:42:12 +0000 2019",
      "contributors": null,
      "retweet_count": 3,
      "in_reply_to_status_id": null,
      "favorite_count": 0,
      "in_reply_to_user_id": null,
      "is_quote_status": false,
      "source": "<a href=\"https://mobile.twitter.com\" rel=\"nofollow\">Twitter Web App</a>",
      "in_reply_to_user_id_str": null,
      "in_reply_to_screen_name": null,
      "lang": "es",
      "retweeted": false,
      "id_str": "1211084970980265987",
      "retweeted_status": {
        "id": 1208941342832898048,
        "entities": {
          "user_mentions": [
            {
              "id": 3093249670,
              "id_str": "3093249670",
              "name": "Partido Político CONTIGO 🇵🇪",
              "screen_name": "CONTIGO_pe",
              "indices": [
                82,
                93
              ]
            }
          ],
          "urls": [
            {
              "expanded_url": "https://twitter.com/i/web/status/1208941342832898048",
              "indices": [
                116,
                139
              ],
              "url": "https://t.co/u9pBKyDXpN",
              "display_url": "twitter.com/i/web/status/1…"
            }
          ],
          "symbols": [],
          "hashtags": []
        },
        "truncated": true,
        "geo": null,
        "favorited": false,
        "coordinates": null,
        "text": "Lima y peruanos en el exterior. Elige bien. Marca la \"C\" (❌) del partido politico @CONTIGO_pe y escribe ✏el \"8\" de… https://t.co/u9pBKyDXpN",
        "metadata": {
          "iso_language_code": "es",
          "result_type": "recent"
        },
        "user": {
          "id": 3430982249,
          "entities": {
            "description": {
              "urls": []
            }
          },
          "profile_background_image_url": "http://abs.twimg.com/images/themes/theme1/bg.png",
          "name": "#GolpeDeEstadoEnPeru",
          "description": "#Católica⛪️\n#GéneroEsCorrupción #ConMisHijosNoTeMetas #SalvemosLas2Vidas\nDefensora de los DDHH\nAntiMarxismo\nAntiMasonería",
          "contributors_enabled": false,
          "utc_offset": null,
          "created_at": "Wed Aug 19 04:47:08 +0000 2015",
          "profile_sidebar_fill_color": "000000",
          "profile_background_tile": true,
          "listed_count": 21,
          "has_extended_profile": true,
          "followers_count": 1678,
          "screen_name": "Jazzyplus",
          "verified": false,
          "friends_count": 719,
          "default_profile_image": false,
          "protected": false,
          "follow_request_sent": false,
          "profile_sidebar_border_color": "000000",
          "following": false,
          "profile_banner_url": "https://pbs.twimg.com/profile_banners/3430982249/1577225274",
          "url": null,
          "default_profile": false,
          "geo_enabled": false,
          "is_translator": false,
          "lang": null,
          "is_translation_enabled": false,
          "profile_background_image_url_https": "https://abs.twimg.com/images/themes/theme1/bg.png",
          "profile_use_background_image": true,
          "profile_image_url": "http://pbs.twimg.com/profile_images/1026937494313431040/ibLJ3W38_normal.jpg",
          "profile_image_url_https": "https://pbs.twimg.com/profile_images/1026937494313431040/ibLJ3W38_normal.jpg",
          "id_str": "3430982249",
          "profile_background_color": "FFCC4D",
          "favourites_count": 102989,
          "profile_link_color": "FA743E",
          "statuses_count": 87998,
          "location": "",
          "notifications": false,
          "profile_text_color": "000000",
          "translator_type": "none",
          "time_zone": null
        },
        "created_at": "Mon Dec 23 02:44:11 +0000 2019",
        "contributors": null,
        "retweet_count": 3,
        "in_reply_to_status_id": null,
        "favorite_count": 2,
        "in_reply_to_user_id": null,
        "is_quote_status": false,
        "source": "<a href=\"http://twitter.com/download/android\" rel=\"nofollow\">Twitter for Android</a>",
        "in_reply_to_user_id_str": null,
        "in_reply_to_screen_name": null,
        "lang": "es",
        "possibly_sensitive": false,
        "retweeted": false,
        "id_str": "1208941342832898048",
        "in_reply_to_status_id_str": null,
        "place": null
      },
      "in_reply_to_status_id_str": null,
      "place": null
    },
    {
      "id": 1211071887448662017,
      "entities": {
        "user_mentions": [
          {
            "id": 1025580083036205058,
            "id_str": "1025580083036205058",
            "name": "Julio Cesar",
            "screen_name": "JulioCe59337798",
            "indices": [
              3,
              19
            ]
          },
          {
            "id": 987371563329572865,
            "id_str": "987371563329572865",
            "name": "CoRaZoN SaLvAjE",
            "screen_name": "Jorge_Alberto36",
            "indices": [
              21,
              37
            ]
          },
          {
            "id": 721086806,
            "id_str": "721086806",
            "name": "Partido Político Fuerza Popular 🇵🇪",
            "screen_name": "PFuerzaPopular",
            "indices": [
              38,
              53
            ]
          },
          {
            "id": 1515282908,
            "id_str": "1515282908",
            "name": "APRA Oficial",
            "screen_name": "APRA_Oficial",
            "indices": [
              54,
              67
            ]
          },
          {
            "id": 1446831936,
            "id_str": "1446831936",
            "name": "Solidaridad Nacional",
            "screen_name": "Solidaridad_PSN",
            "indices": [
              68,
              84
            ]
          },
          {
            "id": 3093249670,
            "id_str": "3093249670",
            "name": "Partido Político CONTIGO 🇵🇪",
            "screen_name": "CONTIGO_pe",
            "indices": [
              85,
              96
            ]
          },
          {
            "id": 90961315,
            "id_str": "90961315",
            "name": "APP",
            "screen_name": "Peru_APP",
            "indices": [
              97,
              106
            ]
          },
          {
            "id": 350460605,
            "id_str": "350460605",
            "name": "Salvador Heresi",
            "screen_name": "SalvadorHeresi",
            "indices": [
              107,
              122
            ]
          },
          {
            "id": 235139317,
            "id_str": "235139317",
            "name": "Mauricio Mulder",
            "screen_name": "Mauriciomulder",
            "indices": [
              123,
              138
            ]
          }
        ],
        "urls": [],
        "symbols": [],
        "hashtags": []
      },
      "truncated": false,
      "geo": null,
      "favorited": false,
      "coordinates": null,
      "text": "RT @JulioCe59337798: @Jorge_Alberto36 @PFuerzaPopular @APRA_Oficial @Solidaridad_PSN @CONTIGO_pe @Peru_APP @SalvadorHeresi @Mauriciomulder…",
      "metadata": {
        "iso_language_code": "es",
        "result_type": "recent"
      },
      "user": {
        "id": 1178805063030099968,
        "entities": {
          "description": {
            "urls": []
          }
        },
        "profile_background_image_url": null,
        "name": "Gato Nacional",
        "description": "Miau",
        "contributors_enabled": false,
        "utc_offset": null,
        "created_at": "Mon Sep 30 22:53:57 +0000 2019",
        "following": false,
        "profile_background_tile": false,
        "listed_count": 0,
        "has_extended_profile": false,
        "followers_count": 11,
        "screen_name": "gato_nacional",
        "verified": false,
        "friends_count": 5,
        "default_profile_image": true,
        "protected": false,
        "follow_request_sent": false,
        "profile_sidebar_border_color": "C0DEED",
        "profile_sidebar_fill_color": "DDEEF6",
        "url": null,
        "default_profile": true,
        "geo_enabled": false,
        "is_translator": false,
        "lang": null,
        "is_translation_enabled": false,
        "profile_background_image_url_https": null,
        "profile_use_background_image": true,
        "profile_image_url": "http://abs.twimg.com/sticky/default_profile_images/default_profile_normal.png",
        "profile_image_url_https": "https://abs.twimg.com/sticky/default_profile_images/default_profile_normal.png",
        "id_str": "1178805063030099968",
        "profile_background_color": "F5F8FA",
        "favourites_count": 570,
        "profile_link_color": "1DA1F2",
        "statuses_count": 2290,
        "location": "",
        "notifications": false,
        "profile_text_color": "333333",
        "translator_type": "none",
        "time_zone": null
      },
      "created_at": "Sat Dec 28 23:50:13 +0000 2019",
      "contributors": null,
      "retweet_count": 4,
      "in_reply_to_status_id": null,
      "favorite_count": 0,
      "in_reply_to_user_id": null,
      "is_quote_status": false,
      "source": "<a href=\"https://mobile.twitter.com\" rel=\"nofollow\">Twitter Web App</a>",
      "in_reply_to_user_id_str": null,
      "in_reply_to_screen_name": null,
      "lang": "es",
      "retweeted": false,
      "id_str": "1211071887448662017",
      "retweeted_status": {
        "id": 1208230819791327232,
        "entities": {
          "user_mentions": [
            {
              "id": 987371563329572865,
              "id_str": "987371563329572865",
              "name": "CoRaZoN SaLvAjE",
              "screen_name": "Jorge_Alberto36",
              "indices": [
                0,
                16
              ]
            },
            {
              "id": 721086806,
              "id_str": "721086806",
              "name": "Partido Político Fuerza Popular 🇵🇪",
              "screen_name": "PFuerzaPopular",
              "indices": [
                17,
                32
              ]
            },
            {
              "id": 1515282908,
              "id_str": "1515282908",
              "name": "APRA Oficial",
              "screen_name": "APRA_Oficial",
              "indices": [
                33,
                46
              ]
            },
            {
              "id": 1446831936,
              "id_str": "1446831936",
              "name": "Solidaridad Nacional",
              "screen_name": "Solidaridad_PSN",
              "indices": [
                47,
                63
              ]
            },
            {
              "id": 3093249670,
              "id_str": "3093249670",
              "name": "Partido Político CONTIGO 🇵🇪",
              "screen_name": "CONTIGO_pe",
              "indices": [
                64,
                75
              ]
            },
            {
              "id": 90961315,
              "id_str": "90961315",
              "name": "APP",
              "screen_name": "Peru_APP",
              "indices": [
                76,
                85
              ]
            },
            {
              "id": 350460605,
              "id_str": "350460605",
              "name": "Salvador Heresi",
              "screen_name": "SalvadorHeresi",
              "indices": [
                86,
                101
              ]
            }
          ],
          "urls": [
            {
              "expanded_url": "https://twitter.com/i/web/status/1208230819791327232",
              "indices": [
                103,
                126
              ],
              "url": "https://t.co/yE3ZoFd1xp",
              "display_url": "twitter.com/i/web/status/1…"
            }
          ],
          "symbols": [],
          "hashtags": []
        },
        "truncated": true,
        "geo": null,
        "favorited": false,
        "coordinates": null,
        "text": "@Jorge_Alberto36 @PFuerzaPopular @APRA_Oficial @Solidaridad_PSN @CONTIGO_pe @Peru_APP @SalvadorHeresi… https://t.co/yE3ZoFd1xp",
        "metadata": {
          "iso_language_code": "es",
          "result_type": "recent"
        },
        "user": {
          "id": 1025580083036205058,
          "entities": {
            "description": {
              "urls": []
            }
          },
          "profile_background_image_url": null,
          "name": "Julio Cesar",
          "description": "Si avalas y mas aun defiendes la injusticia, la korrupcion, el latrocinio y el delito entonces estoy contra ti. Te amo Perú 🇵🇪",
          "contributors_enabled": false,
          "utc_offset": null,
          "created_at": "Sat Aug 04 03:12:00 +0000 2018",
          "profile_sidebar_fill_color": "DDEEF6",
          "profile_background_tile": false,
          "listed_count": 0,
          "has_extended_profile": false,
          "followers_count": 233,
          "screen_name": "JulioCe59337798",
          "verified": false,
          "friends_count": 287,
          "default_profile_image": false,
          "protected": false,
          "follow_request_sent": false,
          "profile_sidebar_border_color": "C0DEED",
          "following": false,
          "profile_banner_url": "https://pbs.twimg.com/profile_banners/1025580083036205058/1569939274",
          "url": null,
          "default_profile": true,
          "geo_enabled": false,
          "is_translator": false,
          "lang": null,
          "is_translation_enabled": false,
          "profile_background_image_url_https": null,
          "profile_use_background_image": true,
          "profile_image_url": "http://pbs.twimg.com/profile_images/1179035273608327181/2AESvYPn_normal.jpg",
          "profile_image_url_https": "https://pbs.twimg.com/profile_images/1179035273608327181/2AESvYPn_normal.jpg",
          "id_str": "1025580083036205058",
          "profile_background_color": "F5F8FA",
          "favourites_count": 39178,
          "profile_link_color": "1DA1F2",
          "statuses_count": 4400,
          "location": "PERU",
          "notifications": false,
          "profile_text_color": "333333",
          "translator_type": "none",
          "time_zone": null
        },
        "created_at": "Sat Dec 21 03:40:49 +0000 2019",
        "contributors": null,
        "retweet_count": 4,
        "in_reply_to_status_id": 1208204199139430402,
        "favorite_count": 9,
        "in_reply_to_user_id": 987371563329572865,
        "is_quote_status": false,
        "source": "<a href=\"http://twitter.com/download/android\" rel=\"nofollow\">Twitter for Android</a>",
        "in_reply_to_user_id_str": "987371563329572865",
        "in_reply_to_screen_name": "Jorge_Alberto36",
        "lang": "es",
        "retweeted": false,
        "id_str": "1208230819791327232",
        "in_reply_to_status_id_str": "1208204199139430402",
        "place": null
      },
      "in_reply_to_status_id_str": null,
      "place": null
    },
    {
      "id": 1211071623715082241,
      "entities": {
        "user_mentions": [
          {
            "id": 987371563329572865,
            "id_str": "987371563329572865",
            "name": "CoRaZoN SaLvAjE",
            "screen_name": "Jorge_Alberto36",
            "indices": [
              0,
              16
            ]
          },
          {
            "id": 721086806,
            "id_str": "721086806",
            "name": "Partido Político Fuerza Popular 🇵🇪",
            "screen_name": "PFuerzaPopular",
            "indices": [
              17,
              32
            ]
          },
          {
            "id": 1515282908,
            "id_str": "1515282908",
            "name": "APRA Oficial",
            "screen_name": "APRA_Oficial",
            "indices": [
              33,
              46
            ]
          },
          {
            "id": 1446831936,
            "id_str": "1446831936",
            "name": "Solidaridad Nacional",
            "screen_name": "Solidaridad_PSN",
            "indices": [
              47,
              63
            ]
          },
          {
            "id": 3093249670,
            "id_str": "3093249670",
            "name": "Partido Político CONTIGO 🇵🇪",
            "screen_name": "CONTIGO_pe",
            "indices": [
              64,
              75
            ]
          },
          {
            "id": 90961315,
            "id_str": "90961315",
            "name": "APP",
            "screen_name": "Peru_APP",
            "indices": [
              76,
              85
            ]
          },
          {
            "id": 350460605,
            "id_str": "350460605",
            "name": "Salvador Heresi",
            "screen_name": "SalvadorHeresi",
            "indices": [
              86,
              101
            ]
          }
        ],
        "urls": [
          {
            "expanded_url": "https://twitter.com/i/web/status/1211071623715082241",
            "indices": [
              103,
              126
            ],
            "url": "https://t.co/FejaFRJ0cx",
            "display_url": "twitter.com/i/web/status/1…"
          }
        ],
        "symbols": [],
        "hashtags": []
      },
      "truncated": true,
      "geo": null,
      "favorited": false,
      "coordinates": null,
      "text": "@Jorge_Alberto36 @PFuerzaPopular @APRA_Oficial @Solidaridad_PSN @CONTIGO_pe @Peru_APP @SalvadorHeresi… https://t.co/FejaFRJ0cx",
      "metadata": {
        "iso_language_code": "es",
        "result_type": "recent"
      },
      "user": {
        "id": 1178805063030099968,
        "entities": {
          "description": {
            "urls": []
          }
        },
        "profile_background_image_url": null,
        "name": "Gato Nacional",
        "description": "Miau",
        "contributors_enabled": false,
        "utc_offset": null,
        "created_at": "Mon Sep 30 22:53:57 +0000 2019",
        "following": false,
        "profile_background_tile": false,
        "listed_count": 0,
        "has_extended_profile": false,
        "followers_count": 11,
        "screen_name": "gato_nacional",
        "verified": false,
        "friends_count": 5,
        "default_profile_image": true,
        "protected": false,
        "follow_request_sent": false,
        "profile_sidebar_border_color": "C0DEED",
        "profile_sidebar_fill_color": "DDEEF6",
        "url": null,
        "default_profile": true,
        "geo_enabled": false,
        "is_translator": false,
        "lang": null,
        "is_translation_enabled": false,
        "profile_background_image_url_https": null,
        "profile_use_background_image": true,
        "profile_image_url": "http://abs.twimg.com/sticky/default_profile_images/default_profile_normal.png",
        "profile_image_url_https": "https://abs.twimg.com/sticky/default_profile_images/default_profile_normal.png",
        "id_str": "1178805063030099968",
        "profile_background_color": "F5F8FA",
        "favourites_count": 570,
        "profile_link_color": "1DA1F2",
        "statuses_count": 2290,
        "location": "",
        "notifications": false,
        "profile_text_color": "333333",
        "translator_type": "none",
        "time_zone": null
      },
      "created_at": "Sat Dec 28 23:49:10 +0000 2019",
      "contributors": null,
      "retweet_count": 0,
      "in_reply_to_status_id": 1208204199139430402,
      "favorite_count": 1,
      "in_reply_to_user_id": 987371563329572865,
      "is_quote_status": false,
      "source": "<a href=\"https://mobile.twitter.com\" rel=\"nofollow\">Twitter Web App</a>",
      "in_reply_to_user_id_str": "987371563329572865",
      "in_reply_to_screen_name": "Jorge_Alberto36",
      "lang": "es",
      "retweeted": false,
      "id_str": "1211071623715082241",
      "in_reply_to_status_id_str": "1208204199139430402",
      "place": null
    },
    {
      "id": 1211071029638049792,
      "entities": {
        "user_mentions": [
          {
            "id": 987371563329572865,
            "id_str": "987371563329572865",
            "name": "CoRaZoN SaLvAjE",
            "screen_name": "Jorge_Alberto36",
            "indices": [
              3,
              19
            ]
          },
          {
            "id": 721086806,
            "id_str": "721086806",
            "name": "Partido Político Fuerza Popular 🇵🇪",
            "screen_name": "PFuerzaPopular",
            "indices": [
              103,
              118
            ]
          },
          {
            "id": 1515282908,
            "id_str": "1515282908",
            "name": "APRA Oficial",
            "screen_name": "APRA_Oficial",
            "indices": [
              121,
              134
            ]
          }
        ],
        "urls": [],
        "symbols": [],
        "hashtags": []
      },
      "truncated": false,
      "geo": null,
      "favorited": false,
      "coordinates": null,
      "text": "RT @Jorge_Alberto36: Compatriotas, unense a esta campaña, \"CERO POLÍTICOS EN TU BARRIO\"\nPeor si son de @PFuerzaPopular , @APRA_Oficial , @S…",
      "metadata": {
        "iso_language_code": "es",
        "result_type": "recent"
      },
      "user": {
        "id": 1178805063030099968,
        "entities": {
          "description": {
            "urls": []
          }
        },
        "profile_background_image_url": null,
        "name": "Gato Nacional",
        "description": "Miau",
        "contributors_enabled": false,
        "utc_offset": null,
        "created_at": "Mon Sep 30 22:53:57 +0000 2019",
        "following": false,
        "profile_background_tile": false,
        "listed_count": 0,
        "has_extended_profile": false,
        "followers_count": 11,
        "screen_name": "gato_nacional",
        "verified": false,
        "friends_count": 5,
        "default_profile_image": true,
        "protected": false,
        "follow_request_sent": false,
        "profile_sidebar_border_color": "C0DEED",
        "profile_sidebar_fill_color": "DDEEF6",
        "url": null,
        "default_profile": true,
        "geo_enabled": false,
        "is_translator": false,
        "lang": null,
        "is_translation_enabled": false,
        "profile_background_image_url_https": null,
        "profile_use_background_image": true,
        "profile_image_url": "http://abs.twimg.com/sticky/default_profile_images/default_profile_normal.png",
        "profile_image_url_https": "https://abs.twimg.com/sticky/default_profile_images/default_profile_normal.png",
        "id_str": "1178805063030099968",
        "profile_background_color": "F5F8FA",
        "favourites_count": 570,
        "profile_link_color": "1DA1F2",
        "statuses_count": 2290,
        "location": "",
        "notifications": false,
        "profile_text_color": "333333",
        "translator_type": "none",
        "time_zone": null
      },
      "created_at": "Sat Dec 28 23:46:48 +0000 2019",
      "contributors": null,
      "retweet_count": 225,
      "in_reply_to_status_id": null,
      "favorite_count": 0,
      "in_reply_to_user_id": null,
      "is_quote_status": false,
      "source": "<a href=\"https://mobile.twitter.com\" rel=\"nofollow\">Twitter Web App</a>",
      "in_reply_to_user_id_str": null,
      "in_reply_to_screen_name": null,
      "lang": "es",
      "retweeted": false,
      "id_str": "1211071029638049792",
      "retweeted_status": {
        "id": 1208204199139430402,
        "entities": {
          "user_mentions": [
            {
              "id": 721086806,
              "id_str": "721086806",
              "name": "Partido Político Fuerza Popular 🇵🇪",
              "screen_name": "PFuerzaPopular",
              "indices": [
                82,
                97
              ]
            },
            {
              "id": 1515282908,
              "id_str": "1515282908",
              "name": "APRA Oficial",
              "screen_name": "APRA_Oficial",
              "indices": [
                100,
                113
              ]
            }
          ],
          "urls": [
            {
              "expanded_url": "https://twitter.com/i/web/status/1208204199139430402",
              "indices": [
                117,
                140
              ],
              "url": "https://t.co/G8o3WzMTJ8",
              "display_url": "twitter.com/i/web/status/1…"
            }
          ],
          "symbols": [],
          "hashtags": []
        },
        "truncated": true,
        "geo": null,
        "favorited": false,
        "coordinates": null,
        "text": "Compatriotas, unense a esta campaña, \"CERO POLÍTICOS EN TU BARRIO\"\nPeor si son de @PFuerzaPopular , @APRA_Oficial ,… https://t.co/G8o3WzMTJ8",
        "metadata": {
          "iso_language_code": "es",
          "result_type": "recent"
        },
        "user": {
          "id": 987371563329572865,
          "entities": {
            "description": {
              "urls": []
            }
          },
          "profile_background_image_url": null,
          "name": "CoRaZoN SaLvAjE",
          "description": "No soy de izquierda ni de derecha; soy de abajo y voy por los de arriba.\n* La población civil tiene derecho de insurgencia en defensa del orden constitucional*",
          "contributors_enabled": false,
          "utc_offset": null,
          "created_at": "Fri Apr 20 16:44:59 +0000 2018",
          "profile_sidebar_fill_color": "DDEEF6",
          "profile_background_tile": false,
          "listed_count": 2,
          "has_extended_profile": true,
          "followers_count": 554,
          "screen_name": "Jorge_Alberto36",
          "verified": false,
          "friends_count": 4986,
          "default_profile_image": false,
          "protected": false,
          "follow_request_sent": false,
          "profile_sidebar_border_color": "C0DEED",
          "following": false,
          "profile_banner_url": "https://pbs.twimg.com/profile_banners/987371563329572865/1538969771",
          "url": null,
          "default_profile": true,
          "geo_enabled": true,
          "is_translator": false,
          "lang": null,
          "is_translation_enabled": false,
          "profile_background_image_url_https": null,
          "profile_use_background_image": true,
          "profile_image_url": "http://pbs.twimg.com/profile_images/1209838115654950915/05fFnzId_normal.jpg",
          "profile_image_url_https": "https://pbs.twimg.com/profile_images/1209838115654950915/05fFnzId_normal.jpg",
          "id_str": "987371563329572865",
          "profile_background_color": "F5F8FA",
          "favourites_count": 12402,
          "profile_link_color": "1DA1F2",
          "statuses_count": 12729,
          "location": "Surquillo, Peru",
          "notifications": false,
          "profile_text_color": "333333",
          "translator_type": "none",
          "time_zone": null
        },
        "created_at": "Sat Dec 21 01:55:03 +0000 2019",
        "contributors": null,
        "retweet_count": 225,
        "in_reply_to_status_id": null,
        "favorite_count": 365,
        "in_reply_to_user_id": null,
        "is_quote_status": false,
        "source": "<a href=\"http://twitter.com/download/android\" rel=\"nofollow\">Twitter for Android</a>",
        "in_reply_to_user_id_str": null,
        "in_reply_to_screen_name": null,
        "lang": "es",
        "possibly_sensitive": false,
        "retweeted": false,
        "id_str": "1208204199139430402",
        "in_reply_to_status_id_str": null,
        "place": null
      },
      "in_reply_to_status_id_str": null,
      "place": null
    },
    {
      "id": 1211044225653116928,
      "entities": {
        "user_mentions": [
          {
            "id": 33808317,
            "id_str": "33808317",
            "name": "Juan Sheput",
            "screen_name": "JuanSheput",
            "indices": [
              0,
              11
            ]
          },
          {
            "id": 426145972,
            "id_str": "426145972",
            "name": "Gregorio Santos G.",
            "screen_name": "Gregorio_Goyo",
            "indices": [
              12,
              26
            ]
          },
          {
            "id": 3093249670,
            "id_str": "3093249670",
            "name": "Partido Político CONTIGO 🇵🇪",
            "screen_name": "CONTIGO_pe",
            "indices": [
              64,
              75
            ]
          }
        ],
        "urls": [
          {
            "expanded_url": "https://twitter.com/i/web/status/1211044225653116928",
            "indices": [
              117,
              140
            ],
            "url": "https://t.co/JHflK8sVe2",
            "display_url": "twitter.com/i/web/status/1…"
          }
        ],
        "symbols": [],
        "hashtags": []
      },
      "truncated": true,
      "geo": null,
      "favorited": false,
      "coordinates": null,
      "text": "@JuanSheput @Gregorio_Goyo Esa IZM a la q UD y su expartido PPK @CONTIGO_pe se unieron en las últimas elecciones,ah… https://t.co/JHflK8sVe2",
      "metadata": {
        "iso_language_code": "es",
        "result_type": "recent"
      },
      "user": {
        "id": 946161862311157761,
        "entities": {
          "description": {
            "urls": []
          }
        },
        "profile_background_image_url": null,
        "name": "ASADO 🇵🇪",
        "description": "Caminando siempre por la DERECHA.",
        "contributors_enabled": false,
        "utc_offset": null,
        "created_at": "Wed Dec 27 23:32:21 +0000 2017",
        "profile_sidebar_fill_color": "DDEEF6",
        "profile_background_tile": false,
        "listed_count": 0,
        "has_extended_profile": false,
        "followers_count": 565,
        "screen_name": "agente1977c",
        "verified": false,
        "friends_count": 4164,
        "default_profile_image": false,
        "protected": false,
        "follow_request_sent": false,
        "profile_sidebar_border_color": "C0DEED",
        "following": false,
        "profile_banner_url": "https://pbs.twimg.com/profile_banners/946161862311157761/1537654781",
        "url": null,
        "default_profile": true,
        "geo_enabled": true,
        "is_translator": false,
        "lang": null,
        "is_translation_enabled": false,
        "profile_background_image_url_https": null,
        "profile_use_background_image": true,
        "profile_image_url": "http://pbs.twimg.com/profile_images/1043624610791604224/OUepvPHj_normal.jpg",
        "profile_image_url_https": "https://pbs.twimg.com/profile_images/1043624610791604224/OUepvPHj_normal.jpg",
        "id_str": "946161862311157761",
        "profile_background_color": "F5F8FA",
        "favourites_count": 21566,
        "profile_link_color": "1DA1F2",
        "statuses_count": 18281,
        "location": "PERÚ",
        "notifications": false,
        "profile_text_color": "333333",
        "translator_type": "none",
        "time_zone": null
      },
      "created_at": "Sat Dec 28 22:00:18 +0000 2019",
      "contributors": null,
      "retweet_count": 0,
      "in_reply_to_status_id": 1210953939358748678,
      "favorite_count": 0,
      "in_reply_to_user_id": 33808317,
      "is_quote_status": false,
      "source": "<a href=\"http://twitter.com/download/android\" rel=\"nofollow\">Twitter for Android</a>",
      "in_reply_to_user_id_str": "33808317",
      "in_reply_to_screen_name": "JuanSheput",
      "lang": "es",
      "retweeted": false,
      "id_str": "1211044225653116928",
      "in_reply_to_status_id_str": "1210953939358748678",
      "place": null
    },
    {
      "id": 1211020765178544129,
      "entities": {
        "user_mentions": [
          {
            "id": 87264094,
            "id_str": "87264094",
            "name": "Patricia Gamarra",
            "screen_name": "patriciagamarra",
            "indices": [
              0,
              16
            ]
          },
          {
            "id": 67978697,
            "id_str": "67978697",
            "name": "Rosa María Bartra",
            "screen_name": "rosamariabartra",
            "indices": [
              46,
              62
            ]
          },
          {
            "id": 1446831936,
            "id_str": "1446831936",
            "name": "Solidaridad Nacional",
            "screen_name": "Solidaridad_PSN",
            "indices": [
              79,
              95
            ]
          }
        ],
        "urls": [
          {
            "expanded_url": "https://twitter.com/i/web/status/1211020765178544129",
            "indices": [
              116,
              139
            ],
            "url": "https://t.co/VdfudBpYAE",
            "display_url": "twitter.com/i/web/status/1…"
          }
        ],
        "symbols": [],
        "hashtags": []
      },
      "truncated": true,
      "geo": null,
      "favorited": false,
      "coordinates": null,
      "text": "@patriciagamarra Publicidad 👏👏👏\nVotaremos por @rosamariabartra\nMarca el sol de @Solidaridad_PSN \nAunque la primera… https://t.co/VdfudBpYAE",
      "metadata": {
        "iso_language_code": "es",
        "result_type": "recent"
      },
      "user": {
        "id": 279261789,
        "entities": {
          "description": {
            "urls": []
          }
        },
        "profile_background_image_url": "http://abs.twimg.com/images/themes/theme1/bg.png",
        "name": "Peruanos 2021🇵🇪 🌀",
        "description": "",
        "contributors_enabled": false,
        "utc_offset": null,
        "created_at": "Fri Apr 08 22:44:46 +0000 2011",
        "profile_sidebar_fill_color": "DDEEF6",
        "profile_background_tile": false,
        "listed_count": 1,
        "has_extended_profile": false,
        "followers_count": 942,
        "screen_name": "PERUANOS21",
        "verified": false,
        "friends_count": 4907,
        "default_profile_image": false,
        "protected": false,
        "follow_request_sent": false,
        "profile_sidebar_border_color": "C0DEED",
        "following": false,
        "profile_banner_url": "https://pbs.twimg.com/profile_banners/279261789/1527167106",
        "url": null,
        "default_profile": true,
        "geo_enabled": false,
        "is_translator": false,
        "lang": null,
        "is_translation_enabled": false,
        "profile_background_image_url_https": "https://abs.twimg.com/images/themes/theme1/bg.png",
        "profile_use_background_image": true,
        "profile_image_url": "http://pbs.twimg.com/profile_images/1001843634935861248/daREJPtA_normal.jpg",
        "profile_image_url_https": "https://pbs.twimg.com/profile_images/1001843634935861248/daREJPtA_normal.jpg",
        "id_str": "279261789",
        "profile_background_color": "C0DEED",
        "favourites_count": 44378,
        "profile_link_color": "1DA1F2",
        "statuses_count": 31425,
        "location": "",
        "notifications": false,
        "profile_text_color": "333333",
        "translator_type": "none",
        "time_zone": null
      },
      "created_at": "Sat Dec 28 20:27:04 +0000 2019",
      "contributors": null,
      "retweet_count": 2,
      "in_reply_to_status_id": 1210774031634272257,
      "favorite_count": 4,
      "in_reply_to_user_id": 87264094,
      "is_quote_status": false,
      "source": "<a href=\"http://twitter.com/download/android\" rel=\"nofollow\">Twitter for Android</a>",
      "in_reply_to_user_id_str": "87264094",
      "in_reply_to_screen_name": "patriciagamarra",
      "lang": "es",
      "retweeted": false,
      "id_str": "1211020765178544129",
      "in_reply_to_status_id_str": "1210774031634272257",
      "place": null
    },
    {
      "id": 1210995933980135425,
      "entities": {
        "user_mentions": [
          {
            "id": 3430982249,
            "id_str": "3430982249",
            "name": "#GolpeDeEstadoEnPeru",
            "screen_name": "Jazzyplus",
            "indices": [
              3,
              13
            ]
          },
          {
            "id": 3093249670,
            "id_str": "3093249670",
            "name": "Partido Político CONTIGO 🇵🇪",
            "screen_name": "CONTIGO_pe",
            "indices": [
              15,
              26
            ]
          },
          {
            "id": 805959235469123584,
            "id_str": "805959235469123584",
            "name": "JustoBalmaceda",
            "screen_name": "JustoBalmacedaQ",
            "indices": [
              27,
              43
            ]
          },
          {
            "id": 2598806875,
            "id_str": "2598806875",
            "name": "Jose Anderson ",
            "screen_name": "JoseAndersonT",
            "indices": [
              44,
              58
            ]
          }
        ],
        "urls": [],
        "symbols": [],
        "hashtags": [
          {
            "text": "Contigo8",
            "indices": [
              59,
              68
            ]
          }
        ]
      },
      "truncated": false,
      "geo": null,
      "favorited": false,
      "coordinates": null,
      "text": "RT @Jazzyplus: @CONTIGO_pe @JustoBalmacedaQ @JoseAndersonT #Contigo8 Mi voto por el Partido Contigo Número 8 y numero 11. Aquí las propuest…",
      "metadata": {
        "iso_language_code": "es",
        "result_type": "recent"
      },
      "user": {
        "id": 875946115551678465,
        "entities": {
          "description": {
            "urls": []
          }
        },
        "profile_background_image_url": "http://abs.twimg.com/images/themes/theme1/bg.png",
        "name": "CiudadanoHQ",
        "description": "PRO Familia-No al Aborto #NoALaIdeologiadeGenero\n#ConMisHijosNoTeMetas #EnfoqueDeFamilia \n#EducarEsdePadres\n#SalvemosLas2Vidas",
        "contributors_enabled": false,
        "utc_offset": null,
        "created_at": "Sat Jun 17 05:20:03 +0000 2017",
        "profile_sidebar_fill_color": "000000",
        "profile_background_tile": false,
        "listed_count": 4,
        "has_extended_profile": false,
        "followers_count": 784,
        "screen_name": "CiudadanosHQ",
        "verified": false,
        "friends_count": 1016,
        "default_profile_image": false,
        "protected": false,
        "follow_request_sent": false,
        "profile_sidebar_border_color": "000000",
        "following": false,
        "profile_banner_url": "https://pbs.twimg.com/profile_banners/875946115551678465/1549361315",
        "url": null,
        "default_profile": false,
        "geo_enabled": false,
        "is_translator": false,
        "lang": null,
        "is_translation_enabled": false,
        "profile_background_image_url_https": "https://abs.twimg.com/images/themes/theme1/bg.png",
        "profile_use_background_image": false,
        "profile_image_url": "http://pbs.twimg.com/profile_images/1092906546240110592/MMe22WG4_normal.jpg",
        "profile_image_url_https": "https://pbs.twimg.com/profile_images/1092906546240110592/MMe22WG4_normal.jpg",
        "id_str": "875946115551678465",
        "profile_background_color": "000000",
        "favourites_count": 8735,
        "profile_link_color": "1B95E0",
        "statuses_count": 57505,
        "location": "Breña, Peru",
        "notifications": false,
        "profile_text_color": "000000",
        "translator_type": "none",
        "time_zone": null
      },
      "created_at": "Sat Dec 28 18:48:24 +0000 2019",
      "contributors": null,
      "retweet_count": 1,
      "in_reply_to_status_id": null,
      "favorite_count": 0,
      "in_reply_to_user_id": null,
      "is_quote_status": false,
      "source": "<a href=\"https://about.twitter.com/products/tweetdeck\" rel=\"nofollow\">TweetDeck</a>",
      "in_reply_to_user_id_str": null,
      "in_reply_to_screen_name": null,
      "lang": "es",
      "retweeted": false,
      "id_str": "1210995933980135425",
      "retweeted_status": {
        "id": 1210994610769674240,
        "entities": {
          "user_mentions": [
            {
              "id": 3093249670,
              "id_str": "3093249670",
              "name": "Partido Político CONTIGO 🇵🇪",
              "screen_name": "CONTIGO_pe",
              "indices": [
                0,
                11
              ]
            },
            {
              "id": 805959235469123584,
              "id_str": "805959235469123584",
              "name": "JustoBalmaceda",
              "screen_name": "JustoBalmacedaQ",
              "indices": [
                12,
                28
              ]
            },
            {
              "id": 2598806875,
              "id_str": "2598806875",
              "name": "Jose Anderson ",
              "screen_name": "JoseAndersonT",
              "indices": [
                29,
                43
              ]
            }
          ],
          "urls": [
            {
              "expanded_url": "https://twitter.com/i/web/status/1210994610769674240",
              "indices": [
                117,
                140
              ],
              "url": "https://t.co/sMGmJ3JHk2",
              "display_url": "twitter.com/i/web/status/1…"
            }
          ],
          "symbols": [],
          "hashtags": [
            {
              "text": "Contigo8",
              "indices": [
                44,
                53
              ]
            }
          ]
        },
        "truncated": true,
        "geo": null,
        "favorited": false,
        "coordinates": null,
        "text": "@CONTIGO_pe @JustoBalmacedaQ @JoseAndersonT #Contigo8 Mi voto por el Partido Contigo Número 8 y numero 11. Aquí las… https://t.co/sMGmJ3JHk2",
        "metadata": {
          "iso_language_code": "es",
          "result_type": "recent"
        },
        "user": {
          "id": 3430982249,
          "entities": {
            "description": {
              "urls": []
            }
          },
          "profile_background_image_url": "http://abs.twimg.com/images/themes/theme1/bg.png",
          "name": "#GolpeDeEstadoEnPeru",
          "description": "#Católica⛪️\n#GéneroEsCorrupción #ConMisHijosNoTeMetas #SalvemosLas2Vidas\nDefensora de los DDHH\nAntiMarxismo\nAntiMasonería",
          "contributors_enabled": false,
          "utc_offset": null,
          "created_at": "Wed Aug 19 04:47:08 +0000 2015",
          "profile_sidebar_fill_color": "000000",
          "profile_background_tile": true,
          "listed_count": 21,
          "has_extended_profile": true,
          "followers_count": 1678,
          "screen_name": "Jazzyplus",
          "verified": false,
          "friends_count": 719,
          "default_profile_image": false,
          "protected": false,
          "follow_request_sent": false,
          "profile_sidebar_border_color": "000000",
          "following": false,
          "profile_banner_url": "https://pbs.twimg.com/profile_banners/3430982249/1577225274",
          "url": null,
          "default_profile": false,
          "geo_enabled": false,
          "is_translator": false,
          "lang": null,
          "is_translation_enabled": false,
          "profile_background_image_url_https": "https://abs.twimg.com/images/themes/theme1/bg.png",
          "profile_use_background_image": true,
          "profile_image_url": "http://pbs.twimg.com/profile_images/1026937494313431040/ibLJ3W38_normal.jpg",
          "profile_image_url_https": "https://pbs.twimg.com/profile_images/1026937494313431040/ibLJ3W38_normal.jpg",
          "id_str": "3430982249",
          "profile_background_color": "FFCC4D",
          "favourites_count": 102989,
          "profile_link_color": "FA743E",
          "statuses_count": 87998,
          "location": "",
          "notifications": false,
          "profile_text_color": "000000",
          "translator_type": "none",
          "time_zone": null
        },
        "created_at": "Sat Dec 28 18:43:09 +0000 2019",
        "contributors": null,
        "retweet_count": 1,
        "in_reply_to_status_id": 1208941342832898048,
        "favorite_count": 2,
        "in_reply_to_user_id": 3430982249,
        "is_quote_status": false,
        "source": "<a href=\"https://mobile.twitter.com\" rel=\"nofollow\">Twitter Web App</a>",
        "in_reply_to_user_id_str": "3430982249",
        "in_reply_to_screen_name": "Jazzyplus",
        "lang": "es",
        "possibly_sensitive": false,
        "retweeted": false,
        "id_str": "1210994610769674240",
        "in_reply_to_status_id_str": "1208941342832898048",
        "place": null
      },
      "in_reply_to_status_id_str": null,
      "place": null
    },
    {
      "id": 1210994610769674240,
      "entities": {
        "user_mentions": [
          {
            "id": 3093249670,
            "id_str": "3093249670",
            "name": "Partido Político CONTIGO 🇵🇪",
            "screen_name": "CONTIGO_pe",
            "indices": [
              0,
              11
            ]
          },
          {
            "id": 805959235469123584,
            "id_str": "805959235469123584",
            "name": "JustoBalmaceda",
            "screen_name": "JustoBalmacedaQ",
            "indices": [
              12,
              28
            ]
          },
          {
            "id": 2598806875,
            "id_str": "2598806875",
            "name": "Jose Anderson ",
            "screen_name": "JoseAndersonT",
            "indices": [
              29,
              43
            ]
          }
        ],
        "urls": [
          {
            "expanded_url": "https://twitter.com/i/web/status/1210994610769674240",
            "indices": [
              117,
              140
            ],
            "url": "https://t.co/sMGmJ3JHk2",
            "display_url": "twitter.com/i/web/status/1…"
          }
        ],
        "symbols": [],
        "hashtags": [
          {
            "text": "Contigo8",
            "indices": [
              44,
              53
            ]
          }
        ]
      },
      "truncated": true,
      "geo": null,
      "favorited": false,
      "coordinates": null,
      "text": "@CONTIGO_pe @JustoBalmacedaQ @JoseAndersonT #Contigo8 Mi voto por el Partido Contigo Número 8 y numero 11. Aquí las… https://t.co/sMGmJ3JHk2",
      "metadata": {
        "iso_language_code": "es",
        "result_type": "recent"
      },
      "user": {
        "id": 3430982249,
        "entities": {
          "description": {
            "urls": []
          }
        },
        "profile_background_image_url": "http://abs.twimg.com/images/themes/theme1/bg.png",
        "name": "#GolpeDeEstadoEnPeru",
        "description": "#Católica⛪️\n#GéneroEsCorrupción #ConMisHijosNoTeMetas #SalvemosLas2Vidas\nDefensora de los DDHH\nAntiMarxismo\nAntiMasonería",
        "contributors_enabled": false,
        "utc_offset": null,
        "created_at": "Wed Aug 19 04:47:08 +0000 2015",
        "profile_sidebar_fill_color": "000000",
        "profile_background_tile": true,
        "listed_count": 21,
        "has_extended_profile": true,
        "followers_count": 1678,
        "screen_name": "Jazzyplus",
        "verified": false,
        "friends_count": 719,
        "default_profile_image": false,
        "protected": false,
        "follow_request_sent": false,
        "profile_sidebar_border_color": "000000",
        "following": false,
        "profile_banner_url": "https://pbs.twimg.com/profile_banners/3430982249/1577225274",
        "url": null,
        "default_profile": false,
        "geo_enabled": false,
        "is_translator": false,
        "lang": null,
        "is_translation_enabled": false,
        "profile_background_image_url_https": "https://abs.twimg.com/images/themes/theme1/bg.png",
        "profile_use_background_image": true,
        "profile_image_url": "http://pbs.twimg.com/profile_images/1026937494313431040/ibLJ3W38_normal.jpg",
        "profile_image_url_https": "https://pbs.twimg.com/profile_images/1026937494313431040/ibLJ3W38_normal.jpg",
        "id_str": "3430982249",
        "profile_background_color": "FFCC4D",
        "favourites_count": 102989,
        "profile_link_color": "FA743E",
        "statuses_count": 87998,
        "location": "",
        "notifications": false,
        "profile_text_color": "000000",
        "translator_type": "none",
        "time_zone": null
      },
      "created_at": "Sat Dec 28 18:43:09 +0000 2019",
      "contributors": null,
      "retweet_count": 1,
      "in_reply_to_status_id": 1208941342832898048,
      "favorite_count": 2,
      "in_reply_to_user_id": 3430982249,
      "is_quote_status": false,
      "source": "<a href=\"https://mobile.twitter.com\" rel=\"nofollow\">Twitter Web App</a>",
      "in_reply_to_user_id_str": "3430982249",
      "in_reply_to_screen_name": "Jazzyplus",
      "lang": "es",
      "possibly_sensitive": false,
      "retweeted": false,
      "id_str": "1210994610769674240",
      "in_reply_to_status_id_str": "1208941342832898048",
      "place": null
    }
  ],
  "request_date": "2019-12-29-19:39:35"
}