{
  "request_date": "2020-01-13-22:48:46",
  "data": [
    {
      "favorite_count": 0,
      "metadata": {
        "iso_language_code": "es",
        "result_type": "recent"
      },
      "favorited": false,
      "contributors": null,
      "is_quote_status": false,
      "coordinates": null,
      "lang": "es",
      "geo": null,
      "in_reply_to_user_id": null,
      "retweeted_status": {
        "favorite_count": 10,
        "metadata": {
          "iso_language_code": "es",
          "result_type": "recent"
        },
        "favorited": false,
        "possibly_sensitive": false,
        "contributors": null,
        "is_quote_status": false,
        "coordinates": null,
        "lang": "es",
        "geo": null,
        "in_reply_to_user_id": null,
        "id": 1201581876621824000,
        "created_at": "Mon Dec 02 19:20:18 +0000 2019",
        "source": "<a href=\"https://mobile.twitter.com\" rel=\"nofollow\">Twitter Web App</a>",
        "id_str": "1201581876621824000",
        "in_reply_to_status_id_str": null,
        "truncated": true,
        "in_reply_to_screen_name": null,
        "entities": {
          "hashtags": [],
          "user_mentions": [],
          "urls": [
            {
              "expanded_url": "https://twitter.com/i/web/status/1201581876621824000",
              "display_url": "twitter.com/i/web/status/1…",
              "url": "https://t.co/APeEIBHmD7",
              "indices": [
                117,
                140
              ]
            }
          ],
          "symbols": []
        },
        "in_reply_to_user_id_str": null,
        "retweeted": false,
        "text": "Este modelo ha sido un desastre. Siete de cada diez trabajadores tienen un empleo informal. La salud y la escuela p… https://t.co/APeEIBHmD7",
        "user": {
          "default_profile": true,
          "follow_request_sent": false,
          "favourites_count": 64,
          "followers_count": 53,
          "geo_enabled": false,
          "profile_background_image_url": null,
          "is_translation_enabled": false,
          "profile_sidebar_fill_color": "DDEEF6",
          "contributors_enabled": false,
          "is_translator": false,
          "description": "Sin luchas no hay victorias.",
          "translator_type": "none",
          "statuses_count": 44,
          "profile_background_tile": false,
          "profile_link_color": "1DA1F2",
          "utc_offset": null,
          "profile_background_color": "F5F8FA",
          "profile_use_background_image": true,
          "profile_background_image_url_https": null,
          "time_zone": null,
          "default_profile_image": false,
          "id": 1190083887814328320,
          "location": "Lima",
          "created_at": "Fri Nov 01 01:51:40 +0000 2019",
          "lang": null,
          "id_str": "1190083887814328320",
          "profile_image_url": "http://pbs.twimg.com/profile_images/1199839175417180161/3CyUgfny_normal.jpg",
          "profile_image_url_https": "https://pbs.twimg.com/profile_images/1199839175417180161/3CyUgfny_normal.jpg",
          "has_extended_profile": false,
          "notifications": false,
          "name": "Carlos Portillas Guerrero",
          "entities": {
            "description": {
              "urls": []
            }
          },
          "profile_banner_url": "https://pbs.twimg.com/profile_banners/1190083887814328320/1577921896",
          "url": null,
          "friends_count": 98,
          "following": false,
          "protected": false,
          "screen_name": "CarlosPortillas",
          "profile_sidebar_border_color": "C0DEED",
          "profile_text_color": "333333",
          "listed_count": 3,
          "verified": false
        },
        "in_reply_to_status_id": null,
        "retweet_count": 5,
        "place": null
      },
      "id": 1216857513586569217,
      "created_at": "Mon Jan 13 23:00:14 +0000 2020",
      "source": "<a href=\"http://twitter.com/download/android\" rel=\"nofollow\">Twitter for Android</a>",
      "id_str": "1216857513586569217",
      "in_reply_to_status_id_str": null,
      "truncated": false,
      "in_reply_to_screen_name": null,
      "entities": {
        "hashtags": [],
        "user_mentions": [
          {
            "screen_name": "CarlosPortillas",
            "id_str": "1190083887814328320",
            "id": 1190083887814328320,
            "indices": [
              3,
              19
            ],
            "name": "Carlos Portillas Guerrero"
          }
        ],
        "urls": [],
        "symbols": []
      },
      "in_reply_to_user_id_str": null,
      "retweeted": false,
      "text": "RT @CarlosPortillas: Este modelo ha sido un desastre. Siete de cada diez trabajadores tienen un empleo informal. La salud y la escuela públ…",
      "user": {
        "default_profile": true,
        "follow_request_sent": false,
        "favourites_count": 4790,
        "followers_count": 21,
        "geo_enabled": false,
        "profile_background_image_url": null,
        "is_translation_enabled": false,
        "default_profile_image": true,
        "contributors_enabled": false,
        "is_translator": false,
        "description": "-",
        "translator_type": "none",
        "statuses_count": 528,
        "profile_background_tile": false,
        "profile_link_color": "1DA1F2",
        "utc_offset": null,
        "profile_background_color": "F5F8FA",
        "profile_use_background_image": true,
        "profile_background_image_url_https": null,
        "time_zone": null,
        "id": 724025054003105793,
        "location": "Lima, Peru",
        "created_at": "Sat Apr 23 23:59:59 +0000 2016",
        "lang": null,
        "id_str": "724025054003105793",
        "profile_image_url": "http://abs.twimg.com/sticky/default_profile_images/default_profile_normal.png",
        "profile_image_url_https": "https://abs.twimg.com/sticky/default_profile_images/default_profile_normal.png",
        "has_extended_profile": false,
        "notifications": false,
        "name": "Sarita",
        "entities": {
          "description": {
            "urls": []
          }
        },
        "profile_sidebar_fill_color": "DDEEF6",
        "url": null,
        "friends_count": 17,
        "following": false,
        "protected": false,
        "screen_name": "mayra_nunez1401",
        "profile_sidebar_border_color": "C0DEED",
        "profile_text_color": "333333",
        "listed_count": 0,
        "verified": false
      },
      "in_reply_to_status_id": null,
      "retweet_count": 5,
      "place": null
    },
    {
      "favorite_count": 0,
      "metadata": {
        "iso_language_code": "es",
        "result_type": "recent"
      },
      "favorited": false,
      "contributors": null,
      "is_quote_status": false,
      "coordinates": null,
      "lang": "es",
      "geo": null,
      "in_reply_to_user_id": 728707252870336512,
      "id": 1216732520764596224,
      "created_at": "Mon Jan 13 14:43:33 +0000 2020",
      "source": "<a href=\"http://twitter.com/download/android\" rel=\"nofollow\">Twitter for Android</a>",
      "id_str": "1216732520764596224",
      "in_reply_to_status_id_str": "1216229181132066816",
      "truncated": true,
      "in_reply_to_screen_name": "anamaria_mv10",
      "entities": {
        "hashtags": [],
        "user_mentions": [
          {
            "screen_name": "anamaria_mv10",
            "id_str": "728707252870336512",
            "id": 728707252870336512,
            "indices": [
              0,
              14
            ],
            "name": "🌸 AnaMaria 🌸"
          },
          {
            "screen_name": "arlettecontrers",
            "id_str": "4191723502",
            "id": 4191723502,
            "indices": [
              15,
              31
            ],
            "name": "Arlette Contreras 🌺8⃣"
          },
          {
            "screen_name": "matuk",
            "id_str": "14541101",
            "id": 14541101,
            "indices": [
              32,
              38
            ],
            "name": "Farid Matuk"
          },
          {
            "screen_name": "FrenteAmplioPe",
            "id_str": "944253031767519233",
            "id": 944253031767519233,
            "indices": [
              39,
              54
            ],
            "name": "Frente Amplio Perú"
          },
          {
            "screen_name": "CarlosPortillas",
            "id_str": "1190083887814328320",
            "id": 1190083887814328320,
            "indices": [
              55,
              71
            ],
            "name": "Carlos Portillas Guerrero"
          },
          {
            "screen_name": "pavese",
            "id_str": "14051600",
            "id": 14051600,
            "indices": [
              72,
              79
            ],
            "name": "RocioSilvaSantisteba"
          },
          {
            "screen_name": "GabSalvador85",
            "id_str": "909437916539219969",
            "id": 909437916539219969,
            "indices": [
              80,
              94
            ],
            "name": "Gabriela Salvador C."
          },
          {
            "screen_name": "EnriqueFCHA",
            "id_str": "1017875140313518081",
            "id": 1017875140313518081,
            "indices": [
              95,
              107
            ],
            "name": "Enrique Fernández Chacón"
          }
        ],
        "urls": [
          {
            "expanded_url": "https://twitter.com/i/web/status/1216732520764596224",
            "display_url": "twitter.com/i/web/status/1…",
            "url": "https://t.co/ikZ99AWLX6",
            "indices": [
              109,
              132
            ]
          }
        ],
        "symbols": []
      },
      "in_reply_to_user_id_str": "728707252870336512",
      "retweeted": false,
      "text": "@anamaria_mv10 @arlettecontrers @matuk @FrenteAmplioPe @CarlosPortillas @pavese @GabSalvador85 @EnriqueFCHA… https://t.co/ikZ99AWLX6",
      "user": {
        "default_profile": true,
        "follow_request_sent": false,
        "favourites_count": 471,
        "followers_count": 12,
        "geo_enabled": false,
        "profile_background_image_url": null,
        "is_translation_enabled": false,
        "default_profile_image": false,
        "contributors_enabled": false,
        "is_translator": false,
        "description": "luchar para alcanzar la felicidad",
        "translator_type": "none",
        "statuses_count": 315,
        "profile_background_tile": false,
        "profile_link_color": "1DA1F2",
        "utc_offset": null,
        "profile_background_color": "F5F8FA",
        "profile_use_background_image": true,
        "profile_background_image_url_https": null,
        "time_zone": null,
        "id": 1188534926926368769,
        "location": "",
        "created_at": "Sun Oct 27 19:17:15 +0000 2019",
        "lang": null,
        "id_str": "1188534926926368769",
        "profile_image_url": "http://pbs.twimg.com/profile_images/1188557789238648833/iVTcSm7R_normal.jpg",
        "profile_image_url_https": "https://pbs.twimg.com/profile_images/1188557789238648833/iVTcSm7R_normal.jpg",
        "has_extended_profile": false,
        "notifications": false,
        "name": "bto",
        "entities": {
          "description": {
            "urls": []
          }
        },
        "profile_sidebar_fill_color": "DDEEF6",
        "url": null,
        "friends_count": 36,
        "following": false,
        "protected": false,
        "screen_name": "bto02944874",
        "profile_sidebar_border_color": "C0DEED",
        "profile_text_color": "333333",
        "listed_count": 0,
        "verified": false
      },
      "in_reply_to_status_id": 1216229181132066816,
      "retweet_count": 0,
      "place": null
    },
    {
      "favorite_count": 0,
      "metadata": {
        "iso_language_code": "es",
        "result_type": "recent"
      },
      "favorited": false,
      "contributors": null,
      "is_quote_status": false,
      "coordinates": null,
      "lang": "es",
      "geo": null,
      "in_reply_to_user_id": 402536833,
      "id": 1216729778931273728,
      "created_at": "Mon Jan 13 14:32:39 +0000 2020",
      "source": "<a href=\"http://twitter.com/download/android\" rel=\"nofollow\">Twitter for Android</a>",
      "id_str": "1216729778931273728",
      "in_reply_to_status_id_str": "1216060060264095746",
      "truncated": true,
      "in_reply_to_screen_name": "cartaks",
      "entities": {
        "hashtags": [],
        "user_mentions": [
          {
            "screen_name": "cartaks",
            "id_str": "402536833",
            "id": 402536833,
            "indices": [
              0,
              8
            ],
            "name": "cajo S"
          },
          {
            "screen_name": "arlettecontrers",
            "id_str": "4191723502",
            "id": 4191723502,
            "indices": [
              9,
              25
            ],
            "name": "Arlette Contreras 🌺8⃣"
          },
          {
            "screen_name": "FrenteAmplioPe",
            "id_str": "944253031767519233",
            "id": 944253031767519233,
            "indices": [
              26,
              41
            ],
            "name": "Frente Amplio Perú"
          },
          {
            "screen_name": "matuk",
            "id_str": "14541101",
            "id": 14541101,
            "indices": [
              42,
              48
            ],
            "name": "Farid Matuk"
          },
          {
            "screen_name": "CarlosPortillas",
            "id_str": "1190083887814328320",
            "id": 1190083887814328320,
            "indices": [
              49,
              65
            ],
            "name": "Carlos Portillas Guerrero"
          },
          {
            "screen_name": "pavese",
            "id_str": "14051600",
            "id": 14051600,
            "indices": [
              66,
              73
            ],
            "name": "RocioSilvaSantisteba"
          },
          {
            "screen_name": "GabSalvador85",
            "id_str": "909437916539219969",
            "id": 909437916539219969,
            "indices": [
              74,
              88
            ],
            "name": "Gabriela Salvador C."
          },
          {
            "screen_name": "EnriqueFCHA",
            "id_str": "1017875140313518081",
            "id": 1017875140313518081,
            "indices": [
              89,
              101
            ],
            "name": "Enrique Fernández Chacón"
          }
        ],
        "urls": [
          {
            "expanded_url": "https://twitter.com/i/web/status/1216729778931273728",
            "display_url": "twitter.com/i/web/status/1…",
            "url": "https://t.co/fnLBryoO3b",
            "indices": [
              103,
              126
            ]
          }
        ],
        "symbols": []
      },
      "in_reply_to_user_id_str": "402536833",
      "retweeted": false,
      "text": "@cartaks @arlettecontrers @FrenteAmplioPe @matuk @CarlosPortillas @pavese @GabSalvador85 @EnriqueFCHA… https://t.co/fnLBryoO3b",
      "user": {
        "default_profile": true,
        "follow_request_sent": false,
        "favourites_count": 471,
        "followers_count": 12,
        "geo_enabled": false,
        "profile_background_image_url": null,
        "is_translation_enabled": false,
        "default_profile_image": false,
        "contributors_enabled": false,
        "is_translator": false,
        "description": "luchar para alcanzar la felicidad",
        "translator_type": "none",
        "statuses_count": 315,
        "profile_background_tile": false,
        "profile_link_color": "1DA1F2",
        "utc_offset": null,
        "profile_background_color": "F5F8FA",
        "profile_use_background_image": true,
        "profile_background_image_url_https": null,
        "time_zone": null,
        "id": 1188534926926368769,
        "location": "",
        "created_at": "Sun Oct 27 19:17:15 +0000 2019",
        "lang": null,
        "id_str": "1188534926926368769",
        "profile_image_url": "http://pbs.twimg.com/profile_images/1188557789238648833/iVTcSm7R_normal.jpg",
        "profile_image_url_https": "https://pbs.twimg.com/profile_images/1188557789238648833/iVTcSm7R_normal.jpg",
        "has_extended_profile": false,
        "notifications": false,
        "name": "bto",
        "entities": {
          "description": {
            "urls": []
          }
        },
        "profile_sidebar_fill_color": "DDEEF6",
        "url": null,
        "friends_count": 36,
        "following": false,
        "protected": false,
        "screen_name": "bto02944874",
        "profile_sidebar_border_color": "C0DEED",
        "profile_text_color": "333333",
        "listed_count": 0,
        "verified": false
      },
      "in_reply_to_status_id": 1216060060264095746,
      "retweet_count": 0,
      "place": null
    },
    {
      "favorite_count": 0,
      "metadata": {
        "iso_language_code": "es",
        "result_type": "recent"
      },
      "favorited": false,
      "contributors": null,
      "is_quote_status": false,
      "coordinates": null,
      "lang": "es",
      "geo": null,
      "in_reply_to_user_id": 4191723502,
      "id": 1216502789498720256,
      "created_at": "Sun Jan 12 23:30:41 +0000 2020",
      "source": "<a href=\"http://twitter.com/download/android\" rel=\"nofollow\">Twitter for Android</a>",
      "id_str": "1216502789498720256",
      "in_reply_to_status_id_str": "1216058514487021570",
      "truncated": true,
      "in_reply_to_screen_name": "arlettecontrers",
      "entities": {
        "hashtags": [],
        "user_mentions": [
          {
            "screen_name": "arlettecontrers",
            "id_str": "4191723502",
            "id": 4191723502,
            "indices": [
              0,
              16
            ],
            "name": "Arlette Contreras 🌺8⃣"
          },
          {
            "screen_name": "FrenteAmplioPe",
            "id_str": "944253031767519233",
            "id": 944253031767519233,
            "indices": [
              17,
              32
            ],
            "name": "Frente Amplio Perú"
          },
          {
            "screen_name": "matuk",
            "id_str": "14541101",
            "id": 14541101,
            "indices": [
              33,
              39
            ],
            "name": "Farid Matuk"
          },
          {
            "screen_name": "CarlosPortillas",
            "id_str": "1190083887814328320",
            "id": 1190083887814328320,
            "indices": [
              40,
              56
            ],
            "name": "Carlos Portillas Guerrero"
          },
          {
            "screen_name": "pavese",
            "id_str": "14051600",
            "id": 14051600,
            "indices": [
              57,
              64
            ],
            "name": "RocioSilvaSantisteba"
          },
          {
            "screen_name": "GabSalvador85",
            "id_str": "909437916539219969",
            "id": 909437916539219969,
            "indices": [
              65,
              79
            ],
            "name": "Gabriela Salvador C."
          },
          {
            "screen_name": "EnriqueFCHA",
            "id_str": "1017875140313518081",
            "id": 1017875140313518081,
            "indices": [
              80,
              92
            ],
            "name": "Enrique Fernández Chacón"
          },
          {
            "screen_name": "manoalzadalima",
            "id_str": "958549842179100673",
            "id": 958549842179100673,
            "indices": [
              93,
              108
            ],
            "name": "Mano Alzada"
          }
        ],
        "urls": [
          {
            "expanded_url": "https://twitter.com/i/web/status/1216502789498720256",
            "display_url": "twitter.com/i/web/status/1…",
            "url": "https://t.co/0pSWHBvWsZ",
            "indices": [
              110,
              133
            ]
          }
        ],
        "symbols": []
      },
      "in_reply_to_user_id_str": "4191723502",
      "retweeted": false,
      "text": "@arlettecontrers @FrenteAmplioPe @matuk @CarlosPortillas @pavese @GabSalvador85 @EnriqueFCHA @manoalzadalima… https://t.co/0pSWHBvWsZ",
      "user": {
        "default_profile": true,
        "follow_request_sent": false,
        "favourites_count": 27166,
        "followers_count": 46,
        "geo_enabled": false,
        "profile_background_image_url": null,
        "is_translation_enabled": false,
        "default_profile_image": false,
        "contributors_enabled": false,
        "is_translator": false,
        "description": "",
        "translator_type": "none",
        "statuses_count": 10097,
        "profile_background_tile": false,
        "profile_link_color": "1DA1F2",
        "utc_offset": null,
        "profile_background_color": "F5F8FA",
        "profile_use_background_image": true,
        "profile_background_image_url_https": null,
        "time_zone": null,
        "id": 1021134940719722496,
        "location": "",
        "created_at": "Sun Jul 22 20:48:36 +0000 2018",
        "lang": null,
        "id_str": "1021134940719722496",
        "profile_image_url": "http://pbs.twimg.com/profile_images/1021138872636530690/cE9arlNT_normal.jpg",
        "profile_image_url_https": "https://pbs.twimg.com/profile_images/1021138872636530690/cE9arlNT_normal.jpg",
        "has_extended_profile": false,
        "notifications": false,
        "name": "Joel Madrid Angulo",
        "entities": {
          "description": {
            "urls": []
          }
        },
        "profile_sidebar_fill_color": "DDEEF6",
        "url": null,
        "friends_count": 142,
        "following": false,
        "protected": false,
        "screen_name": "madrid_angulo",
        "profile_sidebar_border_color": "C0DEED",
        "profile_text_color": "333333",
        "listed_count": 0,
        "verified": false
      },
      "in_reply_to_status_id": 1216058514487021570,
      "retweet_count": 0,
      "place": null
    },
    {
      "favorite_count": 0,
      "metadata": {
        "iso_language_code": "es",
        "result_type": "recent"
      },
      "favorited": false,
      "contributors": null,
      "is_quote_status": false,
      "coordinates": null,
      "lang": "es",
      "geo": null,
      "in_reply_to_user_id": null,
      "retweeted_status": {
        "favorite_count": 25,
        "metadata": {
          "iso_language_code": "es",
          "result_type": "recent"
        },
        "favorited": false,
        "possibly_sensitive": false,
        "contributors": null,
        "is_quote_status": false,
        "coordinates": null,
        "lang": "es",
        "geo": null,
        "in_reply_to_user_id": null,
        "id": 1216060143407915009,
        "created_at": "Sat Jan 11 18:11:46 +0000 2020",
        "source": "<a href=\"https://mobile.twitter.com\" rel=\"nofollow\">Twitter Web App</a>",
        "id_str": "1216060143407915009",
        "in_reply_to_status_id_str": null,
        "truncated": true,
        "in_reply_to_screen_name": null,
        "entities": {
          "hashtags": [],
          "user_mentions": [],
          "urls": [
            {
              "expanded_url": "https://twitter.com/i/web/status/1216060143407915009",
              "display_url": "twitter.com/i/web/status/1…",
              "url": "https://t.co/X0JGaNSfP5",
              "indices": [
                117,
                140
              ]
            }
          ],
          "symbols": []
        },
        "in_reply_to_user_id_str": null,
        "retweeted": false,
        "text": "🌺 N°15 | Este 26 de enero, no solo pido tu voto, también pido que luches con nosotros y juntos cambiemos todo lo qu… https://t.co/X0JGaNSfP5",
        "user": {
          "default_profile": true,
          "follow_request_sent": false,
          "favourites_count": 64,
          "followers_count": 53,
          "geo_enabled": false,
          "profile_background_image_url": null,
          "is_translation_enabled": false,
          "profile_sidebar_fill_color": "DDEEF6",
          "contributors_enabled": false,
          "is_translator": false,
          "description": "Sin luchas no hay victorias.",
          "translator_type": "none",
          "statuses_count": 44,
          "profile_background_tile": false,
          "profile_link_color": "1DA1F2",
          "utc_offset": null,
          "profile_background_color": "F5F8FA",
          "profile_use_background_image": true,
          "profile_background_image_url_https": null,
          "time_zone": null,
          "default_profile_image": false,
          "id": 1190083887814328320,
          "location": "Lima",
          "created_at": "Fri Nov 01 01:51:40 +0000 2019",
          "lang": null,
          "id_str": "1190083887814328320",
          "profile_image_url": "http://pbs.twimg.com/profile_images/1199839175417180161/3CyUgfny_normal.jpg",
          "profile_image_url_https": "https://pbs.twimg.com/profile_images/1199839175417180161/3CyUgfny_normal.jpg",
          "has_extended_profile": false,
          "notifications": false,
          "name": "Carlos Portillas Guerrero",
          "entities": {
            "description": {
              "urls": []
            }
          },
          "profile_banner_url": "https://pbs.twimg.com/profile_banners/1190083887814328320/1577921896",
          "url": null,
          "friends_count": 98,
          "following": false,
          "protected": false,
          "screen_name": "CarlosPortillas",
          "profile_sidebar_border_color": "C0DEED",
          "profile_text_color": "333333",
          "listed_count": 3,
          "verified": false
        },
        "in_reply_to_status_id": null,
        "retweet_count": 9,
        "place": null
      },
      "id": 1216429666602536961,
      "created_at": "Sun Jan 12 18:40:07 +0000 2020",
      "source": "<a href=\"http://twitter.com/download/android\" rel=\"nofollow\">Twitter for Android</a>",
      "id_str": "1216429666602536961",
      "in_reply_to_status_id_str": null,
      "truncated": false,
      "in_reply_to_screen_name": null,
      "entities": {
        "hashtags": [],
        "user_mentions": [
          {
            "screen_name": "CarlosPortillas",
            "id_str": "1190083887814328320",
            "id": 1190083887814328320,
            "indices": [
              3,
              19
            ],
            "name": "Carlos Portillas Guerrero"
          }
        ],
        "urls": [],
        "symbols": []
      },
      "in_reply_to_user_id_str": null,
      "retweeted": false,
      "text": "RT @CarlosPortillas: 🌺 N°15 | Este 26 de enero, no solo pido tu voto, también pido que luches con nosotros y juntos cambiemos todo lo que h…",
      "user": {
        "default_profile": false,
        "follow_request_sent": false,
        "favourites_count": 38431,
        "followers_count": 1556,
        "geo_enabled": true,
        "profile_background_image_url": "http://abs.twimg.com/images/themes/theme10/bg.gif",
        "is_translation_enabled": false,
        "profile_sidebar_fill_color": "7AC3EE",
        "contributors_enabled": false,
        "is_translator": false,
        "description": "Trosko, Morenista, de @EeM_ListaFucsia @IzqSocialista y la @UitCi //Trabajador del Estado en #ANSeS //✊🏼 Soldado del Movimiento Obrero//",
        "translator_type": "none",
        "statuses_count": 67567,
        "profile_background_tile": true,
        "profile_link_color": "FF0000",
        "utc_offset": null,
        "profile_background_color": "642D8B",
        "profile_use_background_image": true,
        "profile_background_image_url_https": "https://abs.twimg.com/images/themes/theme10/bg.gif",
        "time_zone": null,
        "default_profile_image": false,
        "id": 341573595,
        "location": "Buenos Aires, Argentina",
        "created_at": "Sun Jul 24 15:56:19 +0000 2011",
        "lang": null,
        "id_str": "341573595",
        "profile_image_url": "http://pbs.twimg.com/profile_images/923016031920148480/CwQF68g2_normal.jpg",
        "profile_image_url_https": "https://pbs.twimg.com/profile_images/923016031920148480/CwQF68g2_normal.jpg",
        "has_extended_profile": false,
        "notifications": false,
        "name": "Cristian Riveros",
        "entities": {
          "url": {
            "urls": [
              {
                "expanded_url": "http://www.izquierdasocialista.org.ar/",
                "display_url": "izquierdasocialista.org.ar",
                "url": "https://t.co/XlDuDFRdFO",
                "indices": [
                  0,
                  23
                ]
              }
            ]
          },
          "description": {
            "urls": []
          }
        },
        "profile_banner_url": "https://pbs.twimg.com/profile_banners/341573595/1508895855",
        "url": "https://t.co/XlDuDFRdFO",
        "friends_count": 1514,
        "following": false,
        "protected": false,
        "screen_name": "crist_ruibal",
        "profile_sidebar_border_color": "FFFFFF",
        "profile_text_color": "3D1957",
        "listed_count": 10,
        "verified": false
      },
      "in_reply_to_status_id": null,
      "retweet_count": 9,
      "place": null
    },
    {
      "favorite_count": 0,
      "metadata": {
        "iso_language_code": "es",
        "result_type": "recent"
      },
      "favorited": false,
      "contributors": null,
      "is_quote_status": false,
      "coordinates": null,
      "lang": "es",
      "geo": null,
      "in_reply_to_user_id": 4191723502,
      "id": 1216339918873669638,
      "created_at": "Sun Jan 12 12:43:29 +0000 2020",
      "source": "<a href=\"http://twitter.com/download/android\" rel=\"nofollow\">Twitter for Android</a>",
      "id_str": "1216339918873669638",
      "in_reply_to_status_id_str": "1216058514487021570",
      "truncated": true,
      "in_reply_to_screen_name": "arlettecontrers",
      "entities": {
        "hashtags": [],
        "user_mentions": [
          {
            "screen_name": "arlettecontrers",
            "id_str": "4191723502",
            "id": 4191723502,
            "indices": [
              0,
              16
            ],
            "name": "Arlette Contreras 🌺8⃣"
          },
          {
            "screen_name": "FrenteAmplioPe",
            "id_str": "944253031767519233",
            "id": 944253031767519233,
            "indices": [
              17,
              32
            ],
            "name": "Frente Amplio Perú"
          },
          {
            "screen_name": "matuk",
            "id_str": "14541101",
            "id": 14541101,
            "indices": [
              33,
              39
            ],
            "name": "Farid Matuk"
          },
          {
            "screen_name": "CarlosPortillas",
            "id_str": "1190083887814328320",
            "id": 1190083887814328320,
            "indices": [
              40,
              56
            ],
            "name": "Carlos Portillas Guerrero"
          },
          {
            "screen_name": "pavese",
            "id_str": "14051600",
            "id": 14051600,
            "indices": [
              57,
              64
            ],
            "name": "RocioSilvaSantisteba"
          },
          {
            "screen_name": "GabSalvador85",
            "id_str": "909437916539219969",
            "id": 909437916539219969,
            "indices": [
              65,
              79
            ],
            "name": "Gabriela Salvador C."
          },
          {
            "screen_name": "EnriqueFCHA",
            "id_str": "1017875140313518081",
            "id": 1017875140313518081,
            "indices": [
              80,
              92
            ],
            "name": "Enrique Fernández Chacón"
          },
          {
            "screen_name": "manoalzadalima",
            "id_str": "958549842179100673",
            "id": 958549842179100673,
            "indices": [
              93,
              108
            ],
            "name": "Mano Alzada"
          }
        ],
        "urls": [
          {
            "expanded_url": "https://twitter.com/i/web/status/1216339918873669638",
            "display_url": "twitter.com/i/web/status/1…",
            "url": "https://t.co/WqQl6Q5uxh",
            "indices": [
              110,
              133
            ]
          }
        ],
        "symbols": []
      },
      "in_reply_to_user_id_str": "4191723502",
      "retweeted": false,
      "text": "@arlettecontrers @FrenteAmplioPe @matuk @CarlosPortillas @pavese @GabSalvador85 @EnriqueFCHA @manoalzadalima… https://t.co/WqQl6Q5uxh",
      "user": {
        "default_profile": true,
        "follow_request_sent": false,
        "favourites_count": 69,
        "followers_count": 40,
        "geo_enabled": true,
        "profile_background_image_url": "http://abs.twimg.com/images/themes/theme1/bg.png",
        "is_translation_enabled": false,
        "profile_sidebar_fill_color": "DDEEF6",
        "contributors_enabled": false,
        "is_translator": false,
        "description": "",
        "translator_type": "none",
        "statuses_count": 1139,
        "profile_background_tile": false,
        "profile_link_color": "1DA1F2",
        "utc_offset": null,
        "profile_background_color": "C0DEED",
        "profile_use_background_image": true,
        "profile_background_image_url_https": "https://abs.twimg.com/images/themes/theme1/bg.png",
        "time_zone": null,
        "default_profile_image": false,
        "id": 431954550,
        "location": "Huanuco",
        "created_at": "Thu Dec 08 21:41:09 +0000 2011",
        "lang": null,
        "id_str": "431954550",
        "profile_image_url": "http://pbs.twimg.com/profile_images/1171940157022494722/vyi7I6BF_normal.jpg",
        "profile_image_url_https": "https://pbs.twimg.com/profile_images/1171940157022494722/vyi7I6BF_normal.jpg",
        "has_extended_profile": true,
        "notifications": false,
        "name": "Jose Luis Angulo Zevallos",
        "entities": {
          "description": {
            "urls": []
          }
        },
        "profile_banner_url": "https://pbs.twimg.com/profile_banners/431954550/1542907005",
        "url": null,
        "friends_count": 274,
        "following": false,
        "protected": false,
        "screen_name": "1234angulo",
        "profile_sidebar_border_color": "C0DEED",
        "profile_text_color": "333333",
        "listed_count": 0,
        "verified": false
      },
      "in_reply_to_status_id": 1216058514487021570,
      "retweet_count": 0,
      "place": null
    },
    {
      "favorite_count": 0,
      "metadata": {
        "iso_language_code": "es",
        "result_type": "recent"
      },
      "favorited": false,
      "contributors": null,
      "is_quote_status": false,
      "coordinates": null,
      "lang": "es",
      "geo": null,
      "in_reply_to_user_id": 4191723502,
      "id": 1216339601457123330,
      "created_at": "Sun Jan 12 12:42:14 +0000 2020",
      "source": "<a href=\"http://twitter.com/download/android\" rel=\"nofollow\">Twitter for Android</a>",
      "id_str": "1216339601457123330",
      "in_reply_to_status_id_str": "1216058514487021570",
      "truncated": false,
      "in_reply_to_screen_name": "arlettecontrers",
      "entities": {
        "hashtags": [],
        "user_mentions": [
          {
            "screen_name": "arlettecontrers",
            "id_str": "4191723502",
            "id": 4191723502,
            "indices": [
              0,
              16
            ],
            "name": "Arlette Contreras 🌺8⃣"
          },
          {
            "screen_name": "FrenteAmplioPe",
            "id_str": "944253031767519233",
            "id": 944253031767519233,
            "indices": [
              17,
              32
            ],
            "name": "Frente Amplio Perú"
          },
          {
            "screen_name": "matuk",
            "id_str": "14541101",
            "id": 14541101,
            "indices": [
              33,
              39
            ],
            "name": "Farid Matuk"
          },
          {
            "screen_name": "CarlosPortillas",
            "id_str": "1190083887814328320",
            "id": 1190083887814328320,
            "indices": [
              40,
              56
            ],
            "name": "Carlos Portillas Guerrero"
          },
          {
            "screen_name": "pavese",
            "id_str": "14051600",
            "id": 14051600,
            "indices": [
              57,
              64
            ],
            "name": "RocioSilvaSantisteba"
          },
          {
            "screen_name": "GabSalvador85",
            "id_str": "909437916539219969",
            "id": 909437916539219969,
            "indices": [
              65,
              79
            ],
            "name": "Gabriela Salvador C."
          },
          {
            "screen_name": "EnriqueFCHA",
            "id_str": "1017875140313518081",
            "id": 1017875140313518081,
            "indices": [
              80,
              92
            ],
            "name": "Enrique Fernández Chacón"
          },
          {
            "screen_name": "manoalzadalima",
            "id_str": "958549842179100673",
            "id": 958549842179100673,
            "indices": [
              93,
              108
            ],
            "name": "Mano Alzada"
          },
          {
            "screen_name": "WaykaPeru",
            "id_str": "2180222485",
            "id": 2180222485,
            "indices": [
              109,
              119
            ],
            "name": "🇵🇪 Wayka📢"
          }
        ],
        "urls": [],
        "symbols": []
      },
      "in_reply_to_user_id_str": "4191723502",
      "retweeted": false,
      "text": "@arlettecontrers @FrenteAmplioPe @matuk @CarlosPortillas @pavese @GabSalvador85 @EnriqueFCHA @manoalzadalima @WaykaPeru Jajaja",
      "user": {
        "default_profile": true,
        "follow_request_sent": false,
        "favourites_count": 6,
        "followers_count": 0,
        "geo_enabled": false,
        "profile_background_image_url": null,
        "is_translation_enabled": false,
        "default_profile_image": false,
        "contributors_enabled": false,
        "is_translator": false,
        "description": "",
        "translator_type": "none",
        "statuses_count": 2,
        "profile_background_tile": false,
        "profile_link_color": "1DA1F2",
        "utc_offset": null,
        "profile_background_color": "F5F8FA",
        "profile_use_background_image": true,
        "profile_background_image_url_https": null,
        "time_zone": null,
        "id": 1189708592334725120,
        "location": "",
        "created_at": "Thu Oct 31 01:01:05 +0000 2019",
        "lang": null,
        "id_str": "1189708592334725120",
        "profile_image_url": "http://pbs.twimg.com/profile_images/1189709669125754880/z80fo1Dz_normal.jpg",
        "profile_image_url_https": "https://pbs.twimg.com/profile_images/1189709669125754880/z80fo1Dz_normal.jpg",
        "has_extended_profile": false,
        "notifications": false,
        "name": "Gustavo kaleb",
        "entities": {
          "description": {
            "urls": []
          }
        },
        "profile_sidebar_fill_color": "DDEEF6",
        "url": null,
        "friends_count": 3,
        "following": false,
        "protected": false,
        "screen_name": "Gustavokaleb3",
        "profile_sidebar_border_color": "C0DEED",
        "profile_text_color": "333333",
        "listed_count": 0,
        "verified": false
      },
      "in_reply_to_status_id": 1216058514487021570,
      "retweet_count": 0,
      "place": null
    },
    {
      "favorite_count": 0,
      "metadata": {
        "iso_language_code": "es",
        "result_type": "recent"
      },
      "favorited": false,
      "contributors": null,
      "is_quote_status": false,
      "coordinates": null,
      "lang": "es",
      "geo": null,
      "in_reply_to_user_id": null,
      "retweeted_status": {
        "favorite_count": 25,
        "metadata": {
          "iso_language_code": "es",
          "result_type": "recent"
        },
        "favorited": false,
        "possibly_sensitive": false,
        "contributors": null,
        "is_quote_status": false,
        "coordinates": null,
        "lang": "es",
        "geo": null,
        "in_reply_to_user_id": null,
        "id": 1216060143407915009,
        "created_at": "Sat Jan 11 18:11:46 +0000 2020",
        "source": "<a href=\"https://mobile.twitter.com\" rel=\"nofollow\">Twitter Web App</a>",
        "id_str": "1216060143407915009",
        "in_reply_to_status_id_str": null,
        "truncated": true,
        "in_reply_to_screen_name": null,
        "entities": {
          "hashtags": [],
          "user_mentions": [],
          "urls": [
            {
              "expanded_url": "https://twitter.com/i/web/status/1216060143407915009",
              "display_url": "twitter.com/i/web/status/1…",
              "url": "https://t.co/X0JGaNSfP5",
              "indices": [
                117,
                140
              ]
            }
          ],
          "symbols": []
        },
        "in_reply_to_user_id_str": null,
        "retweeted": false,
        "text": "🌺 N°15 | Este 26 de enero, no solo pido tu voto, también pido que luches con nosotros y juntos cambiemos todo lo qu… https://t.co/X0JGaNSfP5",
        "user": {
          "default_profile": true,
          "follow_request_sent": false,
          "favourites_count": 64,
          "followers_count": 53,
          "geo_enabled": false,
          "profile_background_image_url": null,
          "is_translation_enabled": false,
          "profile_sidebar_fill_color": "DDEEF6",
          "contributors_enabled": false,
          "is_translator": false,
          "description": "Sin luchas no hay victorias.",
          "translator_type": "none",
          "statuses_count": 44,
          "profile_background_tile": false,
          "profile_link_color": "1DA1F2",
          "utc_offset": null,
          "profile_background_color": "F5F8FA",
          "profile_use_background_image": true,
          "profile_background_image_url_https": null,
          "time_zone": null,
          "default_profile_image": false,
          "id": 1190083887814328320,
          "location": "Lima",
          "created_at": "Fri Nov 01 01:51:40 +0000 2019",
          "lang": null,
          "id_str": "1190083887814328320",
          "profile_image_url": "http://pbs.twimg.com/profile_images/1199839175417180161/3CyUgfny_normal.jpg",
          "profile_image_url_https": "https://pbs.twimg.com/profile_images/1199839175417180161/3CyUgfny_normal.jpg",
          "has_extended_profile": false,
          "notifications": false,
          "name": "Carlos Portillas Guerrero",
          "entities": {
            "description": {
              "urls": []
            }
          },
          "profile_banner_url": "https://pbs.twimg.com/profile_banners/1190083887814328320/1577921896",
          "url": null,
          "friends_count": 98,
          "following": false,
          "protected": false,
          "screen_name": "CarlosPortillas",
          "profile_sidebar_border_color": "C0DEED",
          "profile_text_color": "333333",
          "listed_count": 3,
          "verified": false
        },
        "in_reply_to_status_id": null,
        "retweet_count": 9,
        "place": null
      },
      "id": 1216296369322893312,
      "created_at": "Sun Jan 12 09:50:26 +0000 2020",
      "source": "<a href=\"http://twitter.com/download/android\" rel=\"nofollow\">Twitter for Android</a>",
      "id_str": "1216296369322893312",
      "in_reply_to_status_id_str": null,
      "truncated": false,
      "in_reply_to_screen_name": null,
      "entities": {
        "hashtags": [],
        "user_mentions": [
          {
            "screen_name": "CarlosPortillas",
            "id_str": "1190083887814328320",
            "id": 1190083887814328320,
            "indices": [
              3,
              19
            ],
            "name": "Carlos Portillas Guerrero"
          }
        ],
        "urls": [],
        "symbols": []
      },
      "in_reply_to_user_id_str": null,
      "retweeted": false,
      "text": "RT @CarlosPortillas: 🌺 N°15 | Este 26 de enero, no solo pido tu voto, también pido que luches con nosotros y juntos cambiemos todo lo que h…",
      "user": {
        "default_profile": true,
        "follow_request_sent": false,
        "favourites_count": 5615,
        "followers_count": 48,
        "geo_enabled": false,
        "profile_background_image_url": null,
        "is_translation_enabled": false,
        "profile_sidebar_fill_color": "DDEEF6",
        "contributors_enabled": false,
        "is_translator": false,
        "description": "Militante de Izquierda Socialista en el FIT",
        "translator_type": "none",
        "statuses_count": 4308,
        "profile_background_tile": false,
        "profile_link_color": "1DA1F2",
        "utc_offset": null,
        "profile_background_color": "F5F8FA",
        "profile_use_background_image": true,
        "profile_background_image_url_https": null,
        "time_zone": null,
        "default_profile_image": false,
        "id": 860781730315292672,
        "location": "",
        "created_at": "Sat May 06 09:02:11 +0000 2017",
        "lang": null,
        "id_str": "860781730315292672",
        "profile_image_url": "http://pbs.twimg.com/profile_images/1182168940417552385/aEmK-gDW_normal.jpg",
        "profile_image_url_https": "https://pbs.twimg.com/profile_images/1182168940417552385/aEmK-gDW_normal.jpg",
        "has_extended_profile": false,
        "notifications": false,
        "name": "nahue ☭",
        "entities": {
          "description": {
            "urls": []
          }
        },
        "profile_banner_url": "https://pbs.twimg.com/profile_banners/860781730315292672/1570685908",
        "url": null,
        "friends_count": 168,
        "following": false,
        "protected": false,
        "screen_name": "DarioushKarim",
        "profile_sidebar_border_color": "C0DEED",
        "profile_text_color": "333333",
        "listed_count": 0,
        "verified": false
      },
      "in_reply_to_status_id": null,
      "retweet_count": 9,
      "place": null
    },
    {
      "favorite_count": 0,
      "metadata": {
        "iso_language_code": "es",
        "result_type": "recent"
      },
      "favorited": false,
      "contributors": null,
      "is_quote_status": false,
      "coordinates": null,
      "lang": "es",
      "geo": null,
      "in_reply_to_user_id": 4191723502,
      "id": 1216229181132066816,
      "created_at": "Sun Jan 12 05:23:27 +0000 2020",
      "source": "<a href=\"http://twitter.com/download/android\" rel=\"nofollow\">Twitter for Android</a>",
      "id_str": "1216229181132066816",
      "in_reply_to_status_id_str": "1216058514487021570",
      "truncated": true,
      "in_reply_to_screen_name": "arlettecontrers",
      "entities": {
        "hashtags": [],
        "user_mentions": [
          {
            "screen_name": "arlettecontrers",
            "id_str": "4191723502",
            "id": 4191723502,
            "indices": [
              0,
              16
            ],
            "name": "Arlette Contreras 🌺8⃣"
          },
          {
            "screen_name": "matuk",
            "id_str": "14541101",
            "id": 14541101,
            "indices": [
              17,
              23
            ],
            "name": "Farid Matuk"
          },
          {
            "screen_name": "FrenteAmplioPe",
            "id_str": "944253031767519233",
            "id": 944253031767519233,
            "indices": [
              24,
              39
            ],
            "name": "Frente Amplio Perú"
          },
          {
            "screen_name": "CarlosPortillas",
            "id_str": "1190083887814328320",
            "id": 1190083887814328320,
            "indices": [
              40,
              56
            ],
            "name": "Carlos Portillas Guerrero"
          },
          {
            "screen_name": "pavese",
            "id_str": "14051600",
            "id": 14051600,
            "indices": [
              57,
              64
            ],
            "name": "RocioSilvaSantisteba"
          },
          {
            "screen_name": "GabSalvador85",
            "id_str": "909437916539219969",
            "id": 909437916539219969,
            "indices": [
              65,
              79
            ],
            "name": "Gabriela Salvador C."
          },
          {
            "screen_name": "EnriqueFCHA",
            "id_str": "1017875140313518081",
            "id": 1017875140313518081,
            "indices": [
              80,
              92
            ],
            "name": "Enrique Fernández Chacón"
          },
          {
            "screen_name": "manoalzadalima",
            "id_str": "958549842179100673",
            "id": 958549842179100673,
            "indices": [
              93,
              108
            ],
            "name": "Mano Alzada"
          }
        ],
        "urls": [
          {
            "expanded_url": "https://twitter.com/i/web/status/1216229181132066816",
            "display_url": "twitter.com/i/web/status/1…",
            "url": "https://t.co/3PwSBLRVUz",
            "indices": [
              110,
              133
            ]
          }
        ],
        "symbols": []
      },
      "in_reply_to_user_id_str": "4191723502",
      "retweeted": false,
      "text": "@arlettecontrers @matuk @FrenteAmplioPe @CarlosPortillas @pavese @GabSalvador85 @EnriqueFCHA @manoalzadalima… https://t.co/3PwSBLRVUz",
      "user": {
        "default_profile": false,
        "follow_request_sent": false,
        "favourites_count": 5725,
        "followers_count": 874,
        "geo_enabled": true,
        "profile_background_image_url": "http://abs.twimg.com/images/themes/theme1/bg.png",
        "is_translation_enabled": false,
        "profile_sidebar_fill_color": "000000",
        "contributors_enabled": false,
        "is_translator": false,
        "description": "Madre, amiga, socióloga, mujer, grosera, ridícula, open mind, no a los antis☺",
        "translator_type": "none",
        "statuses_count": 8493,
        "profile_background_tile": false,
        "profile_link_color": "E81C4F",
        "utc_offset": null,
        "profile_background_color": "000000",
        "profile_use_background_image": false,
        "profile_background_image_url_https": "https://abs.twimg.com/images/themes/theme1/bg.png",
        "time_zone": null,
        "default_profile_image": false,
        "id": 728707252870336512,
        "location": "Peru",
        "created_at": "Fri May 06 22:05:22 +0000 2016",
        "lang": null,
        "id_str": "728707252870336512",
        "profile_image_url": "http://pbs.twimg.com/profile_images/1213688941511168001/y5GMKtUC_normal.jpg",
        "profile_image_url_https": "https://pbs.twimg.com/profile_images/1213688941511168001/y5GMKtUC_normal.jpg",
        "has_extended_profile": true,
        "notifications": false,
        "name": "🌸 AnaMaria 🌸",
        "entities": {
          "description": {
            "urls": []
          }
        },
        "profile_banner_url": "https://pbs.twimg.com/profile_banners/728707252870336512/1535431365",
        "url": null,
        "friends_count": 8,
        "following": false,
        "protected": false,
        "screen_name": "anamaria_mv10",
        "profile_sidebar_border_color": "000000",
        "profile_text_color": "000000",
        "listed_count": 14,
        "verified": false
      },
      "in_reply_to_status_id": 1216058514487021570,
      "retweet_count": 0,
      "place": null
    },
    {
      "favorite_count": 0,
      "metadata": {
        "iso_language_code": "es",
        "result_type": "recent"
      },
      "favorited": false,
      "contributors": null,
      "is_quote_status": false,
      "coordinates": null,
      "lang": "es",
      "geo": null,
      "in_reply_to_user_id": 4191723502,
      "id": 1216203778292166656,
      "created_at": "Sun Jan 12 03:42:31 +0000 2020",
      "source": "<a href=\"http://twitter.com/download/android\" rel=\"nofollow\">Twitter for Android</a>",
      "id_str": "1216203778292166656",
      "in_reply_to_status_id_str": "1216058514487021570",
      "truncated": true,
      "in_reply_to_screen_name": "arlettecontrers",
      "entities": {
        "hashtags": [],
        "user_mentions": [
          {
            "screen_name": "arlettecontrers",
            "id_str": "4191723502",
            "id": 4191723502,
            "indices": [
              0,
              16
            ],
            "name": "Arlette Contreras 🌺8⃣"
          },
          {
            "screen_name": "FrenteAmplioPe",
            "id_str": "944253031767519233",
            "id": 944253031767519233,
            "indices": [
              17,
              32
            ],
            "name": "Frente Amplio Perú"
          },
          {
            "screen_name": "matuk",
            "id_str": "14541101",
            "id": 14541101,
            "indices": [
              33,
              39
            ],
            "name": "Farid Matuk"
          },
          {
            "screen_name": "CarlosPortillas",
            "id_str": "1190083887814328320",
            "id": 1190083887814328320,
            "indices": [
              40,
              56
            ],
            "name": "Carlos Portillas Guerrero"
          },
          {
            "screen_name": "pavese",
            "id_str": "14051600",
            "id": 14051600,
            "indices": [
              57,
              64
            ],
            "name": "RocioSilvaSantisteba"
          },
          {
            "screen_name": "GabSalvador85",
            "id_str": "909437916539219969",
            "id": 909437916539219969,
            "indices": [
              65,
              79
            ],
            "name": "Gabriela Salvador C."
          },
          {
            "screen_name": "EnriqueFCHA",
            "id_str": "1017875140313518081",
            "id": 1017875140313518081,
            "indices": [
              80,
              92
            ],
            "name": "Enrique Fernández Chacón"
          },
          {
            "screen_name": "manoalzadalima",
            "id_str": "958549842179100673",
            "id": 958549842179100673,
            "indices": [
              93,
              108
            ],
            "name": "Mano Alzada"
          }
        ],
        "urls": [
          {
            "expanded_url": "https://twitter.com/i/web/status/1216203778292166656",
            "display_url": "twitter.com/i/web/status/1…",
            "url": "https://t.co/10yKFOHubK",
            "indices": [
              110,
              133
            ]
          }
        ],
        "symbols": []
      },
      "in_reply_to_user_id_str": "4191723502",
      "retweeted": false,
      "text": "@arlettecontrers @FrenteAmplioPe @matuk @CarlosPortillas @pavese @GabSalvador85 @EnriqueFCHA @manoalzadalima… https://t.co/10yKFOHubK",
      "user": {
        "default_profile": true,
        "follow_request_sent": false,
        "favourites_count": 6469,
        "followers_count": 43,
        "geo_enabled": false,
        "profile_background_image_url": null,
        "is_translation_enabled": false,
        "profile_sidebar_fill_color": "DDEEF6",
        "contributors_enabled": false,
        "is_translator": false,
        "description": "Vivir el día",
        "translator_type": "none",
        "statuses_count": 1024,
        "profile_background_tile": false,
        "profile_link_color": "1DA1F2",
        "utc_offset": null,
        "profile_background_color": "F5F8FA",
        "profile_use_background_image": true,
        "profile_background_image_url_https": null,
        "time_zone": null,
        "default_profile_image": false,
        "id": 990755144244563968,
        "location": "El Agustino, Peru",
        "created_at": "Mon Apr 30 00:50:08 +0000 2018",
        "lang": null,
        "id_str": "990755144244563968",
        "profile_image_url": "http://pbs.twimg.com/profile_images/1170049567238348802/kqK1rVKk_normal.jpg",
        "profile_image_url_https": "https://pbs.twimg.com/profile_images/1170049567238348802/kqK1rVKk_normal.jpg",
        "has_extended_profile": true,
        "notifications": false,
        "name": "Carlos Eduardo 🤨",
        "entities": {
          "description": {
            "urls": []
          }
        },
        "profile_banner_url": "https://pbs.twimg.com/profile_banners/990755144244563968/1526164658",
        "url": null,
        "friends_count": 384,
        "following": false,
        "protected": false,
        "screen_name": "Carlosqc97",
        "profile_sidebar_border_color": "C0DEED",
        "profile_text_color": "333333",
        "listed_count": 0,
        "verified": false
      },
      "in_reply_to_status_id": 1216058514487021570,
      "retweet_count": 0,
      "place": null
    },
    {
      "favorite_count": 0,
      "metadata": {
        "iso_language_code": "es",
        "result_type": "recent"
      },
      "favorited": false,
      "contributors": null,
      "is_quote_status": false,
      "coordinates": null,
      "lang": "es",
      "geo": null,
      "in_reply_to_user_id": null,
      "retweeted_status": {
        "favorite_count": 25,
        "metadata": {
          "iso_language_code": "es",
          "result_type": "recent"
        },
        "favorited": false,
        "possibly_sensitive": false,
        "contributors": null,
        "is_quote_status": false,
        "coordinates": null,
        "lang": "es",
        "geo": null,
        "in_reply_to_user_id": null,
        "id": 1216060143407915009,
        "created_at": "Sat Jan 11 18:11:46 +0000 2020",
        "source": "<a href=\"https://mobile.twitter.com\" rel=\"nofollow\">Twitter Web App</a>",
        "id_str": "1216060143407915009",
        "in_reply_to_status_id_str": null,
        "truncated": true,
        "in_reply_to_screen_name": null,
        "entities": {
          "hashtags": [],
          "user_mentions": [],
          "urls": [
            {
              "expanded_url": "https://twitter.com/i/web/status/1216060143407915009",
              "display_url": "twitter.com/i/web/status/1…",
              "url": "https://t.co/X0JGaNSfP5",
              "indices": [
                117,
                140
              ]
            }
          ],
          "symbols": []
        },
        "in_reply_to_user_id_str": null,
        "retweeted": false,
        "text": "🌺 N°15 | Este 26 de enero, no solo pido tu voto, también pido que luches con nosotros y juntos cambiemos todo lo qu… https://t.co/X0JGaNSfP5",
        "user": {
          "default_profile": true,
          "follow_request_sent": false,
          "favourites_count": 64,
          "followers_count": 53,
          "geo_enabled": false,
          "profile_background_image_url": null,
          "is_translation_enabled": false,
          "profile_sidebar_fill_color": "DDEEF6",
          "contributors_enabled": false,
          "is_translator": false,
          "description": "Sin luchas no hay victorias.",
          "translator_type": "none",
          "statuses_count": 44,
          "profile_background_tile": false,
          "profile_link_color": "1DA1F2",
          "utc_offset": null,
          "profile_background_color": "F5F8FA",
          "profile_use_background_image": true,
          "profile_background_image_url_https": null,
          "time_zone": null,
          "default_profile_image": false,
          "id": 1190083887814328320,
          "location": "Lima",
          "created_at": "Fri Nov 01 01:51:40 +0000 2019",
          "lang": null,
          "id_str": "1190083887814328320",
          "profile_image_url": "http://pbs.twimg.com/profile_images/1199839175417180161/3CyUgfny_normal.jpg",
          "profile_image_url_https": "https://pbs.twimg.com/profile_images/1199839175417180161/3CyUgfny_normal.jpg",
          "has_extended_profile": false,
          "notifications": false,
          "name": "Carlos Portillas Guerrero",
          "entities": {
            "description": {
              "urls": []
            }
          },
          "profile_banner_url": "https://pbs.twimg.com/profile_banners/1190083887814328320/1577921896",
          "url": null,
          "friends_count": 98,
          "following": false,
          "protected": false,
          "screen_name": "CarlosPortillas",
          "profile_sidebar_border_color": "C0DEED",
          "profile_text_color": "333333",
          "listed_count": 3,
          "verified": false
        },
        "in_reply_to_status_id": null,
        "retweet_count": 9,
        "place": null
      },
      "id": 1216203257254764544,
      "created_at": "Sun Jan 12 03:40:27 +0000 2020",
      "source": "<a href=\"http://twitter.com/download/android\" rel=\"nofollow\">Twitter for Android</a>",
      "id_str": "1216203257254764544",
      "in_reply_to_status_id_str": null,
      "truncated": false,
      "in_reply_to_screen_name": null,
      "entities": {
        "hashtags": [],
        "user_mentions": [
          {
            "screen_name": "CarlosPortillas",
            "id_str": "1190083887814328320",
            "id": 1190083887814328320,
            "indices": [
              3,
              19
            ],
            "name": "Carlos Portillas Guerrero"
          }
        ],
        "urls": [],
        "symbols": []
      },
      "in_reply_to_user_id_str": null,
      "retweeted": false,
      "text": "RT @CarlosPortillas: 🌺 N°15 | Este 26 de enero, no solo pido tu voto, también pido que luches con nosotros y juntos cambiemos todo lo que h…",
      "user": {
        "default_profile": true,
        "follow_request_sent": false,
        "favourites_count": 480,
        "followers_count": 21,
        "geo_enabled": false,
        "profile_background_image_url": null,
        "is_translation_enabled": false,
        "profile_sidebar_fill_color": "DDEEF6",
        "contributors_enabled": false,
        "is_translator": false,
        "description": "la lucha por un mundo mejor",
        "translator_type": "none",
        "statuses_count": 195,
        "profile_background_tile": false,
        "profile_link_color": "1DA1F2",
        "utc_offset": null,
        "profile_background_color": "F5F8FA",
        "profile_use_background_image": true,
        "profile_background_image_url_https": null,
        "time_zone": null,
        "default_profile_image": false,
        "id": 1193731188617334784,
        "location": "",
        "created_at": "Mon Nov 11 03:24:46 +0000 2019",
        "lang": null,
        "id_str": "1193731188617334784",
        "profile_image_url": "http://pbs.twimg.com/profile_images/1193731878676783104/Fza3vPMi_normal.jpg",
        "profile_image_url_https": "https://pbs.twimg.com/profile_images/1193731878676783104/Fza3vPMi_normal.jpg",
        "has_extended_profile": true,
        "notifications": false,
        "name": "taylor.rojo",
        "entities": {
          "description": {
            "urls": []
          }
        },
        "profile_banner_url": "https://pbs.twimg.com/profile_banners/1193731188617334784/1575332106",
        "url": null,
        "friends_count": 93,
        "following": false,
        "protected": false,
        "screen_name": "taylorrojo1",
        "profile_sidebar_border_color": "C0DEED",
        "profile_text_color": "333333",
        "listed_count": 0,
        "verified": false
      },
      "in_reply_to_status_id": null,
      "retweet_count": 9,
      "place": null
    },
    {
      "favorite_count": 0,
      "metadata": {
        "iso_language_code": "es",
        "result_type": "recent"
      },
      "favorited": false,
      "contributors": null,
      "is_quote_status": false,
      "coordinates": null,
      "lang": "es",
      "geo": null,
      "in_reply_to_user_id": null,
      "retweeted_status": {
        "favorite_count": 25,
        "metadata": {
          "iso_language_code": "es",
          "result_type": "recent"
        },
        "favorited": false,
        "possibly_sensitive": false,
        "contributors": null,
        "is_quote_status": false,
        "coordinates": null,
        "lang": "es",
        "geo": null,
        "in_reply_to_user_id": null,
        "id": 1216060143407915009,
        "created_at": "Sat Jan 11 18:11:46 +0000 2020",
        "source": "<a href=\"https://mobile.twitter.com\" rel=\"nofollow\">Twitter Web App</a>",
        "id_str": "1216060143407915009",
        "in_reply_to_status_id_str": null,
        "truncated": true,
        "in_reply_to_screen_name": null,
        "entities": {
          "hashtags": [],
          "user_mentions": [],
          "urls": [
            {
              "expanded_url": "https://twitter.com/i/web/status/1216060143407915009",
              "display_url": "twitter.com/i/web/status/1…",
              "url": "https://t.co/X0JGaNSfP5",
              "indices": [
                117,
                140
              ]
            }
          ],
          "symbols": []
        },
        "in_reply_to_user_id_str": null,
        "retweeted": false,
        "text": "🌺 N°15 | Este 26 de enero, no solo pido tu voto, también pido que luches con nosotros y juntos cambiemos todo lo qu… https://t.co/X0JGaNSfP5",
        "user": {
          "default_profile": true,
          "follow_request_sent": false,
          "favourites_count": 64,
          "followers_count": 53,
          "geo_enabled": false,
          "profile_background_image_url": null,
          "is_translation_enabled": false,
          "profile_sidebar_fill_color": "DDEEF6",
          "contributors_enabled": false,
          "is_translator": false,
          "description": "Sin luchas no hay victorias.",
          "translator_type": "none",
          "statuses_count": 44,
          "profile_background_tile": false,
          "profile_link_color": "1DA1F2",
          "utc_offset": null,
          "profile_background_color": "F5F8FA",
          "profile_use_background_image": true,
          "profile_background_image_url_https": null,
          "time_zone": null,
          "default_profile_image": false,
          "id": 1190083887814328320,
          "location": "Lima",
          "created_at": "Fri Nov 01 01:51:40 +0000 2019",
          "lang": null,
          "id_str": "1190083887814328320",
          "profile_image_url": "http://pbs.twimg.com/profile_images/1199839175417180161/3CyUgfny_normal.jpg",
          "profile_image_url_https": "https://pbs.twimg.com/profile_images/1199839175417180161/3CyUgfny_normal.jpg",
          "has_extended_profile": false,
          "notifications": false,
          "name": "Carlos Portillas Guerrero",
          "entities": {
            "description": {
              "urls": []
            }
          },
          "profile_banner_url": "https://pbs.twimg.com/profile_banners/1190083887814328320/1577921896",
          "url": null,
          "friends_count": 98,
          "following": false,
          "protected": false,
          "screen_name": "CarlosPortillas",
          "profile_sidebar_border_color": "C0DEED",
          "profile_text_color": "333333",
          "listed_count": 3,
          "verified": false
        },
        "in_reply_to_status_id": null,
        "retweet_count": 9,
        "place": null
      },
      "id": 1216201555692703750,
      "created_at": "Sun Jan 12 03:33:41 +0000 2020",
      "source": "<a href=\"http://twitter.com/download/android\" rel=\"nofollow\">Twitter for Android</a>",
      "id_str": "1216201555692703750",
      "in_reply_to_status_id_str": null,
      "truncated": false,
      "in_reply_to_screen_name": null,
      "entities": {
        "hashtags": [],
        "user_mentions": [
          {
            "screen_name": "CarlosPortillas",
            "id_str": "1190083887814328320",
            "id": 1190083887814328320,
            "indices": [
              3,
              19
            ],
            "name": "Carlos Portillas Guerrero"
          }
        ],
        "urls": [],
        "symbols": []
      },
      "in_reply_to_user_id_str": null,
      "retweeted": false,
      "text": "RT @CarlosPortillas: 🌺 N°15 | Este 26 de enero, no solo pido tu voto, también pido que luches con nosotros y juntos cambiemos todo lo que h…",
      "user": {
        "default_profile": true,
        "follow_request_sent": false,
        "favourites_count": 5524,
        "followers_count": 92,
        "geo_enabled": true,
        "profile_background_image_url": "http://abs.twimg.com/images/themes/theme1/bg.png",
        "is_translation_enabled": false,
        "default_profile_image": false,
        "contributors_enabled": false,
        "is_translator": false,
        "description": "",
        "translator_type": "none",
        "statuses_count": 5778,
        "profile_background_tile": false,
        "profile_link_color": "1DA1F2",
        "utc_offset": null,
        "profile_background_color": "C0DEED",
        "profile_use_background_image": true,
        "profile_background_image_url_https": "https://abs.twimg.com/images/themes/theme1/bg.png",
        "time_zone": null,
        "id": 237375625,
        "location": "Perú,San Martín,Tarapoto.",
        "created_at": "Wed Jan 12 18:11:38 +0000 2011",
        "lang": null,
        "id_str": "237375625",
        "profile_image_url": "http://pbs.twimg.com/profile_images/709524263104028672/7koUS4Vh_normal.jpg",
        "profile_image_url_https": "https://pbs.twimg.com/profile_images/709524263104028672/7koUS4Vh_normal.jpg",
        "has_extended_profile": false,
        "notifications": false,
        "name": "Freddy William",
        "entities": {
          "description": {
            "urls": []
          }
        },
        "profile_sidebar_fill_color": "DDEEF6",
        "url": null,
        "friends_count": 480,
        "following": false,
        "protected": false,
        "screen_name": "FREDDYWHP",
        "profile_sidebar_border_color": "C0DEED",
        "profile_text_color": "333333",
        "listed_count": 0,
        "verified": false
      },
      "in_reply_to_status_id": null,
      "retweet_count": 9,
      "place": null
    },
    {
      "favorite_count": 0,
      "metadata": {
        "iso_language_code": "es",
        "result_type": "recent"
      },
      "favorited": false,
      "contributors": null,
      "is_quote_status": false,
      "coordinates": null,
      "lang": "es",
      "geo": null,
      "in_reply_to_user_id": 4191723502,
      "id": 1216201336942923776,
      "created_at": "Sun Jan 12 03:32:49 +0000 2020",
      "source": "<a href=\"http://twitter.com/download/android\" rel=\"nofollow\">Twitter for Android</a>",
      "id_str": "1216201336942923776",
      "in_reply_to_status_id_str": "1216058514487021570",
      "truncated": true,
      "in_reply_to_screen_name": "arlettecontrers",
      "entities": {
        "hashtags": [],
        "user_mentions": [
          {
            "screen_name": "arlettecontrers",
            "id_str": "4191723502",
            "id": 4191723502,
            "indices": [
              0,
              16
            ],
            "name": "Arlette Contreras 🌺8⃣"
          },
          {
            "screen_name": "jose_tineo",
            "id_str": "124647719",
            "id": 124647719,
            "indices": [
              17,
              28
            ],
            "name": "Jose Tineo"
          },
          {
            "screen_name": "FrenteAmplioPe",
            "id_str": "944253031767519233",
            "id": 944253031767519233,
            "indices": [
              29,
              44
            ],
            "name": "Frente Amplio Perú"
          },
          {
            "screen_name": "matuk",
            "id_str": "14541101",
            "id": 14541101,
            "indices": [
              45,
              51
            ],
            "name": "Farid Matuk"
          },
          {
            "screen_name": "CarlosPortillas",
            "id_str": "1190083887814328320",
            "id": 1190083887814328320,
            "indices": [
              52,
              68
            ],
            "name": "Carlos Portillas Guerrero"
          },
          {
            "screen_name": "pavese",
            "id_str": "14051600",
            "id": 14051600,
            "indices": [
              69,
              76
            ],
            "name": "RocioSilvaSantisteba"
          },
          {
            "screen_name": "GabSalvador85",
            "id_str": "909437916539219969",
            "id": 909437916539219969,
            "indices": [
              77,
              91
            ],
            "name": "Gabriela Salvador C."
          },
          {
            "screen_name": "EnriqueFCHA",
            "id_str": "1017875140313518081",
            "id": 1017875140313518081,
            "indices": [
              92,
              104
            ],
            "name": "Enrique Fernández Chacón"
          }
        ],
        "urls": [
          {
            "expanded_url": "https://twitter.com/i/web/status/1216201336942923776",
            "display_url": "twitter.com/i/web/status/1…",
            "url": "https://t.co/zGxWABYhVV",
            "indices": [
              106,
              129
            ]
          }
        ],
        "symbols": []
      },
      "in_reply_to_user_id_str": "4191723502",
      "retweeted": false,
      "text": "@arlettecontrers @jose_tineo @FrenteAmplioPe @matuk @CarlosPortillas @pavese @GabSalvador85 @EnriqueFCHA… https://t.co/zGxWABYhVV",
      "user": {
        "default_profile": true,
        "follow_request_sent": false,
        "favourites_count": 892,
        "followers_count": 18,
        "geo_enabled": false,
        "profile_background_image_url": null,
        "is_translation_enabled": false,
        "default_profile_image": false,
        "contributors_enabled": false,
        "is_translator": false,
        "description": "Odio que hablen cuando interrumpo.....",
        "translator_type": "none",
        "statuses_count": 3102,
        "profile_background_tile": false,
        "profile_link_color": "1DA1F2",
        "utc_offset": null,
        "profile_background_color": "F5F8FA",
        "profile_use_background_image": true,
        "profile_background_image_url_https": null,
        "time_zone": null,
        "id": 1003043018411212801,
        "location": "",
        "created_at": "Sat Jun 02 22:37:46 +0000 2018",
        "lang": null,
        "id_str": "1003043018411212801",
        "profile_image_url": "http://pbs.twimg.com/profile_images/1091184345816227846/nySDvrOR_normal.jpg",
        "profile_image_url_https": "https://pbs.twimg.com/profile_images/1091184345816227846/nySDvrOR_normal.jpg",
        "has_extended_profile": true,
        "notifications": false,
        "name": "Aldo Orué",
        "entities": {
          "description": {
            "urls": []
          }
        },
        "profile_sidebar_fill_color": "DDEEF6",
        "url": null,
        "friends_count": 221,
        "following": false,
        "protected": false,
        "screen_name": "eddy_orue",
        "profile_sidebar_border_color": "C0DEED",
        "profile_text_color": "333333",
        "listed_count": 0,
        "verified": false
      },
      "in_reply_to_status_id": 1216058514487021570,
      "retweet_count": 0,
      "place": null
    },
    {
      "favorite_count": 0,
      "metadata": {
        "iso_language_code": "und",
        "result_type": "recent"
      },
      "favorited": false,
      "contributors": null,
      "is_quote_status": false,
      "coordinates": null,
      "lang": "und",
      "geo": null,
      "in_reply_to_user_id": 4191723502,
      "id": 1216112741854908418,
      "created_at": "Sat Jan 11 21:40:46 +0000 2020",
      "source": "<a href=\"http://twitter.com/download/android\" rel=\"nofollow\">Twitter for Android</a>",
      "id_str": "1216112741854908418",
      "in_reply_to_status_id_str": "1215787701976301571",
      "truncated": false,
      "in_reply_to_screen_name": "arlettecontrers",
      "entities": {
        "hashtags": [],
        "user_mentions": [
          {
            "screen_name": "arlettecontrers",
            "id_str": "4191723502",
            "id": 4191723502,
            "indices": [
              0,
              16
            ],
            "name": "Arlette Contreras 🌺8⃣"
          },
          {
            "screen_name": "claudiacisneros",
            "id_str": "32532614",
            "id": 32532614,
            "indices": [
              17,
              33
            ],
            "name": "claudia cisneros"
          },
          {
            "screen_name": "FrenteAmplioPe",
            "id_str": "944253031767519233",
            "id": 944253031767519233,
            "indices": [
              34,
              49
            ],
            "name": "Frente Amplio Perú"
          },
          {
            "screen_name": "EnriqueFCHA",
            "id_str": "1017875140313518081",
            "id": 1017875140313518081,
            "indices": [
              50,
              62
            ],
            "name": "Enrique Fernández Chacón"
          },
          {
            "screen_name": "fatyl_lima",
            "id_str": "1141716863417819136",
            "id": 1141716863417819136,
            "indices": [
              63,
              74
            ],
            "name": "Frente Amplio - Tierra y Libertad JVL - Lima"
          },
          {
            "screen_name": "pavese",
            "id_str": "14051600",
            "id": 14051600,
            "indices": [
              75,
              82
            ],
            "name": "RocioSilvaSantisteba"
          },
          {
            "screen_name": "GabSalvador85",
            "id_str": "909437916539219969",
            "id": 909437916539219969,
            "indices": [
              83,
              97
            ],
            "name": "Gabriela Salvador C."
          },
          {
            "screen_name": "matuk",
            "id_str": "14541101",
            "id": 14541101,
            "indices": [
              98,
              104
            ],
            "name": "Farid Matuk"
          },
          {
            "screen_name": "CarlosPortillas",
            "id_str": "1190083887814328320",
            "id": 1190083887814328320,
            "indices": [
              105,
              121
            ],
            "name": "Carlos Portillas Guerrero"
          }
        ],
        "urls": [],
        "symbols": []
      },
      "in_reply_to_user_id_str": "4191723502",
      "retweeted": false,
      "text": "@arlettecontrers @claudiacisneros @FrenteAmplioPe @EnriqueFCHA @fatyl_lima @pavese @GabSalvador85 @matuk @CarlosPortillas 👍",
      "user": {
        "default_profile": true,
        "follow_request_sent": false,
        "favourites_count": 184,
        "followers_count": 19,
        "geo_enabled": true,
        "profile_background_image_url": null,
        "is_translation_enabled": false,
        "default_profile_image": true,
        "contributors_enabled": false,
        "is_translator": false,
        "description": "",
        "translator_type": "none",
        "statuses_count": 2341,
        "profile_background_tile": false,
        "profile_link_color": "1DA1F2",
        "utc_offset": null,
        "profile_background_color": "F5F8FA",
        "profile_use_background_image": true,
        "profile_background_image_url_https": null,
        "time_zone": null,
        "id": 898296364014161922,
        "location": "",
        "created_at": "Thu Aug 17 21:31:57 +0000 2017",
        "lang": null,
        "id_str": "898296364014161922",
        "profile_image_url": "http://abs.twimg.com/sticky/default_profile_images/default_profile_normal.png",
        "profile_image_url_https": "https://abs.twimg.com/sticky/default_profile_images/default_profile_normal.png",
        "has_extended_profile": false,
        "notifications": false,
        "name": "Walter Jiménez Melen",
        "entities": {
          "description": {
            "urls": []
          }
        },
        "profile_sidebar_fill_color": "DDEEF6",
        "url": null,
        "friends_count": 53,
        "following": false,
        "protected": false,
        "screen_name": "melen_jimenez",
        "profile_sidebar_border_color": "C0DEED",
        "profile_text_color": "333333",
        "listed_count": 0,
        "verified": false
      },
      "in_reply_to_status_id": 1215787701976301571,
      "retweet_count": 0,
      "place": null
    },
    {
      "favorite_count": 0,
      "metadata": {
        "iso_language_code": "es",
        "result_type": "recent"
      },
      "favorited": false,
      "contributors": null,
      "is_quote_status": false,
      "coordinates": null,
      "lang": "es",
      "geo": null,
      "in_reply_to_user_id": 4191723502,
      "id": 1216093563974508545,
      "created_at": "Sat Jan 11 20:24:34 +0000 2020",
      "source": "<a href=\"http://twitter.com/download/android\" rel=\"nofollow\">Twitter for Android</a>",
      "id_str": "1216093563974508545",
      "in_reply_to_status_id_str": "1216058514487021570",
      "truncated": true,
      "in_reply_to_screen_name": "arlettecontrers",
      "entities": {
        "hashtags": [],
        "user_mentions": [
          {
            "screen_name": "arlettecontrers",
            "id_str": "4191723502",
            "id": 4191723502,
            "indices": [
              0,
              16
            ],
            "name": "Arlette Contreras 🌺8⃣"
          },
          {
            "screen_name": "FrenteAmplioPe",
            "id_str": "944253031767519233",
            "id": 944253031767519233,
            "indices": [
              17,
              32
            ],
            "name": "Frente Amplio Perú"
          },
          {
            "screen_name": "matuk",
            "id_str": "14541101",
            "id": 14541101,
            "indices": [
              33,
              39
            ],
            "name": "Farid Matuk"
          },
          {
            "screen_name": "CarlosPortillas",
            "id_str": "1190083887814328320",
            "id": 1190083887814328320,
            "indices": [
              40,
              56
            ],
            "name": "Carlos Portillas Guerrero"
          },
          {
            "screen_name": "pavese",
            "id_str": "14051600",
            "id": 14051600,
            "indices": [
              57,
              64
            ],
            "name": "RocioSilvaSantisteba"
          },
          {
            "screen_name": "GabSalvador85",
            "id_str": "909437916539219969",
            "id": 909437916539219969,
            "indices": [
              65,
              79
            ],
            "name": "Gabriela Salvador C."
          },
          {
            "screen_name": "EnriqueFCHA",
            "id_str": "1017875140313518081",
            "id": 1017875140313518081,
            "indices": [
              80,
              92
            ],
            "name": "Enrique Fernández Chacón"
          },
          {
            "screen_name": "manoalzadalima",
            "id_str": "958549842179100673",
            "id": 958549842179100673,
            "indices": [
              93,
              108
            ],
            "name": "Mano Alzada"
          }
        ],
        "urls": [
          {
            "expanded_url": "https://twitter.com/i/web/status/1216093563974508545",
            "display_url": "twitter.com/i/web/status/1…",
            "url": "https://t.co/lWPK2tovKa",
            "indices": [
              110,
              133
            ]
          }
        ],
        "symbols": []
      },
      "in_reply_to_user_id_str": "4191723502",
      "retweeted": false,
      "text": "@arlettecontrers @FrenteAmplioPe @matuk @CarlosPortillas @pavese @GabSalvador85 @EnriqueFCHA @manoalzadalima… https://t.co/lWPK2tovKa",
      "user": {
        "default_profile": true,
        "follow_request_sent": false,
        "favourites_count": 979,
        "followers_count": 50,
        "geo_enabled": false,
        "profile_background_image_url": "http://abs.twimg.com/images/themes/theme1/bg.png",
        "is_translation_enabled": false,
        "default_profile_image": false,
        "contributors_enabled": false,
        "is_translator": false,
        "description": "",
        "translator_type": "none",
        "statuses_count": 6471,
        "profile_background_tile": false,
        "profile_link_color": "1DA1F2",
        "utc_offset": null,
        "profile_background_color": "C0DEED",
        "profile_use_background_image": true,
        "profile_background_image_url_https": "https://abs.twimg.com/images/themes/theme1/bg.png",
        "time_zone": null,
        "id": 320859922,
        "location": "",
        "created_at": "Mon Jun 20 17:02:13 +0000 2011",
        "lang": null,
        "id_str": "320859922",
        "profile_image_url": "http://pbs.twimg.com/profile_images/2369910782/Iron_20Maiden_20_1__normal.jpg",
        "profile_image_url_https": "https://pbs.twimg.com/profile_images/2369910782/Iron_20Maiden_20_1__normal.jpg",
        "has_extended_profile": false,
        "notifications": false,
        "name": "aldo",
        "entities": {
          "description": {
            "urls": []
          }
        },
        "profile_sidebar_fill_color": "DDEEF6",
        "url": null,
        "friends_count": 475,
        "following": false,
        "protected": false,
        "screen_name": "facezh",
        "profile_sidebar_border_color": "C0DEED",
        "profile_text_color": "333333",
        "listed_count": 0,
        "verified": false
      },
      "in_reply_to_status_id": 1216058514487021570,
      "retweet_count": 0,
      "place": null
    }
  ]
}