{
  "data": [
    {
      "in_reply_to_user_id": null,
      "id": 1216096669051342848,
      "retweeted_status": {
        "in_reply_to_user_id": null,
        "id": 1215330688309899264,
        "possibly_sensitive": false,
        "place": null,
        "source": "<a href=\"https://mobile.twitter.com\" rel=\"nofollow\">Twitter Web App</a>",
        "in_reply_to_screen_name": null,
        "retweet_count": 10,
        "geo": null,
        "lang": "es",
        "in_reply_to_status_id": null,
        "text": "#EnVivo Hoy a las 5:00pm, en la #MesaMulera, conoce las propuestas de tres aspirantes a una curul en el Congreso.… https://t.co/yKfRwD1oJ6",
        "id_str": "1215330688309899264",
        "entities": {
          "hashtags": [
            {
              "indices": [
                0,
                7
              ],
              "text": "EnVivo"
            },
            {
              "indices": [
                32,
                43
              ],
              "text": "MesaMulera"
            }
          ],
          "symbols": [],
          "urls": [
            {
              "url": "https://t.co/yKfRwD1oJ6",
              "expanded_url": "https://twitter.com/i/web/status/1215330688309899264",
              "indices": [
                115,
                138
              ],
              "display_url": "twitter.com/i/web/status/1…"
            }
          ],
          "user_mentions": []
        },
        "metadata": {
          "result_type": "recent",
          "iso_language_code": "es"
        },
        "retweeted": false,
        "favorite_count": 23,
        "truncated": true,
        "in_reply_to_status_id_str": null,
        "coordinates": null,
        "in_reply_to_user_id_str": null,
        "is_quote_status": false,
        "favorited": false,
        "created_at": "Thu Jan 09 17:53:10 +0000 2020",
        "user": {
          "url": "https://t.co/oHol5sIVbD",
          "protected": false,
          "name": "La Mula",
          "id": 29330019,
          "profile_image_url_https": "https://pbs.twimg.com/profile_images/918199584970674177/r8HeMGPW_normal.jpg",
          "profile_background_tile": false,
          "time_zone": null,
          "default_profile_image": false,
          "follow_request_sent": false,
          "description": "Miles de periodistas ciudadanos comparten aquí sus noticias e historias. Tú publicas y nosotros lo difundimos. Y en Facebook: https://t.co/xvliT6yBwQ",
          "following": true,
          "profile_image_url": "http://pbs.twimg.com/profile_images/918199584970674177/r8HeMGPW_normal.jpg",
          "profile_link_color": "1F98C7",
          "listed_count": 2028,
          "notifications": false,
          "profile_background_color": "C6E2EE",
          "statuses_count": 201366,
          "favourites_count": 1511,
          "contributors_enabled": false,
          "location": "",
          "id_str": "29330019",
          "is_translator": false,
          "profile_background_image_url": "http://abs.twimg.com/images/themes/theme2/bg.gif",
          "followers_count": 1022135,
          "has_extended_profile": false,
          "profile_banner_url": "https://pbs.twimg.com/profile_banners/29330019/1577746494",
          "lang": null,
          "geo_enabled": true,
          "screen_name": "lamula",
          "verified": false,
          "utc_offset": null,
          "is_translation_enabled": false,
          "translator_type": "none",
          "entities": {
            "url": {
              "urls": [
                {
                  "url": "https://t.co/oHol5sIVbD",
                  "expanded_url": "http://lamula.pe",
                  "indices": [
                    0,
                    23
                  ],
                  "display_url": "lamula.pe"
                }
              ]
            },
            "description": {
              "urls": [
                {
                  "url": "https://t.co/xvliT6yBwQ",
                  "expanded_url": "https://www.facebook.com/pages/lam",
                  "indices": [
                    126,
                    149
                  ],
                  "display_url": "facebook.com/pages/lam"
                }
              ]
            }
          },
          "default_profile": false,
          "created_at": "Mon Apr 06 23:50:19 +0000 2009",
          "profile_sidebar_border_color": "000000",
          "friends_count": 2377,
          "profile_background_image_url_https": "https://abs.twimg.com/images/themes/theme2/bg.gif",
          "profile_text_color": "000000",
          "profile_use_background_image": true,
          "profile_sidebar_fill_color": "000000"
        },
        "contributors": null
      },
      "place": null,
      "source": "<a href=\"http://twitter.com/download/android\" rel=\"nofollow\">Twitter for Android</a>",
      "in_reply_to_screen_name": null,
      "retweet_count": 10,
      "geo": null,
      "lang": "es",
      "in_reply_to_status_id": null,
      "text": "RT @lamula: #EnVivo Hoy a las 5:00pm, en la #MesaMulera, conoce las propuestas de tres aspirantes a una curul en el Congreso. @LuciaAlvites…",
      "id_str": "1216096669051342848",
      "entities": {
        "hashtags": [
          {
            "indices": [
              12,
              19
            ],
            "text": "EnVivo"
          },
          {
            "indices": [
              44,
              55
            ],
            "text": "MesaMulera"
          }
        ],
        "symbols": [],
        "urls": [],
        "user_mentions": [
          {
            "id_str": "29330019",
            "screen_name": "lamula",
            "name": "La Mula",
            "id": 29330019,
            "indices": [
              3,
              10
            ]
          },
          {
            "id_str": "248429004",
            "screen_name": "LuciaAlvites",
            "name": "LuciaAlvites",
            "id": 248429004,
            "indices": [
              126,
              139
            ]
          }
        ]
      },
      "metadata": {
        "result_type": "recent",
        "iso_language_code": "es"
      },
      "retweeted": false,
      "favorite_count": 0,
      "truncated": false,
      "in_reply_to_status_id_str": null,
      "coordinates": null,
      "in_reply_to_user_id_str": null,
      "is_quote_status": false,
      "favorited": false,
      "created_at": "Sat Jan 11 20:36:54 +0000 2020",
      "user": {
        "url": null,
        "protected": false,
        "name": "Alicia Cucho",
        "id": 939472960808726528,
        "profile_image_url_https": "https://pbs.twimg.com/profile_images/1075010791437467648/DLpzkd5Z_normal.jpg",
        "profile_background_tile": false,
        "time_zone": null,
        "default_profile_image": false,
        "follow_request_sent": false,
        "description": "Escribo poesía, básicamente.",
        "following": false,
        "profile_image_url": "http://pbs.twimg.com/profile_images/1075010791437467648/DLpzkd5Z_normal.jpg",
        "profile_link_color": "F58EA8",
        "listed_count": 0,
        "notifications": false,
        "profile_background_color": "000000",
        "statuses_count": 77,
        "favourites_count": 82,
        "contributors_enabled": false,
        "location": "Peru",
        "id_str": "939472960808726528",
        "is_translator": false,
        "profile_background_image_url": "http://abs.twimg.com/images/themes/theme1/bg.png",
        "followers_count": 8,
        "has_extended_profile": false,
        "profile_banner_url": "https://pbs.twimg.com/profile_banners/939472960808726528/1545137356",
        "lang": null,
        "geo_enabled": false,
        "screen_name": "Chuskidiaries",
        "verified": false,
        "utc_offset": null,
        "is_translation_enabled": false,
        "translator_type": "none",
        "entities": {
          "description": {
            "urls": []
          }
        },
        "default_profile": false,
        "created_at": "Sat Dec 09 12:33:03 +0000 2017",
        "profile_sidebar_border_color": "000000",
        "friends_count": 60,
        "profile_background_image_url_https": "https://abs.twimg.com/images/themes/theme1/bg.png",
        "profile_text_color": "000000",
        "profile_use_background_image": false,
        "profile_sidebar_fill_color": "000000"
      },
      "contributors": null
    },
    {
      "in_reply_to_user_id": 1944986892,
      "id": 1216085387933900800,
      "place": null,
      "source": "<a href=\"http://twitter.com/download/android\" rel=\"nofollow\">Twitter for Android</a>",
      "in_reply_to_screen_name": "_marpinto_",
      "retweet_count": 0,
      "geo": null,
      "lang": "es",
      "in_reply_to_status_id": 1215811459130765312,
      "text": "@_marpinto_ Preguntemos le a @veryangee",
      "id_str": "1216085387933900800",
      "entities": {
        "hashtags": [],
        "symbols": [],
        "urls": [],
        "user_mentions": [
          {
            "id_str": "1944986892",
            "screen_name": "_marpinto_",
            "name": "maribel pinto",
            "id": 1944986892,
            "indices": [
              0,
              11
            ]
          },
          {
            "id_str": "179459111",
            "screen_name": "veryangee",
            "name": "Angela Villón",
            "id": 179459111,
            "indices": [
              29,
              39
            ]
          }
        ]
      },
      "metadata": {
        "result_type": "recent",
        "iso_language_code": "es"
      },
      "retweeted": false,
      "favorite_count": 0,
      "truncated": false,
      "in_reply_to_status_id_str": "1215811459130765312",
      "coordinates": null,
      "in_reply_to_user_id_str": "1944986892",
      "is_quote_status": false,
      "favorited": false,
      "created_at": "Sat Jan 11 19:52:04 +0000 2020",
      "user": {
        "url": null,
        "protected": false,
        "name": "Darth Kcroh",
        "id": 2602791909,
        "profile_image_url_https": "https://pbs.twimg.com/profile_images/1058888120354119680/hRvtlECn_normal.jpg",
        "profile_background_tile": false,
        "time_zone": null,
        "default_profile_image": false,
        "follow_request_sent": false,
        "description": "Te llevo a lo oscurito...",
        "following": false,
        "profile_image_url": "http://pbs.twimg.com/profile_images/1058888120354119680/hRvtlECn_normal.jpg",
        "profile_link_color": "1DA1F2",
        "listed_count": 1,
        "notifications": false,
        "profile_background_color": "C0DEED",
        "statuses_count": 17427,
        "favourites_count": 6953,
        "contributors_enabled": false,
        "location": "Coruscant",
        "id_str": "2602791909",
        "is_translator": false,
        "profile_background_image_url": "http://abs.twimg.com/images/themes/theme1/bg.png",
        "followers_count": 196,
        "has_extended_profile": true,
        "profile_banner_url": "https://pbs.twimg.com/profile_banners/2602791909/1541293667",
        "lang": null,
        "geo_enabled": true,
        "screen_name": "jcristiandc",
        "verified": false,
        "utc_offset": null,
        "is_translation_enabled": false,
        "translator_type": "none",
        "entities": {
          "description": {
            "urls": []
          }
        },
        "default_profile": true,
        "created_at": "Thu Jun 12 03:16:48 +0000 2014",
        "profile_sidebar_border_color": "C0DEED",
        "friends_count": 555,
        "profile_background_image_url_https": "https://abs.twimg.com/images/themes/theme1/bg.png",
        "profile_text_color": "333333",
        "profile_use_background_image": true,
        "profile_sidebar_fill_color": "DDEEF6"
      },
      "contributors": null
    },
    {
      "in_reply_to_user_id": null,
      "id": 1215671587246104577,
      "possibly_sensitive": false,
      "place": null,
      "source": "<a href=\"http://twitter.com/download/android\" rel=\"nofollow\">Twitter for Android</a>",
      "in_reply_to_screen_name": null,
      "retweet_count": 1,
      "geo": null,
      "entities": {
        "media": [
          {
            "indices": [
              40,
              63
            ],
            "url": "https://t.co/WLus8s3jS2",
            "type": "photo",
            "id": 1215667814452879360,
            "source_status_id_str": "1215667824187801600",
            "source_user_id": 179459111,
            "sizes": {
              "thumb": {
                "resize": "crop",
                "h": 150,
                "w": 150
              },
              "large": {
                "resize": "fit",
                "h": 885,
                "w": 498
              },
              "medium": {
                "resize": "fit",
                "h": 885,
                "w": 498
              },
              "small": {
                "resize": "fit",
                "h": 680,
                "w": 383
              }
            },
            "display_url": "pic.twitter.com/WLus8s3jS2",
            "media_url_https": "https://pbs.twimg.com/media/EN7rb7VW4AAtmfJ.png",
            "source_user_id_str": "179459111",
            "source_status_id": 1215667824187801600,
            "media_url": "http://pbs.twimg.com/media/EN7rb7VW4AAtmfJ.png",
            "expanded_url": "https://twitter.com/veryangee/status/1215667824187801600/photo/1",
            "id_str": "1215667814452879360"
          }
        ],
        "hashtags": [],
        "symbols": [],
        "urls": [],
        "user_mentions": [
          {
            "id_str": "179459111",
            "screen_name": "veryangee",
            "name": "Angela Villón",
            "id": 179459111,
            "indices": [
              3,
              13
            ]
          }
        ]
      },
      "lang": "es",
      "in_reply_to_status_id": null,
      "text": "RT @veryangee: Nosotros mismos somos! 💓 https://t.co/WLus8s3jS2",
      "extended_entities": {
        "media": [
          {
            "indices": [
              40,
              63
            ],
            "url": "https://t.co/WLus8s3jS2",
            "type": "photo",
            "id": 1215667814452879360,
            "source_status_id_str": "1215667824187801600",
            "source_user_id": 179459111,
            "sizes": {
              "thumb": {
                "resize": "crop",
                "h": 150,
                "w": 150
              },
              "large": {
                "resize": "fit",
                "h": 885,
                "w": 498
              },
              "medium": {
                "resize": "fit",
                "h": 885,
                "w": 498
              },
              "small": {
                "resize": "fit",
                "h": 680,
                "w": 383
              }
            },
            "display_url": "pic.twitter.com/WLus8s3jS2",
            "media_url_https": "https://pbs.twimg.com/media/EN7rb7VW4AAtmfJ.png",
            "source_user_id_str": "179459111",
            "source_status_id": 1215667824187801600,
            "media_url": "http://pbs.twimg.com/media/EN7rb7VW4AAtmfJ.png",
            "expanded_url": "https://twitter.com/veryangee/status/1215667824187801600/photo/1",
            "id_str": "1215667814452879360"
          }
        ]
      },
      "id_str": "1215671587246104577",
      "retweeted_status": {
        "in_reply_to_user_id": null,
        "id": 1215667824187801600,
        "possibly_sensitive": false,
        "place": null,
        "source": "<a href=\"https://mobile.twitter.com\" rel=\"nofollow\">Twitter Web App</a>",
        "in_reply_to_screen_name": null,
        "retweet_count": 1,
        "lang": "es",
        "in_reply_to_status_id": null,
        "text": "Nosotros mismos somos! 💓 https://t.co/WLus8s3jS2",
        "extended_entities": {
          "media": [
            {
              "indices": [
                25,
                48
              ],
              "url": "https://t.co/WLus8s3jS2",
              "type": "photo",
              "id": 1215667814452879360,
              "media_url": "http://pbs.twimg.com/media/EN7rb7VW4AAtmfJ.png",
              "expanded_url": "https://twitter.com/veryangee/status/1215667824187801600/photo/1",
              "id_str": "1215667814452879360",
              "sizes": {
                "thumb": {
                  "resize": "crop",
                  "h": 150,
                  "w": 150
                },
                "large": {
                  "resize": "fit",
                  "h": 885,
                  "w": 498
                },
                "medium": {
                  "resize": "fit",
                  "h": 885,
                  "w": 498
                },
                "small": {
                  "resize": "fit",
                  "h": 680,
                  "w": 383
                }
              },
              "display_url": "pic.twitter.com/WLus8s3jS2",
              "media_url_https": "https://pbs.twimg.com/media/EN7rb7VW4AAtmfJ.png"
            }
          ]
        },
        "id_str": "1215667824187801600",
        "entities": {
          "media": [
            {
              "indices": [
                25,
                48
              ],
              "url": "https://t.co/WLus8s3jS2",
              "type": "photo",
              "id": 1215667814452879360,
              "media_url": "http://pbs.twimg.com/media/EN7rb7VW4AAtmfJ.png",
              "expanded_url": "https://twitter.com/veryangee/status/1215667824187801600/photo/1",
              "id_str": "1215667814452879360",
              "sizes": {
                "thumb": {
                  "resize": "crop",
                  "h": 150,
                  "w": 150
                },
                "large": {
                  "resize": "fit",
                  "h": 885,
                  "w": 498
                },
                "medium": {
                  "resize": "fit",
                  "h": 885,
                  "w": 498
                },
                "small": {
                  "resize": "fit",
                  "h": 680,
                  "w": 383
                }
              },
              "display_url": "pic.twitter.com/WLus8s3jS2",
              "media_url_https": "https://pbs.twimg.com/media/EN7rb7VW4AAtmfJ.png"
            }
          ],
          "hashtags": [],
          "symbols": [],
          "urls": [],
          "user_mentions": []
        },
        "metadata": {
          "result_type": "recent",
          "iso_language_code": "es"
        },
        "retweeted": false,
        "favorite_count": 5,
        "truncated": false,
        "in_reply_to_status_id_str": null,
        "coordinates": null,
        "in_reply_to_user_id_str": null,
        "is_quote_status": false,
        "geo": null,
        "favorited": false,
        "created_at": "Fri Jan 10 16:12:49 +0000 2020",
        "user": {
          "url": null,
          "protected": false,
          "name": "Angela Villón",
          "id": 179459111,
          "profile_image_url_https": "https://pbs.twimg.com/profile_images/1197930410581336064/BhZwuU9H_normal.jpg",
          "profile_background_tile": false,
          "time_zone": null,
          "default_profile_image": false,
          "follow_request_sent": false,
          "description": "Soy sentimental,luchadora,perseverante y a la vez revolucionaria,gozo de ser mujer con defectos y virtudes y solo quiero de la vida SER FELIZ",
          "following": false,
          "profile_image_url": "http://pbs.twimg.com/profile_images/1197930410581336064/BhZwuU9H_normal.jpg",
          "profile_link_color": "FF0000",
          "listed_count": 8,
          "notifications": false,
          "profile_background_color": "BADFCD",
          "statuses_count": 4149,
          "favourites_count": 1145,
          "contributors_enabled": false,
          "location": "Lima",
          "id_str": "179459111",
          "is_translator": false,
          "profile_background_image_url": "http://abs.twimg.com/images/themes/theme12/bg.gif",
          "followers_count": 1400,
          "has_extended_profile": false,
          "profile_banner_url": "https://pbs.twimg.com/profile_banners/179459111/1456376674",
          "lang": null,
          "geo_enabled": true,
          "screen_name": "veryangee",
          "verified": false,
          "utc_offset": null,
          "is_translation_enabled": false,
          "translator_type": "none",
          "entities": {
            "description": {
              "urls": []
            }
          },
          "default_profile": false,
          "created_at": "Tue Aug 17 10:11:27 +0000 2010",
          "profile_sidebar_border_color": "F2E195",
          "friends_count": 523,
          "profile_background_image_url_https": "https://abs.twimg.com/images/themes/theme12/bg.gif",
          "profile_text_color": "0C3E53",
          "profile_use_background_image": true,
          "profile_sidebar_fill_color": "FFF7CC"
        },
        "contributors": null
      },
      "metadata": {
        "result_type": "recent",
        "iso_language_code": "es"
      },
      "retweeted": false,
      "favorite_count": 0,
      "truncated": false,
      "in_reply_to_status_id_str": null,
      "coordinates": null,
      "in_reply_to_user_id_str": null,
      "is_quote_status": false,
      "favorited": false,
      "created_at": "Fri Jan 10 16:27:47 +0000 2020",
      "user": {
        "url": null,
        "protected": false,
        "name": "Pamela 🇵🇪",
        "id": 20282000,
        "profile_image_url_https": "https://pbs.twimg.com/profile_images/1215454211535585285/aI0__F-W_normal.jpg",
        "profile_background_tile": false,
        "time_zone": null,
        "default_profile_image": false,
        "follow_request_sent": false,
        "description": "Alianza Lima 💜💜💜\nDisléxica \nPelirroja bamba",
        "following": false,
        "profile_image_url": "http://pbs.twimg.com/profile_images/1215454211535585285/aI0__F-W_normal.jpg",
        "profile_link_color": "F58EA8",
        "listed_count": 14,
        "notifications": false,
        "profile_background_color": "000000",
        "statuses_count": 93599,
        "favourites_count": 138278,
        "contributors_enabled": false,
        "location": "Lima",
        "id_str": "20282000",
        "is_translator": false,
        "profile_background_image_url": "http://abs.twimg.com/images/themes/theme1/bg.png",
        "followers_count": 1865,
        "has_extended_profile": false,
        "profile_banner_url": "https://pbs.twimg.com/profile_banners/20282000/1561899624",
        "lang": null,
        "geo_enabled": true,
        "screen_name": "MadameTempestad",
        "verified": false,
        "utc_offset": null,
        "is_translation_enabled": false,
        "translator_type": "none",
        "entities": {
          "description": {
            "urls": []
          }
        },
        "default_profile": false,
        "created_at": "Fri Feb 06 23:26:25 +0000 2009",
        "profile_sidebar_border_color": "000000",
        "friends_count": 674,
        "profile_background_image_url_https": "https://abs.twimg.com/images/themes/theme1/bg.png",
        "profile_text_color": "000000",
        "profile_use_background_image": false,
        "profile_sidebar_fill_color": "000000"
      },
      "contributors": null
    },
    {
      "in_reply_to_user_id": null,
      "id": 1215605292689436673,
      "retweeted_status": {
        "in_reply_to_user_id": null,
        "id": 1215330688309899264,
        "possibly_sensitive": false,
        "place": null,
        "source": "<a href=\"https://mobile.twitter.com\" rel=\"nofollow\">Twitter Web App</a>",
        "in_reply_to_screen_name": null,
        "retweet_count": 10,
        "geo": null,
        "lang": "es",
        "in_reply_to_status_id": null,
        "text": "#EnVivo Hoy a las 5:00pm, en la #MesaMulera, conoce las propuestas de tres aspirantes a una curul en el Congreso.… https://t.co/yKfRwD1oJ6",
        "id_str": "1215330688309899264",
        "entities": {
          "hashtags": [
            {
              "indices": [
                0,
                7
              ],
              "text": "EnVivo"
            },
            {
              "indices": [
                32,
                43
              ],
              "text": "MesaMulera"
            }
          ],
          "symbols": [],
          "urls": [
            {
              "url": "https://t.co/yKfRwD1oJ6",
              "expanded_url": "https://twitter.com/i/web/status/1215330688309899264",
              "indices": [
                115,
                138
              ],
              "display_url": "twitter.com/i/web/status/1…"
            }
          ],
          "user_mentions": []
        },
        "metadata": {
          "result_type": "recent",
          "iso_language_code": "es"
        },
        "retweeted": false,
        "favorite_count": 23,
        "truncated": true,
        "in_reply_to_status_id_str": null,
        "coordinates": null,
        "in_reply_to_user_id_str": null,
        "is_quote_status": false,
        "favorited": false,
        "created_at": "Thu Jan 09 17:53:10 +0000 2020",
        "user": {
          "url": "https://t.co/oHol5sIVbD",
          "protected": false,
          "name": "La Mula",
          "id": 29330019,
          "profile_image_url_https": "https://pbs.twimg.com/profile_images/918199584970674177/r8HeMGPW_normal.jpg",
          "profile_background_tile": false,
          "time_zone": null,
          "default_profile_image": false,
          "follow_request_sent": false,
          "description": "Miles de periodistas ciudadanos comparten aquí sus noticias e historias. Tú publicas y nosotros lo difundimos. Y en Facebook: https://t.co/xvliT6yBwQ",
          "following": true,
          "profile_image_url": "http://pbs.twimg.com/profile_images/918199584970674177/r8HeMGPW_normal.jpg",
          "profile_link_color": "1F98C7",
          "listed_count": 2028,
          "notifications": false,
          "profile_background_color": "C6E2EE",
          "statuses_count": 201366,
          "favourites_count": 1511,
          "contributors_enabled": false,
          "location": "",
          "id_str": "29330019",
          "is_translator": false,
          "profile_background_image_url": "http://abs.twimg.com/images/themes/theme2/bg.gif",
          "followers_count": 1022135,
          "has_extended_profile": false,
          "profile_banner_url": "https://pbs.twimg.com/profile_banners/29330019/1577746494",
          "lang": null,
          "geo_enabled": true,
          "screen_name": "lamula",
          "verified": false,
          "utc_offset": null,
          "is_translation_enabled": false,
          "translator_type": "none",
          "entities": {
            "url": {
              "urls": [
                {
                  "url": "https://t.co/oHol5sIVbD",
                  "expanded_url": "http://lamula.pe",
                  "indices": [
                    0,
                    23
                  ],
                  "display_url": "lamula.pe"
                }
              ]
            },
            "description": {
              "urls": [
                {
                  "url": "https://t.co/xvliT6yBwQ",
                  "expanded_url": "https://www.facebook.com/pages/lam",
                  "indices": [
                    126,
                    149
                  ],
                  "display_url": "facebook.com/pages/lam"
                }
              ]
            }
          },
          "default_profile": false,
          "created_at": "Mon Apr 06 23:50:19 +0000 2009",
          "profile_sidebar_border_color": "000000",
          "friends_count": 2377,
          "profile_background_image_url_https": "https://abs.twimg.com/images/themes/theme2/bg.gif",
          "profile_text_color": "000000",
          "profile_use_background_image": true,
          "profile_sidebar_fill_color": "000000"
        },
        "contributors": null
      },
      "place": null,
      "source": "<a href=\"http://twitter.com/download/iphone\" rel=\"nofollow\">Twitter for iPhone</a>",
      "in_reply_to_screen_name": null,
      "retweet_count": 10,
      "geo": null,
      "lang": "es",
      "in_reply_to_status_id": null,
      "text": "RT @lamula: #EnVivo Hoy a las 5:00pm, en la #MesaMulera, conoce las propuestas de tres aspirantes a una curul en el Congreso. @LuciaAlvites…",
      "id_str": "1215605292689436673",
      "entities": {
        "hashtags": [
          {
            "indices": [
              12,
              19
            ],
            "text": "EnVivo"
          },
          {
            "indices": [
              44,
              55
            ],
            "text": "MesaMulera"
          }
        ],
        "symbols": [],
        "urls": [],
        "user_mentions": [
          {
            "id_str": "29330019",
            "screen_name": "lamula",
            "name": "La Mula",
            "id": 29330019,
            "indices": [
              3,
              10
            ]
          },
          {
            "id_str": "248429004",
            "screen_name": "LuciaAlvites",
            "name": "LuciaAlvites",
            "id": 248429004,
            "indices": [
              126,
              139
            ]
          }
        ]
      },
      "metadata": {
        "result_type": "recent",
        "iso_language_code": "es"
      },
      "retweeted": false,
      "favorite_count": 0,
      "truncated": false,
      "in_reply_to_status_id_str": null,
      "coordinates": null,
      "in_reply_to_user_id_str": null,
      "is_quote_status": false,
      "favorited": false,
      "created_at": "Fri Jan 10 12:04:21 +0000 2020",
      "user": {
        "url": null,
        "protected": false,
        "name": "milafarfan",
        "id": 1076686886893219840,
        "profile_image_url_https": "https://pbs.twimg.com/profile_images/1165696321564680194/bcTj0t_K_normal.jpg",
        "profile_background_tile": false,
        "time_zone": null,
        "default_profile_image": false,
        "follow_request_sent": false,
        "description": "",
        "following": false,
        "profile_image_url": "http://pbs.twimg.com/profile_images/1165696321564680194/bcTj0t_K_normal.jpg",
        "profile_link_color": "1DA1F2",
        "listed_count": 0,
        "notifications": false,
        "profile_background_color": "F5F8FA",
        "statuses_count": 38248,
        "favourites_count": 13788,
        "contributors_enabled": false,
        "location": "",
        "id_str": "1076686886893219840",
        "is_translator": false,
        "profile_background_image_url": null,
        "followers_count": 102,
        "has_extended_profile": false,
        "lang": null,
        "geo_enabled": false,
        "screen_name": "milafarfan1",
        "verified": false,
        "utc_offset": null,
        "is_translation_enabled": false,
        "translator_type": "none",
        "entities": {
          "description": {
            "urls": []
          }
        },
        "default_profile": true,
        "created_at": "Sun Dec 23 03:52:12 +0000 2018",
        "profile_sidebar_border_color": "C0DEED",
        "friends_count": 56,
        "profile_background_image_url_https": null,
        "profile_text_color": "333333",
        "profile_use_background_image": true,
        "profile_sidebar_fill_color": "DDEEF6"
      },
      "contributors": null
    },
    {
      "in_reply_to_user_id": null,
      "id": 1215482578754527235,
      "retweeted_status": {
        "in_reply_to_user_id": null,
        "id": 1215319004618858501,
        "possibly_sensitive": false,
        "place": null,
        "source": "<a href=\"https://mobile.twitter.com\" rel=\"nofollow\">Twitter Web App</a>",
        "in_reply_to_screen_name": null,
        "retweet_count": 1,
        "geo": null,
        "lang": "es",
        "in_reply_to_status_id": null,
        "text": "Nuestra patria es asquerosamente cínica, pero yo no me someto.\n\n¡Participa en los cambios!\n¡Con el voto también se… https://t.co/3JyTq9DtRn",
        "id_str": "1215319004618858501",
        "entities": {
          "hashtags": [],
          "symbols": [],
          "urls": [
            {
              "url": "https://t.co/3JyTq9DtRn",
              "expanded_url": "https://twitter.com/i/web/status/1215319004618858501",
              "indices": [
                116,
                139
              ],
              "display_url": "twitter.com/i/web/status/1…"
            }
          ],
          "user_mentions": []
        },
        "metadata": {
          "result_type": "recent",
          "iso_language_code": "es"
        },
        "retweeted": false,
        "favorite_count": 9,
        "truncated": true,
        "in_reply_to_status_id_str": null,
        "coordinates": null,
        "in_reply_to_user_id_str": null,
        "is_quote_status": false,
        "favorited": false,
        "created_at": "Thu Jan 09 17:06:44 +0000 2020",
        "user": {
          "url": null,
          "protected": false,
          "name": "Angela Villón",
          "id": 179459111,
          "profile_image_url_https": "https://pbs.twimg.com/profile_images/1197930410581336064/BhZwuU9H_normal.jpg",
          "profile_background_tile": false,
          "time_zone": null,
          "default_profile_image": false,
          "follow_request_sent": false,
          "description": "Soy sentimental,luchadora,perseverante y a la vez revolucionaria,gozo de ser mujer con defectos y virtudes y solo quiero de la vida SER FELIZ",
          "following": false,
          "profile_image_url": "http://pbs.twimg.com/profile_images/1197930410581336064/BhZwuU9H_normal.jpg",
          "profile_link_color": "FF0000",
          "listed_count": 8,
          "notifications": false,
          "profile_background_color": "BADFCD",
          "statuses_count": 4149,
          "favourites_count": 1145,
          "contributors_enabled": false,
          "location": "Lima",
          "id_str": "179459111",
          "is_translator": false,
          "profile_background_image_url": "http://abs.twimg.com/images/themes/theme12/bg.gif",
          "followers_count": 1400,
          "has_extended_profile": false,
          "profile_banner_url": "https://pbs.twimg.com/profile_banners/179459111/1456376674",
          "lang": null,
          "geo_enabled": true,
          "screen_name": "veryangee",
          "verified": false,
          "utc_offset": null,
          "is_translation_enabled": false,
          "translator_type": "none",
          "entities": {
            "description": {
              "urls": []
            }
          },
          "default_profile": false,
          "created_at": "Tue Aug 17 10:11:27 +0000 2010",
          "profile_sidebar_border_color": "F2E195",
          "friends_count": 523,
          "profile_background_image_url_https": "https://abs.twimg.com/images/themes/theme12/bg.gif",
          "profile_text_color": "0C3E53",
          "profile_use_background_image": true,
          "profile_sidebar_fill_color": "FFF7CC"
        },
        "contributors": null
      },
      "place": null,
      "source": "<a href=\"http://twitter.com/download/iphone\" rel=\"nofollow\">Twitter for iPhone</a>",
      "in_reply_to_screen_name": null,
      "retweet_count": 1,
      "geo": null,
      "lang": "es",
      "in_reply_to_status_id": null,
      "text": "RT @veryangee: Nuestra patria es asquerosamente cínica, pero yo no me someto.\n\n¡Participa en los cambios!\n¡Con el voto también se lucha!\n\nE…",
      "id_str": "1215482578754527235",
      "entities": {
        "hashtags": [],
        "symbols": [],
        "urls": [],
        "user_mentions": [
          {
            "id_str": "179459111",
            "screen_name": "veryangee",
            "name": "Angela Villón",
            "id": 179459111,
            "indices": [
              3,
              13
            ]
          }
        ]
      },
      "metadata": {
        "result_type": "recent",
        "iso_language_code": "es"
      },
      "retweeted": false,
      "favorite_count": 0,
      "truncated": false,
      "in_reply_to_status_id_str": null,
      "coordinates": null,
      "in_reply_to_user_id_str": null,
      "is_quote_status": false,
      "favorited": false,
      "created_at": "Fri Jan 10 03:56:44 +0000 2020",
      "user": {
        "url": null,
        "protected": false,
        "name": "Luis Alberto",
        "id": 112525650,
        "profile_image_url_https": "https://pbs.twimg.com/profile_images/378800000522196903/531cfc4c37765da4637c7bd15a5fbcb2_normal.png",
        "profile_background_tile": true,
        "time_zone": null,
        "default_profile_image": false,
        "follow_request_sent": false,
        "description": "",
        "following": false,
        "profile_image_url": "http://pbs.twimg.com/profile_images/378800000522196903/531cfc4c37765da4637c7bd15a5fbcb2_normal.png",
        "profile_link_color": "009999",
        "listed_count": 0,
        "notifications": false,
        "profile_background_color": "131516",
        "statuses_count": 1697,
        "favourites_count": 5081,
        "contributors_enabled": false,
        "location": "lima - Peru",
        "id_str": "112525650",
        "is_translator": false,
        "profile_background_image_url": "http://abs.twimg.com/images/themes/theme14/bg.gif",
        "followers_count": 48,
        "has_extended_profile": false,
        "lang": null,
        "geo_enabled": true,
        "screen_name": "elmantosangrado",
        "verified": false,
        "utc_offset": null,
        "is_translation_enabled": false,
        "translator_type": "none",
        "entities": {
          "description": {
            "urls": []
          }
        },
        "default_profile": false,
        "created_at": "Mon Feb 08 20:35:29 +0000 2010",
        "profile_sidebar_border_color": "000000",
        "friends_count": 515,
        "profile_background_image_url_https": "https://abs.twimg.com/images/themes/theme14/bg.gif",
        "profile_text_color": "000000",
        "profile_use_background_image": true,
        "profile_sidebar_fill_color": "000000"
      },
      "contributors": null
    },
    {
      "in_reply_to_user_id": 738594621010251782,
      "id": 1215398350704562178,
      "place": null,
      "source": "<a href=\"http://twitter.com/download/android\" rel=\"nofollow\">Twitter for Android</a>",
      "in_reply_to_screen_name": "crisjoelr1",
      "retweet_count": 0,
      "geo": null,
      "lang": "und",
      "in_reply_to_status_id": 1215398025486573568,
      "text": "@crisjoelr1 @lamula @LuciaAlvites @veryangee @CarloMagno_13 ¿Ok?",
      "id_str": "1215398350704562178",
      "entities": {
        "hashtags": [],
        "symbols": [],
        "urls": [],
        "user_mentions": [
          {
            "id_str": "738594621010251782",
            "screen_name": "crisjoelr1",
            "name": "Chiki & Bella",
            "id": 738594621010251782,
            "indices": [
              0,
              11
            ]
          },
          {
            "id_str": "29330019",
            "screen_name": "lamula",
            "name": "La Mula",
            "id": 29330019,
            "indices": [
              12,
              19
            ]
          },
          {
            "id_str": "248429004",
            "screen_name": "LuciaAlvites",
            "name": "LuciaAlvites",
            "id": 248429004,
            "indices": [
              20,
              33
            ]
          },
          {
            "id_str": "179459111",
            "screen_name": "veryangee",
            "name": "Angela Villón",
            "id": 179459111,
            "indices": [
              34,
              44
            ]
          },
          {
            "id_str": "109759924",
            "screen_name": "CarloMagno_13",
            "name": "Carlo Magno Salcedo",
            "id": 109759924,
            "indices": [
              45,
              59
            ]
          }
        ]
      },
      "metadata": {
        "result_type": "recent",
        "iso_language_code": "und"
      },
      "retweeted": false,
      "favorite_count": 0,
      "truncated": false,
      "in_reply_to_status_id_str": "1215398025486573568",
      "coordinates": null,
      "in_reply_to_user_id_str": "738594621010251782",
      "is_quote_status": false,
      "favorited": false,
      "created_at": "Thu Jan 09 22:22:02 +0000 2020",
      "user": {
        "url": null,
        "protected": false,
        "name": "Jose Hatto",
        "id": 976641321749368832,
        "profile_image_url_https": "https://pbs.twimg.com/profile_images/1125821487540244481/uOdXI9Yp_normal.jpg",
        "profile_background_tile": false,
        "time_zone": null,
        "default_profile_image": false,
        "follow_request_sent": false,
        "description": "",
        "following": false,
        "profile_image_url": "http://pbs.twimg.com/profile_images/1125821487540244481/uOdXI9Yp_normal.jpg",
        "profile_link_color": "1DA1F2",
        "listed_count": 0,
        "notifications": false,
        "profile_background_color": "F5F8FA",
        "statuses_count": 322,
        "favourites_count": 450,
        "contributors_enabled": false,
        "location": "Callao, Peru",
        "id_str": "976641321749368832",
        "is_translator": false,
        "profile_background_image_url": null,
        "followers_count": 17,
        "has_extended_profile": true,
        "lang": null,
        "geo_enabled": false,
        "screen_name": "JoseHatto26",
        "verified": false,
        "utc_offset": null,
        "is_translation_enabled": false,
        "translator_type": "none",
        "entities": {
          "description": {
            "urls": []
          }
        },
        "default_profile": true,
        "created_at": "Thu Mar 22 02:06:51 +0000 2018",
        "profile_sidebar_border_color": "C0DEED",
        "friends_count": 191,
        "profile_background_image_url_https": null,
        "profile_text_color": "333333",
        "profile_use_background_image": true,
        "profile_sidebar_fill_color": "DDEEF6"
      },
      "contributors": null
    },
    {
      "in_reply_to_user_id": 738594621010251782,
      "id": 1215398158337036289,
      "place": null,
      "source": "<a href=\"http://twitter.com/download/android\" rel=\"nofollow\">Twitter for Android</a>",
      "in_reply_to_screen_name": "crisjoelr1",
      "retweet_count": 0,
      "geo": null,
      "lang": "es",
      "in_reply_to_status_id": 1215397556043362304,
      "text": "@crisjoelr1 @lamula @LuciaAlvites @veryangee @CarloMagno_13 JAJAJA está bien, qué miedo xd",
      "id_str": "1215398158337036289",
      "entities": {
        "hashtags": [],
        "symbols": [],
        "urls": [],
        "user_mentions": [
          {
            "id_str": "738594621010251782",
            "screen_name": "crisjoelr1",
            "name": "Chiki & Bella",
            "id": 738594621010251782,
            "indices": [
              0,
              11
            ]
          },
          {
            "id_str": "29330019",
            "screen_name": "lamula",
            "name": "La Mula",
            "id": 29330019,
            "indices": [
              12,
              19
            ]
          },
          {
            "id_str": "248429004",
            "screen_name": "LuciaAlvites",
            "name": "LuciaAlvites",
            "id": 248429004,
            "indices": [
              20,
              33
            ]
          },
          {
            "id_str": "179459111",
            "screen_name": "veryangee",
            "name": "Angela Villón",
            "id": 179459111,
            "indices": [
              34,
              44
            ]
          },
          {
            "id_str": "109759924",
            "screen_name": "CarloMagno_13",
            "name": "Carlo Magno Salcedo",
            "id": 109759924,
            "indices": [
              45,
              59
            ]
          }
        ]
      },
      "metadata": {
        "result_type": "recent",
        "iso_language_code": "es"
      },
      "retweeted": false,
      "favorite_count": 0,
      "truncated": false,
      "in_reply_to_status_id_str": "1215397556043362304",
      "coordinates": null,
      "in_reply_to_user_id_str": "738594621010251782",
      "is_quote_status": false,
      "favorited": false,
      "created_at": "Thu Jan 09 22:21:16 +0000 2020",
      "user": {
        "url": null,
        "protected": false,
        "name": "Jose Hatto",
        "id": 976641321749368832,
        "profile_image_url_https": "https://pbs.twimg.com/profile_images/1125821487540244481/uOdXI9Yp_normal.jpg",
        "profile_background_tile": false,
        "time_zone": null,
        "default_profile_image": false,
        "follow_request_sent": false,
        "description": "",
        "following": false,
        "profile_image_url": "http://pbs.twimg.com/profile_images/1125821487540244481/uOdXI9Yp_normal.jpg",
        "profile_link_color": "1DA1F2",
        "listed_count": 0,
        "notifications": false,
        "profile_background_color": "F5F8FA",
        "statuses_count": 322,
        "favourites_count": 450,
        "contributors_enabled": false,
        "location": "Callao, Peru",
        "id_str": "976641321749368832",
        "is_translator": false,
        "profile_background_image_url": null,
        "followers_count": 17,
        "has_extended_profile": true,
        "lang": null,
        "geo_enabled": false,
        "screen_name": "JoseHatto26",
        "verified": false,
        "utc_offset": null,
        "is_translation_enabled": false,
        "translator_type": "none",
        "entities": {
          "description": {
            "urls": []
          }
        },
        "default_profile": true,
        "created_at": "Thu Mar 22 02:06:51 +0000 2018",
        "profile_sidebar_border_color": "C0DEED",
        "friends_count": 191,
        "profile_background_image_url_https": null,
        "profile_text_color": "333333",
        "profile_use_background_image": true,
        "profile_sidebar_fill_color": "DDEEF6"
      },
      "contributors": null
    },
    {
      "in_reply_to_user_id": 976641321749368832,
      "id": 1215398025486573568,
      "place": null,
      "source": "<a href=\"https://mobile.twitter.com\" rel=\"nofollow\">Twitter Web App</a>",
      "in_reply_to_screen_name": "JoseHatto26",
      "retweet_count": 0,
      "geo": null,
      "lang": "ca",
      "in_reply_to_status_id": 1215397664017330186,
      "text": "@JoseHatto26 @lamula @LuciaAlvites @veryangee @CarloMagno_13 Eres un troll, un troll progre/marxista.\nA silenciar al troll.",
      "id_str": "1215398025486573568",
      "entities": {
        "hashtags": [],
        "symbols": [],
        "urls": [],
        "user_mentions": [
          {
            "id_str": "976641321749368832",
            "screen_name": "JoseHatto26",
            "name": "Jose Hatto",
            "id": 976641321749368832,
            "indices": [
              0,
              12
            ]
          },
          {
            "id_str": "29330019",
            "screen_name": "lamula",
            "name": "La Mula",
            "id": 29330019,
            "indices": [
              13,
              20
            ]
          },
          {
            "id_str": "248429004",
            "screen_name": "LuciaAlvites",
            "name": "LuciaAlvites",
            "id": 248429004,
            "indices": [
              21,
              34
            ]
          },
          {
            "id_str": "179459111",
            "screen_name": "veryangee",
            "name": "Angela Villón",
            "id": 179459111,
            "indices": [
              35,
              45
            ]
          },
          {
            "id_str": "109759924",
            "screen_name": "CarloMagno_13",
            "name": "Carlo Magno Salcedo",
            "id": 109759924,
            "indices": [
              46,
              60
            ]
          }
        ]
      },
      "metadata": {
        "result_type": "recent",
        "iso_language_code": "ca"
      },
      "retweeted": false,
      "favorite_count": 0,
      "truncated": false,
      "in_reply_to_status_id_str": "1215397664017330186",
      "coordinates": null,
      "in_reply_to_user_id_str": "976641321749368832",
      "is_quote_status": false,
      "favorited": false,
      "created_at": "Thu Jan 09 22:20:44 +0000 2020",
      "user": {
        "url": null,
        "protected": false,
        "name": "Chiki & Bella",
        "id": 738594621010251782,
        "profile_image_url_https": "https://pbs.twimg.com/profile_images/910283432747569152/kPw0Y93__normal.jpg",
        "profile_background_tile": false,
        "time_zone": null,
        "default_profile_image": false,
        "follow_request_sent": false,
        "description": "😀😃😄😆😉🤪😜😝",
        "following": false,
        "profile_image_url": "http://pbs.twimg.com/profile_images/910283432747569152/kPw0Y93__normal.jpg",
        "profile_link_color": "1B95E0",
        "listed_count": 19,
        "notifications": false,
        "profile_background_color": "000000",
        "statuses_count": 105869,
        "favourites_count": 90,
        "contributors_enabled": false,
        "location": "Lima, Peru",
        "id_str": "738594621010251782",
        "is_translator": false,
        "profile_background_image_url": "http://abs.twimg.com/images/themes/theme1/bg.png",
        "followers_count": 582,
        "has_extended_profile": false,
        "lang": null,
        "geo_enabled": false,
        "screen_name": "crisjoelr1",
        "verified": false,
        "utc_offset": null,
        "is_translation_enabled": false,
        "translator_type": "none",
        "entities": {
          "description": {
            "urls": []
          }
        },
        "default_profile": false,
        "created_at": "Fri Jun 03 04:54:14 +0000 2016",
        "profile_sidebar_border_color": "000000",
        "friends_count": 976,
        "profile_background_image_url_https": "https://abs.twimg.com/images/themes/theme1/bg.png",
        "profile_text_color": "000000",
        "profile_use_background_image": false,
        "profile_sidebar_fill_color": "000000"
      },
      "contributors": null
    },
    {
      "in_reply_to_user_id": 738594621010251782,
      "id": 1215397664017330186,
      "place": null,
      "source": "<a href=\"http://twitter.com/download/android\" rel=\"nofollow\">Twitter for Android</a>",
      "in_reply_to_screen_name": "crisjoelr1",
      "retweet_count": 0,
      "geo": null,
      "lang": "es",
      "in_reply_to_status_id": 1215396845591154689,
      "text": "@crisjoelr1 @lamula @LuciaAlvites @veryangee @CarloMagno_13 Wow, soy progre/marxista de la nada xd",
      "id_str": "1215397664017330186",
      "entities": {
        "hashtags": [],
        "symbols": [],
        "urls": [],
        "user_mentions": [
          {
            "id_str": "738594621010251782",
            "screen_name": "crisjoelr1",
            "name": "Chiki & Bella",
            "id": 738594621010251782,
            "indices": [
              0,
              11
            ]
          },
          {
            "id_str": "29330019",
            "screen_name": "lamula",
            "name": "La Mula",
            "id": 29330019,
            "indices": [
              12,
              19
            ]
          },
          {
            "id_str": "248429004",
            "screen_name": "LuciaAlvites",
            "name": "LuciaAlvites",
            "id": 248429004,
            "indices": [
              20,
              33
            ]
          },
          {
            "id_str": "179459111",
            "screen_name": "veryangee",
            "name": "Angela Villón",
            "id": 179459111,
            "indices": [
              34,
              44
            ]
          },
          {
            "id_str": "109759924",
            "screen_name": "CarloMagno_13",
            "name": "Carlo Magno Salcedo",
            "id": 109759924,
            "indices": [
              45,
              59
            ]
          }
        ]
      },
      "metadata": {
        "result_type": "recent",
        "iso_language_code": "es"
      },
      "retweeted": false,
      "favorite_count": 0,
      "truncated": false,
      "in_reply_to_status_id_str": "1215396845591154689",
      "coordinates": null,
      "in_reply_to_user_id_str": "738594621010251782",
      "is_quote_status": false,
      "favorited": false,
      "created_at": "Thu Jan 09 22:19:18 +0000 2020",
      "user": {
        "url": null,
        "protected": false,
        "name": "Jose Hatto",
        "id": 976641321749368832,
        "profile_image_url_https": "https://pbs.twimg.com/profile_images/1125821487540244481/uOdXI9Yp_normal.jpg",
        "profile_background_tile": false,
        "time_zone": null,
        "default_profile_image": false,
        "follow_request_sent": false,
        "description": "",
        "following": false,
        "profile_image_url": "http://pbs.twimg.com/profile_images/1125821487540244481/uOdXI9Yp_normal.jpg",
        "profile_link_color": "1DA1F2",
        "listed_count": 0,
        "notifications": false,
        "profile_background_color": "F5F8FA",
        "statuses_count": 322,
        "favourites_count": 450,
        "contributors_enabled": false,
        "location": "Callao, Peru",
        "id_str": "976641321749368832",
        "is_translator": false,
        "profile_background_image_url": null,
        "followers_count": 17,
        "has_extended_profile": true,
        "lang": null,
        "geo_enabled": false,
        "screen_name": "JoseHatto26",
        "verified": false,
        "utc_offset": null,
        "is_translation_enabled": false,
        "translator_type": "none",
        "entities": {
          "description": {
            "urls": []
          }
        },
        "default_profile": true,
        "created_at": "Thu Mar 22 02:06:51 +0000 2018",
        "profile_sidebar_border_color": "C0DEED",
        "friends_count": 191,
        "profile_background_image_url_https": null,
        "profile_text_color": "333333",
        "profile_use_background_image": true,
        "profile_sidebar_fill_color": "DDEEF6"
      },
      "contributors": null
    },
    {
      "in_reply_to_user_id": 976641321749368832,
      "id": 1215397556043362304,
      "place": null,
      "source": "<a href=\"https://mobile.twitter.com\" rel=\"nofollow\">Twitter Web App</a>",
      "in_reply_to_screen_name": "JoseHatto26",
      "retweet_count": 0,
      "geo": null,
      "lang": "es",
      "in_reply_to_status_id": 1215397334995165185,
      "text": "@JoseHatto26 @lamula @LuciaAlvites @veryangee @CarloMagno_13 Ese cuento ya lo conozco de memoria. No engañas a nadie. 😉",
      "id_str": "1215397556043362304",
      "entities": {
        "hashtags": [],
        "symbols": [],
        "urls": [],
        "user_mentions": [
          {
            "id_str": "976641321749368832",
            "screen_name": "JoseHatto26",
            "name": "Jose Hatto",
            "id": 976641321749368832,
            "indices": [
              0,
              12
            ]
          },
          {
            "id_str": "29330019",
            "screen_name": "lamula",
            "name": "La Mula",
            "id": 29330019,
            "indices": [
              13,
              20
            ]
          },
          {
            "id_str": "248429004",
            "screen_name": "LuciaAlvites",
            "name": "LuciaAlvites",
            "id": 248429004,
            "indices": [
              21,
              34
            ]
          },
          {
            "id_str": "179459111",
            "screen_name": "veryangee",
            "name": "Angela Villón",
            "id": 179459111,
            "indices": [
              35,
              45
            ]
          },
          {
            "id_str": "109759924",
            "screen_name": "CarloMagno_13",
            "name": "Carlo Magno Salcedo",
            "id": 109759924,
            "indices": [
              46,
              60
            ]
          }
        ]
      },
      "metadata": {
        "result_type": "recent",
        "iso_language_code": "es"
      },
      "retweeted": false,
      "favorite_count": 0,
      "truncated": false,
      "in_reply_to_status_id_str": "1215397334995165185",
      "coordinates": null,
      "in_reply_to_user_id_str": "976641321749368832",
      "is_quote_status": false,
      "favorited": false,
      "created_at": "Thu Jan 09 22:18:53 +0000 2020",
      "user": {
        "url": null,
        "protected": false,
        "name": "Chiki & Bella",
        "id": 738594621010251782,
        "profile_image_url_https": "https://pbs.twimg.com/profile_images/910283432747569152/kPw0Y93__normal.jpg",
        "profile_background_tile": false,
        "time_zone": null,
        "default_profile_image": false,
        "follow_request_sent": false,
        "description": "😀😃😄😆😉🤪😜😝",
        "following": false,
        "profile_image_url": "http://pbs.twimg.com/profile_images/910283432747569152/kPw0Y93__normal.jpg",
        "profile_link_color": "1B95E0",
        "listed_count": 19,
        "notifications": false,
        "profile_background_color": "000000",
        "statuses_count": 105869,
        "favourites_count": 90,
        "contributors_enabled": false,
        "location": "Lima, Peru",
        "id_str": "738594621010251782",
        "is_translator": false,
        "profile_background_image_url": "http://abs.twimg.com/images/themes/theme1/bg.png",
        "followers_count": 582,
        "has_extended_profile": false,
        "lang": null,
        "geo_enabled": false,
        "screen_name": "crisjoelr1",
        "verified": false,
        "utc_offset": null,
        "is_translation_enabled": false,
        "translator_type": "none",
        "entities": {
          "description": {
            "urls": []
          }
        },
        "default_profile": false,
        "created_at": "Fri Jun 03 04:54:14 +0000 2016",
        "profile_sidebar_border_color": "000000",
        "friends_count": 976,
        "profile_background_image_url_https": "https://abs.twimg.com/images/themes/theme1/bg.png",
        "profile_text_color": "000000",
        "profile_use_background_image": false,
        "profile_sidebar_fill_color": "000000"
      },
      "contributors": null
    },
    {
      "in_reply_to_user_id": 738594621010251782,
      "id": 1215397334995165185,
      "place": null,
      "source": "<a href=\"http://twitter.com/download/android\" rel=\"nofollow\">Twitter for Android</a>",
      "in_reply_to_screen_name": "crisjoelr1",
      "retweet_count": 0,
      "geo": null,
      "lang": "es",
      "in_reply_to_status_id": 1215396845591154689,
      "text": "@crisjoelr1 @lamula @LuciaAlvites @veryangee @CarloMagno_13 ¿Soy un troll por tener 16 seguidores? Esta es mi cuent… https://t.co/yAQpziYDPf",
      "id_str": "1215397334995165185",
      "entities": {
        "hashtags": [],
        "symbols": [],
        "urls": [
          {
            "url": "https://t.co/yAQpziYDPf",
            "expanded_url": "https://twitter.com/i/web/status/1215397334995165185",
            "indices": [
              117,
              140
            ],
            "display_url": "twitter.com/i/web/status/1…"
          }
        ],
        "user_mentions": [
          {
            "id_str": "738594621010251782",
            "screen_name": "crisjoelr1",
            "name": "Chiki & Bella",
            "id": 738594621010251782,
            "indices": [
              0,
              11
            ]
          },
          {
            "id_str": "29330019",
            "screen_name": "lamula",
            "name": "La Mula",
            "id": 29330019,
            "indices": [
              12,
              19
            ]
          },
          {
            "id_str": "248429004",
            "screen_name": "LuciaAlvites",
            "name": "LuciaAlvites",
            "id": 248429004,
            "indices": [
              20,
              33
            ]
          },
          {
            "id_str": "179459111",
            "screen_name": "veryangee",
            "name": "Angela Villón",
            "id": 179459111,
            "indices": [
              34,
              44
            ]
          },
          {
            "id_str": "109759924",
            "screen_name": "CarloMagno_13",
            "name": "Carlo Magno Salcedo",
            "id": 109759924,
            "indices": [
              45,
              59
            ]
          }
        ]
      },
      "metadata": {
        "result_type": "recent",
        "iso_language_code": "es"
      },
      "retweeted": false,
      "favorite_count": 0,
      "truncated": true,
      "in_reply_to_status_id_str": "1215396845591154689",
      "coordinates": null,
      "in_reply_to_user_id_str": "738594621010251782",
      "is_quote_status": false,
      "favorited": false,
      "created_at": "Thu Jan 09 22:18:00 +0000 2020",
      "user": {
        "url": null,
        "protected": false,
        "name": "Jose Hatto",
        "id": 976641321749368832,
        "profile_image_url_https": "https://pbs.twimg.com/profile_images/1125821487540244481/uOdXI9Yp_normal.jpg",
        "profile_background_tile": false,
        "time_zone": null,
        "default_profile_image": false,
        "follow_request_sent": false,
        "description": "",
        "following": false,
        "profile_image_url": "http://pbs.twimg.com/profile_images/1125821487540244481/uOdXI9Yp_normal.jpg",
        "profile_link_color": "1DA1F2",
        "listed_count": 0,
        "notifications": false,
        "profile_background_color": "F5F8FA",
        "statuses_count": 322,
        "favourites_count": 450,
        "contributors_enabled": false,
        "location": "Callao, Peru",
        "id_str": "976641321749368832",
        "is_translator": false,
        "profile_background_image_url": null,
        "followers_count": 17,
        "has_extended_profile": true,
        "lang": null,
        "geo_enabled": false,
        "screen_name": "JoseHatto26",
        "verified": false,
        "utc_offset": null,
        "is_translation_enabled": false,
        "translator_type": "none",
        "entities": {
          "description": {
            "urls": []
          }
        },
        "default_profile": true,
        "created_at": "Thu Mar 22 02:06:51 +0000 2018",
        "profile_sidebar_border_color": "C0DEED",
        "friends_count": 191,
        "profile_background_image_url_https": null,
        "profile_text_color": "333333",
        "profile_use_background_image": true,
        "profile_sidebar_fill_color": "DDEEF6"
      },
      "contributors": null
    },
    {
      "in_reply_to_user_id": null,
      "id": 1215396990034620420,
      "retweeted_status": {
        "in_reply_to_user_id": 1446831936,
        "id": 1214661842590674951,
        "possibly_sensitive": false,
        "place": null,
        "source": "<a href=\"https://mobile.twitter.com\" rel=\"nofollow\">Twitter Web App</a>",
        "in_reply_to_screen_name": "Solidaridad_PSN",
        "retweet_count": 2,
        "geo": null,
        "lang": "es",
        "in_reply_to_status_id": 1214631764590641153,
        "text": "@Solidaridad_PSN Mi solidaridad con @julioarbizu, esa que al parecer no tiene espacio en @Solidaridad_PSN. El que r… https://t.co/Fqtb9i1YXn",
        "id_str": "1214661842590674951",
        "entities": {
          "hashtags": [],
          "symbols": [],
          "urls": [
            {
              "url": "https://t.co/Fqtb9i1YXn",
              "expanded_url": "https://twitter.com/i/web/status/1214661842590674951",
              "indices": [
                117,
                140
              ],
              "display_url": "twitter.com/i/web/status/1…"
            }
          ],
          "user_mentions": [
            {
              "id_str": "1446831936",
              "screen_name": "Solidaridad_PSN",
              "name": "Solidaridad Nacional",
              "id": 1446831936,
              "indices": [
                0,
                16
              ]
            },
            {
              "id_str": "66805708",
              "screen_name": "julioarbizu",
              "name": "julioarbizu",
              "id": 66805708,
              "indices": [
                36,
                48
              ]
            },
            {
              "id_str": "1446831936",
              "screen_name": "Solidaridad_PSN",
              "name": "Solidaridad Nacional",
              "id": 1446831936,
              "indices": [
                89,
                105
              ]
            }
          ]
        },
        "metadata": {
          "result_type": "recent",
          "iso_language_code": "es"
        },
        "retweeted": false,
        "favorite_count": 9,
        "truncated": true,
        "in_reply_to_status_id_str": "1214631764590641153",
        "coordinates": null,
        "in_reply_to_user_id_str": "1446831936",
        "is_quote_status": false,
        "favorited": false,
        "created_at": "Tue Jan 07 21:35:25 +0000 2020",
        "user": {
          "url": null,
          "protected": false,
          "name": "Angela Villón",
          "id": 179459111,
          "profile_image_url_https": "https://pbs.twimg.com/profile_images/1197930410581336064/BhZwuU9H_normal.jpg",
          "profile_background_tile": false,
          "time_zone": null,
          "default_profile_image": false,
          "follow_request_sent": false,
          "description": "Soy sentimental,luchadora,perseverante y a la vez revolucionaria,gozo de ser mujer con defectos y virtudes y solo quiero de la vida SER FELIZ",
          "following": false,
          "profile_image_url": "http://pbs.twimg.com/profile_images/1197930410581336064/BhZwuU9H_normal.jpg",
          "profile_link_color": "FF0000",
          "listed_count": 8,
          "notifications": false,
          "profile_background_color": "BADFCD",
          "statuses_count": 4149,
          "favourites_count": 1145,
          "contributors_enabled": false,
          "location": "Lima",
          "id_str": "179459111",
          "is_translator": false,
          "profile_background_image_url": "http://abs.twimg.com/images/themes/theme12/bg.gif",
          "followers_count": 1400,
          "has_extended_profile": false,
          "profile_banner_url": "https://pbs.twimg.com/profile_banners/179459111/1456376674",
          "lang": null,
          "geo_enabled": true,
          "screen_name": "veryangee",
          "verified": false,
          "utc_offset": null,
          "is_translation_enabled": false,
          "translator_type": "none",
          "entities": {
            "description": {
              "urls": []
            }
          },
          "default_profile": false,
          "created_at": "Tue Aug 17 10:11:27 +0000 2010",
          "profile_sidebar_border_color": "F2E195",
          "friends_count": 523,
          "profile_background_image_url_https": "https://abs.twimg.com/images/themes/theme12/bg.gif",
          "profile_text_color": "0C3E53",
          "profile_use_background_image": true,
          "profile_sidebar_fill_color": "FFF7CC"
        },
        "contributors": null
      },
      "place": null,
      "source": "<a href=\"http://twitter.com/download/android\" rel=\"nofollow\">Twitter for Android</a>",
      "in_reply_to_screen_name": null,
      "retweet_count": 2,
      "geo": null,
      "lang": "es",
      "in_reply_to_status_id": null,
      "text": "RT @veryangee: @Solidaridad_PSN Mi solidaridad con @julioarbizu, esa que al parecer no tiene espacio en @Solidaridad_PSN. El que realmente…",
      "id_str": "1215396990034620420",
      "entities": {
        "hashtags": [],
        "symbols": [],
        "urls": [],
        "user_mentions": [
          {
            "id_str": "179459111",
            "screen_name": "veryangee",
            "name": "Angela Villón",
            "id": 179459111,
            "indices": [
              3,
              13
            ]
          },
          {
            "id_str": "1446831936",
            "screen_name": "Solidaridad_PSN",
            "name": "Solidaridad Nacional",
            "id": 1446831936,
            "indices": [
              15,
              31
            ]
          },
          {
            "id_str": "66805708",
            "screen_name": "julioarbizu",
            "name": "julioarbizu",
            "id": 66805708,
            "indices": [
              51,
              63
            ]
          },
          {
            "id_str": "1446831936",
            "screen_name": "Solidaridad_PSN",
            "name": "Solidaridad Nacional",
            "id": 1446831936,
            "indices": [
              104,
              120
            ]
          }
        ]
      },
      "metadata": {
        "result_type": "recent",
        "iso_language_code": "es"
      },
      "retweeted": false,
      "favorite_count": 0,
      "truncated": false,
      "in_reply_to_status_id_str": null,
      "coordinates": null,
      "in_reply_to_user_id_str": null,
      "is_quote_status": false,
      "favorited": false,
      "created_at": "Thu Jan 09 22:16:38 +0000 2020",
      "user": {
        "url": null,
        "protected": false,
        "name": "carloscabrejoscarden",
        "id": 4080323818,
        "profile_image_url_https": "https://abs.twimg.com/sticky/default_profile_images/default_profile_normal.png",
        "profile_background_tile": false,
        "time_zone": null,
        "default_profile_image": true,
        "follow_request_sent": false,
        "description": "",
        "following": false,
        "profile_image_url": "http://abs.twimg.com/sticky/default_profile_images/default_profile_normal.png",
        "profile_link_color": "1DA1F2",
        "listed_count": 7,
        "notifications": false,
        "profile_background_color": "C0DEED",
        "statuses_count": 125709,
        "favourites_count": 94894,
        "contributors_enabled": false,
        "location": "",
        "id_str": "4080323818",
        "is_translator": false,
        "profile_background_image_url": "http://abs.twimg.com/images/themes/theme1/bg.png",
        "followers_count": 360,
        "has_extended_profile": false,
        "lang": null,
        "geo_enabled": false,
        "screen_name": "cabrejosc1",
        "verified": false,
        "utc_offset": null,
        "is_translation_enabled": false,
        "translator_type": "none",
        "entities": {
          "description": {
            "urls": []
          }
        },
        "default_profile": true,
        "created_at": "Sat Oct 31 05:11:29 +0000 2015",
        "profile_sidebar_border_color": "C0DEED",
        "friends_count": 111,
        "profile_background_image_url_https": "https://abs.twimg.com/images/themes/theme1/bg.png",
        "profile_text_color": "333333",
        "profile_use_background_image": true,
        "profile_sidebar_fill_color": "DDEEF6"
      },
      "contributors": null
    },
    {
      "in_reply_to_user_id": 976641321749368832,
      "id": 1215396845591154689,
      "place": null,
      "source": "<a href=\"https://mobile.twitter.com\" rel=\"nofollow\">Twitter Web App</a>",
      "in_reply_to_screen_name": "JoseHatto26",
      "retweet_count": 0,
      "geo": null,
      "lang": "es",
      "in_reply_to_status_id": 1215396047469580289,
      "text": "@JoseHatto26 @lamula @LuciaAlvites @veryangee @CarloMagno_13 Si, como no, un troll de 16 seguidores que se dice \"li… https://t.co/rFXeyICA2c",
      "id_str": "1215396845591154689",
      "entities": {
        "hashtags": [],
        "symbols": [],
        "urls": [
          {
            "url": "https://t.co/rFXeyICA2c",
            "expanded_url": "https://twitter.com/i/web/status/1215396845591154689",
            "indices": [
              117,
              140
            ],
            "display_url": "twitter.com/i/web/status/1…"
          }
        ],
        "user_mentions": [
          {
            "id_str": "976641321749368832",
            "screen_name": "JoseHatto26",
            "name": "Jose Hatto",
            "id": 976641321749368832,
            "indices": [
              0,
              12
            ]
          },
          {
            "id_str": "29330019",
            "screen_name": "lamula",
            "name": "La Mula",
            "id": 29330019,
            "indices": [
              13,
              20
            ]
          },
          {
            "id_str": "248429004",
            "screen_name": "LuciaAlvites",
            "name": "LuciaAlvites",
            "id": 248429004,
            "indices": [
              21,
              34
            ]
          },
          {
            "id_str": "179459111",
            "screen_name": "veryangee",
            "name": "Angela Villón",
            "id": 179459111,
            "indices": [
              35,
              45
            ]
          },
          {
            "id_str": "109759924",
            "screen_name": "CarloMagno_13",
            "name": "Carlo Magno Salcedo",
            "id": 109759924,
            "indices": [
              46,
              60
            ]
          }
        ]
      },
      "metadata": {
        "result_type": "recent",
        "iso_language_code": "es"
      },
      "retweeted": false,
      "favorite_count": 0,
      "truncated": true,
      "in_reply_to_status_id_str": "1215396047469580289",
      "coordinates": null,
      "in_reply_to_user_id_str": "976641321749368832",
      "is_quote_status": false,
      "favorited": false,
      "created_at": "Thu Jan 09 22:16:03 +0000 2020",
      "user": {
        "url": null,
        "protected": false,
        "name": "Chiki & Bella",
        "id": 738594621010251782,
        "profile_image_url_https": "https://pbs.twimg.com/profile_images/910283432747569152/kPw0Y93__normal.jpg",
        "profile_background_tile": false,
        "time_zone": null,
        "default_profile_image": false,
        "follow_request_sent": false,
        "description": "😀😃😄😆😉🤪😜😝",
        "following": false,
        "profile_image_url": "http://pbs.twimg.com/profile_images/910283432747569152/kPw0Y93__normal.jpg",
        "profile_link_color": "1B95E0",
        "listed_count": 19,
        "notifications": false,
        "profile_background_color": "000000",
        "statuses_count": 105869,
        "favourites_count": 90,
        "contributors_enabled": false,
        "location": "Lima, Peru",
        "id_str": "738594621010251782",
        "is_translator": false,
        "profile_background_image_url": "http://abs.twimg.com/images/themes/theme1/bg.png",
        "followers_count": 582,
        "has_extended_profile": false,
        "lang": null,
        "geo_enabled": false,
        "screen_name": "crisjoelr1",
        "verified": false,
        "utc_offset": null,
        "is_translation_enabled": false,
        "translator_type": "none",
        "entities": {
          "description": {
            "urls": []
          }
        },
        "default_profile": false,
        "created_at": "Fri Jun 03 04:54:14 +0000 2016",
        "profile_sidebar_border_color": "000000",
        "friends_count": 976,
        "profile_background_image_url_https": "https://abs.twimg.com/images/themes/theme1/bg.png",
        "profile_text_color": "000000",
        "profile_use_background_image": false,
        "profile_sidebar_fill_color": "000000"
      },
      "contributors": null
    },
    {
      "in_reply_to_user_id": 738594621010251782,
      "id": 1215396047469580289,
      "place": null,
      "source": "<a href=\"http://twitter.com/download/android\" rel=\"nofollow\">Twitter for Android</a>",
      "in_reply_to_screen_name": "crisjoelr1",
      "retweet_count": 0,
      "geo": null,
      "lang": "es",
      "in_reply_to_status_id": 1215395412271562752,
      "text": "@crisjoelr1 @lamula @LuciaAlvites @veryangee @CarloMagno_13 Jajajaja, no, yo soy liberal, no entiendo de dónde saca… https://t.co/uoiRQVqyJQ",
      "id_str": "1215396047469580289",
      "entities": {
        "hashtags": [],
        "symbols": [],
        "urls": [
          {
            "url": "https://t.co/uoiRQVqyJQ",
            "expanded_url": "https://twitter.com/i/web/status/1215396047469580289",
            "indices": [
              117,
              140
            ],
            "display_url": "twitter.com/i/web/status/1…"
          }
        ],
        "user_mentions": [
          {
            "id_str": "738594621010251782",
            "screen_name": "crisjoelr1",
            "name": "Chiki & Bella",
            "id": 738594621010251782,
            "indices": [
              0,
              11
            ]
          },
          {
            "id_str": "29330019",
            "screen_name": "lamula",
            "name": "La Mula",
            "id": 29330019,
            "indices": [
              12,
              19
            ]
          },
          {
            "id_str": "248429004",
            "screen_name": "LuciaAlvites",
            "name": "LuciaAlvites",
            "id": 248429004,
            "indices": [
              20,
              33
            ]
          },
          {
            "id_str": "179459111",
            "screen_name": "veryangee",
            "name": "Angela Villón",
            "id": 179459111,
            "indices": [
              34,
              44
            ]
          },
          {
            "id_str": "109759924",
            "screen_name": "CarloMagno_13",
            "name": "Carlo Magno Salcedo",
            "id": 109759924,
            "indices": [
              45,
              59
            ]
          }
        ]
      },
      "metadata": {
        "result_type": "recent",
        "iso_language_code": "es"
      },
      "retweeted": false,
      "favorite_count": 0,
      "truncated": true,
      "in_reply_to_status_id_str": "1215395412271562752",
      "coordinates": null,
      "in_reply_to_user_id_str": "738594621010251782",
      "is_quote_status": false,
      "favorited": false,
      "created_at": "Thu Jan 09 22:12:53 +0000 2020",
      "user": {
        "url": null,
        "protected": false,
        "name": "Jose Hatto",
        "id": 976641321749368832,
        "profile_image_url_https": "https://pbs.twimg.com/profile_images/1125821487540244481/uOdXI9Yp_normal.jpg",
        "profile_background_tile": false,
        "time_zone": null,
        "default_profile_image": false,
        "follow_request_sent": false,
        "description": "",
        "following": false,
        "profile_image_url": "http://pbs.twimg.com/profile_images/1125821487540244481/uOdXI9Yp_normal.jpg",
        "profile_link_color": "1DA1F2",
        "listed_count": 0,
        "notifications": false,
        "profile_background_color": "F5F8FA",
        "statuses_count": 322,
        "favourites_count": 450,
        "contributors_enabled": false,
        "location": "Callao, Peru",
        "id_str": "976641321749368832",
        "is_translator": false,
        "profile_background_image_url": null,
        "followers_count": 17,
        "has_extended_profile": true,
        "lang": null,
        "geo_enabled": false,
        "screen_name": "JoseHatto26",
        "verified": false,
        "utc_offset": null,
        "is_translation_enabled": false,
        "translator_type": "none",
        "entities": {
          "description": {
            "urls": []
          }
        },
        "default_profile": true,
        "created_at": "Thu Mar 22 02:06:51 +0000 2018",
        "profile_sidebar_border_color": "C0DEED",
        "friends_count": 191,
        "profile_background_image_url_https": null,
        "profile_text_color": "333333",
        "profile_use_background_image": true,
        "profile_sidebar_fill_color": "DDEEF6"
      },
      "contributors": null
    },
    {
      "in_reply_to_user_id": 976641321749368832,
      "id": 1215395412271562752,
      "place": null,
      "source": "<a href=\"https://mobile.twitter.com\" rel=\"nofollow\">Twitter Web App</a>",
      "in_reply_to_screen_name": "JoseHatto26",
      "retweet_count": 0,
      "geo": null,
      "lang": "es",
      "in_reply_to_status_id": 1215393816573816832,
      "text": "@JoseHatto26 @lamula @LuciaAlvites @veryangee @CarloMagno_13 Es que eres un troll de extrema izquierda, como el resto de \"muleros\".",
      "id_str": "1215395412271562752",
      "entities": {
        "hashtags": [],
        "symbols": [],
        "urls": [],
        "user_mentions": [
          {
            "id_str": "976641321749368832",
            "screen_name": "JoseHatto26",
            "name": "Jose Hatto",
            "id": 976641321749368832,
            "indices": [
              0,
              12
            ]
          },
          {
            "id_str": "29330019",
            "screen_name": "lamula",
            "name": "La Mula",
            "id": 29330019,
            "indices": [
              13,
              20
            ]
          },
          {
            "id_str": "248429004",
            "screen_name": "LuciaAlvites",
            "name": "LuciaAlvites",
            "id": 248429004,
            "indices": [
              21,
              34
            ]
          },
          {
            "id_str": "179459111",
            "screen_name": "veryangee",
            "name": "Angela Villón",
            "id": 179459111,
            "indices": [
              35,
              45
            ]
          },
          {
            "id_str": "109759924",
            "screen_name": "CarloMagno_13",
            "name": "Carlo Magno Salcedo",
            "id": 109759924,
            "indices": [
              46,
              60
            ]
          }
        ]
      },
      "metadata": {
        "result_type": "recent",
        "iso_language_code": "es"
      },
      "retweeted": false,
      "favorite_count": 0,
      "truncated": false,
      "in_reply_to_status_id_str": "1215393816573816832",
      "coordinates": null,
      "in_reply_to_user_id_str": "976641321749368832",
      "is_quote_status": false,
      "favorited": false,
      "created_at": "Thu Jan 09 22:10:21 +0000 2020",
      "user": {
        "url": null,
        "protected": false,
        "name": "Chiki & Bella",
        "id": 738594621010251782,
        "profile_image_url_https": "https://pbs.twimg.com/profile_images/910283432747569152/kPw0Y93__normal.jpg",
        "profile_background_tile": false,
        "time_zone": null,
        "default_profile_image": false,
        "follow_request_sent": false,
        "description": "😀😃😄😆😉🤪😜😝",
        "following": false,
        "profile_image_url": "http://pbs.twimg.com/profile_images/910283432747569152/kPw0Y93__normal.jpg",
        "profile_link_color": "1B95E0",
        "listed_count": 19,
        "notifications": false,
        "profile_background_color": "000000",
        "statuses_count": 105869,
        "favourites_count": 90,
        "contributors_enabled": false,
        "location": "Lima, Peru",
        "id_str": "738594621010251782",
        "is_translator": false,
        "profile_background_image_url": "http://abs.twimg.com/images/themes/theme1/bg.png",
        "followers_count": 582,
        "has_extended_profile": false,
        "lang": null,
        "geo_enabled": false,
        "screen_name": "crisjoelr1",
        "verified": false,
        "utc_offset": null,
        "is_translation_enabled": false,
        "translator_type": "none",
        "entities": {
          "description": {
            "urls": []
          }
        },
        "default_profile": false,
        "created_at": "Fri Jun 03 04:54:14 +0000 2016",
        "profile_sidebar_border_color": "000000",
        "friends_count": 976,
        "profile_background_image_url_https": "https://abs.twimg.com/images/themes/theme1/bg.png",
        "profile_text_color": "000000",
        "profile_use_background_image": false,
        "profile_sidebar_fill_color": "000000"
      },
      "contributors": null
    }
  ],
  "request_date": "2020-01-13-00:49:41"
}