{
  "request_date": "2020-01-24-23:15:11",
  "data": [
    {
      "retweet_count": 0,
      "geo": null,
      "in_reply_to_user_id_str": "90961315",
      "metadata": {
        "result_type": "recent",
        "iso_language_code": "und"
      },
      "in_reply_to_status_id": 1219645533138182144,
      "id": 1219650498535591936,
      "is_quote_status": false,
      "favorited": false,
      "user": {
        "followers_count": 6896,
        "translator_type": "none",
        "utc_offset": null,
        "id": 90961315,
        "profile_image_url": "http://pbs.twimg.com/profile_images/892407960584024066/DMWDhpcN_normal.jpg",
        "time_zone": null,
        "default_profile_image": false,
        "protected": false,
        "friends_count": 1306,
        "screen_name": "Peru_APP",
        "profile_background_image_url_https": "https://abs.twimg.com/images/themes/theme15/bg.png",
        "is_translation_enabled": false,
        "is_translator": false,
        "id_str": "90961315",
        "has_extended_profile": false,
        "url": "http://t.co/bGhcU12gut",
        "statuses_count": 6372,
        "favourites_count": 2557,
        "lang": null,
        "profile_background_tile": false,
        "created_at": "Wed Nov 18 21:21:07 +0000 2009",
        "profile_sidebar_border_color": "A8C7F7",
        "verified": false,
        "geo_enabled": false,
        "profile_image_url_https": "https://pbs.twimg.com/profile_images/892407960584024066/DMWDhpcN_normal.jpg",
        "profile_background_color": "022330",
        "location": "Perú, a nivel nacional.",
        "profile_background_image_url": "http://abs.twimg.com/images/themes/theme15/bg.png",
        "profile_use_background_image": true,
        "profile_link_color": "0084B4",
        "profile_banner_url": "https://pbs.twimg.com/profile_banners/90961315/1579876578",
        "profile_sidebar_fill_color": "C0DFEC",
        "following": false,
        "name": "APP",
        "default_profile": false,
        "description": "Alianza para el Progreso, es un Partido Político con presencia nacional que trabaja por EL GRAN CAMBIO del #Perú, sueño de su líder y fundador @CesarAcunaP.",
        "notifications": false,
        "listed_count": 109,
        "follow_request_sent": false,
        "profile_text_color": "333333",
        "contributors_enabled": false,
        "entities": {
          "description": {
            "urls": []
          },
          "url": {
            "urls": [
              {
                "indices": [
                  0,
                  22
                ],
                "expanded_url": "http://www.app.pe",
                "display_url": "app.pe",
                "url": "http://t.co/bGhcU12gut"
              }
            ]
          }
        }
      },
      "source": "<a href=\"https://mobile.twitter.com\" rel=\"nofollow\">Twitter Web App</a>",
      "id_str": "1219650498535591936",
      "place": null,
      "retweeted": false,
      "contributors": null,
      "favorite_count": 1,
      "lang": "und",
      "truncated": true,
      "created_at": "Tue Jan 21 15:58:33 +0000 2020",
      "in_reply_to_screen_name": "Peru_APP",
      "in_reply_to_status_id_str": "1219645533138182144",
      "coordinates": null,
      "text": "@CarmenOmonte @OmarChehadeMoya @DanielCordovaA3 @FlorHurtadoAPP5 @LucyRebolledo18 @carlosvelabarba @MFerreyraPeru… https://t.co/9ibY3mdvC0",
      "in_reply_to_user_id": 90961315,
      "entities": {
        "urls": [
          {
            "indices": [
              115,
              138
            ],
            "expanded_url": "https://twitter.com/i/web/status/1219650498535591936",
            "display_url": "twitter.com/i/web/status/1…",
            "url": "https://t.co/9ibY3mdvC0"
          }
        ],
        "symbols": [],
        "user_mentions": [
          {
            "indices": [
              0,
              13
            ],
            "id_str": "340419304",
            "name": "Carmen Omonte",
            "id": 340419304,
            "screen_name": "CarmenOmonte"
          },
          {
            "indices": [
              14,
              30
            ],
            "id_str": "355709430",
            "name": "Omar Chehade Moya",
            "id": 355709430,
            "screen_name": "OmarChehadeMoya"
          },
          {
            "indices": [
              31,
              47
            ],
            "id_str": "33725500",
            "name": "Daniel Córdova ¡El progreso al Congreso! 🅰3⃣",
            "id": 33725500,
            "screen_name": "DanielCordovaA3"
          },
          {
            "indices": [
              48,
              64
            ],
            "id_str": "42453191",
            "name": "Flor Hurtado",
            "id": 42453191,
            "screen_name": "FlorHurtadoAPP5"
          },
          {
            "indices": [
              65,
              81
            ],
            "id_str": "2841199785",
            "name": "Lucy",
            "id": 2841199785,
            "screen_name": "LucyRebolledo18"
          },
          {
            "indices": [
              82,
              98
            ],
            "id_str": "1197749259682091008",
            "name": "@CarlosVelaBarba",
            "id": 1197749259682091008,
            "screen_name": "carlosvelabarba"
          },
          {
            "indices": [
              99,
              113
            ],
            "id_str": "1195488826359242753",
            "name": "Miguel Angel Ferreyra",
            "id": 1195488826359242753,
            "screen_name": "MFerreyraPeru"
          }
        ],
        "hashtags": []
      }
    },
    {
      "retweet_count": 0,
      "geo": null,
      "in_reply_to_user_id_str": "90961315",
      "metadata": {
        "result_type": "recent",
        "iso_language_code": "es"
      },
      "in_reply_to_status_id": 1219645533138182144,
      "id": 1219649232887590913,
      "is_quote_status": false,
      "favorited": false,
      "user": {
        "followers_count": 128,
        "translator_type": "none",
        "utc_offset": null,
        "id": 4136195668,
        "profile_image_url": "http://pbs.twimg.com/profile_images/1202045547579879425/1ul4coHD_normal.jpg",
        "time_zone": null,
        "default_profile_image": false,
        "protected": false,
        "friends_count": 89,
        "screen_name": "JoseMalEnca",
        "profile_background_image_url_https": "https://abs.twimg.com/images/themes/theme1/bg.png",
        "is_translation_enabled": false,
        "is_translator": false,
        "id_str": "4136195668",
        "has_extended_profile": false,
        "url": null,
        "statuses_count": 4756,
        "favourites_count": 1108,
        "lang": null,
        "profile_background_tile": false,
        "created_at": "Sat Nov 07 18:45:59 +0000 2015",
        "profile_sidebar_border_color": "C0DEED",
        "verified": false,
        "geo_enabled": true,
        "profile_image_url_https": "https://pbs.twimg.com/profile_images/1202045547579879425/1ul4coHD_normal.jpg",
        "profile_background_color": "C0DEED",
        "location": "",
        "profile_background_image_url": "http://abs.twimg.com/images/themes/theme1/bg.png",
        "profile_use_background_image": true,
        "profile_link_color": "1DA1F2",
        "profile_sidebar_fill_color": "DDEEF6",
        "following": false,
        "name": "Jose Maldonado",
        "default_profile": true,
        "description": "Cajamarquino, egresado de la UNMSM, Contador de profesión y Auditor por decisión. Realista, Idealista",
        "notifications": false,
        "listed_count": 0,
        "follow_request_sent": false,
        "profile_text_color": "333333",
        "contributors_enabled": false,
        "entities": {
          "description": {
            "urls": []
          }
        }
      },
      "source": "<a href=\"http://twitter.com/download/android\" rel=\"nofollow\">Twitter for Android</a>",
      "id_str": "1219649232887590913",
      "place": null,
      "retweeted": false,
      "contributors": null,
      "favorite_count": 0,
      "lang": "es",
      "truncated": true,
      "created_at": "Tue Jan 21 15:53:31 +0000 2020",
      "in_reply_to_screen_name": "Peru_APP",
      "in_reply_to_status_id_str": "1219645533138182144",
      "coordinates": null,
      "text": "@Peru_APP @CarmenOmonte @OmarChehadeMoya @DanielCordovaA3 @FlorHurtadoAPP5 @LucyRebolledo18 @carlosvelabarba… https://t.co/bNwNEwLUT8",
      "in_reply_to_user_id": 90961315,
      "entities": {
        "urls": [
          {
            "indices": [
              110,
              133
            ],
            "expanded_url": "https://twitter.com/i/web/status/1219649232887590913",
            "display_url": "twitter.com/i/web/status/1…",
            "url": "https://t.co/bNwNEwLUT8"
          }
        ],
        "symbols": [],
        "user_mentions": [
          {
            "indices": [
              0,
              9
            ],
            "id_str": "90961315",
            "name": "APP",
            "id": 90961315,
            "screen_name": "Peru_APP"
          },
          {
            "indices": [
              10,
              23
            ],
            "id_str": "340419304",
            "name": "Carmen Omonte",
            "id": 340419304,
            "screen_name": "CarmenOmonte"
          },
          {
            "indices": [
              24,
              40
            ],
            "id_str": "355709430",
            "name": "Omar Chehade Moya",
            "id": 355709430,
            "screen_name": "OmarChehadeMoya"
          },
          {
            "indices": [
              41,
              57
            ],
            "id_str": "33725500",
            "name": "Daniel Córdova ¡El progreso al Congreso! 🅰3⃣",
            "id": 33725500,
            "screen_name": "DanielCordovaA3"
          },
          {
            "indices": [
              58,
              74
            ],
            "id_str": "42453191",
            "name": "Flor Hurtado",
            "id": 42453191,
            "screen_name": "FlorHurtadoAPP5"
          },
          {
            "indices": [
              75,
              91
            ],
            "id_str": "2841199785",
            "name": "Lucy",
            "id": 2841199785,
            "screen_name": "LucyRebolledo18"
          },
          {
            "indices": [
              92,
              108
            ],
            "id_str": "1197749259682091008",
            "name": "@CarlosVelaBarba",
            "id": 1197749259682091008,
            "screen_name": "carlosvelabarba"
          }
        ],
        "hashtags": []
      }
    },
    {
      "retweet_count": 0,
      "geo": null,
      "in_reply_to_user_id_str": "90961315",
      "metadata": {
        "result_type": "recent",
        "iso_language_code": "eu"
      },
      "in_reply_to_status_id": 1219645533138182144,
      "id": 1219646131682054144,
      "is_quote_status": false,
      "favorited": false,
      "user": {
        "followers_count": 303,
        "translator_type": "none",
        "utc_offset": null,
        "id": 631288892,
        "profile_image_url": "http://pbs.twimg.com/profile_images/378800000779165307/1bd0c2e72405675a2bf2b94ea27c366c_normal.jpeg",
        "time_zone": null,
        "default_profile_image": false,
        "protected": false,
        "friends_count": 845,
        "screen_name": "PEMIALEX",
        "profile_background_image_url_https": "https://abs.twimg.com/images/themes/theme1/bg.png",
        "is_translation_enabled": false,
        "is_translator": false,
        "id_str": "631288892",
        "has_extended_profile": false,
        "url": null,
        "statuses_count": 44006,
        "favourites_count": 80,
        "lang": null,
        "profile_background_tile": false,
        "created_at": "Mon Jul 09 17:58:51 +0000 2012",
        "profile_sidebar_border_color": "C0DEED",
        "verified": false,
        "geo_enabled": false,
        "profile_image_url_https": "https://pbs.twimg.com/profile_images/378800000779165307/1bd0c2e72405675a2bf2b94ea27c366c_normal.jpeg",
        "profile_background_color": "C0DEED",
        "location": "Lima",
        "profile_background_image_url": "http://abs.twimg.com/images/themes/theme1/bg.png",
        "profile_use_background_image": true,
        "profile_link_color": "1DA1F2",
        "profile_sidebar_fill_color": "DDEEF6",
        "following": false,
        "name": "Alexander (A.P.M.)",
        "default_profile": true,
        "description": "Ciudadano que desea un país con justicia,libertad y futuro en democracia. Intolerante a las falacias, cortinas de humo y cualquier intento de manipulación.",
        "notifications": false,
        "listed_count": 3,
        "follow_request_sent": false,
        "profile_text_color": "333333",
        "contributors_enabled": false,
        "entities": {
          "description": {
            "urls": []
          }
        }
      },
      "source": "<a href=\"http://twitter.com\" rel=\"nofollow\">Twitter Web Client</a>",
      "id_str": "1219646131682054144",
      "place": null,
      "retweeted": false,
      "contributors": null,
      "favorite_count": 0,
      "lang": "eu",
      "truncated": true,
      "created_at": "Tue Jan 21 15:41:12 +0000 2020",
      "in_reply_to_screen_name": "Peru_APP",
      "in_reply_to_status_id_str": "1219645533138182144",
      "coordinates": null,
      "text": "@Peru_APP @CarmenOmonte @OmarChehadeMoya @DanielCordovaA3 @FlorHurtadoAPP5 @LucyRebolledo18 @carlosvelabarba… https://t.co/ktmKYAkUFy",
      "in_reply_to_user_id": 90961315,
      "entities": {
        "urls": [
          {
            "indices": [
              110,
              133
            ],
            "expanded_url": "https://twitter.com/i/web/status/1219646131682054144",
            "display_url": "twitter.com/i/web/status/1…",
            "url": "https://t.co/ktmKYAkUFy"
          }
        ],
        "symbols": [],
        "user_mentions": [
          {
            "indices": [
              0,
              9
            ],
            "id_str": "90961315",
            "name": "APP",
            "id": 90961315,
            "screen_name": "Peru_APP"
          },
          {
            "indices": [
              10,
              23
            ],
            "id_str": "340419304",
            "name": "Carmen Omonte",
            "id": 340419304,
            "screen_name": "CarmenOmonte"
          },
          {
            "indices": [
              24,
              40
            ],
            "id_str": "355709430",
            "name": "Omar Chehade Moya",
            "id": 355709430,
            "screen_name": "OmarChehadeMoya"
          },
          {
            "indices": [
              41,
              57
            ],
            "id_str": "33725500",
            "name": "Daniel Córdova ¡El progreso al Congreso! 🅰3⃣",
            "id": 33725500,
            "screen_name": "DanielCordovaA3"
          },
          {
            "indices": [
              58,
              74
            ],
            "id_str": "42453191",
            "name": "Flor Hurtado",
            "id": 42453191,
            "screen_name": "FlorHurtadoAPP5"
          },
          {
            "indices": [
              75,
              91
            ],
            "id_str": "2841199785",
            "name": "Lucy",
            "id": 2841199785,
            "screen_name": "LucyRebolledo18"
          },
          {
            "indices": [
              92,
              108
            ],
            "id_str": "1197749259682091008",
            "name": "@CarlosVelaBarba",
            "id": 1197749259682091008,
            "screen_name": "carlosvelabarba"
          }
        ],
        "hashtags": []
      }
    },
    {
      "retweet_count": 2,
      "geo": null,
      "in_reply_to_user_id_str": null,
      "metadata": {
        "result_type": "recent",
        "iso_language_code": "es"
      },
      "in_reply_to_status_id": null,
      "id": 1218306305808576512,
      "favorite_count": 0,
      "is_quote_status": false,
      "favorited": false,
      "user": {
        "followers_count": 332,
        "translator_type": "none",
        "utc_offset": null,
        "id": 158957235,
        "profile_image_url": "http://pbs.twimg.com/profile_images/1115371794/miraflores_1_normal.jpg",
        "time_zone": null,
        "default_profile_image": false,
        "protected": false,
        "friends_count": 528,
        "screen_name": "casv42",
        "profile_background_image_url_https": "https://abs.twimg.com/images/themes/theme16/bg.gif",
        "is_translation_enabled": false,
        "is_translator": false,
        "id_str": "158957235",
        "has_extended_profile": false,
        "url": "http://t.co/VsT35J1fAN",
        "statuses_count": 31083,
        "favourites_count": 5,
        "lang": null,
        "profile_background_tile": true,
        "created_at": "Thu Jun 24 02:50:13 +0000 2010",
        "profile_sidebar_border_color": "5ED4DC",
        "verified": false,
        "geo_enabled": false,
        "profile_image_url_https": "https://pbs.twimg.com/profile_images/1115371794/miraflores_1_normal.jpg",
        "profile_background_color": "0099B9",
        "location": "Lima",
        "profile_background_image_url": "http://abs.twimg.com/images/themes/theme16/bg.gif",
        "profile_use_background_image": true,
        "profile_link_color": "0099B9",
        "profile_sidebar_fill_color": "95E8EC",
        "following": false,
        "name": "CESAR S.",
        "default_profile": false,
        "description": "REAL ESTATE CONSULTANT IN LIMA PERU",
        "notifications": false,
        "listed_count": 18,
        "follow_request_sent": false,
        "profile_text_color": "3C3940",
        "contributors_enabled": false,
        "entities": {
          "description": {
            "urls": []
          },
          "url": {
            "urls": [
              {
                "indices": [
                  0,
                  22
                ],
                "expanded_url": "http://casvetho.blogspot.com/2010_10_01_archive.html",
                "display_url": "casvetho.blogspot.com/2010_10_01_arc…",
                "url": "http://t.co/VsT35J1fAN"
              }
            ]
          }
        }
      },
      "source": "<a href=\"http://twitter.com/download/iphone\" rel=\"nofollow\">Twitter for iPhone</a>",
      "id_str": "1218306305808576512",
      "place": null,
      "retweeted": false,
      "contributors": null,
      "in_reply_to_user_id": null,
      "lang": "es",
      "truncated": false,
      "created_at": "Fri Jan 17 22:57:12 +0000 2020",
      "in_reply_to_screen_name": null,
      "retweeted_status": {
        "retweet_count": 2,
        "geo": null,
        "in_reply_to_user_id_str": null,
        "metadata": {
          "result_type": "recent",
          "iso_language_code": "es"
        },
        "in_reply_to_status_id": null,
        "id": 1218242196442435585,
        "is_quote_status": false,
        "favorited": false,
        "user": {
          "followers_count": 889,
          "translator_type": "none",
          "utc_offset": null,
          "id": 42836926,
          "profile_image_url": "http://pbs.twimg.com/profile_images/1198382869409865733/kj_Tnn4a_normal.jpg",
          "time_zone": null,
          "default_profile_image": false,
          "protected": false,
          "friends_count": 2024,
          "screen_name": "Christian_Pardo",
          "profile_background_image_url_https": "https://abs.twimg.com/images/themes/theme16/bg.gif",
          "is_translation_enabled": false,
          "is_translator": false,
          "id_str": "42836926",
          "has_extended_profile": false,
          "url": "https://t.co/XLRo4eeO2R",
          "statuses_count": 3001,
          "favourites_count": 113,
          "lang": null,
          "profile_background_tile": false,
          "created_at": "Wed May 27 07:27:47 +0000 2009",
          "profile_sidebar_border_color": "BDDCAD",
          "verified": false,
          "geo_enabled": true,
          "profile_image_url_https": "https://pbs.twimg.com/profile_images/1198382869409865733/kj_Tnn4a_normal.jpg",
          "profile_background_color": "9AE4E8",
          "location": "Lima, Perú",
          "profile_background_image_url": "http://abs.twimg.com/images/themes/theme16/bg.gif",
          "profile_use_background_image": true,
          "profile_link_color": "0084B4",
          "profile_banner_url": "https://pbs.twimg.com/profile_banners/42836926/1574554459",
          "profile_sidebar_fill_color": "DDFFCC",
          "following": false,
          "name": "Christian Pardo",
          "default_profile": false,
          "description": "Candidato al Congreso. Marca la A y escribe el 22",
          "notifications": false,
          "listed_count": 14,
          "follow_request_sent": false,
          "profile_text_color": "333333",
          "contributors_enabled": false,
          "entities": {
            "description": {
              "urls": []
            },
            "url": {
              "urls": [
                {
                  "indices": [
                    0,
                    23
                  ],
                  "expanded_url": "https://www.facebook.com/christianpardo.pe",
                  "display_url": "facebook.com/christianpardo…",
                  "url": "https://t.co/XLRo4eeO2R"
                }
              ]
            }
          }
        },
        "source": "<a href=\"https://mobile.twitter.com\" rel=\"nofollow\">Twitter Web App</a>",
        "id_str": "1218242196442435585",
        "place": null,
        "retweeted": false,
        "contributors": null,
        "favorite_count": 1,
        "lang": "es",
        "truncated": true,
        "created_at": "Fri Jan 17 18:42:28 +0000 2020",
        "in_reply_to_screen_name": null,
        "possibly_sensitive": false,
        "in_reply_to_status_id_str": null,
        "coordinates": null,
        "text": "#JulioGuzmán no le sigas mintiendo al país. El #pegalón #DanielMora será tu congresista, porque sabes bien que no p… https://t.co/DBXuSL2VJK",
        "in_reply_to_user_id": null,
        "entities": {
          "urls": [
            {
              "indices": [
                117,
                140
              ],
              "expanded_url": "https://twitter.com/i/web/status/1218242196442435585",
              "display_url": "twitter.com/i/web/status/1…",
              "url": "https://t.co/DBXuSL2VJK"
            }
          ],
          "symbols": [],
          "user_mentions": [],
          "hashtags": [
            {
              "indices": [
                0,
                12
              ],
              "text": "JulioGuzmán"
            },
            {
              "indices": [
                47,
                55
              ],
              "text": "pegalón"
            },
            {
              "indices": [
                56,
                67
              ],
              "text": "DanielMora"
            }
          ]
        }
      },
      "in_reply_to_status_id_str": null,
      "coordinates": null,
      "text": "RT @Christian_Pardo: #JulioGuzmán no le sigas mintiendo al país. El #pegalón #DanielMora será tu congresista, porque sabes bien que no pued…",
      "entities": {
        "urls": [],
        "symbols": [],
        "user_mentions": [
          {
            "indices": [
              3,
              19
            ],
            "id_str": "42836926",
            "name": "Christian Pardo",
            "id": 42836926,
            "screen_name": "Christian_Pardo"
          }
        ],
        "hashtags": [
          {
            "indices": [
              21,
              33
            ],
            "text": "JulioGuzmán"
          },
          {
            "indices": [
              68,
              76
            ],
            "text": "pegalón"
          },
          {
            "indices": [
              77,
              88
            ],
            "text": "DanielMora"
          }
        ]
      }
    },
    {
      "retweet_count": 2,
      "geo": null,
      "in_reply_to_user_id_str": null,
      "metadata": {
        "result_type": "recent",
        "iso_language_code": "es"
      },
      "in_reply_to_status_id": null,
      "id": 1218283833348579329,
      "favorite_count": 0,
      "is_quote_status": false,
      "favorited": false,
      "user": {
        "followers_count": 485,
        "translator_type": "none",
        "utc_offset": null,
        "id": 127126491,
        "profile_image_url": "http://pbs.twimg.com/profile_images/1023422117940015104/42Aq8ctm_normal.jpg",
        "time_zone": null,
        "default_profile_image": false,
        "protected": false,
        "friends_count": 744,
        "screen_name": "EduardoNazareno",
        "profile_background_image_url_https": "https://abs.twimg.com/images/themes/theme18/bg.gif",
        "is_translation_enabled": false,
        "is_translator": false,
        "id_str": "127126491",
        "has_extended_profile": true,
        "url": "https://t.co/LY2Gi71Pux",
        "statuses_count": 83079,
        "favourites_count": 80452,
        "lang": null,
        "profile_background_tile": true,
        "created_at": "Sun Mar 28 04:15:35 +0000 2010",
        "profile_sidebar_border_color": "FFFFFF",
        "verified": false,
        "geo_enabled": true,
        "profile_image_url_https": "https://pbs.twimg.com/profile_images/1023422117940015104/42Aq8ctm_normal.jpg",
        "profile_background_color": "ACDED6",
        "location": "Mi Lugar En El Mundo Lima Peru",
        "profile_background_image_url": "http://abs.twimg.com/images/themes/theme18/bg.gif",
        "profile_use_background_image": true,
        "profile_link_color": "038543",
        "profile_banner_url": "https://pbs.twimg.com/profile_banners/127126491/1532837659",
        "profile_sidebar_fill_color": "F6F6F6",
        "following": false,
        "name": "♥♬☆Miguél Eduardo☆♬♥",
        "default_profile": false,
        "description": "Artista de ♥ Amo a DIOS, mi familia, mis fans, mis amigos, Cantar Y Musica Procesional Peruana\nhttps://t.co/LY2Gi71Pux",
        "notifications": false,
        "listed_count": 10,
        "follow_request_sent": false,
        "profile_text_color": "333333",
        "contributors_enabled": false,
        "entities": {
          "description": {
            "urls": [
              {
                "indices": [
                  95,
                  118
                ],
                "expanded_url": "https://www.facebook.com/LimaDieselProducciones2010",
                "display_url": "facebook.com/LimaDieselProd…",
                "url": "https://t.co/LY2Gi71Pux"
              }
            ]
          },
          "url": {
            "urls": [
              {
                "indices": [
                  0,
                  23
                ],
                "expanded_url": "https://www.facebook.com/LimaDieselProducciones2010",
                "display_url": "facebook.com/LimaDieselProd…",
                "url": "https://t.co/LY2Gi71Pux"
              }
            ]
          }
        }
      },
      "source": "<a href=\"http://twitter.com/download/android\" rel=\"nofollow\">Twitter for Android</a>",
      "id_str": "1218283833348579329",
      "place": null,
      "retweeted": false,
      "contributors": null,
      "in_reply_to_user_id": null,
      "lang": "es",
      "truncated": false,
      "created_at": "Fri Jan 17 21:27:55 +0000 2020",
      "in_reply_to_screen_name": null,
      "retweeted_status": {
        "retweet_count": 2,
        "geo": null,
        "in_reply_to_user_id_str": null,
        "metadata": {
          "result_type": "recent",
          "iso_language_code": "es"
        },
        "in_reply_to_status_id": null,
        "id": 1218242196442435585,
        "is_quote_status": false,
        "favorited": false,
        "user": {
          "followers_count": 889,
          "translator_type": "none",
          "utc_offset": null,
          "id": 42836926,
          "profile_image_url": "http://pbs.twimg.com/profile_images/1198382869409865733/kj_Tnn4a_normal.jpg",
          "time_zone": null,
          "default_profile_image": false,
          "protected": false,
          "friends_count": 2024,
          "screen_name": "Christian_Pardo",
          "profile_background_image_url_https": "https://abs.twimg.com/images/themes/theme16/bg.gif",
          "is_translation_enabled": false,
          "is_translator": false,
          "id_str": "42836926",
          "has_extended_profile": false,
          "url": "https://t.co/XLRo4eeO2R",
          "statuses_count": 3001,
          "favourites_count": 113,
          "lang": null,
          "profile_background_tile": false,
          "created_at": "Wed May 27 07:27:47 +0000 2009",
          "profile_sidebar_border_color": "BDDCAD",
          "verified": false,
          "geo_enabled": true,
          "profile_image_url_https": "https://pbs.twimg.com/profile_images/1198382869409865733/kj_Tnn4a_normal.jpg",
          "profile_background_color": "9AE4E8",
          "location": "Lima, Perú",
          "profile_background_image_url": "http://abs.twimg.com/images/themes/theme16/bg.gif",
          "profile_use_background_image": true,
          "profile_link_color": "0084B4",
          "profile_banner_url": "https://pbs.twimg.com/profile_banners/42836926/1574554459",
          "profile_sidebar_fill_color": "DDFFCC",
          "following": false,
          "name": "Christian Pardo",
          "default_profile": false,
          "description": "Candidato al Congreso. Marca la A y escribe el 22",
          "notifications": false,
          "listed_count": 14,
          "follow_request_sent": false,
          "profile_text_color": "333333",
          "contributors_enabled": false,
          "entities": {
            "description": {
              "urls": []
            },
            "url": {
              "urls": [
                {
                  "indices": [
                    0,
                    23
                  ],
                  "expanded_url": "https://www.facebook.com/christianpardo.pe",
                  "display_url": "facebook.com/christianpardo…",
                  "url": "https://t.co/XLRo4eeO2R"
                }
              ]
            }
          }
        },
        "source": "<a href=\"https://mobile.twitter.com\" rel=\"nofollow\">Twitter Web App</a>",
        "id_str": "1218242196442435585",
        "place": null,
        "retweeted": false,
        "contributors": null,
        "favorite_count": 1,
        "lang": "es",
        "truncated": true,
        "created_at": "Fri Jan 17 18:42:28 +0000 2020",
        "in_reply_to_screen_name": null,
        "possibly_sensitive": false,
        "in_reply_to_status_id_str": null,
        "coordinates": null,
        "text": "#JulioGuzmán no le sigas mintiendo al país. El #pegalón #DanielMora será tu congresista, porque sabes bien que no p… https://t.co/DBXuSL2VJK",
        "in_reply_to_user_id": null,
        "entities": {
          "urls": [
            {
              "indices": [
                117,
                140
              ],
              "expanded_url": "https://twitter.com/i/web/status/1218242196442435585",
              "display_url": "twitter.com/i/web/status/1…",
              "url": "https://t.co/DBXuSL2VJK"
            }
          ],
          "symbols": [],
          "user_mentions": [],
          "hashtags": [
            {
              "indices": [
                0,
                12
              ],
              "text": "JulioGuzmán"
            },
            {
              "indices": [
                47,
                55
              ],
              "text": "pegalón"
            },
            {
              "indices": [
                56,
                67
              ],
              "text": "DanielMora"
            }
          ]
        }
      },
      "in_reply_to_status_id_str": null,
      "coordinates": null,
      "text": "RT @Christian_Pardo: #JulioGuzmán no le sigas mintiendo al país. El #pegalón #DanielMora será tu congresista, porque sabes bien que no pued…",
      "entities": {
        "urls": [],
        "symbols": [],
        "user_mentions": [
          {
            "indices": [
              3,
              19
            ],
            "id_str": "42836926",
            "name": "Christian Pardo",
            "id": 42836926,
            "screen_name": "Christian_Pardo"
          }
        ],
        "hashtags": [
          {
            "indices": [
              21,
              33
            ],
            "text": "JulioGuzmán"
          },
          {
            "indices": [
              68,
              76
            ],
            "text": "pegalón"
          },
          {
            "indices": [
              77,
              88
            ],
            "text": "DanielMora"
          }
        ]
      }
    }
  ]
}