{
  "data": [
    {
      "metadata": {
        "iso_language_code": "es",
        "result_type": "recent"
      },
      "text": "RT @SalvadorHeresi: Empezamos con optimismo nuestra campaña. Propuestas y respuestas a los ataques de trolles, progres, social confusos, zu…",
      "truncated": false,
      "created_at": "Thu Dec 05 04:58:25 +0000 2019",
      "user": {
        "favourites_count": 13072,
        "utc_offset": null,
        "protected": false,
        "name": "yrma",
        "profile_background_tile": false,
        "profile_image_url": "http://pbs.twimg.com/profile_images/551071573164060672/XWj9Z5qy_normal.jpeg",
        "profile_image_url_https": "https://pbs.twimg.com/profile_images/551071573164060672/XWj9Z5qy_normal.jpeg",
        "profile_background_image_url_https": "https://abs.twimg.com/images/themes/theme1/bg.png",
        "url": null,
        "profile_sidebar_fill_color": "DDEEF6",
        "default_profile": true,
        "profile_text_color": "333333",
        "has_extended_profile": false,
        "entities": {
          "description": {
            "urls": []
          }
        },
        "default_profile_image": false,
        "created_at": "Sat May 08 01:35:14 +0000 2010",
        "profile_background_color": "C0DEED",
        "translator_type": "none",
        "contributors_enabled": false,
        "followers_count": 194,
        "verified": false,
        "geo_enabled": false,
        "screen_name": "yrmangel",
        "listed_count": 0,
        "description": "",
        "profile_use_background_image": true,
        "is_translator": false,
        "profile_link_color": "1DA1F2",
        "profile_sidebar_border_color": "C0DEED",
        "follow_request_sent": false,
        "id": 141414163,
        "notifications": false,
        "following": false,
        "is_translation_enabled": false,
        "time_zone": null,
        "statuses_count": 30122,
        "location": "Perú",
        "id_str": "141414163",
        "lang": null,
        "profile_background_image_url": "http://abs.twimg.com/images/themes/theme1/bg.png",
        "friends_count": 273
      },
      "contributors": null,
      "in_reply_to_user_id_str": null,
      "source": "<a href=\"http://twitter.com/download/android\" rel=\"nofollow\">Twitter for Android</a>",
      "entities": {
        "hashtags": [],
        "symbols": [],
        "user_mentions": [
          {
            "id_str": "350460605",
            "id": 350460605,
            "screen_name": "SalvadorHeresi",
            "name": "Salvador Heresi",
            "indices": [
              3,
              18
            ]
          }
        ],
        "urls": []
      },
      "coordinates": null,
      "place": null,
      "in_reply_to_status_id": null,
      "geo": null,
      "favorited": false,
      "retweeted": false,
      "favorite_count": 0,
      "in_reply_to_status_id_str": null,
      "in_reply_to_user_id": null,
      "is_quote_status": false,
      "id": 1202452142705041409,
      "retweet_count": 63,
      "retweeted_status": {
        "metadata": {
          "iso_language_code": "es",
          "result_type": "recent"
        },
        "text": "Empezamos con optimismo nuestra campaña. Propuestas y respuestas a los ataques de trolles, progres, social confusos… https://t.co/RpUVur70Ax",
        "truncated": true,
        "created_at": "Thu Dec 05 02:41:38 +0000 2019",
        "user": {
          "favourites_count": 4063,
          "utc_offset": null,
          "protected": false,
          "name": "Salvador Heresi",
          "profile_background_tile": false,
          "profile_image_url": "http://pbs.twimg.com/profile_images/1194648206384254976/rYWqYGRR_normal.jpg",
          "profile_image_url_https": "https://pbs.twimg.com/profile_images/1194648206384254976/rYWqYGRR_normal.jpg",
          "profile_background_image_url_https": "https://abs.twimg.com/images/themes/theme1/bg.png",
          "url": null,
          "profile_sidebar_fill_color": "DDEEF6",
          "default_profile": true,
          "profile_text_color": "333333",
          "has_extended_profile": false,
          "entities": {
            "description": {
              "urls": []
            }
          },
          "default_profile_image": false,
          "created_at": "Sun Aug 07 20:23:12 +0000 2011",
          "profile_background_color": "C0DEED",
          "translator_type": "none",
          "contributors_enabled": false,
          "followers_count": 52526,
          "verified": true,
          "geo_enabled": true,
          "screen_name": "SalvadorHeresi",
          "listed_count": 193,
          "description": "2° Vice Presidente del Parlamento Peruano, Congresista, Ex Ministro de Justicia y Secretario General del Partido Contigo",
          "profile_use_background_image": true,
          "is_translator": false,
          "profile_link_color": "1DA1F2",
          "profile_sidebar_border_color": "C0DEED",
          "follow_request_sent": false,
          "profile_banner_url": "https://pbs.twimg.com/profile_banners/350460605/1574289798",
          "id": 350460605,
          "notifications": false,
          "following": false,
          "is_translation_enabled": false,
          "time_zone": null,
          "statuses_count": 15711,
          "location": "Lima, Perú",
          "id_str": "350460605",
          "lang": null,
          "profile_background_image_url": "http://abs.twimg.com/images/themes/theme1/bg.png",
          "friends_count": 1199
        },
        "contributors": null,
        "in_reply_to_user_id_str": null,
        "source": "<a href=\"https://mobile.twitter.com\" rel=\"nofollow\">Twitter Web App</a>",
        "entities": {
          "hashtags": [],
          "symbols": [],
          "user_mentions": [],
          "urls": [
            {
              "expanded_url": "https://twitter.com/i/web/status/1202417716650528768",
              "display_url": "twitter.com/i/web/status/1…",
              "indices": [
                117,
                140
              ],
              "url": "https://t.co/RpUVur70Ax"
            }
          ]
        },
        "coordinates": null,
        "place": null,
        "in_reply_to_status_id": null,
        "geo": null,
        "favorited": false,
        "retweeted": false,
        "favorite_count": 220,
        "in_reply_to_status_id_str": null,
        "in_reply_to_user_id": null,
        "is_quote_status": false,
        "id": 1202417716650528768,
        "retweet_count": 63,
        "possibly_sensitive": false,
        "id_str": "1202417716650528768",
        "lang": "es",
        "in_reply_to_screen_name": null
      },
      "id_str": "1202452142705041409",
      "lang": "es",
      "in_reply_to_screen_name": null
    },
    {
      "metadata": {
        "iso_language_code": "es",
        "result_type": "recent"
      },
      "text": "RT @SalvadorHeresi: Renunció @franpetrozzi asumiendo responsabilidad política y queda muy mal el ciudadano @MartinVizcarraC que le quitó cu…",
      "truncated": false,
      "created_at": "Thu Dec 05 04:57:23 +0000 2019",
      "user": {
        "favourites_count": 2246,
        "utc_offset": null,
        "protected": false,
        "name": "Carlos Alberto",
        "profile_background_tile": false,
        "profile_image_url": "http://abs.twimg.com/sticky/default_profile_images/default_profile_normal.png",
        "profile_image_url_https": "https://abs.twimg.com/sticky/default_profile_images/default_profile_normal.png",
        "profile_background_image_url_https": "https://abs.twimg.com/images/themes/theme1/bg.png",
        "url": null,
        "profile_sidebar_fill_color": "DDEEF6",
        "default_profile": true,
        "profile_text_color": "333333",
        "has_extended_profile": false,
        "entities": {
          "description": {
            "urls": []
          }
        },
        "default_profile_image": true,
        "created_at": "Wed Jun 24 20:08:19 +0000 2015",
        "profile_background_color": "C0DEED",
        "translator_type": "none",
        "contributors_enabled": false,
        "followers_count": 17,
        "verified": false,
        "geo_enabled": false,
        "screen_name": "CharliePeace69s",
        "listed_count": 0,
        "description": "No creas que perdió sentido todo,\nno dificultes la llegada del amor;\nno hables de más, escucha al corazón,\nese es el cable a tierra.",
        "profile_use_background_image": true,
        "is_translator": false,
        "profile_link_color": "1DA1F2",
        "profile_sidebar_border_color": "C0DEED",
        "follow_request_sent": false,
        "id": 3344575330,
        "notifications": false,
        "following": false,
        "is_translation_enabled": false,
        "time_zone": null,
        "statuses_count": 3052,
        "location": "Por el puentecito dormido, entre murmullos, en la querencia",
        "id_str": "3344575330",
        "lang": null,
        "profile_background_image_url": "http://abs.twimg.com/images/themes/theme1/bg.png",
        "friends_count": 223
      },
      "contributors": null,
      "in_reply_to_user_id_str": null,
      "source": "<a href=\"https://mobile.twitter.com\" rel=\"nofollow\">Twitter Web App</a>",
      "entities": {
        "hashtags": [],
        "symbols": [],
        "user_mentions": [
          {
            "id_str": "350460605",
            "id": 350460605,
            "screen_name": "SalvadorHeresi",
            "name": "Salvador Heresi",
            "indices": [
              3,
              18
            ]
          },
          {
            "id_str": "844290435967324160",
            "id": 844290435967324160,
            "screen_name": "franpetrozzi",
            "name": "Francesco Petrozzi",
            "indices": [
              29,
              42
            ]
          },
          {
            "id_str": "4825296327",
            "id": 4825296327,
            "screen_name": "MartinVizcarraC",
            "name": "Martín Vizcarra",
            "indices": [
              107,
              123
            ]
          }
        ],
        "urls": []
      },
      "coordinates": null,
      "place": null,
      "in_reply_to_status_id": null,
      "geo": null,
      "favorited": false,
      "retweeted": false,
      "favorite_count": 0,
      "in_reply_to_status_id_str": null,
      "in_reply_to_user_id": null,
      "is_quote_status": false,
      "id": 1202451880993054720,
      "retweet_count": 527,
      "retweeted_status": {
        "metadata": {
          "iso_language_code": "es",
          "result_type": "recent"
        },
        "text": "Renunció @franpetrozzi asumiendo responsabilidad política y queda muy mal el ciudadano @MartinVizcarraC que le quit… https://t.co/kD9bjSc4bQ",
        "truncated": true,
        "created_at": "Wed Dec 04 17:43:17 +0000 2019",
        "user": {
          "favourites_count": 4063,
          "utc_offset": null,
          "protected": false,
          "name": "Salvador Heresi",
          "profile_background_tile": false,
          "profile_image_url": "http://pbs.twimg.com/profile_images/1194648206384254976/rYWqYGRR_normal.jpg",
          "profile_image_url_https": "https://pbs.twimg.com/profile_images/1194648206384254976/rYWqYGRR_normal.jpg",
          "profile_background_image_url_https": "https://abs.twimg.com/images/themes/theme1/bg.png",
          "url": null,
          "profile_sidebar_fill_color": "DDEEF6",
          "default_profile": true,
          "profile_text_color": "333333",
          "has_extended_profile": false,
          "entities": {
            "description": {
              "urls": []
            }
          },
          "default_profile_image": false,
          "created_at": "Sun Aug 07 20:23:12 +0000 2011",
          "profile_background_color": "C0DEED",
          "translator_type": "none",
          "contributors_enabled": false,
          "followers_count": 52526,
          "verified": true,
          "geo_enabled": true,
          "screen_name": "SalvadorHeresi",
          "listed_count": 193,
          "description": "2° Vice Presidente del Parlamento Peruano, Congresista, Ex Ministro de Justicia y Secretario General del Partido Contigo",
          "profile_use_background_image": true,
          "is_translator": false,
          "profile_link_color": "1DA1F2",
          "profile_sidebar_border_color": "C0DEED",
          "follow_request_sent": false,
          "profile_banner_url": "https://pbs.twimg.com/profile_banners/350460605/1574289798",
          "id": 350460605,
          "notifications": false,
          "following": false,
          "is_translation_enabled": false,
          "time_zone": null,
          "statuses_count": 15711,
          "location": "Lima, Perú",
          "id_str": "350460605",
          "lang": null,
          "profile_background_image_url": "http://abs.twimg.com/images/themes/theme1/bg.png",
          "friends_count": 1199
        },
        "contributors": null,
        "in_reply_to_user_id_str": null,
        "source": "<a href=\"http://twitter.com/download/iphone\" rel=\"nofollow\">Twitter for iPhone</a>",
        "entities": {
          "hashtags": [],
          "symbols": [],
          "user_mentions": [
            {
              "id_str": "844290435967324160",
              "id": 844290435967324160,
              "screen_name": "franpetrozzi",
              "name": "Francesco Petrozzi",
              "indices": [
                9,
                22
              ]
            },
            {
              "id_str": "4825296327",
              "id": 4825296327,
              "screen_name": "MartinVizcarraC",
              "name": "Martín Vizcarra",
              "indices": [
                87,
                103
              ]
            }
          ],
          "urls": [
            {
              "expanded_url": "https://twitter.com/i/web/status/1202282236424458241",
              "display_url": "twitter.com/i/web/status/1…",
              "indices": [
                117,
                140
              ],
              "url": "https://t.co/kD9bjSc4bQ"
            }
          ]
        },
        "coordinates": null,
        "place": null,
        "in_reply_to_status_id": null,
        "geo": null,
        "favorited": false,
        "retweeted": false,
        "favorite_count": 1332,
        "in_reply_to_status_id_str": null,
        "in_reply_to_user_id": null,
        "is_quote_status": false,
        "id": 1202282236424458241,
        "retweet_count": 527,
        "id_str": "1202282236424458241",
        "lang": "es",
        "in_reply_to_screen_name": null
      },
      "id_str": "1202451880993054720",
      "lang": "es",
      "in_reply_to_screen_name": null
    },
    {
      "metadata": {
        "iso_language_code": "es",
        "result_type": "recent"
      },
      "text": "RT @SalvadorHeresi: Empezamos con optimismo nuestra campaña. Propuestas y respuestas a los ataques de trolles, progres, social confusos, zu…",
      "truncated": false,
      "created_at": "Thu Dec 05 04:57:04 +0000 2019",
      "user": {
        "favourites_count": 7362,
        "utc_offset": null,
        "protected": false,
        "name": "Huamanigrij",
        "profile_background_tile": false,
        "profile_image_url": "http://pbs.twimg.com/profile_images/799662309627035648/YoSJGP29_normal.jpg",
        "profile_image_url_https": "https://pbs.twimg.com/profile_images/799662309627035648/YoSJGP29_normal.jpg",
        "profile_background_image_url_https": null,
        "url": null,
        "profile_sidebar_fill_color": "DDEEF6",
        "default_profile": true,
        "profile_text_color": "333333",
        "has_extended_profile": true,
        "entities": {
          "description": {
            "urls": []
          }
        },
        "default_profile_image": false,
        "created_at": "Wed Nov 09 05:36:24 +0000 2016",
        "profile_background_color": "F5F8FA",
        "translator_type": "none",
        "contributors_enabled": false,
        "followers_count": 148,
        "verified": false,
        "geo_enabled": true,
        "screen_name": "Huamanigrij2",
        "listed_count": 0,
        "description": "anticaviar.",
        "profile_use_background_image": true,
        "is_translator": false,
        "profile_link_color": "1DA1F2",
        "profile_sidebar_border_color": "C0DEED",
        "follow_request_sent": false,
        "profile_banner_url": "https://pbs.twimg.com/profile_banners/796224901740892160/1479489325",
        "id": 796224901740892160,
        "notifications": false,
        "following": false,
        "is_translation_enabled": false,
        "time_zone": null,
        "statuses_count": 12201,
        "location": "Peru Lima Norte ",
        "id_str": "796224901740892160",
        "lang": null,
        "profile_background_image_url": null,
        "friends_count": 151
      },
      "contributors": null,
      "in_reply_to_user_id_str": null,
      "source": "<a href=\"http://twitter.com/download/android\" rel=\"nofollow\">Twitter for Android</a>",
      "entities": {
        "hashtags": [],
        "symbols": [],
        "user_mentions": [
          {
            "id_str": "350460605",
            "id": 350460605,
            "screen_name": "SalvadorHeresi",
            "name": "Salvador Heresi",
            "indices": [
              3,
              18
            ]
          }
        ],
        "urls": []
      },
      "coordinates": null,
      "place": null,
      "in_reply_to_status_id": null,
      "geo": null,
      "favorited": false,
      "retweeted": false,
      "favorite_count": 0,
      "in_reply_to_status_id_str": null,
      "in_reply_to_user_id": null,
      "is_quote_status": false,
      "id": 1202451801246752769,
      "retweet_count": 63,
      "retweeted_status": {
        "metadata": {
          "iso_language_code": "es",
          "result_type": "recent"
        },
        "text": "Empezamos con optimismo nuestra campaña. Propuestas y respuestas a los ataques de trolles, progres, social confusos… https://t.co/RpUVur70Ax",
        "truncated": true,
        "created_at": "Thu Dec 05 02:41:38 +0000 2019",
        "user": {
          "favourites_count": 4063,
          "utc_offset": null,
          "protected": false,
          "name": "Salvador Heresi",
          "profile_background_tile": false,
          "profile_image_url": "http://pbs.twimg.com/profile_images/1194648206384254976/rYWqYGRR_normal.jpg",
          "profile_image_url_https": "https://pbs.twimg.com/profile_images/1194648206384254976/rYWqYGRR_normal.jpg",
          "profile_background_image_url_https": "https://abs.twimg.com/images/themes/theme1/bg.png",
          "url": null,
          "profile_sidebar_fill_color": "DDEEF6",
          "default_profile": true,
          "profile_text_color": "333333",
          "has_extended_profile": false,
          "entities": {
            "description": {
              "urls": []
            }
          },
          "default_profile_image": false,
          "created_at": "Sun Aug 07 20:23:12 +0000 2011",
          "profile_background_color": "C0DEED",
          "translator_type": "none",
          "contributors_enabled": false,
          "followers_count": 52526,
          "verified": true,
          "geo_enabled": true,
          "screen_name": "SalvadorHeresi",
          "listed_count": 193,
          "description": "2° Vice Presidente del Parlamento Peruano, Congresista, Ex Ministro de Justicia y Secretario General del Partido Contigo",
          "profile_use_background_image": true,
          "is_translator": false,
          "profile_link_color": "1DA1F2",
          "profile_sidebar_border_color": "C0DEED",
          "follow_request_sent": false,
          "profile_banner_url": "https://pbs.twimg.com/profile_banners/350460605/1574289798",
          "id": 350460605,
          "notifications": false,
          "following": false,
          "is_translation_enabled": false,
          "time_zone": null,
          "statuses_count": 15711,
          "location": "Lima, Perú",
          "id_str": "350460605",
          "lang": null,
          "profile_background_image_url": "http://abs.twimg.com/images/themes/theme1/bg.png",
          "friends_count": 1199
        },
        "contributors": null,
        "in_reply_to_user_id_str": null,
        "source": "<a href=\"https://mobile.twitter.com\" rel=\"nofollow\">Twitter Web App</a>",
        "entities": {
          "hashtags": [],
          "symbols": [],
          "user_mentions": [],
          "urls": [
            {
              "expanded_url": "https://twitter.com/i/web/status/1202417716650528768",
              "display_url": "twitter.com/i/web/status/1…",
              "indices": [
                117,
                140
              ],
              "url": "https://t.co/RpUVur70Ax"
            }
          ]
        },
        "coordinates": null,
        "place": null,
        "in_reply_to_status_id": null,
        "geo": null,
        "favorited": false,
        "retweeted": false,
        "favorite_count": 220,
        "in_reply_to_status_id_str": null,
        "in_reply_to_user_id": null,
        "is_quote_status": false,
        "id": 1202417716650528768,
        "retweet_count": 63,
        "possibly_sensitive": false,
        "id_str": "1202417716650528768",
        "lang": "es",
        "in_reply_to_screen_name": null
      },
      "id_str": "1202451801246752769",
      "lang": "es",
      "in_reply_to_screen_name": null
    },
    {
      "metadata": {
        "iso_language_code": "es",
        "result_type": "recent"
      },
      "text": "RT @SalvadorHeresi: En 60 días caen 3 ministros, otra sancionada por JNE. Al pésimo gobierno del disolutor fáctico preguntamos x enésima ve…",
      "truncated": false,
      "created_at": "Thu Dec 05 04:55:22 +0000 2019",
      "user": {
        "favourites_count": 83656,
        "utc_offset": null,
        "protected": false,
        "name": "gladys del Mar",
        "profile_background_tile": false,
        "profile_image_url": "http://abs.twimg.com/sticky/default_profile_images/default_profile_normal.png",
        "profile_image_url_https": "https://abs.twimg.com/sticky/default_profile_images/default_profile_normal.png",
        "profile_background_image_url_https": "https://abs.twimg.com/images/themes/theme1/bg.png",
        "url": null,
        "profile_sidebar_fill_color": "DDEEF6",
        "default_profile": true,
        "profile_text_color": "333333",
        "has_extended_profile": false,
        "entities": {
          "description": {
            "urls": []
          }
        },
        "default_profile_image": true,
        "created_at": "Wed May 04 16:30:56 +0000 2011",
        "profile_background_color": "C0DEED",
        "translator_type": "none",
        "contributors_enabled": false,
        "followers_count": 211,
        "verified": false,
        "geo_enabled": false,
        "screen_name": "delmardel",
        "listed_count": 0,
        "description": "",
        "profile_use_background_image": true,
        "is_translator": false,
        "profile_link_color": "1DA1F2",
        "profile_sidebar_border_color": "C0DEED",
        "follow_request_sent": false,
        "id": 293017122,
        "notifications": false,
        "following": false,
        "is_translation_enabled": false,
        "time_zone": null,
        "statuses_count": 69645,
        "location": "",
        "id_str": "293017122",
        "lang": null,
        "profile_background_image_url": "http://abs.twimg.com/images/themes/theme1/bg.png",
        "friends_count": 195
      },
      "contributors": null,
      "in_reply_to_user_id_str": null,
      "source": "<a href=\"http://twitter.com/download/android\" rel=\"nofollow\">Twitter for Android</a>",
      "entities": {
        "hashtags": [],
        "symbols": [],
        "user_mentions": [
          {
            "id_str": "350460605",
            "id": 350460605,
            "screen_name": "SalvadorHeresi",
            "name": "Salvador Heresi",
            "indices": [
              3,
              18
            ]
          }
        ],
        "urls": []
      },
      "coordinates": null,
      "place": null,
      "in_reply_to_status_id": null,
      "geo": null,
      "favorited": false,
      "retweeted": false,
      "favorite_count": 0,
      "in_reply_to_status_id_str": null,
      "in_reply_to_user_id": null,
      "is_quote_status": false,
      "id": 1202451373247418368,
      "retweet_count": 69,
      "retweeted_status": {
        "metadata": {
          "iso_language_code": "es",
          "result_type": "recent"
        },
        "text": "En 60 días caen 3 ministros, otra sancionada por JNE. Al pésimo gobierno del disolutor fáctico preguntamos x enésim… https://t.co/Od6jPwgJD4",
        "truncated": true,
        "created_at": "Wed Dec 04 23:17:08 +0000 2019",
        "user": {
          "favourites_count": 4063,
          "utc_offset": null,
          "protected": false,
          "name": "Salvador Heresi",
          "profile_background_tile": false,
          "profile_image_url": "http://pbs.twimg.com/profile_images/1194648206384254976/rYWqYGRR_normal.jpg",
          "profile_image_url_https": "https://pbs.twimg.com/profile_images/1194648206384254976/rYWqYGRR_normal.jpg",
          "profile_background_image_url_https": "https://abs.twimg.com/images/themes/theme1/bg.png",
          "url": null,
          "profile_sidebar_fill_color": "DDEEF6",
          "default_profile": true,
          "profile_text_color": "333333",
          "has_extended_profile": false,
          "entities": {
            "description": {
              "urls": []
            }
          },
          "default_profile_image": false,
          "created_at": "Sun Aug 07 20:23:12 +0000 2011",
          "profile_background_color": "C0DEED",
          "translator_type": "none",
          "contributors_enabled": false,
          "followers_count": 52526,
          "verified": true,
          "geo_enabled": true,
          "screen_name": "SalvadorHeresi",
          "listed_count": 193,
          "description": "2° Vice Presidente del Parlamento Peruano, Congresista, Ex Ministro de Justicia y Secretario General del Partido Contigo",
          "profile_use_background_image": true,
          "is_translator": false,
          "profile_link_color": "1DA1F2",
          "profile_sidebar_border_color": "C0DEED",
          "follow_request_sent": false,
          "profile_banner_url": "https://pbs.twimg.com/profile_banners/350460605/1574289798",
          "id": 350460605,
          "notifications": false,
          "following": false,
          "is_translation_enabled": false,
          "time_zone": null,
          "statuses_count": 15711,
          "location": "Lima, Perú",
          "id_str": "350460605",
          "lang": null,
          "profile_background_image_url": "http://abs.twimg.com/images/themes/theme1/bg.png",
          "friends_count": 1199
        },
        "contributors": null,
        "in_reply_to_user_id_str": null,
        "source": "<a href=\"http://twitter.com/download/iphone\" rel=\"nofollow\">Twitter for iPhone</a>",
        "entities": {
          "hashtags": [],
          "symbols": [],
          "user_mentions": [],
          "urls": [
            {
              "expanded_url": "https://twitter.com/i/web/status/1202366253207306241",
              "display_url": "twitter.com/i/web/status/1…",
              "indices": [
                117,
                140
              ],
              "url": "https://t.co/Od6jPwgJD4"
            }
          ]
        },
        "coordinates": null,
        "place": null,
        "in_reply_to_status_id": null,
        "geo": null,
        "favorited": false,
        "retweeted": false,
        "favorite_count": 155,
        "in_reply_to_status_id_str": null,
        "in_reply_to_user_id": null,
        "is_quote_status": false,
        "id": 1202366253207306241,
        "retweet_count": 69,
        "possibly_sensitive": false,
        "id_str": "1202366253207306241",
        "lang": "es",
        "in_reply_to_screen_name": null
      },
      "id_str": "1202451373247418368",
      "lang": "es",
      "in_reply_to_screen_name": null
    },
    {
      "metadata": {
        "iso_language_code": "es",
        "result_type": "recent"
      },
      "text": "@SalvadorHeresi Ja,ja,ja te falto bailar! Por la hueva  es fujitroll... no hiciste ninguna ley en tres años en bene… https://t.co/i7ozFJ69zM",
      "truncated": true,
      "created_at": "Thu Dec 05 04:54:37 +0000 2019",
      "user": {
        "favourites_count": 4127,
        "utc_offset": null,
        "protected": false,
        "name": "Arturo Bendezú",
        "profile_background_tile": false,
        "profile_image_url": "http://pbs.twimg.com/profile_images/867150715231371264/zom434Uk_normal.jpg",
        "profile_image_url_https": "https://pbs.twimg.com/profile_images/867150715231371264/zom434Uk_normal.jpg",
        "profile_background_image_url_https": "https://abs.twimg.com/images/themes/theme15/bg.png",
        "url": null,
        "profile_sidebar_fill_color": "C0DFEC",
        "default_profile": false,
        "profile_text_color": "333333",
        "has_extended_profile": true,
        "entities": {
          "description": {
            "urls": []
          }
        },
        "default_profile_image": false,
        "created_at": "Tue Jan 10 23:37:32 +0000 2012",
        "profile_background_color": "022330",
        "translator_type": "none",
        "contributors_enabled": false,
        "followers_count": 86,
        "verified": false,
        "geo_enabled": true,
        "screen_name": "camilo_0603",
        "listed_count": 1,
        "description": "Papito de Valenka María Paz, una niña hermosa de 6 años, es para ella que anhelo un Perú con igualdad de genero y sin corrupción, soy 100% #blanquiazul 💙",
        "profile_use_background_image": true,
        "is_translator": false,
        "profile_link_color": "0084B4",
        "profile_sidebar_border_color": "A8C7F7",
        "follow_request_sent": false,
        "profile_banner_url": "https://pbs.twimg.com/profile_banners/460630161/1559622945",
        "id": 460630161,
        "notifications": false,
        "following": false,
        "is_translation_enabled": false,
        "time_zone": null,
        "statuses_count": 3125,
        "location": "La Molina, Peru",
        "id_str": "460630161",
        "lang": null,
        "profile_background_image_url": "http://abs.twimg.com/images/themes/theme15/bg.png",
        "friends_count": 573
      },
      "contributors": null,
      "in_reply_to_user_id_str": "350460605",
      "source": "<a href=\"http://twitter.com/download/android\" rel=\"nofollow\">Twitter for Android</a>",
      "entities": {
        "hashtags": [],
        "symbols": [],
        "user_mentions": [
          {
            "id_str": "350460605",
            "id": 350460605,
            "screen_name": "SalvadorHeresi",
            "name": "Salvador Heresi",
            "indices": [
              0,
              15
            ]
          }
        ],
        "urls": [
          {
            "expanded_url": "https://twitter.com/i/web/status/1202451185346547715",
            "display_url": "twitter.com/i/web/status/1…",
            "indices": [
              117,
              140
            ],
            "url": "https://t.co/i7ozFJ69zM"
          }
        ]
      },
      "coordinates": null,
      "place": {
        "bounding_box": {
          "coordinates": [
            [
              [
                -76.9725190819211,
                -12.1248099870298
              ],
              [
                -76.8834410401595,
                -12.1248099870298
              ],
              [
                -76.8834410401595,
                -12.059871035035
              ],
              [
                -76.9725190819211,
                -12.059871035035
              ]
            ]
          ],
          "type": "Polygon"
        },
        "id": "01141e434906e058",
        "full_name": "La Molina, Peru",
        "name": "La Molina",
        "country": "Peru",
        "url": "https://api.twitter.com/1.1/geo/id/01141e434906e058.json",
        "place_type": "city",
        "contained_within": [],
        "country_code": "PE",
        "attributes": {}
      },
      "in_reply_to_status_id": 1202417716650528768,
      "geo": null,
      "favorited": false,
      "retweeted": false,
      "favorite_count": 0,
      "in_reply_to_status_id_str": "1202417716650528768",
      "in_reply_to_user_id": 350460605,
      "is_quote_status": false,
      "id": 1202451185346547715,
      "retweet_count": 0,
      "id_str": "1202451185346547715",
      "lang": "es",
      "in_reply_to_screen_name": "SalvadorHeresi"
    },
    {
      "metadata": {
        "iso_language_code": "es",
        "result_type": "recent"
      },
      "text": "RT @SalvadorHeresi: Empezamos con optimismo nuestra campaña. Propuestas y respuestas a los ataques de trolles, progres, social confusos, zu…",
      "truncated": false,
      "created_at": "Thu Dec 05 04:54:26 +0000 2019",
      "user": {
        "favourites_count": 2696,
        "utc_offset": null,
        "protected": false,
        "name": "Partido Político CONTIGO 🇵🇪",
        "profile_background_tile": false,
        "profile_image_url": "http://pbs.twimg.com/profile_images/1101926393670180864/2SVYqaqd_normal.jpg",
        "profile_image_url_https": "https://pbs.twimg.com/profile_images/1101926393670180864/2SVYqaqd_normal.jpg",
        "profile_background_image_url_https": "https://abs.twimg.com/images/themes/theme1/bg.png",
        "url": "https://t.co/CGAv5iiU1v",
        "profile_sidebar_fill_color": "DDEEF6",
        "default_profile": true,
        "profile_text_color": "333333",
        "has_extended_profile": true,
        "entities": {
          "description": {
            "urls": [
              {
                "expanded_url": "http://facebook.com/PartidoPoliticoCONTIGO",
                "display_url": "facebook.com/PartidoPolitic…",
                "indices": [
                  78,
                  101
                ],
                "url": "https://t.co/p1ZbjhmFvE"
              },
              {
                "expanded_url": "http://www.instagram.com/partidopoliticocontigo/",
                "display_url": "instagram.com/partidopolitic…",
                "indices": [
                  105,
                  128
                ],
                "url": "https://t.co/i699Pqrtc9"
              }
            ]
          },
          "url": {
            "urls": [
              {
                "expanded_url": "http://partidocontigo.pe/",
                "display_url": "partidocontigo.pe",
                "indices": [
                  0,
                  23
                ],
                "url": "https://t.co/CGAv5iiU1v"
              }
            ]
          }
        },
        "default_profile_image": false,
        "created_at": "Tue Mar 17 19:44:46 +0000 2015",
        "profile_background_color": "C0DEED",
        "translator_type": "none",
        "contributors_enabled": false,
        "followers_count": 3629,
        "verified": false,
        "geo_enabled": true,
        "screen_name": "CONTIGO_pe",
        "listed_count": 36,
        "description": "Cuenta oficial de CONTIGO // #Perú 🇵🇪 // Actual Presidente @gilbertvioleta // https://t.co/p1ZbjhmFvE // https://t.co/i699Pqrtc9",
        "profile_use_background_image": true,
        "is_translator": false,
        "profile_link_color": "1DA1F2",
        "profile_sidebar_border_color": "C0DEED",
        "follow_request_sent": false,
        "profile_banner_url": "https://pbs.twimg.com/profile_banners/3093249670/1575492247",
        "id": 3093249670,
        "notifications": false,
        "following": false,
        "is_translation_enabled": false,
        "time_zone": null,
        "statuses_count": 2249,
        "location": "Av. Arequipa 4500 - Lima",
        "id_str": "3093249670",
        "lang": null,
        "profile_background_image_url": "http://abs.twimg.com/images/themes/theme1/bg.png",
        "friends_count": 309
      },
      "contributors": null,
      "in_reply_to_user_id_str": null,
      "source": "<a href=\"http://twitter.com/download/android\" rel=\"nofollow\">Twitter for Android</a>",
      "entities": {
        "hashtags": [],
        "symbols": [],
        "user_mentions": [
          {
            "id_str": "350460605",
            "id": 350460605,
            "screen_name": "SalvadorHeresi",
            "name": "Salvador Heresi",
            "indices": [
              3,
              18
            ]
          }
        ],
        "urls": []
      },
      "coordinates": null,
      "place": null,
      "in_reply_to_status_id": null,
      "geo": null,
      "favorited": false,
      "retweeted": false,
      "favorite_count": 0,
      "in_reply_to_status_id_str": null,
      "in_reply_to_user_id": null,
      "is_quote_status": false,
      "id": 1202451138295062529,
      "retweet_count": 63,
      "retweeted_status": {
        "metadata": {
          "iso_language_code": "es",
          "result_type": "recent"
        },
        "text": "Empezamos con optimismo nuestra campaña. Propuestas y respuestas a los ataques de trolles, progres, social confusos… https://t.co/RpUVur70Ax",
        "truncated": true,
        "created_at": "Thu Dec 05 02:41:38 +0000 2019",
        "user": {
          "favourites_count": 4063,
          "utc_offset": null,
          "protected": false,
          "name": "Salvador Heresi",
          "profile_background_tile": false,
          "profile_image_url": "http://pbs.twimg.com/profile_images/1194648206384254976/rYWqYGRR_normal.jpg",
          "profile_image_url_https": "https://pbs.twimg.com/profile_images/1194648206384254976/rYWqYGRR_normal.jpg",
          "profile_background_image_url_https": "https://abs.twimg.com/images/themes/theme1/bg.png",
          "url": null,
          "profile_sidebar_fill_color": "DDEEF6",
          "default_profile": true,
          "profile_text_color": "333333",
          "has_extended_profile": false,
          "entities": {
            "description": {
              "urls": []
            }
          },
          "default_profile_image": false,
          "created_at": "Sun Aug 07 20:23:12 +0000 2011",
          "profile_background_color": "C0DEED",
          "translator_type": "none",
          "contributors_enabled": false,
          "followers_count": 52526,
          "verified": true,
          "geo_enabled": true,
          "screen_name": "SalvadorHeresi",
          "listed_count": 193,
          "description": "2° Vice Presidente del Parlamento Peruano, Congresista, Ex Ministro de Justicia y Secretario General del Partido Contigo",
          "profile_use_background_image": true,
          "is_translator": false,
          "profile_link_color": "1DA1F2",
          "profile_sidebar_border_color": "C0DEED",
          "follow_request_sent": false,
          "profile_banner_url": "https://pbs.twimg.com/profile_banners/350460605/1574289798",
          "id": 350460605,
          "notifications": false,
          "following": false,
          "is_translation_enabled": false,
          "time_zone": null,
          "statuses_count": 15711,
          "location": "Lima, Perú",
          "id_str": "350460605",
          "lang": null,
          "profile_background_image_url": "http://abs.twimg.com/images/themes/theme1/bg.png",
          "friends_count": 1199
        },
        "contributors": null,
        "in_reply_to_user_id_str": null,
        "source": "<a href=\"https://mobile.twitter.com\" rel=\"nofollow\">Twitter Web App</a>",
        "entities": {
          "hashtags": [],
          "symbols": [],
          "user_mentions": [],
          "urls": [
            {
              "expanded_url": "https://twitter.com/i/web/status/1202417716650528768",
              "display_url": "twitter.com/i/web/status/1…",
              "indices": [
                117,
                140
              ],
              "url": "https://t.co/RpUVur70Ax"
            }
          ]
        },
        "coordinates": null,
        "place": null,
        "in_reply_to_status_id": null,
        "geo": null,
        "favorited": false,
        "retweeted": false,
        "favorite_count": 220,
        "in_reply_to_status_id_str": null,
        "in_reply_to_user_id": null,
        "is_quote_status": false,
        "id": 1202417716650528768,
        "retweet_count": 63,
        "possibly_sensitive": false,
        "id_str": "1202417716650528768",
        "lang": "es",
        "in_reply_to_screen_name": null
      },
      "id_str": "1202451138295062529",
      "lang": "es",
      "in_reply_to_screen_name": null
    },
    {
      "metadata": {
        "iso_language_code": "es",
        "result_type": "recent"
      },
      "text": "RT @EdithG_7: @SalvadorHeresi EXCELENTE! Apoyemos a todos los demócratas por el bien de nuestra Patria 🇵🇪",
      "truncated": false,
      "created_at": "Thu Dec 05 04:53:57 +0000 2019",
      "user": {
        "favourites_count": 3891,
        "utc_offset": null,
        "protected": false,
        "name": "garciagarciaricardo2018@gmail.com",
        "profile_background_tile": false,
        "profile_image_url": "http://pbs.twimg.com/profile_images/1183791965550317568/21b5CkT9_normal.jpg",
        "profile_image_url_https": "https://pbs.twimg.com/profile_images/1183791965550317568/21b5CkT9_normal.jpg",
        "profile_background_image_url_https": null,
        "url": null,
        "profile_sidebar_fill_color": "DDEEF6",
        "default_profile": true,
        "profile_text_color": "333333",
        "has_extended_profile": true,
        "entities": {
          "description": {
            "urls": []
          }
        },
        "default_profile_image": false,
        "created_at": "Mon Oct 14 17:07:21 +0000 2019",
        "profile_background_color": "F5F8FA",
        "translator_type": "none",
        "contributors_enabled": false,
        "followers_count": 33,
        "verified": false,
        "geo_enabled": false,
        "screen_name": "garciagarciari4",
        "listed_count": 0,
        "description": "Un poco difícil describirse uno mismo, que tal si nos vamos conociendo",
        "profile_use_background_image": true,
        "is_translator": false,
        "profile_link_color": "1DA1F2",
        "profile_sidebar_border_color": "C0DEED",
        "follow_request_sent": false,
        "id": 1183791249452666880,
        "notifications": false,
        "following": false,
        "is_translation_enabled": false,
        "time_zone": null,
        "statuses_count": 3798,
        "location": "",
        "id_str": "1183791249452666880",
        "lang": null,
        "profile_background_image_url": null,
        "friends_count": 89
      },
      "contributors": null,
      "in_reply_to_user_id_str": null,
      "source": "<a href=\"http://twitter.com/download/android\" rel=\"nofollow\">Twitter for Android</a>",
      "entities": {
        "hashtags": [],
        "symbols": [],
        "user_mentions": [
          {
            "id_str": "1084979544166223873",
            "id": 1084979544166223873,
            "screen_name": "EdithG_7",
            "name": "Edith G.",
            "indices": [
              3,
              12
            ]
          },
          {
            "id_str": "350460605",
            "id": 350460605,
            "screen_name": "SalvadorHeresi",
            "name": "Salvador Heresi",
            "indices": [
              14,
              29
            ]
          }
        ],
        "urls": []
      },
      "coordinates": null,
      "place": null,
      "in_reply_to_status_id": null,
      "geo": null,
      "favorited": false,
      "retweeted": false,
      "favorite_count": 0,
      "in_reply_to_status_id_str": null,
      "in_reply_to_user_id": null,
      "is_quote_status": false,
      "id": 1202451018719645696,
      "retweet_count": 3,
      "retweeted_status": {
        "metadata": {
          "iso_language_code": "es",
          "result_type": "recent"
        },
        "text": "@SalvadorHeresi EXCELENTE! Apoyemos a todos los demócratas por el bien de nuestra Patria 🇵🇪",
        "truncated": false,
        "created_at": "Thu Dec 05 03:09:33 +0000 2019",
        "user": {
          "favourites_count": 28265,
          "utc_offset": null,
          "protected": false,
          "name": "Edith G.",
          "profile_background_tile": false,
          "profile_image_url": "http://pbs.twimg.com/profile_images/1167966933393690626/nS4SVM8g_normal.jpg",
          "profile_image_url_https": "https://pbs.twimg.com/profile_images/1167966933393690626/nS4SVM8g_normal.jpg",
          "profile_background_image_url_https": null,
          "url": null,
          "profile_sidebar_fill_color": "DDEEF6",
          "default_profile": true,
          "profile_text_color": "333333",
          "has_extended_profile": false,
          "entities": {
            "description": {
              "urls": []
            }
          },
          "default_profile_image": false,
          "created_at": "Tue Jan 15 01:04:16 +0000 2019",
          "profile_background_color": "F5F8FA",
          "translator_type": "none",
          "contributors_enabled": false,
          "followers_count": 588,
          "verified": false,
          "geo_enabled": false,
          "screen_name": "EdithG_7",
          "listed_count": 1,
          "description": "Ilustradora Gráfica, Pro Familia , cristiana, agradecida a Dios por la vida y por mi bello Perú.",
          "profile_use_background_image": true,
          "is_translator": false,
          "profile_link_color": "1DA1F2",
          "profile_sidebar_border_color": "C0DEED",
          "follow_request_sent": false,
          "profile_banner_url": "https://pbs.twimg.com/profile_banners/1084979544166223873/1547516953",
          "id": 1084979544166223873,
          "notifications": false,
          "following": false,
          "is_translation_enabled": false,
          "time_zone": null,
          "statuses_count": 28449,
          "location": "",
          "id_str": "1084979544166223873",
          "lang": null,
          "profile_background_image_url": null,
          "friends_count": 1439
        },
        "contributors": null,
        "in_reply_to_user_id_str": "350460605",
        "source": "<a href=\"https://mobile.twitter.com\" rel=\"nofollow\">Twitter Web App</a>",
        "entities": {
          "hashtags": [],
          "symbols": [],
          "user_mentions": [
            {
              "id_str": "350460605",
              "id": 350460605,
              "screen_name": "SalvadorHeresi",
              "name": "Salvador Heresi",
              "indices": [
                0,
                15
              ]
            }
          ],
          "urls": []
        },
        "coordinates": null,
        "place": null,
        "in_reply_to_status_id": 1202417716650528768,
        "geo": null,
        "favorited": false,
        "retweeted": false,
        "favorite_count": 11,
        "in_reply_to_status_id_str": "1202417716650528768",
        "in_reply_to_user_id": 350460605,
        "is_quote_status": false,
        "id": 1202424743653236736,
        "retweet_count": 3,
        "id_str": "1202424743653236736",
        "lang": "es",
        "in_reply_to_screen_name": "SalvadorHeresi"
      },
      "id_str": "1202451018719645696",
      "lang": "es",
      "in_reply_to_screen_name": null
    },
    {
      "metadata": {
        "iso_language_code": "es",
        "result_type": "recent"
      },
      "text": "@SalvadorHeresi Yo tiro la piedra y te lo remato, no soy asalariado, soy un ciudadano indignado de tener políticos… https://t.co/4HSGhDrjzj",
      "truncated": true,
      "created_at": "Thu Dec 05 04:52:18 +0000 2019",
      "user": {
        "favourites_count": 41,
        "utc_offset": null,
        "protected": false,
        "name": "Juan Llanos",
        "profile_background_tile": false,
        "profile_image_url": "http://pbs.twimg.com/profile_images/992627497887043585/GJQYyttA_normal.jpg",
        "profile_image_url_https": "https://pbs.twimg.com/profile_images/992627497887043585/GJQYyttA_normal.jpg",
        "profile_background_image_url_https": "https://abs.twimg.com/images/themes/theme1/bg.png",
        "url": null,
        "profile_sidebar_fill_color": "DDEEF6",
        "default_profile": true,
        "profile_text_color": "333333",
        "has_extended_profile": true,
        "entities": {
          "description": {
            "urls": []
          }
        },
        "default_profile_image": false,
        "created_at": "Tue Feb 10 23:06:06 +0000 2015",
        "profile_background_color": "C0DEED",
        "translator_type": "none",
        "contributors_enabled": false,
        "followers_count": 54,
        "verified": false,
        "geo_enabled": false,
        "screen_name": "JllanoszLlanos",
        "listed_count": 0,
        "description": "Tengo el orgullo de ser peruano decente y soy feliz.",
        "profile_use_background_image": true,
        "is_translator": false,
        "profile_link_color": "1DA1F2",
        "profile_sidebar_border_color": "C0DEED",
        "follow_request_sent": false,
        "profile_banner_url": "https://pbs.twimg.com/profile_banners/3029024002/1520290180",
        "id": 3029024002,
        "notifications": false,
        "following": false,
        "is_translation_enabled": false,
        "time_zone": null,
        "statuses_count": 4686,
        "location": "Cusco, Peru",
        "id_str": "3029024002",
        "lang": null,
        "profile_background_image_url": "http://abs.twimg.com/images/themes/theme1/bg.png",
        "friends_count": 144
      },
      "contributors": null,
      "in_reply_to_user_id_str": "350460605",
      "source": "<a href=\"http://twitter.com/download/android\" rel=\"nofollow\">Twitter for Android</a>",
      "entities": {
        "hashtags": [],
        "symbols": [],
        "user_mentions": [
          {
            "id_str": "350460605",
            "id": 350460605,
            "screen_name": "SalvadorHeresi",
            "name": "Salvador Heresi",
            "indices": [
              0,
              15
            ]
          }
        ],
        "urls": [
          {
            "expanded_url": "https://twitter.com/i/web/status/1202450600518209537",
            "display_url": "twitter.com/i/web/status/1…",
            "indices": [
              116,
              139
            ],
            "url": "https://t.co/4HSGhDrjzj"
          }
        ]
      },
      "coordinates": null,
      "place": null,
      "in_reply_to_status_id": 1202417716650528768,
      "geo": null,
      "favorited": false,
      "retweeted": false,
      "favorite_count": 0,
      "in_reply_to_status_id_str": "1202417716650528768",
      "in_reply_to_user_id": 350460605,
      "is_quote_status": false,
      "id": 1202450600518209537,
      "retweet_count": 0,
      "id_str": "1202450600518209537",
      "lang": "es",
      "in_reply_to_screen_name": "SalvadorHeresi"
    },
    {
      "metadata": {
        "iso_language_code": "es",
        "result_type": "recent"
      },
      "text": "RT @Shey2403: @SalvadorHeresi Limeños, si quieren un poquito a su ciudad, no voten por éste señor. Lean, averigüen, no se dejen engañar, ot…",
      "truncated": false,
      "created_at": "Thu Dec 05 04:51:21 +0000 2019",
      "user": {
        "favourites_count": 18781,
        "utc_offset": null,
        "protected": false,
        "name": "Pedro Chang",
        "profile_background_tile": false,
        "profile_image_url": "http://pbs.twimg.com/profile_images/1171439605633044485/Hfkea2Dy_normal.jpg",
        "profile_image_url_https": "https://pbs.twimg.com/profile_images/1171439605633044485/Hfkea2Dy_normal.jpg",
        "profile_background_image_url_https": null,
        "url": "https://t.co/OoDXllqmia",
        "profile_sidebar_fill_color": "DDEEF6",
        "default_profile": true,
        "profile_text_color": "333333",
        "has_extended_profile": true,
        "entities": {
          "description": {
            "urls": []
          },
          "url": {
            "urls": [
              {
                "expanded_url": "https://www.facebook.com/colchonesvicaly/",
                "display_url": "facebook.com/colchonesvical…",
                "indices": [
                  0,
                  23
                ],
                "url": "https://t.co/OoDXllqmia"
              }
            ]
          }
        },
        "default_profile_image": false,
        "created_at": "Sun Sep 16 02:38:04 +0000 2018",
        "profile_background_color": "F5F8FA",
        "translator_type": "none",
        "contributors_enabled": false,
        "followers_count": 647,
        "verified": false,
        "geo_enabled": true,
        "screen_name": "PedroChang10",
        "listed_count": 0,
        "description": "Compañero de una gran Mujer,Madre,Esposa y Amiga,Padre de una hermosa Hija. Pequeño Empresario,Administrador de Empresas y creyente de Dios.",
        "profile_use_background_image": true,
        "is_translator": false,
        "profile_link_color": "1DA1F2",
        "profile_sidebar_border_color": "C0DEED",
        "follow_request_sent": false,
        "profile_banner_url": "https://pbs.twimg.com/profile_banners/1041154221054341120/1568513921",
        "id": 1041154221054341120,
        "notifications": false,
        "following": false,
        "is_translation_enabled": false,
        "time_zone": null,
        "statuses_count": 8901,
        "location": "Miraflores, Peru",
        "id_str": "1041154221054341120",
        "lang": null,
        "profile_background_image_url": null,
        "friends_count": 2477
      },
      "contributors": null,
      "in_reply_to_user_id_str": null,
      "source": "<a href=\"http://twitter.com/download/android\" rel=\"nofollow\">Twitter for Android</a>",
      "entities": {
        "hashtags": [],
        "symbols": [],
        "user_mentions": [
          {
            "id_str": "2324401394",
            "id": 2324401394,
            "screen_name": "Shey2403",
            "name": "Sheyla ✨",
            "indices": [
              3,
              12
            ]
          },
          {
            "id_str": "350460605",
            "id": 350460605,
            "screen_name": "SalvadorHeresi",
            "name": "Salvador Heresi",
            "indices": [
              14,
              29
            ]
          }
        ],
        "urls": []
      },
      "coordinates": null,
      "place": null,
      "in_reply_to_status_id": null,
      "geo": null,
      "favorited": false,
      "retweeted": false,
      "favorite_count": 0,
      "in_reply_to_status_id_str": null,
      "in_reply_to_user_id": null,
      "is_quote_status": false,
      "id": 1202450360817684480,
      "retweet_count": 4,
      "retweeted_status": {
        "metadata": {
          "iso_language_code": "es",
          "result_type": "recent"
        },
        "text": "@SalvadorHeresi Limeños, si quieren un poquito a su ciudad, no voten por éste señor. Lean, averigüen, no se dejen e… https://t.co/GCaEQapt67",
        "truncated": true,
        "created_at": "Thu Dec 05 03:17:46 +0000 2019",
        "user": {
          "favourites_count": 55620,
          "utc_offset": null,
          "protected": false,
          "name": "Sheyla ✨",
          "profile_background_tile": false,
          "profile_image_url": "http://pbs.twimg.com/profile_images/1189012717073567745/RluGwm7z_normal.jpg",
          "profile_image_url_https": "https://pbs.twimg.com/profile_images/1189012717073567745/RluGwm7z_normal.jpg",
          "profile_background_image_url_https": "https://abs.twimg.com/images/themes/theme1/bg.png",
          "url": null,
          "profile_sidebar_fill_color": "DDEEF6",
          "default_profile": true,
          "profile_text_color": "333333",
          "has_extended_profile": true,
          "entities": {
            "description": {
              "urls": []
            }
          },
          "default_profile_image": false,
          "created_at": "Sun Feb 02 21:48:03 +0000 2014",
          "profile_background_color": "C0DEED",
          "translator_type": "none",
          "contributors_enabled": false,
          "followers_count": 3313,
          "verified": false,
          "geo_enabled": true,
          "screen_name": "Shey2403",
          "listed_count": 18,
          "description": "Peruana 🇵🇪. Lic. Ciencias de la Comunicación. Independiente. Me gusta viajar: 🇦🇷🇨🇴🇨🇺🇩🇴🇲🇽🇵🇦\n #FujiaprismoNuncaMás",
          "profile_use_background_image": true,
          "is_translator": false,
          "profile_link_color": "1DA1F2",
          "profile_sidebar_border_color": "C0DEED",
          "follow_request_sent": false,
          "profile_banner_url": "https://pbs.twimg.com/profile_banners/2324401394/1572317755",
          "id": 2324401394,
          "notifications": false,
          "following": false,
          "is_translation_enabled": false,
          "time_zone": null,
          "statuses_count": 44091,
          "location": "Iquitos, Peru",
          "id_str": "2324401394",
          "lang": null,
          "profile_background_image_url": "http://abs.twimg.com/images/themes/theme1/bg.png",
          "friends_count": 74
        },
        "contributors": null,
        "in_reply_to_user_id_str": "350460605",
        "source": "<a href=\"http://twitter.com/download/android\" rel=\"nofollow\">Twitter for Android</a>",
        "entities": {
          "hashtags": [],
          "symbols": [],
          "user_mentions": [
            {
              "id_str": "350460605",
              "id": 350460605,
              "screen_name": "SalvadorHeresi",
              "name": "Salvador Heresi",
              "indices": [
                0,
                15
              ]
            }
          ],
          "urls": [
            {
              "expanded_url": "https://twitter.com/i/web/status/1202426810899652608",
              "display_url": "twitter.com/i/web/status/1…",
              "indices": [
                117,
                140
              ],
              "url": "https://t.co/GCaEQapt67"
            }
          ]
        },
        "coordinates": null,
        "place": null,
        "in_reply_to_status_id": 1202417716650528768,
        "geo": null,
        "favorited": false,
        "retweeted": false,
        "favorite_count": 19,
        "in_reply_to_status_id_str": "1202417716650528768",
        "in_reply_to_user_id": 350460605,
        "is_quote_status": false,
        "id": 1202426810899652608,
        "retweet_count": 4,
        "id_str": "1202426810899652608",
        "lang": "es",
        "in_reply_to_screen_name": "SalvadorHeresi"
      },
      "id_str": "1202450360817684480",
      "lang": "es",
      "in_reply_to_screen_name": null
    },
    {
      "metadata": {
        "iso_language_code": "cy",
        "result_type": "recent"
      },
      "text": "@SalvadorHeresi @franpetrozzi @MartinVizcarraC @Hcoya Lloron",
      "truncated": false,
      "created_at": "Thu Dec 05 04:50:52 +0000 2019",
      "user": {
        "favourites_count": 23936,
        "utc_offset": null,
        "protected": false,
        "name": "Marko Antonio",
        "profile_background_tile": true,
        "profile_image_url": "http://pbs.twimg.com/profile_images/3706216570/72522edafae8de7818786242aeedd291_normal.jpeg",
        "profile_image_url_https": "https://pbs.twimg.com/profile_images/3706216570/72522edafae8de7818786242aeedd291_normal.jpeg",
        "profile_background_image_url_https": "https://abs.twimg.com/images/themes/theme2/bg.gif",
        "url": null,
        "profile_sidebar_fill_color": "DAECF4",
        "default_profile": false,
        "profile_text_color": "663B12",
        "has_extended_profile": false,
        "entities": {
          "description": {
            "urls": []
          }
        },
        "default_profile_image": false,
        "created_at": "Tue Jan 04 04:22:31 +0000 2011",
        "profile_background_color": "C6E2EE",
        "translator_type": "none",
        "contributors_enabled": false,
        "followers_count": 141,
        "verified": false,
        "geo_enabled": false,
        "screen_name": "MaRKoLaTa",
        "listed_count": 2,
        "description": "Fotógrafo FREELANCE,con estudios de Arquitectura,ando informado,soy una persona alegre de muy buenos sentimientos,pero a veces un gran miserable.",
        "profile_use_background_image": true,
        "is_translator": false,
        "profile_link_color": "DD2E44",
        "profile_sidebar_border_color": "FFFFFF",
        "follow_request_sent": false,
        "profile_banner_url": "https://pbs.twimg.com/profile_banners/233805364/1396299538",
        "id": 233805364,
        "notifications": false,
        "following": false,
        "is_translation_enabled": false,
        "time_zone": null,
        "statuses_count": 12891,
        "location": "LIMA",
        "id_str": "233805364",
        "lang": null,
        "profile_background_image_url": "http://abs.twimg.com/images/themes/theme2/bg.gif",
        "friends_count": 772
      },
      "contributors": null,
      "in_reply_to_user_id_str": "350460605",
      "source": "<a href=\"http://twitter.com/download/android\" rel=\"nofollow\">Twitter for Android</a>",
      "entities": {
        "hashtags": [],
        "symbols": [],
        "user_mentions": [
          {
            "id_str": "350460605",
            "id": 350460605,
            "screen_name": "SalvadorHeresi",
            "name": "Salvador Heresi",
            "indices": [
              0,
              15
            ]
          },
          {
            "id_str": "844290435967324160",
            "id": 844290435967324160,
            "screen_name": "franpetrozzi",
            "name": "Francesco Petrozzi",
            "indices": [
              16,
              29
            ]
          },
          {
            "id_str": "4825296327",
            "id": 4825296327,
            "screen_name": "MartinVizcarraC",
            "name": "Martín Vizcarra",
            "indices": [
              30,
              46
            ]
          },
          {
            "id_str": "23714448",
            "id": 23714448,
            "screen_name": "Hcoya",
            "name": "Hugo Coya",
            "indices": [
              47,
              53
            ]
          }
        ],
        "urls": []
      },
      "coordinates": null,
      "place": null,
      "in_reply_to_status_id": 1202282236424458241,
      "geo": null,
      "favorited": false,
      "retweeted": false,
      "favorite_count": 0,
      "in_reply_to_status_id_str": "1202282236424458241",
      "in_reply_to_user_id": 350460605,
      "is_quote_status": false,
      "id": 1202450239829004288,
      "retweet_count": 0,
      "id_str": "1202450239829004288",
      "lang": "cy",
      "in_reply_to_screen_name": "SalvadorHeresi"
    },
    {
      "metadata": {
        "iso_language_code": "es",
        "result_type": "recent"
      },
      "text": "RT @SalvadorHeresi: Empezamos con optimismo nuestra campaña. Propuestas y respuestas a los ataques de trolles, progres, social confusos, zu…",
      "truncated": false,
      "created_at": "Thu Dec 05 04:49:54 +0000 2019",
      "user": {
        "favourites_count": 17194,
        "utc_offset": null,
        "protected": false,
        "name": "Patricia Burga Bernuy",
        "profile_background_tile": false,
        "profile_image_url": "http://pbs.twimg.com/profile_images/1000871136962531335/-BILRfwd_normal.jpg",
        "profile_image_url_https": "https://pbs.twimg.com/profile_images/1000871136962531335/-BILRfwd_normal.jpg",
        "profile_background_image_url_https": "https://abs.twimg.com/images/themes/theme1/bg.png",
        "url": null,
        "profile_sidebar_fill_color": "DDEEF6",
        "default_profile": true,
        "profile_text_color": "333333",
        "has_extended_profile": false,
        "entities": {
          "description": {
            "urls": []
          }
        },
        "default_profile_image": false,
        "created_at": "Sat Aug 03 17:15:56 +0000 2013",
        "profile_background_color": "C0DEED",
        "translator_type": "none",
        "contributors_enabled": false,
        "followers_count": 90,
        "verified": false,
        "geo_enabled": false,
        "screen_name": "burgabernuypo",
        "listed_count": 0,
        "description": "",
        "profile_use_background_image": true,
        "is_translator": false,
        "profile_link_color": "1DA1F2",
        "profile_sidebar_border_color": "C0DEED",
        "follow_request_sent": false,
        "id": 1643288725,
        "notifications": false,
        "following": false,
        "is_translation_enabled": false,
        "time_zone": null,
        "statuses_count": 17329,
        "location": "",
        "id_str": "1643288725",
        "lang": null,
        "profile_background_image_url": "http://abs.twimg.com/images/themes/theme1/bg.png",
        "friends_count": 156
      },
      "contributors": null,
      "in_reply_to_user_id_str": null,
      "source": "<a href=\"https://mobile.twitter.com\" rel=\"nofollow\">Twitter Web App</a>",
      "entities": {
        "hashtags": [],
        "symbols": [],
        "user_mentions": [
          {
            "id_str": "350460605",
            "id": 350460605,
            "screen_name": "SalvadorHeresi",
            "name": "Salvador Heresi",
            "indices": [
              3,
              18
            ]
          }
        ],
        "urls": []
      },
      "coordinates": null,
      "place": null,
      "in_reply_to_status_id": null,
      "geo": null,
      "favorited": false,
      "retweeted": false,
      "favorite_count": 0,
      "in_reply_to_status_id_str": null,
      "in_reply_to_user_id": null,
      "is_quote_status": false,
      "id": 1202449999205949441,
      "retweet_count": 63,
      "retweeted_status": {
        "metadata": {
          "iso_language_code": "es",
          "result_type": "recent"
        },
        "text": "Empezamos con optimismo nuestra campaña. Propuestas y respuestas a los ataques de trolles, progres, social confusos… https://t.co/RpUVur70Ax",
        "truncated": true,
        "created_at": "Thu Dec 05 02:41:38 +0000 2019",
        "user": {
          "favourites_count": 4063,
          "utc_offset": null,
          "protected": false,
          "name": "Salvador Heresi",
          "profile_background_tile": false,
          "profile_image_url": "http://pbs.twimg.com/profile_images/1194648206384254976/rYWqYGRR_normal.jpg",
          "profile_image_url_https": "https://pbs.twimg.com/profile_images/1194648206384254976/rYWqYGRR_normal.jpg",
          "profile_background_image_url_https": "https://abs.twimg.com/images/themes/theme1/bg.png",
          "url": null,
          "profile_sidebar_fill_color": "DDEEF6",
          "default_profile": true,
          "profile_text_color": "333333",
          "has_extended_profile": false,
          "entities": {
            "description": {
              "urls": []
            }
          },
          "default_profile_image": false,
          "created_at": "Sun Aug 07 20:23:12 +0000 2011",
          "profile_background_color": "C0DEED",
          "translator_type": "none",
          "contributors_enabled": false,
          "followers_count": 52526,
          "verified": true,
          "geo_enabled": true,
          "screen_name": "SalvadorHeresi",
          "listed_count": 193,
          "description": "2° Vice Presidente del Parlamento Peruano, Congresista, Ex Ministro de Justicia y Secretario General del Partido Contigo",
          "profile_use_background_image": true,
          "is_translator": false,
          "profile_link_color": "1DA1F2",
          "profile_sidebar_border_color": "C0DEED",
          "follow_request_sent": false,
          "profile_banner_url": "https://pbs.twimg.com/profile_banners/350460605/1574289798",
          "id": 350460605,
          "notifications": false,
          "following": false,
          "is_translation_enabled": false,
          "time_zone": null,
          "statuses_count": 15711,
          "location": "Lima, Perú",
          "id_str": "350460605",
          "lang": null,
          "profile_background_image_url": "http://abs.twimg.com/images/themes/theme1/bg.png",
          "friends_count": 1199
        },
        "contributors": null,
        "in_reply_to_user_id_str": null,
        "source": "<a href=\"https://mobile.twitter.com\" rel=\"nofollow\">Twitter Web App</a>",
        "entities": {
          "hashtags": [],
          "symbols": [],
          "user_mentions": [],
          "urls": [
            {
              "expanded_url": "https://twitter.com/i/web/status/1202417716650528768",
              "display_url": "twitter.com/i/web/status/1…",
              "indices": [
                117,
                140
              ],
              "url": "https://t.co/RpUVur70Ax"
            }
          ]
        },
        "coordinates": null,
        "place": null,
        "in_reply_to_status_id": null,
        "geo": null,
        "favorited": false,
        "retweeted": false,
        "favorite_count": 220,
        "in_reply_to_status_id_str": null,
        "in_reply_to_user_id": null,
        "is_quote_status": false,
        "id": 1202417716650528768,
        "retweet_count": 63,
        "possibly_sensitive": false,
        "id_str": "1202417716650528768",
        "lang": "es",
        "in_reply_to_screen_name": null
      },
      "id_str": "1202449999205949441",
      "lang": "es",
      "in_reply_to_screen_name": null
    },
    {
      "metadata": {
        "iso_language_code": "es",
        "result_type": "recent"
      },
      "text": "RT @SalvadorHeresi: Renunció @franpetrozzi asumiendo responsabilidad política y queda muy mal el ciudadano @MartinVizcarraC que le quitó cu…",
      "truncated": false,
      "created_at": "Thu Dec 05 04:49:51 +0000 2019",
      "user": {
        "favourites_count": 124737,
        "utc_offset": null,
        "protected": false,
        "name": "Carlos Alberto",
        "profile_background_tile": false,
        "profile_image_url": "http://abs.twimg.com/sticky/default_profile_images/default_profile_normal.png",
        "profile_image_url_https": "https://abs.twimg.com/sticky/default_profile_images/default_profile_normal.png",
        "profile_background_image_url_https": "https://abs.twimg.com/images/themes/theme1/bg.png",
        "url": null,
        "profile_sidebar_fill_color": "DDEEF6",
        "default_profile": true,
        "profile_text_color": "333333",
        "has_extended_profile": false,
        "entities": {
          "description": {
            "urls": []
          }
        },
        "default_profile_image": true,
        "created_at": "Sat Apr 05 04:07:19 +0000 2014",
        "profile_background_color": "C0DEED",
        "translator_type": "none",
        "contributors_enabled": false,
        "followers_count": 195,
        "verified": false,
        "geo_enabled": true,
        "screen_name": "CarlosA22175929",
        "listed_count": 0,
        "description": "",
        "profile_use_background_image": true,
        "is_translator": false,
        "profile_link_color": "1DA1F2",
        "profile_sidebar_border_color": "C0DEED",
        "follow_request_sent": false,
        "id": 2461542844,
        "notifications": false,
        "following": false,
        "is_translation_enabled": false,
        "time_zone": null,
        "statuses_count": 22801,
        "location": "",
        "id_str": "2461542844",
        "lang": null,
        "profile_background_image_url": "http://abs.twimg.com/images/themes/theme1/bg.png",
        "friends_count": 115
      },
      "contributors": null,
      "in_reply_to_user_id_str": null,
      "source": "<a href=\"http://twitter.com/download/android\" rel=\"nofollow\">Twitter for Android</a>",
      "entities": {
        "hashtags": [],
        "symbols": [],
        "user_mentions": [
          {
            "id_str": "350460605",
            "id": 350460605,
            "screen_name": "SalvadorHeresi",
            "name": "Salvador Heresi",
            "indices": [
              3,
              18
            ]
          },
          {
            "id_str": "844290435967324160",
            "id": 844290435967324160,
            "screen_name": "franpetrozzi",
            "name": "Francesco Petrozzi",
            "indices": [
              29,
              42
            ]
          },
          {
            "id_str": "4825296327",
            "id": 4825296327,
            "screen_name": "MartinVizcarraC",
            "name": "Martín Vizcarra",
            "indices": [
              107,
              123
            ]
          }
        ],
        "urls": []
      },
      "coordinates": null,
      "place": null,
      "in_reply_to_status_id": null,
      "geo": null,
      "favorited": false,
      "retweeted": false,
      "favorite_count": 0,
      "in_reply_to_status_id_str": null,
      "in_reply_to_user_id": null,
      "is_quote_status": false,
      "id": 1202449984009846786,
      "retweet_count": 527,
      "retweeted_status": {
        "metadata": {
          "iso_language_code": "es",
          "result_type": "recent"
        },
        "text": "Renunció @franpetrozzi asumiendo responsabilidad política y queda muy mal el ciudadano @MartinVizcarraC que le quit… https://t.co/kD9bjSc4bQ",
        "truncated": true,
        "created_at": "Wed Dec 04 17:43:17 +0000 2019",
        "user": {
          "favourites_count": 4063,
          "utc_offset": null,
          "protected": false,
          "name": "Salvador Heresi",
          "profile_background_tile": false,
          "profile_image_url": "http://pbs.twimg.com/profile_images/1194648206384254976/rYWqYGRR_normal.jpg",
          "profile_image_url_https": "https://pbs.twimg.com/profile_images/1194648206384254976/rYWqYGRR_normal.jpg",
          "profile_background_image_url_https": "https://abs.twimg.com/images/themes/theme1/bg.png",
          "url": null,
          "profile_sidebar_fill_color": "DDEEF6",
          "default_profile": true,
          "profile_text_color": "333333",
          "has_extended_profile": false,
          "entities": {
            "description": {
              "urls": []
            }
          },
          "default_profile_image": false,
          "created_at": "Sun Aug 07 20:23:12 +0000 2011",
          "profile_background_color": "C0DEED",
          "translator_type": "none",
          "contributors_enabled": false,
          "followers_count": 52526,
          "verified": true,
          "geo_enabled": true,
          "screen_name": "SalvadorHeresi",
          "listed_count": 193,
          "description": "2° Vice Presidente del Parlamento Peruano, Congresista, Ex Ministro de Justicia y Secretario General del Partido Contigo",
          "profile_use_background_image": true,
          "is_translator": false,
          "profile_link_color": "1DA1F2",
          "profile_sidebar_border_color": "C0DEED",
          "follow_request_sent": false,
          "profile_banner_url": "https://pbs.twimg.com/profile_banners/350460605/1574289798",
          "id": 350460605,
          "notifications": false,
          "following": false,
          "is_translation_enabled": false,
          "time_zone": null,
          "statuses_count": 15711,
          "location": "Lima, Perú",
          "id_str": "350460605",
          "lang": null,
          "profile_background_image_url": "http://abs.twimg.com/images/themes/theme1/bg.png",
          "friends_count": 1199
        },
        "contributors": null,
        "in_reply_to_user_id_str": null,
        "source": "<a href=\"http://twitter.com/download/iphone\" rel=\"nofollow\">Twitter for iPhone</a>",
        "entities": {
          "hashtags": [],
          "symbols": [],
          "user_mentions": [
            {
              "id_str": "844290435967324160",
              "id": 844290435967324160,
              "screen_name": "franpetrozzi",
              "name": "Francesco Petrozzi",
              "indices": [
                9,
                22
              ]
            },
            {
              "id_str": "4825296327",
              "id": 4825296327,
              "screen_name": "MartinVizcarraC",
              "name": "Martín Vizcarra",
              "indices": [
                87,
                103
              ]
            }
          ],
          "urls": [
            {
              "expanded_url": "https://twitter.com/i/web/status/1202282236424458241",
              "display_url": "twitter.com/i/web/status/1…",
              "indices": [
                117,
                140
              ],
              "url": "https://t.co/kD9bjSc4bQ"
            }
          ]
        },
        "coordinates": null,
        "place": null,
        "in_reply_to_status_id": null,
        "geo": null,
        "favorited": false,
        "retweeted": false,
        "favorite_count": 1332,
        "in_reply_to_status_id_str": null,
        "in_reply_to_user_id": null,
        "is_quote_status": false,
        "id": 1202282236424458241,
        "retweet_count": 527,
        "id_str": "1202282236424458241",
        "lang": "es",
        "in_reply_to_screen_name": null
      },
      "id_str": "1202449984009846786",
      "lang": "es",
      "in_reply_to_screen_name": null
    },
    {
      "metadata": {
        "iso_language_code": "es",
        "result_type": "recent"
      },
      "text": "RT @JCPP17: @SalvadorHeresi Kontigo ni a la esquina",
      "truncated": false,
      "created_at": "Thu Dec 05 04:49:25 +0000 2019",
      "user": {
        "favourites_count": 65538,
        "utc_offset": null,
        "protected": false,
        "name": "Renato R.",
        "profile_background_tile": false,
        "profile_image_url": "http://pbs.twimg.com/profile_images/1048262787414315008/lYiOUpfl_normal.jpg",
        "profile_image_url_https": "https://pbs.twimg.com/profile_images/1048262787414315008/lYiOUpfl_normal.jpg",
        "profile_background_image_url_https": null,
        "url": null,
        "profile_sidebar_fill_color": "DDEEF6",
        "default_profile": true,
        "profile_text_color": "333333",
        "has_extended_profile": false,
        "entities": {
          "description": {
            "urls": []
          }
        },
        "default_profile_image": false,
        "created_at": "Mon Apr 30 03:10:27 +0000 2018",
        "profile_background_color": "F5F8FA",
        "translator_type": "none",
        "contributors_enabled": false,
        "followers_count": 422,
        "verified": false,
        "geo_enabled": false,
        "screen_name": "RenatoR68703298",
        "listed_count": 0,
        "description": "",
        "profile_use_background_image": true,
        "is_translator": false,
        "profile_link_color": "1DA1F2",
        "profile_sidebar_border_color": "C0DEED",
        "follow_request_sent": false,
        "profile_banner_url": "https://pbs.twimg.com/profile_banners/990790455813132288/1526840974",
        "id": 990790455813132288,
        "notifications": false,
        "following": false,
        "is_translation_enabled": false,
        "time_zone": null,
        "statuses_count": 57185,
        "location": "",
        "id_str": "990790455813132288",
        "lang": null,
        "profile_background_image_url": null,
        "friends_count": 207
      },
      "contributors": null,
      "in_reply_to_user_id_str": null,
      "source": "<a href=\"http://twitter.com/#!/download/ipad\" rel=\"nofollow\">Twitter for iPad</a>",
      "entities": {
        "hashtags": [],
        "symbols": [],
        "user_mentions": [
          {
            "id_str": "939290679683043328",
            "id": 939290679683043328,
            "screen_name": "JCPP17",
            "name": "JCPP",
            "indices": [
              3,
              10
            ]
          },
          {
            "id_str": "350460605",
            "id": 350460605,
            "screen_name": "SalvadorHeresi",
            "name": "Salvador Heresi",
            "indices": [
              12,
              27
            ]
          }
        ],
        "urls": []
      },
      "coordinates": null,
      "place": null,
      "in_reply_to_status_id": null,
      "geo": null,
      "favorited": false,
      "retweeted": false,
      "favorite_count": 0,
      "in_reply_to_status_id_str": null,
      "in_reply_to_user_id": null,
      "is_quote_status": false,
      "id": 1202449875444649984,
      "retweet_count": 2,
      "retweeted_status": {
        "metadata": {
          "iso_language_code": "es",
          "result_type": "recent"
        },
        "text": "@SalvadorHeresi Kontigo ni a la esquina",
        "truncated": false,
        "created_at": "Thu Dec 05 02:57:44 +0000 2019",
        "user": {
          "favourites_count": 29494,
          "utc_offset": null,
          "protected": false,
          "name": "JCPP",
          "profile_background_tile": false,
          "profile_image_url": "http://pbs.twimg.com/profile_images/1196248907283664896/luU2bz33_normal.jpg",
          "profile_image_url_https": "https://pbs.twimg.com/profile_images/1196248907283664896/luU2bz33_normal.jpg",
          "profile_background_image_url_https": null,
          "url": null,
          "profile_sidebar_fill_color": "DDEEF6",
          "default_profile": true,
          "profile_text_color": "333333",
          "has_extended_profile": true,
          "entities": {
            "description": {
              "urls": []
            }
          },
          "default_profile_image": false,
          "created_at": "Sat Dec 09 00:28:43 +0000 2017",
          "profile_background_color": "F5F8FA",
          "translator_type": "none",
          "contributors_enabled": false,
          "followers_count": 742,
          "verified": false,
          "geo_enabled": true,
          "screen_name": "JCPP17",
          "listed_count": 0,
          "description": "Por eso dejo a mis seguidores en  señal de orgullo mi twuiter y mis huevadas como una muestra de mi desprecio hacia mis adversarios ya que cumplí mi misión",
          "profile_use_background_image": true,
          "is_translator": false,
          "profile_link_color": "1DA1F2",
          "profile_sidebar_border_color": "C0DEED",
          "follow_request_sent": false,
          "profile_banner_url": "https://pbs.twimg.com/profile_banners/939290679683043328/1549478826",
          "id": 939290679683043328,
          "notifications": false,
          "following": false,
          "is_translation_enabled": false,
          "time_zone": null,
          "statuses_count": 32069,
          "location": "Peru",
          "id_str": "939290679683043328",
          "lang": null,
          "profile_background_image_url": null,
          "friends_count": 3765
        },
        "contributors": null,
        "in_reply_to_user_id_str": "350460605",
        "source": "<a href=\"http://twitter.com/download/android\" rel=\"nofollow\">Twitter for Android</a>",
        "entities": {
          "hashtags": [],
          "symbols": [],
          "user_mentions": [
            {
              "id_str": "350460605",
              "id": 350460605,
              "screen_name": "SalvadorHeresi",
              "name": "Salvador Heresi",
              "indices": [
                0,
                15
              ]
            }
          ],
          "urls": []
        },
        "coordinates": null,
        "place": {
          "bounding_box": {
            "coordinates": [
              [
                [
                  -77.1110830786398,
                  -12.0976200001203
                ],
                [
                  -77.0681271567066,
                  -12.0976200001203
                ],
                [
                  -77.0681271567066,
                  -12.0616509613884
                ],
                [
                  -77.1110830786398,
                  -12.0616509613884
                ]
              ]
            ],
            "type": "Polygon"
          },
          "id": "01e0aaf250623895",
          "full_name": "San Miguel, Peru",
          "name": "San Miguel",
          "country": "Peru",
          "url": "https://api.twitter.com/1.1/geo/id/01e0aaf250623895.json",
          "place_type": "city",
          "contained_within": [],
          "country_code": "PE",
          "attributes": {}
        },
        "in_reply_to_status_id": 1202417716650528768,
        "geo": null,
        "favorited": false,
        "retweeted": false,
        "favorite_count": 10,
        "in_reply_to_status_id_str": "1202417716650528768",
        "in_reply_to_user_id": 350460605,
        "is_quote_status": false,
        "id": 1202421768998309888,
        "retweet_count": 2,
        "id_str": "1202421768998309888",
        "lang": "es",
        "in_reply_to_screen_name": "SalvadorHeresi"
      },
      "id_str": "1202449875444649984",
      "lang": "es",
      "in_reply_to_screen_name": null
    },
    {
      "metadata": {
        "iso_language_code": "es",
        "result_type": "recent"
      },
      "text": "RT @Alejand48616309: @GarciaBerthita @SalvadorHeresi A trabajar ?? Que hizo ese llorón",
      "truncated": false,
      "created_at": "Thu Dec 05 04:49:14 +0000 2019",
      "user": {
        "favourites_count": 65538,
        "utc_offset": null,
        "protected": false,
        "name": "Renato R.",
        "profile_background_tile": false,
        "profile_image_url": "http://pbs.twimg.com/profile_images/1048262787414315008/lYiOUpfl_normal.jpg",
        "profile_image_url_https": "https://pbs.twimg.com/profile_images/1048262787414315008/lYiOUpfl_normal.jpg",
        "profile_background_image_url_https": null,
        "url": null,
        "profile_sidebar_fill_color": "DDEEF6",
        "default_profile": true,
        "profile_text_color": "333333",
        "has_extended_profile": false,
        "entities": {
          "description": {
            "urls": []
          }
        },
        "default_profile_image": false,
        "created_at": "Mon Apr 30 03:10:27 +0000 2018",
        "profile_background_color": "F5F8FA",
        "translator_type": "none",
        "contributors_enabled": false,
        "followers_count": 422,
        "verified": false,
        "geo_enabled": false,
        "screen_name": "RenatoR68703298",
        "listed_count": 0,
        "description": "",
        "profile_use_background_image": true,
        "is_translator": false,
        "profile_link_color": "1DA1F2",
        "profile_sidebar_border_color": "C0DEED",
        "follow_request_sent": false,
        "profile_banner_url": "https://pbs.twimg.com/profile_banners/990790455813132288/1526840974",
        "id": 990790455813132288,
        "notifications": false,
        "following": false,
        "is_translation_enabled": false,
        "time_zone": null,
        "statuses_count": 57185,
        "location": "",
        "id_str": "990790455813132288",
        "lang": null,
        "profile_background_image_url": null,
        "friends_count": 207
      },
      "contributors": null,
      "in_reply_to_user_id_str": null,
      "source": "<a href=\"http://twitter.com/#!/download/ipad\" rel=\"nofollow\">Twitter for iPad</a>",
      "entities": {
        "hashtags": [],
        "symbols": [],
        "user_mentions": [
          {
            "id_str": "1062347475175067650",
            "id": 1062347475175067650,
            "screen_name": "Alejand48616309",
            "name": "Alejandra",
            "indices": [
              3,
              19
            ]
          },
          {
            "id_str": "1946091733",
            "id": 1946091733,
            "screen_name": "GarciaBerthita",
            "name": "bertha",
            "indices": [
              21,
              36
            ]
          },
          {
            "id_str": "350460605",
            "id": 350460605,
            "screen_name": "SalvadorHeresi",
            "name": "Salvador Heresi",
            "indices": [
              37,
              52
            ]
          }
        ],
        "urls": []
      },
      "coordinates": null,
      "place": null,
      "in_reply_to_status_id": null,
      "geo": null,
      "favorited": false,
      "retweeted": false,
      "favorite_count": 0,
      "in_reply_to_status_id_str": null,
      "in_reply_to_user_id": null,
      "is_quote_status": false,
      "id": 1202449828262879233,
      "retweet_count": 1,
      "retweeted_status": {
        "metadata": {
          "iso_language_code": "es",
          "result_type": "recent"
        },
        "text": "@GarciaBerthita @SalvadorHeresi A trabajar ?? Que hizo ese llorón",
        "truncated": false,
        "created_at": "Thu Dec 05 03:35:29 +0000 2019",
        "user": {
          "favourites_count": 41455,
          "utc_offset": null,
          "protected": false,
          "name": "Alejandra",
          "profile_background_tile": false,
          "profile_image_url": "http://pbs.twimg.com/profile_images/1134333675733225472/1OybRJ1L_normal.jpg",
          "profile_image_url_https": "https://pbs.twimg.com/profile_images/1134333675733225472/1OybRJ1L_normal.jpg",
          "profile_background_image_url_https": null,
          "url": null,
          "profile_sidebar_fill_color": "DDEEF6",
          "default_profile": true,
          "profile_text_color": "333333",
          "has_extended_profile": false,
          "entities": {
            "description": {
              "urls": []
            }
          },
          "default_profile_image": false,
          "created_at": "Tue Nov 13 14:12:30 +0000 2018",
          "profile_background_color": "F5F8FA",
          "translator_type": "none",
          "contributors_enabled": false,
          "followers_count": 459,
          "verified": false,
          "geo_enabled": false,
          "screen_name": "Alejand48616309",
          "listed_count": 0,
          "description": "",
          "profile_use_background_image": true,
          "is_translator": false,
          "profile_link_color": "1DA1F2",
          "profile_sidebar_border_color": "C0DEED",
          "follow_request_sent": false,
          "profile_banner_url": "https://pbs.twimg.com/profile_banners/1062347475175067650/1574122233",
          "id": 1062347475175067650,
          "notifications": false,
          "following": false,
          "is_translation_enabled": false,
          "time_zone": null,
          "statuses_count": 23978,
          "location": "",
          "id_str": "1062347475175067650",
          "lang": null,
          "profile_background_image_url": null,
          "friends_count": 368
        },
        "contributors": null,
        "in_reply_to_user_id_str": "1946091733",
        "source": "<a href=\"http://twitter.com/download/iphone\" rel=\"nofollow\">Twitter for iPhone</a>",
        "entities": {
          "hashtags": [],
          "symbols": [],
          "user_mentions": [
            {
              "id_str": "1946091733",
              "id": 1946091733,
              "screen_name": "GarciaBerthita",
              "name": "bertha",
              "indices": [
                0,
                15
              ]
            },
            {
              "id_str": "350460605",
              "id": 350460605,
              "screen_name": "SalvadorHeresi",
              "name": "Salvador Heresi",
              "indices": [
                16,
                31
              ]
            }
          ],
          "urls": []
        },
        "coordinates": null,
        "place": null,
        "in_reply_to_status_id": 1202420445267595264,
        "geo": null,
        "favorited": false,
        "retweeted": false,
        "favorite_count": 1,
        "in_reply_to_status_id_str": "1202420445267595264",
        "in_reply_to_user_id": 1946091733,
        "is_quote_status": false,
        "id": 1202431269944078336,
        "retweet_count": 1,
        "id_str": "1202431269944078336",
        "lang": "es",
        "in_reply_to_screen_name": "GarciaBerthita"
      },
      "id_str": "1202449828262879233",
      "lang": "es",
      "in_reply_to_screen_name": null
    },
    {
      "metadata": {
        "iso_language_code": "es",
        "result_type": "recent"
      },
      "text": "@Hector1969d1969 @SalvadorHeresi Son lo mismo, no tienen argumentos y apelan a repetir y repetir o al miedo.",
      "truncated": false,
      "created_at": "Thu Dec 05 04:48:42 +0000 2019",
      "user": {
        "favourites_count": 4565,
        "utc_offset": null,
        "protected": false,
        "name": "Luis Trece",
        "profile_background_tile": false,
        "profile_image_url": "http://pbs.twimg.com/profile_images/378800000843751391/5d350fc7b373ed4b736f5031c90bfbdb_normal.jpeg",
        "profile_image_url_https": "https://pbs.twimg.com/profile_images/378800000843751391/5d350fc7b373ed4b736f5031c90bfbdb_normal.jpeg",
        "profile_background_image_url_https": "https://abs.twimg.com/images/themes/theme1/bg.png",
        "url": null,
        "profile_sidebar_fill_color": "DDEEF6",
        "default_profile": true,
        "profile_text_color": "333333",
        "has_extended_profile": true,
        "entities": {
          "description": {
            "urls": []
          }
        },
        "default_profile_image": false,
        "created_at": "Wed Jan 30 16:49:57 +0000 2013",
        "profile_background_color": "C0DEED",
        "translator_type": "none",
        "contributors_enabled": false,
        "followers_count": 81,
        "verified": false,
        "geo_enabled": false,
        "screen_name": "azodneml",
        "listed_count": 0,
        "description": "Eins, zwei und drei.",
        "profile_use_background_image": true,
        "is_translator": false,
        "profile_link_color": "1DA1F2",
        "profile_sidebar_border_color": "C0DEED",
        "follow_request_sent": false,
        "profile_banner_url": "https://pbs.twimg.com/profile_banners/1134605623/1538624942",
        "id": 1134605623,
        "notifications": false,
        "following": false,
        "is_translation_enabled": false,
        "time_zone": null,
        "statuses_count": 5428,
        "location": "",
        "id_str": "1134605623",
        "lang": null,
        "profile_background_image_url": "http://abs.twimg.com/images/themes/theme1/bg.png",
        "friends_count": 162
      },
      "contributors": null,
      "in_reply_to_user_id_str": "1180556012559843328",
      "source": "<a href=\"http://twitter.com/download/android\" rel=\"nofollow\">Twitter for Android</a>",
      "entities": {
        "hashtags": [],
        "symbols": [],
        "user_mentions": [
          {
            "id_str": "1180556012559843328",
            "id": 1180556012559843328,
            "screen_name": "Hector1969d1969",
            "name": "meliton carvajal69",
            "indices": [
              0,
              16
            ]
          },
          {
            "id_str": "350460605",
            "id": 350460605,
            "screen_name": "SalvadorHeresi",
            "name": "Salvador Heresi",
            "indices": [
              17,
              32
            ]
          }
        ],
        "urls": []
      },
      "coordinates": null,
      "place": null,
      "in_reply_to_status_id": 1202439031935639553,
      "geo": null,
      "favorited": false,
      "retweeted": false,
      "favorite_count": 0,
      "in_reply_to_status_id_str": "1202439031935639553",
      "in_reply_to_user_id": 1180556012559843328,
      "is_quote_status": false,
      "id": 1202449696397987840,
      "retweet_count": 0,
      "id_str": "1202449696397987840",
      "lang": "es",
      "in_reply_to_screen_name": "Hector1969d1969"
    }
  ],
  "request_date": "2019-12-04-23:59:21"
}