{
  "request_date": "2020-01-19-23:06:39",
  "data": [
    {
      "retweeted": false,
      "truncated": false,
      "coordinates": null,
      "geo": null,
      "in_reply_to_screen_name": null,
      "in_reply_to_status_id": null,
      "id_str": "1219095657539084290",
      "retweeted_status": {
        "retweeted": false,
        "truncated": false,
        "coordinates": null,
        "geo": null,
        "in_reply_to_screen_name": null,
        "in_reply_to_status_id": null,
        "id_str": "1219093100703965184",
        "favorited": false,
        "possibly_sensitive": false,
        "user": {
          "profile_image_url_https": "https://pbs.twimg.com/profile_images/1214151942521282561/xegvmXVk_normal.jpg",
          "screen_name": "kGuerrero85",
          "contributors_enabled": false,
          "profile_sidebar_border_color": "000000",
          "has_extended_profile": true,
          "following": false,
          "profile_background_image_url": "http://abs.twimg.com/images/themes/theme13/bg.gif",
          "geo_enabled": true,
          "listed_count": 1,
          "translator_type": "none",
          "id_str": "873028022",
          "url": null,
          "profile_link_color": "ABB8C2",
          "statuses_count": 2927,
          "protected": false,
          "id": 873028022,
          "location": "Lima, Peru",
          "is_translation_enabled": false,
          "description": "Periodista deportiva. Entrenadora de fútbol de menores. Amo el atletismo. Apasionada, intensa y trastornada.",
          "default_profile": false,
          "notifications": false,
          "profile_banner_url": "https://pbs.twimg.com/profile_banners/873028022/1578540270",
          "profile_text_color": "000000",
          "profile_image_url": "http://pbs.twimg.com/profile_images/1214151942521282561/xegvmXVk_normal.jpg",
          "friends_count": 985,
          "favourites_count": 2344,
          "verified": false,
          "follow_request_sent": false,
          "name": "Katherine Guerrero",
          "default_profile_image": false,
          "is_translator": false,
          "profile_background_tile": true,
          "entities": {
            "description": {
              "urls": []
            }
          },
          "profile_sidebar_fill_color": "000000",
          "created_at": "Thu Oct 11 05:02:35 +0000 2012",
          "profile_background_image_url_https": "https://abs.twimg.com/images/themes/theme13/bg.gif",
          "profile_use_background_image": true,
          "utc_offset": null,
          "lang": null,
          "time_zone": null,
          "profile_background_color": "3B94D9",
          "followers_count": 1046
        },
        "id": 1219093100703965184,
        "in_reply_to_user_id_str": null,
        "is_quote_status": false,
        "extended_entities": {
          "media": [
            {
              "sizes": {
                "small": {
                  "w": 680,
                  "h": 510,
                  "resize": "fit"
                },
                "thumb": {
                  "w": 150,
                  "h": 150,
                  "resize": "crop"
                },
                "large": {
                  "w": 1024,
                  "h": 768,
                  "resize": "fit"
                },
                "medium": {
                  "w": 1024,
                  "h": 768,
                  "resize": "fit"
                }
              },
              "url": "https://t.co/ty5bDdCm3n",
              "expanded_url": "https://twitter.com/kGuerrero85/status/1219093100703965184/photo/1",
              "type": "photo",
              "indices": [
                95,
                118
              ],
              "id": 1219093087080726528,
              "id_str": "1219093087080726528",
              "display_url": "pic.twitter.com/ty5bDdCm3n",
              "media_url": "http://pbs.twimg.com/media/EOsWtCOUwAAA02s.jpg",
              "media_url_https": "https://pbs.twimg.com/media/EOsWtCOUwAAA02s.jpg"
            },
            {
              "sizes": {
                "small": {
                  "w": 680,
                  "h": 510,
                  "resize": "fit"
                },
                "thumb": {
                  "w": 150,
                  "h": 150,
                  "resize": "crop"
                },
                "large": {
                  "w": 1024,
                  "h": 768,
                  "resize": "fit"
                },
                "medium": {
                  "w": 1024,
                  "h": 768,
                  "resize": "fit"
                }
              },
              "url": "https://t.co/ty5bDdCm3n",
              "expanded_url": "https://twitter.com/kGuerrero85/status/1219093100703965184/photo/1",
              "type": "photo",
              "indices": [
                95,
                118
              ],
              "id": 1219093086955065345,
              "id_str": "1219093086955065345",
              "display_url": "pic.twitter.com/ty5bDdCm3n",
              "media_url": "http://pbs.twimg.com/media/EOsWtBwXUAEx-3l.jpg",
              "media_url_https": "https://pbs.twimg.com/media/EOsWtBwXUAEx-3l.jpg"
            },
            {
              "sizes": {
                "small": {
                  "w": 680,
                  "h": 510,
                  "resize": "fit"
                },
                "thumb": {
                  "w": 150,
                  "h": 150,
                  "resize": "crop"
                },
                "large": {
                  "w": 1024,
                  "h": 768,
                  "resize": "fit"
                },
                "medium": {
                  "w": 1024,
                  "h": 768,
                  "resize": "fit"
                }
              },
              "url": "https://t.co/ty5bDdCm3n",
              "expanded_url": "https://twitter.com/kGuerrero85/status/1219093100703965184/photo/1",
              "type": "photo",
              "indices": [
                95,
                118
              ],
              "id": 1219093086980247553,
              "id_str": "1219093086980247553",
              "display_url": "pic.twitter.com/ty5bDdCm3n",
              "media_url": "http://pbs.twimg.com/media/EOsWtB2XkAEob1T.jpg",
              "media_url_https": "https://pbs.twimg.com/media/EOsWtB2XkAEob1T.jpg"
            },
            {
              "sizes": {
                "small": {
                  "w": 680,
                  "h": 510,
                  "resize": "fit"
                },
                "large": {
                  "w": 1024,
                  "h": 768,
                  "resize": "fit"
                },
                "thumb": {
                  "w": 150,
                  "h": 150,
                  "resize": "crop"
                },
                "medium": {
                  "w": 1024,
                  "h": 768,
                  "resize": "fit"
                }
              },
              "url": "https://t.co/ty5bDdCm3n",
              "expanded_url": "https://twitter.com/kGuerrero85/status/1219093100703965184/photo/1",
              "type": "photo",
              "indices": [
                95,
                118
              ],
              "id": 1219093087080701952,
              "id_str": "1219093087080701952",
              "display_url": "pic.twitter.com/ty5bDdCm3n",
              "media_url": "http://pbs.twimg.com/media/EOsWtCOUYAAiXAo.jpg",
              "media_url_https": "https://pbs.twimg.com/media/EOsWtCOUYAAiXAo.jpg"
            }
          ]
        },
        "lang": "es",
        "text": "#Recuerda | Este 26 de Enero marca la 🅰️ de Alianza para El Progreso y escribe el número 23.✏️ https://t.co/ty5bDdCm3n",
        "place": null,
        "retweet_count": 1,
        "source": "<a href=\"http://twitter.com/download/iphone\" rel=\"nofollow\">Twitter for iPhone</a>",
        "in_reply_to_user_id": null,
        "entities": {
          "user_mentions": [],
          "media": [
            {
              "sizes": {
                "small": {
                  "w": 680,
                  "h": 510,
                  "resize": "fit"
                },
                "thumb": {
                  "w": 150,
                  "h": 150,
                  "resize": "crop"
                },
                "large": {
                  "w": 1024,
                  "h": 768,
                  "resize": "fit"
                },
                "medium": {
                  "w": 1024,
                  "h": 768,
                  "resize": "fit"
                }
              },
              "url": "https://t.co/ty5bDdCm3n",
              "expanded_url": "https://twitter.com/kGuerrero85/status/1219093100703965184/photo/1",
              "type": "photo",
              "indices": [
                95,
                118
              ],
              "id": 1219093087080726528,
              "id_str": "1219093087080726528",
              "display_url": "pic.twitter.com/ty5bDdCm3n",
              "media_url": "http://pbs.twimg.com/media/EOsWtCOUwAAA02s.jpg",
              "media_url_https": "https://pbs.twimg.com/media/EOsWtCOUwAAA02s.jpg"
            }
          ],
          "symbols": [],
          "hashtags": [
            {
              "text": "Recuerda",
              "indices": [
                0,
                9
              ]
            }
          ],
          "urls": []
        },
        "favorite_count": 8,
        "created_at": "Mon Jan 20 03:03:39 +0000 2020",
        "contributors": null,
        "metadata": {
          "result_type": "recent",
          "iso_language_code": "es"
        },
        "in_reply_to_status_id_str": null
      },
      "favorited": false,
      "possibly_sensitive": false,
      "user": {
        "profile_image_url_https": "https://pbs.twimg.com/profile_images/892407960584024066/DMWDhpcN_normal.jpg",
        "screen_name": "Peru_APP",
        "contributors_enabled": false,
        "profile_sidebar_border_color": "A8C7F7",
        "has_extended_profile": false,
        "following": false,
        "profile_background_image_url": "http://abs.twimg.com/images/themes/theme15/bg.png",
        "geo_enabled": false,
        "listed_count": 109,
        "translator_type": "none",
        "id_str": "90961315",
        "url": "http://t.co/bGhcU12gut",
        "profile_link_color": "0084B4",
        "statuses_count": 6293,
        "protected": false,
        "id": 90961315,
        "location": "Perú, a nivel nacional.",
        "is_translation_enabled": false,
        "description": "Alianza para el Progreso, es un Partido Político con presencia nacional que trabaja por EL GRAN CAMBIO del #Perú, sueño de su líder y fundador @CesarAcunaP.",
        "default_profile": false,
        "notifications": false,
        "profile_banner_url": "https://pbs.twimg.com/profile_banners/90961315/1501172766",
        "profile_text_color": "333333",
        "profile_image_url": "http://pbs.twimg.com/profile_images/892407960584024066/DMWDhpcN_normal.jpg",
        "friends_count": 1306,
        "favourites_count": 2439,
        "verified": false,
        "follow_request_sent": false,
        "name": "APP",
        "default_profile_image": false,
        "is_translator": false,
        "profile_background_tile": false,
        "entities": {
          "url": {
            "urls": [
              {
                "url": "http://t.co/bGhcU12gut",
                "indices": [
                  0,
                  22
                ],
                "display_url": "app.pe",
                "expanded_url": "http://www.app.pe"
              }
            ]
          },
          "description": {
            "urls": []
          }
        },
        "profile_sidebar_fill_color": "C0DFEC",
        "created_at": "Wed Nov 18 21:21:07 +0000 2009",
        "profile_background_image_url_https": "https://abs.twimg.com/images/themes/theme15/bg.png",
        "profile_use_background_image": true,
        "utc_offset": null,
        "lang": null,
        "time_zone": null,
        "profile_background_color": "022330",
        "followers_count": 6867
      },
      "id": 1219095657539084290,
      "in_reply_to_user_id_str": null,
      "is_quote_status": false,
      "extended_entities": {
        "media": [
          {
            "source_user_id_str": "873028022",
            "source_user_id": 873028022,
            "media_url_https": "https://pbs.twimg.com/media/EOsWtCOUwAAA02s.jpg",
            "sizes": {
              "small": {
                "w": 680,
                "h": 510,
                "resize": "fit"
              },
              "thumb": {
                "w": 150,
                "h": 150,
                "resize": "crop"
              },
              "large": {
                "w": 1024,
                "h": 768,
                "resize": "fit"
              },
              "medium": {
                "w": 1024,
                "h": 768,
                "resize": "fit"
              }
            },
            "display_url": "pic.twitter.com/ty5bDdCm3n",
            "media_url": "http://pbs.twimg.com/media/EOsWtCOUwAAA02s.jpg",
            "id": 1219093087080726528,
            "source_status_id_str": "1219093100703965184",
            "url": "https://t.co/ty5bDdCm3n",
            "type": "photo",
            "source_status_id": 1219093100703965184,
            "expanded_url": "https://twitter.com/kGuerrero85/status/1219093100703965184/photo/1",
            "id_str": "1219093087080726528",
            "indices": [
              112,
              135
            ]
          },
          {
            "source_user_id_str": "873028022",
            "source_user_id": 873028022,
            "media_url_https": "https://pbs.twimg.com/media/EOsWtBwXUAEx-3l.jpg",
            "sizes": {
              "small": {
                "w": 680,
                "h": 510,
                "resize": "fit"
              },
              "thumb": {
                "w": 150,
                "h": 150,
                "resize": "crop"
              },
              "large": {
                "w": 1024,
                "h": 768,
                "resize": "fit"
              },
              "medium": {
                "w": 1024,
                "h": 768,
                "resize": "fit"
              }
            },
            "display_url": "pic.twitter.com/ty5bDdCm3n",
            "media_url": "http://pbs.twimg.com/media/EOsWtBwXUAEx-3l.jpg",
            "id": 1219093086955065345,
            "source_status_id_str": "1219093100703965184",
            "url": "https://t.co/ty5bDdCm3n",
            "type": "photo",
            "source_status_id": 1219093100703965184,
            "expanded_url": "https://twitter.com/kGuerrero85/status/1219093100703965184/photo/1",
            "id_str": "1219093086955065345",
            "indices": [
              112,
              135
            ]
          },
          {
            "source_user_id_str": "873028022",
            "source_user_id": 873028022,
            "media_url_https": "https://pbs.twimg.com/media/EOsWtB2XkAEob1T.jpg",
            "sizes": {
              "small": {
                "w": 680,
                "h": 510,
                "resize": "fit"
              },
              "thumb": {
                "w": 150,
                "h": 150,
                "resize": "crop"
              },
              "large": {
                "w": 1024,
                "h": 768,
                "resize": "fit"
              },
              "medium": {
                "w": 1024,
                "h": 768,
                "resize": "fit"
              }
            },
            "display_url": "pic.twitter.com/ty5bDdCm3n",
            "media_url": "http://pbs.twimg.com/media/EOsWtB2XkAEob1T.jpg",
            "id": 1219093086980247553,
            "source_status_id_str": "1219093100703965184",
            "url": "https://t.co/ty5bDdCm3n",
            "type": "photo",
            "source_status_id": 1219093100703965184,
            "expanded_url": "https://twitter.com/kGuerrero85/status/1219093100703965184/photo/1",
            "id_str": "1219093086980247553",
            "indices": [
              112,
              135
            ]
          },
          {
            "source_user_id_str": "873028022",
            "source_user_id": 873028022,
            "media_url_https": "https://pbs.twimg.com/media/EOsWtCOUYAAiXAo.jpg",
            "sizes": {
              "small": {
                "w": 680,
                "h": 510,
                "resize": "fit"
              },
              "large": {
                "w": 1024,
                "h": 768,
                "resize": "fit"
              },
              "thumb": {
                "w": 150,
                "h": 150,
                "resize": "crop"
              },
              "medium": {
                "w": 1024,
                "h": 768,
                "resize": "fit"
              }
            },
            "display_url": "pic.twitter.com/ty5bDdCm3n",
            "media_url": "http://pbs.twimg.com/media/EOsWtCOUYAAiXAo.jpg",
            "id": 1219093087080701952,
            "source_status_id_str": "1219093100703965184",
            "url": "https://t.co/ty5bDdCm3n",
            "type": "photo",
            "source_status_id": 1219093100703965184,
            "expanded_url": "https://twitter.com/kGuerrero85/status/1219093100703965184/photo/1",
            "id_str": "1219093087080701952",
            "indices": [
              112,
              135
            ]
          }
        ]
      },
      "lang": "es",
      "text": "RT @kGuerrero85: #Recuerda | Este 26 de Enero marca la 🅰️ de Alianza para El Progreso y escribe el número 23.✏️ https://t.co/ty5bDdCm3n",
      "place": null,
      "retweet_count": 1,
      "source": "<a href=\"http://twitter.com/download/iphone\" rel=\"nofollow\">Twitter for iPhone</a>",
      "in_reply_to_user_id": null,
      "entities": {
        "user_mentions": [
          {
            "screen_name": "kGuerrero85",
            "id_str": "873028022",
            "name": "Katherine Guerrero",
            "indices": [
              3,
              15
            ],
            "id": 873028022
          }
        ],
        "media": [
          {
            "source_user_id_str": "873028022",
            "source_user_id": 873028022,
            "media_url_https": "https://pbs.twimg.com/media/EOsWtCOUwAAA02s.jpg",
            "sizes": {
              "small": {
                "w": 680,
                "h": 510,
                "resize": "fit"
              },
              "thumb": {
                "w": 150,
                "h": 150,
                "resize": "crop"
              },
              "large": {
                "w": 1024,
                "h": 768,
                "resize": "fit"
              },
              "medium": {
                "w": 1024,
                "h": 768,
                "resize": "fit"
              }
            },
            "display_url": "pic.twitter.com/ty5bDdCm3n",
            "media_url": "http://pbs.twimg.com/media/EOsWtCOUwAAA02s.jpg",
            "id": 1219093087080726528,
            "source_status_id_str": "1219093100703965184",
            "url": "https://t.co/ty5bDdCm3n",
            "type": "photo",
            "source_status_id": 1219093100703965184,
            "expanded_url": "https://twitter.com/kGuerrero85/status/1219093100703965184/photo/1",
            "id_str": "1219093087080726528",
            "indices": [
              112,
              135
            ]
          }
        ],
        "symbols": [],
        "hashtags": [
          {
            "text": "Recuerda",
            "indices": [
              17,
              26
            ]
          }
        ],
        "urls": []
      },
      "favorite_count": 0,
      "created_at": "Mon Jan 20 03:13:49 +0000 2020",
      "contributors": null,
      "metadata": {
        "result_type": "recent",
        "iso_language_code": "es"
      },
      "in_reply_to_status_id_str": null
    },
    {
      "retweeted": false,
      "truncated": false,
      "coordinates": null,
      "geo": null,
      "in_reply_to_screen_name": "Peru_APP",
      "in_reply_to_status_id": 1219049271389052930,
      "id_str": "1219087596078469120",
      "favorited": false,
      "user": {
        "profile_image_url_https": "https://pbs.twimg.com/profile_images/516107143271813120/bdG5Hvfv_normal.jpeg",
        "screen_name": "poderfactico",
        "contributors_enabled": false,
        "profile_sidebar_border_color": "C0DEED",
        "has_extended_profile": false,
        "following": false,
        "profile_background_image_url": "http://abs.twimg.com/images/themes/theme1/bg.png",
        "geo_enabled": false,
        "listed_count": 0,
        "translator_type": "none",
        "id_str": "2788531271",
        "url": null,
        "profile_link_color": "1DA1F2",
        "statuses_count": 715,
        "protected": false,
        "id": 2788531271,
        "location": "",
        "is_translation_enabled": false,
        "description": "",
        "default_profile": true,
        "notifications": false,
        "profile_banner_url": "https://pbs.twimg.com/profile_banners/2788531271/1433377457",
        "profile_text_color": "333333",
        "profile_image_url": "http://pbs.twimg.com/profile_images/516107143271813120/bdG5Hvfv_normal.jpeg",
        "friends_count": 121,
        "favourites_count": 5385,
        "verified": false,
        "follow_request_sent": false,
        "name": "Manu L.G.",
        "default_profile_image": false,
        "is_translator": false,
        "profile_background_tile": false,
        "entities": {
          "description": {
            "urls": []
          }
        },
        "profile_sidebar_fill_color": "DDEEF6",
        "created_at": "Sun Sep 28 05:57:15 +0000 2014",
        "profile_background_image_url_https": "https://abs.twimg.com/images/themes/theme1/bg.png",
        "profile_use_background_image": true,
        "utc_offset": null,
        "lang": null,
        "time_zone": null,
        "profile_background_color": "C0DEED",
        "followers_count": 16
      },
      "id": 1219087596078469120,
      "favorite_count": 0,
      "is_quote_status": false,
      "retweet_count": 0,
      "lang": "es",
      "text": "@Peru_APP @kGuerrero85 Hermanitos del fujiaprismo",
      "place": null,
      "source": "<a href=\"http://twitter.com/download/android\" rel=\"nofollow\">Twitter for Android</a>",
      "in_reply_to_user_id": 90961315,
      "entities": {
        "user_mentions": [
          {
            "screen_name": "Peru_APP",
            "id_str": "90961315",
            "name": "APP",
            "indices": [
              0,
              9
            ],
            "id": 90961315
          },
          {
            "screen_name": "kGuerrero85",
            "id_str": "873028022",
            "name": "Katherine Guerrero",
            "indices": [
              10,
              22
            ],
            "id": 873028022
          }
        ],
        "symbols": [],
        "hashtags": [],
        "urls": []
      },
      "in_reply_to_user_id_str": "90961315",
      "created_at": "Mon Jan 20 02:41:47 +0000 2020",
      "contributors": null,
      "metadata": {
        "result_type": "recent",
        "iso_language_code": "es"
      },
      "in_reply_to_status_id_str": "1219049271389052930"
    },
    {
      "retweeted": false,
      "truncated": false,
      "coordinates": null,
      "geo": null,
      "in_reply_to_screen_name": null,
      "in_reply_to_status_id": null,
      "id_str": "1219069554049060865",
      "retweeted_status": {
        "retweeted": false,
        "truncated": true,
        "coordinates": null,
        "geo": null,
        "in_reply_to_screen_name": "kGuerrero85",
        "in_reply_to_status_id": null,
        "id_str": "1218937455472259072",
        "favorited": false,
        "user": {
          "profile_image_url_https": "https://pbs.twimg.com/profile_images/1167645906960826371/ypit90xa_normal.jpg",
          "screen_name": "Fernand78680079",
          "contributors_enabled": false,
          "profile_sidebar_border_color": "C0DEED",
          "has_extended_profile": false,
          "following": false,
          "profile_background_image_url": null,
          "geo_enabled": false,
          "listed_count": 0,
          "translator_type": "none",
          "id_str": "1167636916914855936",
          "url": null,
          "profile_link_color": "1DA1F2",
          "statuses_count": 61,
          "protected": false,
          "id": 1167636916914855936,
          "location": "",
          "is_translation_enabled": false,
          "description": "",
          "default_profile": true,
          "notifications": false,
          "profile_banner_url": "https://pbs.twimg.com/profile_banners/1167636916914855936/1567223452",
          "profile_text_color": "333333",
          "profile_image_url": "http://pbs.twimg.com/profile_images/1167645906960826371/ypit90xa_normal.jpg",
          "friends_count": 28,
          "favourites_count": 2,
          "verified": false,
          "follow_request_sent": false,
          "name": "Fernando Arias",
          "default_profile_image": false,
          "is_translator": false,
          "profile_background_tile": false,
          "entities": {
            "description": {
              "urls": []
            }
          },
          "profile_sidebar_fill_color": "DDEEF6",
          "created_at": "Sat Aug 31 03:15:28 +0000 2019",
          "profile_background_image_url_https": null,
          "profile_use_background_image": true,
          "utc_offset": null,
          "lang": null,
          "time_zone": null,
          "profile_background_color": "F5F8FA",
          "followers_count": 0
        },
        "id": 1218937455472259072,
        "favorite_count": 3,
        "is_quote_status": false,
        "retweet_count": 1,
        "lang": "es",
        "text": "@kGuerrero85 ya tienes mi voto y el todo mi familia lucha por los enfermos del cáncer no tenemos tomografos en los… https://t.co/9yygzFBWVs",
        "place": null,
        "source": "<a href=\"http://twitter.com/download/android\" rel=\"nofollow\">Twitter for Android</a>",
        "in_reply_to_user_id": 873028022,
        "entities": {
          "user_mentions": [
            {
              "screen_name": "kGuerrero85",
              "id_str": "873028022",
              "name": "Katherine Guerrero",
              "indices": [
                0,
                12
              ],
              "id": 873028022
            }
          ],
          "symbols": [],
          "hashtags": [],
          "urls": [
            {
              "url": "https://t.co/9yygzFBWVs",
              "indices": [
                116,
                139
              ],
              "display_url": "twitter.com/i/web/status/1…",
              "expanded_url": "https://twitter.com/i/web/status/1218937455472259072"
            }
          ]
        },
        "in_reply_to_user_id_str": "873028022",
        "created_at": "Sun Jan 19 16:45:10 +0000 2020",
        "contributors": null,
        "metadata": {
          "result_type": "recent",
          "iso_language_code": "es"
        },
        "in_reply_to_status_id_str": null
      },
      "favorited": false,
      "user": {
        "profile_image_url_https": "https://pbs.twimg.com/profile_images/1214151942521282561/xegvmXVk_normal.jpg",
        "screen_name": "kGuerrero85",
        "contributors_enabled": false,
        "profile_sidebar_border_color": "000000",
        "has_extended_profile": true,
        "following": false,
        "profile_background_image_url": "http://abs.twimg.com/images/themes/theme13/bg.gif",
        "geo_enabled": true,
        "listed_count": 1,
        "translator_type": "none",
        "id_str": "873028022",
        "url": null,
        "profile_link_color": "ABB8C2",
        "statuses_count": 2927,
        "protected": false,
        "id": 873028022,
        "location": "Lima, Peru",
        "is_translation_enabled": false,
        "description": "Periodista deportiva. Entrenadora de fútbol de menores. Amo el atletismo. Apasionada, intensa y trastornada.",
        "default_profile": false,
        "notifications": false,
        "profile_banner_url": "https://pbs.twimg.com/profile_banners/873028022/1578540270",
        "profile_text_color": "000000",
        "profile_image_url": "http://pbs.twimg.com/profile_images/1214151942521282561/xegvmXVk_normal.jpg",
        "friends_count": 985,
        "favourites_count": 2344,
        "verified": false,
        "follow_request_sent": false,
        "name": "Katherine Guerrero",
        "default_profile_image": false,
        "is_translator": false,
        "profile_background_tile": true,
        "entities": {
          "description": {
            "urls": []
          }
        },
        "profile_sidebar_fill_color": "000000",
        "created_at": "Thu Oct 11 05:02:35 +0000 2012",
        "profile_background_image_url_https": "https://abs.twimg.com/images/themes/theme13/bg.gif",
        "profile_use_background_image": true,
        "utc_offset": null,
        "lang": null,
        "time_zone": null,
        "profile_background_color": "3B94D9",
        "followers_count": 1046
      },
      "id": 1219069554049060865,
      "in_reply_to_user_id_str": null,
      "is_quote_status": false,
      "retweet_count": 1,
      "lang": "es",
      "text": "RT @Fernand78680079: @kGuerrero85 ya tienes mi voto y el todo mi familia lucha por los enfermos del cáncer no tenemos tomografos en los hos…",
      "place": null,
      "source": "<a href=\"http://twitter.com/download/iphone\" rel=\"nofollow\">Twitter for iPhone</a>",
      "in_reply_to_user_id": null,
      "entities": {
        "user_mentions": [
          {
            "screen_name": "Fernand78680079",
            "id_str": "1167636916914855936",
            "name": "Fernando Arias",
            "indices": [
              3,
              19
            ],
            "id": 1167636916914855936
          },
          {
            "screen_name": "kGuerrero85",
            "id_str": "873028022",
            "name": "Katherine Guerrero",
            "indices": [
              21,
              33
            ],
            "id": 873028022
          }
        ],
        "symbols": [],
        "hashtags": [],
        "urls": []
      },
      "favorite_count": 0,
      "created_at": "Mon Jan 20 01:30:05 +0000 2020",
      "contributors": null,
      "metadata": {
        "result_type": "recent",
        "iso_language_code": "es"
      },
      "in_reply_to_status_id_str": null
    },
    {
      "retweeted": false,
      "truncated": true,
      "coordinates": null,
      "geo": null,
      "in_reply_to_screen_name": "kGuerrero85",
      "in_reply_to_status_id": null,
      "id_str": "1218937455472259072",
      "favorited": false,
      "user": {
        "profile_image_url_https": "https://pbs.twimg.com/profile_images/1167645906960826371/ypit90xa_normal.jpg",
        "screen_name": "Fernand78680079",
        "contributors_enabled": false,
        "profile_sidebar_border_color": "C0DEED",
        "has_extended_profile": false,
        "following": false,
        "profile_background_image_url": null,
        "geo_enabled": false,
        "listed_count": 0,
        "translator_type": "none",
        "id_str": "1167636916914855936",
        "url": null,
        "profile_link_color": "1DA1F2",
        "statuses_count": 61,
        "protected": false,
        "id": 1167636916914855936,
        "location": "",
        "is_translation_enabled": false,
        "description": "",
        "default_profile": true,
        "notifications": false,
        "profile_banner_url": "https://pbs.twimg.com/profile_banners/1167636916914855936/1567223452",
        "profile_text_color": "333333",
        "profile_image_url": "http://pbs.twimg.com/profile_images/1167645906960826371/ypit90xa_normal.jpg",
        "friends_count": 28,
        "favourites_count": 2,
        "verified": false,
        "follow_request_sent": false,
        "name": "Fernando Arias",
        "default_profile_image": false,
        "is_translator": false,
        "profile_background_tile": false,
        "entities": {
          "description": {
            "urls": []
          }
        },
        "profile_sidebar_fill_color": "DDEEF6",
        "created_at": "Sat Aug 31 03:15:28 +0000 2019",
        "profile_background_image_url_https": null,
        "profile_use_background_image": true,
        "utc_offset": null,
        "lang": null,
        "time_zone": null,
        "profile_background_color": "F5F8FA",
        "followers_count": 0
      },
      "id": 1218937455472259072,
      "favorite_count": 3,
      "is_quote_status": false,
      "retweet_count": 1,
      "lang": "es",
      "text": "@kGuerrero85 ya tienes mi voto y el todo mi familia lucha por los enfermos del cáncer no tenemos tomografos en los… https://t.co/9yygzFBWVs",
      "place": null,
      "source": "<a href=\"http://twitter.com/download/android\" rel=\"nofollow\">Twitter for Android</a>",
      "in_reply_to_user_id": 873028022,
      "entities": {
        "user_mentions": [
          {
            "screen_name": "kGuerrero85",
            "id_str": "873028022",
            "name": "Katherine Guerrero",
            "indices": [
              0,
              12
            ],
            "id": 873028022
          }
        ],
        "symbols": [],
        "hashtags": [],
        "urls": [
          {
            "url": "https://t.co/9yygzFBWVs",
            "indices": [
              116,
              139
            ],
            "display_url": "twitter.com/i/web/status/1…",
            "expanded_url": "https://twitter.com/i/web/status/1218937455472259072"
          }
        ]
      },
      "in_reply_to_user_id_str": "873028022",
      "created_at": "Sun Jan 19 16:45:10 +0000 2020",
      "contributors": null,
      "metadata": {
        "result_type": "recent",
        "iso_language_code": "es"
      },
      "in_reply_to_status_id_str": null
    },
    {
      "retweeted": false,
      "truncated": false,
      "coordinates": null,
      "geo": null,
      "in_reply_to_screen_name": "kGuerrero85",
      "in_reply_to_status_id": 1216722225652535296,
      "id_str": "1218249838099357696",
      "favorited": false,
      "possibly_sensitive": false,
      "user": {
        "profile_image_url_https": "https://pbs.twimg.com/profile_images/1178065538167300099/ZESqwpMx_normal.jpg",
        "screen_name": "rusbel_silva",
        "contributors_enabled": false,
        "profile_sidebar_border_color": "A8C7F7",
        "has_extended_profile": false,
        "following": false,
        "profile_background_image_url": "http://abs.twimg.com/images/themes/theme15/bg.png",
        "geo_enabled": false,
        "listed_count": 1,
        "translator_type": "none",
        "id_str": "45489975",
        "url": null,
        "profile_link_color": "0084B4",
        "statuses_count": 1069,
        "protected": false,
        "id": 45489975,
        "location": "Madre de Dios, Peru",
        "is_translation_enabled": false,
        "description": "ALIANZA LIMA 💟",
        "default_profile": false,
        "notifications": false,
        "profile_banner_url": "https://pbs.twimg.com/profile_banners/45489975/1565551017",
        "profile_text_color": "333333",
        "profile_image_url": "http://pbs.twimg.com/profile_images/1178065538167300099/ZESqwpMx_normal.jpg",
        "friends_count": 115,
        "favourites_count": 1841,
        "verified": false,
        "follow_request_sent": false,
        "name": "Rusbel Silva",
        "default_profile_image": false,
        "is_translator": false,
        "profile_background_tile": false,
        "entities": {
          "description": {
            "urls": []
          }
        },
        "profile_sidebar_fill_color": "C0DFEC",
        "created_at": "Mon Jun 08 03:23:54 +0000 2009",
        "profile_background_image_url_https": "https://abs.twimg.com/images/themes/theme15/bg.png",
        "profile_use_background_image": true,
        "utc_offset": null,
        "lang": null,
        "time_zone": null,
        "profile_background_color": "022330",
        "followers_count": 59
      },
      "id": 1218249838099357696,
      "in_reply_to_user_id_str": "873028022",
      "is_quote_status": false,
      "extended_entities": {
        "media": [
          {
            "sizes": {
              "small": {
                "w": 398,
                "h": 680,
                "resize": "fit"
              },
              "thumb": {
                "w": 150,
                "h": 150,
                "resize": "crop"
              },
              "large": {
                "w": 1172,
                "h": 2004,
                "resize": "fit"
              },
              "medium": {
                "w": 702,
                "h": 1200,
                "resize": "fit"
              }
            },
            "url": "https://t.co/VZvHZhy5KS",
            "expanded_url": "https://twitter.com/rusbel_silva/status/1218249838099357696/photo/1",
            "type": "photo",
            "indices": [
              30,
              53
            ],
            "id": 1218249815961808897,
            "id_str": "1218249815961808897",
            "display_url": "pic.twitter.com/VZvHZhy5KS",
            "media_url": "http://pbs.twimg.com/media/EOgXwMgWsAEFmWD.jpg",
            "media_url_https": "https://pbs.twimg.com/media/EOgXwMgWsAEFmWD.jpg"
          }
        ]
      },
      "lang": "und",
      "text": "@kGuerrero85 @Latina_Noticias https://t.co/VZvHZhy5KS",
      "place": null,
      "retweet_count": 0,
      "source": "<a href=\"http://twitter.com/download/android\" rel=\"nofollow\">Twitter for Android</a>",
      "in_reply_to_user_id": 873028022,
      "entities": {
        "user_mentions": [
          {
            "screen_name": "kGuerrero85",
            "id_str": "873028022",
            "name": "Katherine Guerrero",
            "indices": [
              0,
              12
            ],
            "id": 873028022
          },
          {
            "screen_name": "Latina_Noticias",
            "id_str": "78201907",
            "name": "Latina Noticias",
            "indices": [
              13,
              29
            ],
            "id": 78201907
          }
        ],
        "media": [
          {
            "sizes": {
              "small": {
                "w": 398,
                "h": 680,
                "resize": "fit"
              },
              "thumb": {
                "w": 150,
                "h": 150,
                "resize": "crop"
              },
              "large": {
                "w": 1172,
                "h": 2004,
                "resize": "fit"
              },
              "medium": {
                "w": 702,
                "h": 1200,
                "resize": "fit"
              }
            },
            "url": "https://t.co/VZvHZhy5KS",
            "expanded_url": "https://twitter.com/rusbel_silva/status/1218249838099357696/photo/1",
            "type": "photo",
            "indices": [
              30,
              53
            ],
            "id": 1218249815961808897,
            "id_str": "1218249815961808897",
            "display_url": "pic.twitter.com/VZvHZhy5KS",
            "media_url": "http://pbs.twimg.com/media/EOgXwMgWsAEFmWD.jpg",
            "media_url_https": "https://pbs.twimg.com/media/EOgXwMgWsAEFmWD.jpg"
          }
        ],
        "symbols": [],
        "hashtags": [],
        "urls": []
      },
      "favorite_count": 0,
      "created_at": "Fri Jan 17 19:12:50 +0000 2020",
      "contributors": null,
      "metadata": {
        "result_type": "recent",
        "iso_language_code": "und"
      },
      "in_reply_to_status_id_str": "1216722225652535296"
    },
    {
      "retweeted": false,
      "truncated": false,
      "coordinates": null,
      "geo": null,
      "in_reply_to_screen_name": "kGuerrero85",
      "in_reply_to_status_id": 1217231863183552519,
      "id_str": "1218249593194012672",
      "favorited": false,
      "possibly_sensitive": false,
      "user": {
        "profile_image_url_https": "https://pbs.twimg.com/profile_images/1178065538167300099/ZESqwpMx_normal.jpg",
        "screen_name": "rusbel_silva",
        "contributors_enabled": false,
        "profile_sidebar_border_color": "A8C7F7",
        "has_extended_profile": false,
        "following": false,
        "profile_background_image_url": "http://abs.twimg.com/images/themes/theme15/bg.png",
        "geo_enabled": false,
        "listed_count": 1,
        "translator_type": "none",
        "id_str": "45489975",
        "url": null,
        "profile_link_color": "0084B4",
        "statuses_count": 1069,
        "protected": false,
        "id": 45489975,
        "location": "Madre de Dios, Peru",
        "is_translation_enabled": false,
        "description": "ALIANZA LIMA 💟",
        "default_profile": false,
        "notifications": false,
        "profile_banner_url": "https://pbs.twimg.com/profile_banners/45489975/1565551017",
        "profile_text_color": "333333",
        "profile_image_url": "http://pbs.twimg.com/profile_images/1178065538167300099/ZESqwpMx_normal.jpg",
        "friends_count": 115,
        "favourites_count": 1841,
        "verified": false,
        "follow_request_sent": false,
        "name": "Rusbel Silva",
        "default_profile_image": false,
        "is_translator": false,
        "profile_background_tile": false,
        "entities": {
          "description": {
            "urls": []
          }
        },
        "profile_sidebar_fill_color": "C0DFEC",
        "created_at": "Mon Jun 08 03:23:54 +0000 2009",
        "profile_background_image_url_https": "https://abs.twimg.com/images/themes/theme15/bg.png",
        "profile_use_background_image": true,
        "utc_offset": null,
        "lang": null,
        "time_zone": null,
        "profile_background_color": "022330",
        "followers_count": 59
      },
      "id": 1218249593194012672,
      "in_reply_to_user_id_str": "873028022",
      "is_quote_status": false,
      "extended_entities": {
        "media": [
          {
            "sizes": {
              "small": {
                "w": 398,
                "h": 680,
                "resize": "fit"
              },
              "thumb": {
                "w": 150,
                "h": 150,
                "resize": "crop"
              },
              "large": {
                "w": 1172,
                "h": 2004,
                "resize": "fit"
              },
              "medium": {
                "w": 702,
                "h": 1200,
                "resize": "fit"
              }
            },
            "url": "https://t.co/znWxD8is22",
            "expanded_url": "https://twitter.com/rusbel_silva/status/1218249593194012672/photo/1",
            "type": "photo",
            "indices": [
              36,
              59
            ],
            "id": 1218249573782695942,
            "id_str": "1218249573782695942",
            "display_url": "pic.twitter.com/znWxD8is22",
            "media_url": "http://pbs.twimg.com/media/EOgXiGUWsAYvSKJ.jpg",
            "media_url_https": "https://pbs.twimg.com/media/EOgXiGUWsAYvSKJ.jpg"
          }
        ]
      },
      "lang": "und",
      "text": "@kGuerrero85 @angelpaulflores Ummmm https://t.co/znWxD8is22",
      "place": null,
      "retweet_count": 0,
      "source": "<a href=\"http://twitter.com/download/android\" rel=\"nofollow\">Twitter for Android</a>",
      "in_reply_to_user_id": 873028022,
      "entities": {
        "user_mentions": [
          {
            "screen_name": "kGuerrero85",
            "id_str": "873028022",
            "name": "Katherine Guerrero",
            "indices": [
              0,
              12
            ],
            "id": 873028022
          },
          {
            "screen_name": "angelpaulflores",
            "id_str": "348549937",
            "name": "Ángel Paúl Flores",
            "indices": [
              13,
              29
            ],
            "id": 348549937
          }
        ],
        "media": [
          {
            "sizes": {
              "small": {
                "w": 398,
                "h": 680,
                "resize": "fit"
              },
              "thumb": {
                "w": 150,
                "h": 150,
                "resize": "crop"
              },
              "large": {
                "w": 1172,
                "h": 2004,
                "resize": "fit"
              },
              "medium": {
                "w": 702,
                "h": 1200,
                "resize": "fit"
              }
            },
            "url": "https://t.co/znWxD8is22",
            "expanded_url": "https://twitter.com/rusbel_silva/status/1218249593194012672/photo/1",
            "type": "photo",
            "indices": [
              36,
              59
            ],
            "id": 1218249573782695942,
            "id_str": "1218249573782695942",
            "display_url": "pic.twitter.com/znWxD8is22",
            "media_url": "http://pbs.twimg.com/media/EOgXiGUWsAYvSKJ.jpg",
            "media_url_https": "https://pbs.twimg.com/media/EOgXiGUWsAYvSKJ.jpg"
          }
        ],
        "symbols": [],
        "hashtags": [],
        "urls": []
      },
      "favorite_count": 0,
      "created_at": "Fri Jan 17 19:11:51 +0000 2020",
      "contributors": null,
      "metadata": {
        "result_type": "recent",
        "iso_language_code": "und"
      },
      "in_reply_to_status_id_str": "1217231863183552519"
    },
    {
      "retweeted": false,
      "truncated": false,
      "coordinates": null,
      "geo": null,
      "in_reply_to_screen_name": "kGuerrero85",
      "in_reply_to_status_id": 1217830411159711744,
      "id_str": "1218249379041226755",
      "favorited": false,
      "possibly_sensitive": false,
      "user": {
        "profile_image_url_https": "https://pbs.twimg.com/profile_images/1178065538167300099/ZESqwpMx_normal.jpg",
        "screen_name": "rusbel_silva",
        "contributors_enabled": false,
        "profile_sidebar_border_color": "A8C7F7",
        "has_extended_profile": false,
        "following": false,
        "profile_background_image_url": "http://abs.twimg.com/images/themes/theme15/bg.png",
        "geo_enabled": false,
        "listed_count": 1,
        "translator_type": "none",
        "id_str": "45489975",
        "url": null,
        "profile_link_color": "0084B4",
        "statuses_count": 1069,
        "protected": false,
        "id": 45489975,
        "location": "Madre de Dios, Peru",
        "is_translation_enabled": false,
        "description": "ALIANZA LIMA 💟",
        "default_profile": false,
        "notifications": false,
        "profile_banner_url": "https://pbs.twimg.com/profile_banners/45489975/1565551017",
        "profile_text_color": "333333",
        "profile_image_url": "http://pbs.twimg.com/profile_images/1178065538167300099/ZESqwpMx_normal.jpg",
        "friends_count": 115,
        "favourites_count": 1841,
        "verified": false,
        "follow_request_sent": false,
        "name": "Rusbel Silva",
        "default_profile_image": false,
        "is_translator": false,
        "profile_background_tile": false,
        "entities": {
          "description": {
            "urls": []
          }
        },
        "profile_sidebar_fill_color": "C0DFEC",
        "created_at": "Mon Jun 08 03:23:54 +0000 2009",
        "profile_background_image_url_https": "https://abs.twimg.com/images/themes/theme15/bg.png",
        "profile_use_background_image": true,
        "utc_offset": null,
        "lang": null,
        "time_zone": null,
        "profile_background_color": "022330",
        "followers_count": 59
      },
      "id": 1218249379041226755,
      "in_reply_to_user_id_str": "873028022",
      "is_quote_status": false,
      "extended_entities": {
        "media": [
          {
            "sizes": {
              "small": {
                "w": 398,
                "h": 680,
                "resize": "fit"
              },
              "thumb": {
                "w": 150,
                "h": 150,
                "resize": "crop"
              },
              "large": {
                "w": 1172,
                "h": 2004,
                "resize": "fit"
              },
              "medium": {
                "w": 702,
                "h": 1200,
                "resize": "fit"
              }
            },
            "url": "https://t.co/azoyMqiZZk",
            "expanded_url": "https://twitter.com/rusbel_silva/status/1218249379041226755/photo/1",
            "type": "photo",
            "indices": [
              39,
              62
            ],
            "id": 1218249258987552768,
            "id_str": "1218249258987552768",
            "display_url": "pic.twitter.com/azoyMqiZZk",
            "media_url": "http://pbs.twimg.com/media/EOgXPxnWAAApfan.jpg",
            "media_url_https": "https://pbs.twimg.com/media/EOgXPxnWAAApfan.jpg"
          }
        ]
      },
      "lang": "es",
      "text": "@kGuerrero85 @Peru_APP Esta ere tu no? https://t.co/azoyMqiZZk",
      "place": null,
      "retweet_count": 0,
      "source": "<a href=\"http://twitter.com/download/android\" rel=\"nofollow\">Twitter for Android</a>",
      "in_reply_to_user_id": 873028022,
      "entities": {
        "user_mentions": [
          {
            "screen_name": "kGuerrero85",
            "id_str": "873028022",
            "name": "Katherine Guerrero",
            "indices": [
              0,
              12
            ],
            "id": 873028022
          },
          {
            "screen_name": "Peru_APP",
            "id_str": "90961315",
            "name": "APP",
            "indices": [
              13,
              22
            ],
            "id": 90961315
          }
        ],
        "media": [
          {
            "sizes": {
              "small": {
                "w": 398,
                "h": 680,
                "resize": "fit"
              },
              "thumb": {
                "w": 150,
                "h": 150,
                "resize": "crop"
              },
              "large": {
                "w": 1172,
                "h": 2004,
                "resize": "fit"
              },
              "medium": {
                "w": 702,
                "h": 1200,
                "resize": "fit"
              }
            },
            "url": "https://t.co/azoyMqiZZk",
            "expanded_url": "https://twitter.com/rusbel_silva/status/1218249379041226755/photo/1",
            "type": "photo",
            "indices": [
              39,
              62
            ],
            "id": 1218249258987552768,
            "id_str": "1218249258987552768",
            "display_url": "pic.twitter.com/azoyMqiZZk",
            "media_url": "http://pbs.twimg.com/media/EOgXPxnWAAApfan.jpg",
            "media_url_https": "https://pbs.twimg.com/media/EOgXPxnWAAApfan.jpg"
          }
        ],
        "symbols": [],
        "hashtags": [],
        "urls": []
      },
      "favorite_count": 0,
      "created_at": "Fri Jan 17 19:11:00 +0000 2020",
      "contributors": null,
      "metadata": {
        "result_type": "recent",
        "iso_language_code": "es"
      },
      "in_reply_to_status_id_str": "1217830411159711744"
    },
    {
      "favorite_count": 0,
      "truncated": false,
      "coordinates": null,
      "geo": null,
      "in_reply_to_screen_name": "nicolassalazarl",
      "in_reply_to_status_id": null,
      "quoted_status": {
        "retweeted": false,
        "truncated": true,
        "coordinates": null,
        "geo": null,
        "in_reply_to_screen_name": null,
        "in_reply_to_status_id": null,
        "id_str": "1217952940067115010",
        "favorited": false,
        "possibly_sensitive": false,
        "user": {
          "profile_image_url_https": "https://pbs.twimg.com/profile_images/987675967953948674/CC6qPDVJ_normal.jpg",
          "screen_name": "GARRACREMAYROJO",
          "contributors_enabled": false,
          "profile_sidebar_border_color": "D9B17E",
          "has_extended_profile": true,
          "following": false,
          "profile_background_image_url": "http://abs.twimg.com/images/themes/theme1/bg.png",
          "geo_enabled": true,
          "listed_count": 55,
          "translator_type": "none",
          "id_str": "70153098",
          "url": "https://t.co/APBQezsxja",
          "profile_link_color": "9D582E",
          "statuses_count": 39886,
          "protected": false,
          "id": 70153098,
          "location": "Lima, Perú",
          "is_translation_enabled": false,
          "description": "Unidad de Investigación de Crema y Rojo.\r\n¡Nosotros decimos lo que\r\notros no se atreven a decir!",
          "default_profile": false,
          "notifications": false,
          "profile_banner_url": "https://pbs.twimg.com/profile_banners/70153098/1510861684",
          "profile_text_color": "000000",
          "profile_image_url": "http://pbs.twimg.com/profile_images/987675967953948674/CC6qPDVJ_normal.jpg",
          "friends_count": 359,
          "favourites_count": 857,
          "verified": false,
          "follow_request_sent": false,
          "name": "FITO PALAO",
          "default_profile_image": false,
          "is_translator": false,
          "profile_background_tile": true,
          "entities": {
            "url": {
              "urls": [
                {
                  "url": "https://t.co/APBQezsxja",
                  "indices": [
                    0,
                    23
                  ],
                  "display_url": "resistenciacrema.com",
                  "expanded_url": "http://www.resistenciacrema.com"
                }
              ]
            },
            "description": {
              "urls": []
            }
          },
          "profile_sidebar_fill_color": "F5FA99",
          "created_at": "Sun Aug 30 16:21:57 +0000 2009",
          "profile_background_image_url_https": "https://abs.twimg.com/images/themes/theme1/bg.png",
          "profile_use_background_image": true,
          "utc_offset": null,
          "lang": null,
          "time_zone": null,
          "profile_background_color": "D60015",
          "followers_count": 9525
        },
        "id": 1217952940067115010,
        "favorite_count": 172,
        "is_quote_status": false,
        "retweet_count": 73,
        "lang": "es",
        "text": "PROCESO CONCURSAL DE LA 🅤 ES NULO\nSe basó en un Decreto de Urgencia No. 010-2012 que era flagrantemente anticonstit… https://t.co/SPNYRTpMj2",
        "place": null,
        "source": "<a href=\"http://twitter.com/download/android\" rel=\"nofollow\">Twitter for Android</a>",
        "in_reply_to_user_id": null,
        "entities": {
          "user_mentions": [],
          "symbols": [],
          "hashtags": [],
          "urls": [
            {
              "url": "https://t.co/SPNYRTpMj2",
              "indices": [
                117,
                140
              ],
              "display_url": "twitter.com/i/web/status/1…",
              "expanded_url": "https://twitter.com/i/web/status/1217952940067115010"
            }
          ]
        },
        "in_reply_to_user_id_str": null,
        "created_at": "Thu Jan 16 23:33:04 +0000 2020",
        "contributors": null,
        "metadata": {
          "result_type": "recent",
          "iso_language_code": "es"
        },
        "in_reply_to_status_id_str": null
      },
      "id_str": "1217961445369008129",
      "favorited": false,
      "possibly_sensitive": false,
      "retweeted": false,
      "user": {
        "profile_image_url_https": "https://pbs.twimg.com/profile_images/1191398794937688065/RvyleJJl_normal.jpg",
        "screen_name": "Rojas20R",
        "contributors_enabled": false,
        "profile_sidebar_border_color": "C0DEED",
        "has_extended_profile": false,
        "following": false,
        "profile_background_image_url": "http://abs.twimg.com/images/themes/theme1/bg.png",
        "geo_enabled": false,
        "listed_count": 0,
        "translator_type": "none",
        "id_str": "2942030164",
        "url": null,
        "profile_link_color": "1DA1F2",
        "statuses_count": 2911,
        "protected": false,
        "id": 2942030164,
        "location": "Santiago de Surco",
        "is_translation_enabled": false,
        "description": "Universitario de Deportes",
        "default_profile": true,
        "notifications": false,
        "profile_banner_url": "https://pbs.twimg.com/profile_banners/2942030164/1539570903",
        "profile_text_color": "333333",
        "profile_image_url": "http://pbs.twimg.com/profile_images/1191398794937688065/RvyleJJl_normal.jpg",
        "friends_count": 329,
        "favourites_count": 8837,
        "verified": false,
        "follow_request_sent": false,
        "name": "Luis R.",
        "default_profile_image": false,
        "is_translator": false,
        "profile_background_tile": false,
        "entities": {
          "description": {
            "urls": []
          }
        },
        "profile_sidebar_fill_color": "DDEEF6",
        "created_at": "Fri Dec 26 11:01:09 +0000 2014",
        "profile_background_image_url_https": "https://abs.twimg.com/images/themes/theme1/bg.png",
        "profile_use_background_image": true,
        "utc_offset": null,
        "lang": null,
        "time_zone": null,
        "profile_background_color": "C0DEED",
        "followers_count": 61
      },
      "id": 1217961445369008129,
      "quoted_status_id": 1217952940067115010,
      "is_quote_status": true,
      "retweet_count": 0,
      "lang": "es",
      "text": "@nicolassalazarl\n@kGuerrero85\n@JaimeChincha\n@Copebrii\n@PepeMendozaU\nCompartir! https://t.co/DXjnFotxWY",
      "place": null,
      "source": "<a href=\"http://twitter.com/download/android\" rel=\"nofollow\">Twitter for Android</a>",
      "in_reply_to_user_id": 138151631,
      "entities": {
        "user_mentions": [
          {
            "screen_name": "nicolassalazarl",
            "id_str": "138151631",
            "name": "Nicolás Salazar",
            "indices": [
              0,
              16
            ],
            "id": 138151631
          },
          {
            "screen_name": "kGuerrero85",
            "id_str": "873028022",
            "name": "Katherine Guerrero",
            "indices": [
              17,
              29
            ],
            "id": 873028022
          },
          {
            "screen_name": "JaimeChincha",
            "id_str": "36477202",
            "name": "Jaime Chincha",
            "indices": [
              30,
              43
            ],
            "id": 36477202
          },
          {
            "screen_name": "Copebrii",
            "id_str": "903705812178268161",
            "name": "Corina",
            "indices": [
              44,
              53
            ],
            "id": 903705812178268161
          },
          {
            "screen_name": "PepeMendozaU",
            "id_str": "3195388732",
            "name": "Pepe Mendoza",
            "indices": [
              54,
              67
            ],
            "id": 3195388732
          }
        ],
        "symbols": [],
        "hashtags": [],
        "urls": [
          {
            "url": "https://t.co/DXjnFotxWY",
            "indices": [
              79,
              102
            ],
            "display_url": "twitter.com/GARRACREMAYROJ…",
            "expanded_url": "https://twitter.com/GARRACREMAYROJO/status/1217952940067115010"
          }
        ]
      },
      "in_reply_to_user_id_str": "138151631",
      "created_at": "Fri Jan 17 00:06:51 +0000 2020",
      "contributors": null,
      "metadata": {
        "result_type": "recent",
        "iso_language_code": "es"
      },
      "in_reply_to_status_id_str": null,
      "quoted_status_id_str": "1217952940067115010"
    },
    {
      "retweeted": false,
      "truncated": false,
      "coordinates": null,
      "geo": null,
      "in_reply_to_screen_name": null,
      "in_reply_to_status_id": null,
      "id_str": "1217912651436765184",
      "retweeted_status": {
        "retweeted": false,
        "truncated": true,
        "coordinates": null,
        "geo": null,
        "in_reply_to_screen_name": null,
        "in_reply_to_status_id": null,
        "id_str": "1217830411159711744",
        "favorited": false,
        "possibly_sensitive": false,
        "user": {
          "profile_image_url_https": "https://pbs.twimg.com/profile_images/1214151942521282561/xegvmXVk_normal.jpg",
          "screen_name": "kGuerrero85",
          "contributors_enabled": false,
          "profile_sidebar_border_color": "000000",
          "has_extended_profile": true,
          "following": false,
          "profile_background_image_url": "http://abs.twimg.com/images/themes/theme13/bg.gif",
          "geo_enabled": true,
          "listed_count": 1,
          "translator_type": "none",
          "id_str": "873028022",
          "url": null,
          "profile_link_color": "ABB8C2",
          "statuses_count": 2927,
          "protected": false,
          "id": 873028022,
          "location": "Lima, Peru",
          "is_translation_enabled": false,
          "description": "Periodista deportiva. Entrenadora de fútbol de menores. Amo el atletismo. Apasionada, intensa y trastornada.",
          "default_profile": false,
          "notifications": false,
          "profile_banner_url": "https://pbs.twimg.com/profile_banners/873028022/1578540270",
          "profile_text_color": "000000",
          "profile_image_url": "http://pbs.twimg.com/profile_images/1214151942521282561/xegvmXVk_normal.jpg",
          "friends_count": 985,
          "favourites_count": 2344,
          "verified": false,
          "follow_request_sent": false,
          "name": "Katherine Guerrero",
          "default_profile_image": false,
          "is_translator": false,
          "profile_background_tile": true,
          "entities": {
            "description": {
              "urls": []
            }
          },
          "profile_sidebar_fill_color": "000000",
          "created_at": "Thu Oct 11 05:02:35 +0000 2012",
          "profile_background_image_url_https": "https://abs.twimg.com/images/themes/theme13/bg.gif",
          "profile_use_background_image": true,
          "utc_offset": null,
          "lang": null,
          "time_zone": null,
          "profile_background_color": "3B94D9",
          "followers_count": 1046
        },
        "id": 1217830411159711744,
        "favorite_count": 27,
        "is_quote_status": false,
        "retweet_count": 1,
        "lang": "es",
        "text": "#ENCUESTA 📊| Con mucha humildad y alegría seguiremos trabajando. ¡Gracias a todos por la confianza!. 👏🏻💪🏻… https://t.co/98Um6fRcQM",
        "place": null,
        "source": "<a href=\"http://twitter.com/download/iphone\" rel=\"nofollow\">Twitter for iPhone</a>",
        "in_reply_to_user_id": null,
        "entities": {
          "user_mentions": [],
          "symbols": [],
          "hashtags": [
            {
              "text": "ENCUESTA",
              "indices": [
                0,
                9
              ]
            }
          ],
          "urls": [
            {
              "url": "https://t.co/98Um6fRcQM",
              "indices": [
                107,
                130
              ],
              "display_url": "twitter.com/i/web/status/1…",
              "expanded_url": "https://twitter.com/i/web/status/1217830411159711744"
            }
          ]
        },
        "in_reply_to_user_id_str": null,
        "created_at": "Thu Jan 16 15:26:10 +0000 2020",
        "contributors": null,
        "metadata": {
          "result_type": "recent",
          "iso_language_code": "es"
        },
        "in_reply_to_status_id_str": null
      },
      "favorited": false,
      "user": {
        "profile_image_url_https": "https://pbs.twimg.com/profile_images/1133213040218976256/MlElodyM_normal.jpg",
        "screen_name": "Flamu_",
        "contributors_enabled": false,
        "profile_sidebar_border_color": "FFFFFF",
        "has_extended_profile": true,
        "following": false,
        "profile_background_image_url": "http://abs.twimg.com/images/themes/theme9/bg.gif",
        "geo_enabled": true,
        "listed_count": 5,
        "translator_type": "none",
        "id_str": "104272837",
        "url": null,
        "profile_link_color": "8B898C",
        "statuses_count": 9648,
        "protected": false,
        "id": 104272837,
        "location": "Lima - Perú ",
        "is_translation_enabled": false,
        "description": "Sonríe siempre, los motivos sobran :). Lic en Terapia Física y Rehabilitación. Hincha del mejor equipo del Perú y el más copero Ⓤniversitario de Deportes💛❤️",
        "default_profile": false,
        "notifications": false,
        "profile_banner_url": "https://pbs.twimg.com/profile_banners/104272837/1548208062",
        "profile_text_color": "705C70",
        "profile_image_url": "http://pbs.twimg.com/profile_images/1133213040218976256/MlElodyM_normal.jpg",
        "friends_count": 277,
        "favourites_count": 4776,
        "verified": false,
        "follow_request_sent": false,
        "name": "Fi🅤rella L. Avalos",
        "default_profile_image": false,
        "is_translator": false,
        "profile_background_tile": true,
        "entities": {
          "description": {
            "urls": []
          }
        },
        "profile_sidebar_fill_color": "252429",
        "created_at": "Tue Jan 12 21:05:39 +0000 2010",
        "profile_background_image_url_https": "https://abs.twimg.com/images/themes/theme9/bg.gif",
        "profile_use_background_image": true,
        "utc_offset": null,
        "lang": null,
        "time_zone": null,
        "profile_background_color": "1A1B1F",
        "followers_count": 477
      },
      "id": 1217912651436765184,
      "in_reply_to_user_id_str": null,
      "is_quote_status": false,
      "retweet_count": 1,
      "lang": "es",
      "text": "RT @kGuerrero85: #ENCUESTA 📊| Con mucha humildad y alegría seguiremos trabajando. ¡Gracias a todos por la confianza!. 👏🏻💪🏻\n\n#Recuerda | Est…",
      "place": null,
      "source": "<a href=\"http://twitter.com/download/iphone\" rel=\"nofollow\">Twitter for iPhone</a>",
      "in_reply_to_user_id": null,
      "entities": {
        "user_mentions": [
          {
            "screen_name": "kGuerrero85",
            "id_str": "873028022",
            "name": "Katherine Guerrero",
            "indices": [
              3,
              15
            ],
            "id": 873028022
          }
        ],
        "symbols": [],
        "hashtags": [
          {
            "text": "ENCUESTA",
            "indices": [
              17,
              26
            ]
          },
          {
            "text": "Recuerda",
            "indices": [
              124,
              133
            ]
          }
        ],
        "urls": []
      },
      "favorite_count": 0,
      "created_at": "Thu Jan 16 20:52:58 +0000 2020",
      "contributors": null,
      "metadata": {
        "result_type": "recent",
        "iso_language_code": "es"
      },
      "in_reply_to_status_id_str": null
    },
    {
      "retweeted": false,
      "truncated": false,
      "coordinates": null,
      "geo": null,
      "in_reply_to_screen_name": "cynarroba",
      "in_reply_to_status_id": 1217910312717955075,
      "id_str": "1217910525851504646",
      "favorited": false,
      "user": {
        "profile_image_url_https": "https://pbs.twimg.com/profile_images/1115421163587612672/fDAQd5oK_normal.jpg",
        "screen_name": "paubr07",
        "contributors_enabled": false,
        "profile_sidebar_border_color": "000000",
        "has_extended_profile": true,
        "following": false,
        "profile_background_image_url": "http://abs.twimg.com/images/themes/theme1/bg.png",
        "geo_enabled": false,
        "listed_count": 2,
        "translator_type": "none",
        "id_str": "2975393273",
        "url": null,
        "profile_link_color": "0D0F2C",
        "statuses_count": 11988,
        "protected": false,
        "id": 2975393273,
        "location": "Magdalena del Mar, Peru",
        "is_translation_enabled": false,
        "description": "Bachiller en Comunicación Audiovisual. Gustos por el Marketing Digital. Marvel Cómics. Viajar, familia, etc...",
        "default_profile": false,
        "notifications": false,
        "profile_banner_url": "https://pbs.twimg.com/profile_banners/2975393273/1559271415",
        "profile_text_color": "000000",
        "profile_image_url": "http://pbs.twimg.com/profile_images/1115421163587612672/fDAQd5oK_normal.jpg",
        "friends_count": 1790,
        "favourites_count": 86887,
        "verified": false,
        "follow_request_sent": false,
        "name": "Paulo Brancacho",
        "default_profile_image": false,
        "is_translator": false,
        "profile_background_tile": false,
        "entities": {
          "description": {
            "urls": []
          }
        },
        "profile_sidebar_fill_color": "000000",
        "created_at": "Mon Jan 12 21:48:19 +0000 2015",
        "profile_background_image_url_https": "https://abs.twimg.com/images/themes/theme1/bg.png",
        "profile_use_background_image": false,
        "utc_offset": null,
        "lang": null,
        "time_zone": null,
        "profile_background_color": "000000",
        "followers_count": 384
      },
      "id": 1217910525851504646,
      "favorite_count": 0,
      "is_quote_status": false,
      "retweet_count": 0,
      "lang": "es",
      "text": "@cynarroba @jseminariomart @kGuerrero85 Esperemos que sea así.",
      "place": null,
      "source": "<a href=\"http://twitter.com/download/iphone\" rel=\"nofollow\">Twitter for iPhone</a>",
      "in_reply_to_user_id": 83884114,
      "entities": {
        "user_mentions": [
          {
            "screen_name": "cynarroba",
            "id_str": "83884114",
            "name": "Cyn",
            "indices": [
              0,
              10
            ],
            "id": 83884114
          },
          {
            "screen_name": "jseminariomart",
            "id_str": "3236549727",
            "name": "Jusem",
            "indices": [
              11,
              26
            ],
            "id": 3236549727
          },
          {
            "screen_name": "kGuerrero85",
            "id_str": "873028022",
            "name": "Katherine Guerrero",
            "indices": [
              27,
              39
            ],
            "id": 873028022
          }
        ],
        "symbols": [],
        "hashtags": [],
        "urls": []
      },
      "in_reply_to_user_id_str": "83884114",
      "created_at": "Thu Jan 16 20:44:31 +0000 2020",
      "contributors": null,
      "metadata": {
        "result_type": "recent",
        "iso_language_code": "es"
      },
      "in_reply_to_status_id_str": "1217910312717955075"
    },
    {
      "retweeted": false,
      "truncated": true,
      "coordinates": null,
      "geo": null,
      "in_reply_to_screen_name": "paubr07",
      "in_reply_to_status_id": 1217898778079977478,
      "id_str": "1217910312717955075",
      "favorited": false,
      "user": {
        "profile_image_url_https": "https://pbs.twimg.com/profile_images/1219089838223159296/FXt4WUWk_normal.jpg",
        "screen_name": "cynarroba",
        "contributors_enabled": false,
        "profile_sidebar_border_color": "000000",
        "has_extended_profile": true,
        "following": false,
        "profile_background_image_url": "http://abs.twimg.com/images/themes/theme11/bg.gif",
        "geo_enabled": true,
        "listed_count": 25,
        "translator_type": "none",
        "id_str": "83884114",
        "url": null,
        "profile_link_color": "4A913C",
        "statuses_count": 52549,
        "protected": false,
        "id": 83884114,
        "location": "Lima - Peru",
        "is_translation_enabled": false,
        "description": "",
        "default_profile": false,
        "notifications": false,
        "profile_banner_url": "https://pbs.twimg.com/profile_banners/83884114/1579488158",
        "profile_text_color": "000000",
        "profile_image_url": "http://pbs.twimg.com/profile_images/1219089838223159296/FXt4WUWk_normal.jpg",
        "friends_count": 999,
        "favourites_count": 12493,
        "verified": false,
        "follow_request_sent": false,
        "name": "Cyn",
        "default_profile_image": false,
        "is_translator": false,
        "profile_background_tile": true,
        "entities": {
          "description": {
            "urls": []
          }
        },
        "profile_sidebar_fill_color": "F7F79C",
        "created_at": "Tue Oct 20 17:09:04 +0000 2009",
        "profile_background_image_url_https": "https://abs.twimg.com/images/themes/theme11/bg.gif",
        "profile_use_background_image": true,
        "utc_offset": null,
        "lang": null,
        "time_zone": null,
        "profile_background_color": "7D0DA3",
        "followers_count": 2307
      },
      "id": 1217910312717955075,
      "favorite_count": 0,
      "is_quote_status": false,
      "retweet_count": 0,
      "lang": "es",
      "text": "@paubr07 @jseminariomart @kGuerrero85 tiene la mica de la U puesta hace muchisimos años, porsiacaso. No generalicem… https://t.co/bE5SNvmNXu",
      "place": {
        "attributes": {},
        "url": "https://api.twitter.com/1.1/geo/id/00b9b6e734ad1849.json",
        "place_type": "city",
        "full_name": "Chorrillos, Peru",
        "country": "Peru",
        "contained_within": [],
        "bounding_box": {
          "coordinates": [
            [
              [
                -77.0400619178694,
                -12.232257030261
              ],
              [
                -76.9698889232541,
                -12.232257030261
              ],
              [
                -76.9698889232541,
                -12.1566819563191
              ],
              [
                -77.0400619178694,
                -12.1566819563191
              ]
            ]
          ],
          "type": "Polygon"
        },
        "name": "Chorrillos",
        "country_code": "PE",
        "id": "00b9b6e734ad1849"
      },
      "source": "<a href=\"http://twitter.com/download/iphone\" rel=\"nofollow\">Twitter for iPhone</a>",
      "in_reply_to_user_id": 2975393273,
      "entities": {
        "user_mentions": [
          {
            "screen_name": "paubr07",
            "id_str": "2975393273",
            "name": "Paulo Brancacho",
            "indices": [
              0,
              8
            ],
            "id": 2975393273
          },
          {
            "screen_name": "jseminariomart",
            "id_str": "3236549727",
            "name": "Jusem",
            "indices": [
              9,
              24
            ],
            "id": 3236549727
          },
          {
            "screen_name": "kGuerrero85",
            "id_str": "873028022",
            "name": "Katherine Guerrero",
            "indices": [
              25,
              37
            ],
            "id": 873028022
          }
        ],
        "symbols": [],
        "hashtags": [],
        "urls": [
          {
            "url": "https://t.co/bE5SNvmNXu",
            "indices": [
              117,
              140
            ],
            "display_url": "twitter.com/i/web/status/1…",
            "expanded_url": "https://twitter.com/i/web/status/1217910312717955075"
          }
        ]
      },
      "in_reply_to_user_id_str": "2975393273",
      "created_at": "Thu Jan 16 20:43:40 +0000 2020",
      "contributors": null,
      "metadata": {
        "result_type": "recent",
        "iso_language_code": "es"
      },
      "in_reply_to_status_id_str": "1217898778079977478"
    },
    {
      "retweeted": false,
      "truncated": false,
      "coordinates": null,
      "geo": null,
      "in_reply_to_screen_name": "lurquiza1",
      "in_reply_to_status_id": 1217221410692780034,
      "id_str": "1217222228737249281",
      "favorited": false,
      "user": {
        "profile_image_url_https": "https://pbs.twimg.com/profile_images/1006601092271132674/yOWV8rau_normal.jpg",
        "screen_name": "lurquiza1",
        "contributors_enabled": false,
        "profile_sidebar_border_color": "C0DEED",
        "has_extended_profile": false,
        "following": false,
        "profile_background_image_url": "http://abs.twimg.com/images/themes/theme1/bg.png",
        "geo_enabled": true,
        "listed_count": 0,
        "id_str": "3297910276",
        "url": null,
        "profile_link_color": "1DA1F2",
        "statuses_count": 432,
        "protected": false,
        "id": 3297910276,
        "location": "",
        "is_translation_enabled": false,
        "description": "",
        "default_profile": true,
        "notifications": false,
        "translator_type": "none",
        "profile_text_color": "333333",
        "profile_image_url": "http://pbs.twimg.com/profile_images/1006601092271132674/yOWV8rau_normal.jpg",
        "friends_count": 1522,
        "favourites_count": 4415,
        "verified": false,
        "follow_request_sent": false,
        "name": "Luis Urquiza",
        "default_profile_image": false,
        "is_translator": false,
        "profile_background_tile": false,
        "entities": {
          "description": {
            "urls": []
          }
        },
        "profile_sidebar_fill_color": "DDEEF6",
        "created_at": "Mon May 25 14:37:00 +0000 2015",
        "profile_background_image_url_https": "https://abs.twimg.com/images/themes/theme1/bg.png",
        "profile_use_background_image": true,
        "utc_offset": null,
        "lang": null,
        "time_zone": null,
        "profile_background_color": "C0DEED",
        "followers_count": 95
      },
      "id": 1217222228737249281,
      "favorite_count": 1,
      "is_quote_status": false,
      "retweet_count": 0,
      "lang": "und",
      "text": "@jferrari5 @kGuerrero85",
      "place": null,
      "source": "<a href=\"http://twitter.com/download/android\" rel=\"nofollow\">Twitter for Android</a>",
      "in_reply_to_user_id": 3297910276,
      "entities": {
        "user_mentions": [
          {
            "screen_name": "jferrari5",
            "id_str": "398154530",
            "name": "Jean Ferrari",
            "indices": [
              0,
              10
            ],
            "id": 398154530
          },
          {
            "screen_name": "kGuerrero85",
            "id_str": "873028022",
            "name": "Katherine Guerrero",
            "indices": [
              11,
              23
            ],
            "id": 873028022
          }
        ],
        "symbols": [],
        "hashtags": [],
        "urls": []
      },
      "in_reply_to_user_id_str": "3297910276",
      "created_at": "Tue Jan 14 23:09:28 +0000 2020",
      "contributors": null,
      "metadata": {
        "result_type": "recent",
        "iso_language_code": "und"
      },
      "in_reply_to_status_id_str": "1217221410692780034"
    },
    {
      "retweeted": false,
      "truncated": false,
      "coordinates": null,
      "geo": null,
      "in_reply_to_screen_name": null,
      "in_reply_to_status_id": null,
      "id_str": "1217161661846630401",
      "retweeted_status": {
        "retweeted": false,
        "truncated": true,
        "coordinates": null,
        "geo": null,
        "in_reply_to_screen_name": null,
        "in_reply_to_status_id": null,
        "id_str": "1215599483565887488",
        "favorited": false,
        "possibly_sensitive": false,
        "user": {
          "profile_image_url_https": "https://pbs.twimg.com/profile_images/1214151942521282561/xegvmXVk_normal.jpg",
          "screen_name": "kGuerrero85",
          "contributors_enabled": false,
          "profile_sidebar_border_color": "000000",
          "has_extended_profile": true,
          "following": false,
          "profile_background_image_url": "http://abs.twimg.com/images/themes/theme13/bg.gif",
          "geo_enabled": true,
          "listed_count": 1,
          "translator_type": "none",
          "id_str": "873028022",
          "url": null,
          "profile_link_color": "ABB8C2",
          "statuses_count": 2927,
          "protected": false,
          "id": 873028022,
          "location": "Lima, Peru",
          "is_translation_enabled": false,
          "description": "Periodista deportiva. Entrenadora de fútbol de menores. Amo el atletismo. Apasionada, intensa y trastornada.",
          "default_profile": false,
          "notifications": false,
          "profile_banner_url": "https://pbs.twimg.com/profile_banners/873028022/1578540270",
          "profile_text_color": "000000",
          "profile_image_url": "http://pbs.twimg.com/profile_images/1214151942521282561/xegvmXVk_normal.jpg",
          "friends_count": 985,
          "favourites_count": 2344,
          "verified": false,
          "follow_request_sent": false,
          "name": "Katherine Guerrero",
          "default_profile_image": false,
          "is_translator": false,
          "profile_background_tile": true,
          "entities": {
            "description": {
              "urls": []
            }
          },
          "profile_sidebar_fill_color": "000000",
          "created_at": "Thu Oct 11 05:02:35 +0000 2012",
          "profile_background_image_url_https": "https://abs.twimg.com/images/themes/theme13/bg.gif",
          "profile_use_background_image": true,
          "utc_offset": null,
          "lang": null,
          "time_zone": null,
          "profile_background_color": "3B94D9",
          "followers_count": 1046
        },
        "id": 1215599483565887488,
        "favorite_count": 216,
        "is_quote_status": false,
        "retweet_count": 48,
        "lang": "es",
        "text": "Hace aprox, cerca de 7 años los hinchas luchan por salvar al Club #Universitario En cada plantón, vigilia, siempre… https://t.co/psSvQuZUm6",
        "place": null,
        "source": "<a href=\"http://twitter.com/download/android\" rel=\"nofollow\">Twitter for Android</a>",
        "in_reply_to_user_id": null,
        "entities": {
          "user_mentions": [],
          "symbols": [],
          "hashtags": [
            {
              "text": "Universitario",
              "indices": [
                66,
                80
              ]
            }
          ],
          "urls": [
            {
              "url": "https://t.co/psSvQuZUm6",
              "indices": [
                116,
                139
              ],
              "display_url": "twitter.com/i/web/status/1…",
              "expanded_url": "https://twitter.com/i/web/status/1215599483565887488"
            }
          ]
        },
        "in_reply_to_user_id_str": null,
        "created_at": "Fri Jan 10 11:41:16 +0000 2020",
        "contributors": null,
        "metadata": {
          "result_type": "recent",
          "iso_language_code": "es"
        },
        "in_reply_to_status_id_str": null
      },
      "favorited": false,
      "user": {
        "profile_image_url_https": "https://pbs.twimg.com/profile_images/965600307416895488/5A2ubHRr_normal.jpg",
        "screen_name": "carlosfarje",
        "contributors_enabled": false,
        "profile_sidebar_border_color": "C0DEED",
        "has_extended_profile": true,
        "following": false,
        "profile_background_image_url": "http://abs.twimg.com/images/themes/theme1/bg.png",
        "geo_enabled": false,
        "listed_count": 2,
        "translator_type": "none",
        "id_str": "54250491",
        "url": null,
        "profile_link_color": "1DA1F2",
        "statuses_count": 8725,
        "protected": false,
        "id": 54250491,
        "location": "Chachapoyas ",
        "is_translation_enabled": false,
        "description": "cirujano dentista, docente y escritor. fútbol tenis dientes y sonrisa.",
        "default_profile": true,
        "notifications": false,
        "profile_banner_url": "https://pbs.twimg.com/profile_banners/54250491/1436215272",
        "profile_text_color": "333333",
        "profile_image_url": "http://pbs.twimg.com/profile_images/965600307416895488/5A2ubHRr_normal.jpg",
        "friends_count": 64,
        "favourites_count": 6376,
        "verified": false,
        "follow_request_sent": false,
        "name": "carlosfarje",
        "default_profile_image": false,
        "is_translator": false,
        "profile_background_tile": false,
        "entities": {
          "description": {
            "urls": []
          }
        },
        "profile_sidebar_fill_color": "DDEEF6",
        "created_at": "Mon Jul 06 16:17:51 +0000 2009",
        "profile_background_image_url_https": "https://abs.twimg.com/images/themes/theme1/bg.png",
        "profile_use_background_image": true,
        "utc_offset": null,
        "lang": null,
        "time_zone": null,
        "profile_background_color": "C0DEED",
        "followers_count": 48
      },
      "id": 1217161661846630401,
      "in_reply_to_user_id_str": null,
      "is_quote_status": false,
      "retweet_count": 48,
      "lang": "es",
      "text": "RT @kGuerrero85: Hace aprox, cerca de 7 años los hinchas luchan por salvar al Club #Universitario En cada plantón, vigilia, siempre somos a…",
      "place": null,
      "source": "<a href=\"http://twitter.com/download/android\" rel=\"nofollow\">Twitter for Android</a>",
      "in_reply_to_user_id": null,
      "entities": {
        "user_mentions": [
          {
            "screen_name": "kGuerrero85",
            "id_str": "873028022",
            "name": "Katherine Guerrero",
            "indices": [
              3,
              15
            ],
            "id": 873028022
          }
        ],
        "symbols": [],
        "hashtags": [
          {
            "text": "Universitario",
            "indices": [
              83,
              97
            ]
          }
        ],
        "urls": []
      },
      "favorite_count": 0,
      "created_at": "Tue Jan 14 19:08:48 +0000 2020",
      "contributors": null,
      "metadata": {
        "result_type": "recent",
        "iso_language_code": "es"
      },
      "in_reply_to_status_id_str": null
    },
    {
      "retweeted": false,
      "truncated": false,
      "coordinates": null,
      "geo": null,
      "in_reply_to_screen_name": "kGuerrero85",
      "in_reply_to_status_id": 1215599483565887488,
      "id_str": "1216297022829072385",
      "favorited": false,
      "user": {
        "profile_image_url_https": "https://pbs.twimg.com/profile_images/1147409668928618504/uLRYRp9u_normal.jpg",
        "screen_name": "FhMaury",
        "contributors_enabled": false,
        "profile_sidebar_border_color": "C0DEED",
        "has_extended_profile": false,
        "following": false,
        "profile_background_image_url": null,
        "geo_enabled": false,
        "listed_count": 0,
        "translator_type": "none",
        "id_str": "1147399939682721792",
        "url": null,
        "profile_link_color": "1DA1F2",
        "statuses_count": 462,
        "protected": false,
        "id": 1147399939682721792,
        "location": "Surquillo, Peru",
        "is_translation_enabled": false,
        "description": "-Hincha a muerte de UNIVERSITSRIO DE DEPORTES💛 Y la SELECCIÓN PERUANA 🇵🇪 Jugador de clash royale: 6000🏆 BS:10220🏆\n\n-TAURO ♉\n-20 AÑOS\n-FUTURO BARTENDER 🥃🍸",
        "default_profile": true,
        "notifications": false,
        "profile_banner_url": "https://pbs.twimg.com/profile_banners/1147399939682721792/1562912255",
        "profile_text_color": "333333",
        "profile_image_url": "http://pbs.twimg.com/profile_images/1147409668928618504/uLRYRp9u_normal.jpg",
        "friends_count": 422,
        "favourites_count": 309,
        "verified": false,
        "follow_request_sent": false,
        "name": "MauryFh 🅤",
        "default_profile_image": false,
        "is_translator": false,
        "profile_background_tile": false,
        "entities": {
          "description": {
            "urls": []
          }
        },
        "profile_sidebar_fill_color": "DDEEF6",
        "created_at": "Sat Jul 06 07:00:38 +0000 2019",
        "profile_background_image_url_https": null,
        "profile_use_background_image": true,
        "utc_offset": null,
        "lang": null,
        "time_zone": null,
        "profile_background_color": "F5F8FA",
        "followers_count": 27
      },
      "id": 1216297022829072385,
      "favorite_count": 1,
      "is_quote_status": false,
      "retweet_count": 0,
      "lang": "es",
      "text": "@kGuerrero85 Nose si te estas aprovechando pero si dices defender a la U mi voto está contigo",
      "place": null,
      "source": "<a href=\"http://twitter.com/download/android\" rel=\"nofollow\">Twitter for Android</a>",
      "in_reply_to_user_id": 873028022,
      "entities": {
        "user_mentions": [
          {
            "screen_name": "kGuerrero85",
            "id_str": "873028022",
            "name": "Katherine Guerrero",
            "indices": [
              0,
              12
            ],
            "id": 873028022
          }
        ],
        "symbols": [],
        "hashtags": [],
        "urls": []
      },
      "in_reply_to_user_id_str": "873028022",
      "created_at": "Sun Jan 12 09:53:02 +0000 2020",
      "contributors": null,
      "metadata": {
        "result_type": "recent",
        "iso_language_code": "es"
      },
      "in_reply_to_status_id_str": "1215599483565887488"
    },
    {
      "retweeted": false,
      "truncated": false,
      "coordinates": null,
      "geo": null,
      "in_reply_to_screen_name": "MAZZOTTIPERU",
      "in_reply_to_status_id": 1216003642987360256,
      "id_str": "1216296921645637632",
      "favorited": false,
      "user": {
        "profile_image_url_https": "https://pbs.twimg.com/profile_images/1147409668928618504/uLRYRp9u_normal.jpg",
        "screen_name": "FhMaury",
        "contributors_enabled": false,
        "profile_sidebar_border_color": "C0DEED",
        "has_extended_profile": false,
        "following": false,
        "profile_background_image_url": null,
        "geo_enabled": false,
        "listed_count": 0,
        "translator_type": "none",
        "id_str": "1147399939682721792",
        "url": null,
        "profile_link_color": "1DA1F2",
        "statuses_count": 462,
        "protected": false,
        "id": 1147399939682721792,
        "location": "Surquillo, Peru",
        "is_translation_enabled": false,
        "description": "-Hincha a muerte de UNIVERSITSRIO DE DEPORTES💛 Y la SELECCIÓN PERUANA 🇵🇪 Jugador de clash royale: 6000🏆 BS:10220🏆\n\n-TAURO ♉\n-20 AÑOS\n-FUTURO BARTENDER 🥃🍸",
        "default_profile": true,
        "notifications": false,
        "profile_banner_url": "https://pbs.twimg.com/profile_banners/1147399939682721792/1562912255",
        "profile_text_color": "333333",
        "profile_image_url": "http://pbs.twimg.com/profile_images/1147409668928618504/uLRYRp9u_normal.jpg",
        "friends_count": 422,
        "favourites_count": 309,
        "verified": false,
        "follow_request_sent": false,
        "name": "MauryFh 🅤",
        "default_profile_image": false,
        "is_translator": false,
        "profile_background_tile": false,
        "entities": {
          "description": {
            "urls": []
          }
        },
        "profile_sidebar_fill_color": "DDEEF6",
        "created_at": "Sat Jul 06 07:00:38 +0000 2019",
        "profile_background_image_url_https": null,
        "profile_use_background_image": true,
        "utc_offset": null,
        "lang": null,
        "time_zone": null,
        "profile_background_color": "F5F8FA",
        "followers_count": 27
      },
      "id": 1216296921645637632,
      "favorite_count": 0,
      "is_quote_status": false,
      "retweet_count": 0,
      "lang": "es",
      "text": "@MAZZOTTIPERU @kGuerrero85 Cierra la boca mejor",
      "place": null,
      "source": "<a href=\"http://twitter.com/download/android\" rel=\"nofollow\">Twitter for Android</a>",
      "in_reply_to_user_id": 34827336,
      "entities": {
        "user_mentions": [
          {
            "screen_name": "MAZZOTTIPERU",
            "id_str": "34827336",
            "name": "Marcos Vásquez Mazzotti 🇵🇪",
            "indices": [
              0,
              13
            ],
            "id": 34827336
          },
          {
            "screen_name": "kGuerrero85",
            "id_str": "873028022",
            "name": "Katherine Guerrero",
            "indices": [
              14,
              26
            ],
            "id": 873028022
          }
        ],
        "symbols": [],
        "hashtags": [],
        "urls": []
      },
      "in_reply_to_user_id_str": "34827336",
      "created_at": "Sun Jan 12 09:52:38 +0000 2020",
      "contributors": null,
      "metadata": {
        "result_type": "recent",
        "iso_language_code": "es"
      },
      "in_reply_to_status_id_str": "1216003642987360256"
    }
  ]
}