{
  "data": [
    {
      "in_reply_to_user_id": 111177540,
      "id": 1216559059744231424,
      "place": null,
      "source": "<a href=\"http://twitter.com/download/android\" rel=\"nofollow\">Twitter for Android</a>",
      "in_reply_to_screen_name": "Gustavo_MP",
      "retweet_count": 0,
      "geo": null,
      "lang": "es",
      "in_reply_to_status_id": 1216547452469248005,
      "text": "@Gustavo_MP @Jose_Antony_CG @patarevalo Qué es lo que ha fracasado?",
      "id_str": "1216559059744231424",
      "entities": {
        "hashtags": [],
        "symbols": [],
        "urls": [],
        "user_mentions": [
          {
            "id_str": "111177540",
            "screen_name": "Gustavo_MP",
            "name": "Gustavo Muñoz",
            "id": 111177540,
            "indices": [
              0,
              11
            ]
          },
          {
            "id_str": "134936054",
            "screen_name": "Jose_Antony_CG",
            "name": "José Antony Cossío Guillén 1⃣3⃣",
            "id": 134936054,
            "indices": [
              12,
              27
            ]
          },
          {
            "id_str": "2382778009",
            "screen_name": "patarevalo",
            "name": "Patricia Arevalo",
            "id": 2382778009,
            "indices": [
              28,
              39
            ]
          }
        ]
      },
      "metadata": {
        "result_type": "recent",
        "iso_language_code": "es"
      },
      "retweeted": false,
      "favorite_count": 0,
      "truncated": false,
      "in_reply_to_status_id_str": "1216547452469248005",
      "coordinates": null,
      "in_reply_to_user_id_str": "111177540",
      "is_quote_status": false,
      "favorited": false,
      "created_at": "Mon Jan 13 03:14:17 +0000 2020",
      "user": {
        "url": null,
        "protected": false,
        "name": "Matusalén",
        "id": 941876968332636160,
        "profile_image_url_https": "https://pbs.twimg.com/profile_images/1213501431631794177/4IZJ8CLg_normal.jpg",
        "profile_background_tile": false,
        "time_zone": null,
        "default_profile_image": false,
        "follow_request_sent": false,
        "description": "sin clichés. Dándole la razón a quien creo que la tiene. De izquierda, de derecha, feministas, etc.",
        "following": false,
        "profile_image_url": "http://pbs.twimg.com/profile_images/1213501431631794177/4IZJ8CLg_normal.jpg",
        "profile_link_color": "1DA1F2",
        "listed_count": 1,
        "notifications": false,
        "profile_background_color": "F5F8FA",
        "statuses_count": 5636,
        "favourites_count": 670,
        "contributors_enabled": false,
        "location": "Peru",
        "id_str": "941876968332636160",
        "is_translator": false,
        "profile_background_image_url": null,
        "followers_count": 54,
        "has_extended_profile": false,
        "lang": null,
        "geo_enabled": false,
        "screen_name": "QSeVayanTodosYa",
        "verified": false,
        "utc_offset": null,
        "is_translation_enabled": false,
        "translator_type": "none",
        "entities": {
          "description": {
            "urls": []
          }
        },
        "default_profile": true,
        "created_at": "Sat Dec 16 03:45:43 +0000 2017",
        "profile_sidebar_border_color": "C0DEED",
        "friends_count": 317,
        "profile_background_image_url_https": null,
        "profile_text_color": "333333",
        "profile_use_background_image": true,
        "profile_sidebar_fill_color": "DDEEF6"
      },
      "contributors": null
    },
    {
      "in_reply_to_user_id": 111177540,
      "id": 1216558949979258880,
      "place": null,
      "source": "<a href=\"http://twitter.com/download/android\" rel=\"nofollow\">Twitter for Android</a>",
      "in_reply_to_screen_name": "Gustavo_MP",
      "retweet_count": 0,
      "geo": null,
      "lang": "es",
      "in_reply_to_status_id": 1216547231144325120,
      "text": "@Gustavo_MP @Jose_Antony_CG @patarevalo No le echan la culpa a todos los hombres. Si no, a una mentalidad que está… https://t.co/7VR8JNvG4x",
      "id_str": "1216558949979258880",
      "entities": {
        "hashtags": [],
        "symbols": [],
        "urls": [
          {
            "url": "https://t.co/7VR8JNvG4x",
            "expanded_url": "https://twitter.com/i/web/status/1216558949979258880",
            "indices": [
              116,
              139
            ],
            "display_url": "twitter.com/i/web/status/1…"
          }
        ],
        "user_mentions": [
          {
            "id_str": "111177540",
            "screen_name": "Gustavo_MP",
            "name": "Gustavo Muñoz",
            "id": 111177540,
            "indices": [
              0,
              11
            ]
          },
          {
            "id_str": "134936054",
            "screen_name": "Jose_Antony_CG",
            "name": "José Antony Cossío Guillén 1⃣3⃣",
            "id": 134936054,
            "indices": [
              12,
              27
            ]
          },
          {
            "id_str": "2382778009",
            "screen_name": "patarevalo",
            "name": "Patricia Arevalo",
            "id": 2382778009,
            "indices": [
              28,
              39
            ]
          }
        ]
      },
      "metadata": {
        "result_type": "recent",
        "iso_language_code": "es"
      },
      "retweeted": false,
      "favorite_count": 0,
      "truncated": true,
      "in_reply_to_status_id_str": "1216547231144325120",
      "coordinates": null,
      "in_reply_to_user_id_str": "111177540",
      "is_quote_status": false,
      "favorited": false,
      "created_at": "Mon Jan 13 03:13:50 +0000 2020",
      "user": {
        "url": null,
        "protected": false,
        "name": "Matusalén",
        "id": 941876968332636160,
        "profile_image_url_https": "https://pbs.twimg.com/profile_images/1213501431631794177/4IZJ8CLg_normal.jpg",
        "profile_background_tile": false,
        "time_zone": null,
        "default_profile_image": false,
        "follow_request_sent": false,
        "description": "sin clichés. Dándole la razón a quien creo que la tiene. De izquierda, de derecha, feministas, etc.",
        "following": false,
        "profile_image_url": "http://pbs.twimg.com/profile_images/1213501431631794177/4IZJ8CLg_normal.jpg",
        "profile_link_color": "1DA1F2",
        "listed_count": 1,
        "notifications": false,
        "profile_background_color": "F5F8FA",
        "statuses_count": 5636,
        "favourites_count": 670,
        "contributors_enabled": false,
        "location": "Peru",
        "id_str": "941876968332636160",
        "is_translator": false,
        "profile_background_image_url": null,
        "followers_count": 54,
        "has_extended_profile": false,
        "lang": null,
        "geo_enabled": false,
        "screen_name": "QSeVayanTodosYa",
        "verified": false,
        "utc_offset": null,
        "is_translation_enabled": false,
        "translator_type": "none",
        "entities": {
          "description": {
            "urls": []
          }
        },
        "default_profile": true,
        "created_at": "Sat Dec 16 03:45:43 +0000 2017",
        "profile_sidebar_border_color": "C0DEED",
        "friends_count": 317,
        "profile_background_image_url_https": null,
        "profile_text_color": "333333",
        "profile_use_background_image": true,
        "profile_sidebar_fill_color": "DDEEF6"
      },
      "contributors": null
    },
    {
      "in_reply_to_user_id": 111177540,
      "id": 1216558751169335296,
      "place": null,
      "source": "<a href=\"http://twitter.com/download/android\" rel=\"nofollow\">Twitter for Android</a>",
      "in_reply_to_screen_name": "Gustavo_MP",
      "retweet_count": 0,
      "geo": null,
      "lang": "es",
      "in_reply_to_status_id": 1216546019565096960,
      "text": "@Gustavo_MP @Jose_Antony_CG @patarevalo Y por dónde va la solución? Claramente hay un problema en nuestra mentalida… https://t.co/N5TFmOgPmU",
      "id_str": "1216558751169335296",
      "entities": {
        "hashtags": [],
        "symbols": [],
        "urls": [
          {
            "url": "https://t.co/N5TFmOgPmU",
            "expanded_url": "https://twitter.com/i/web/status/1216558751169335296",
            "indices": [
              117,
              140
            ],
            "display_url": "twitter.com/i/web/status/1…"
          }
        ],
        "user_mentions": [
          {
            "id_str": "111177540",
            "screen_name": "Gustavo_MP",
            "name": "Gustavo Muñoz",
            "id": 111177540,
            "indices": [
              0,
              11
            ]
          },
          {
            "id_str": "134936054",
            "screen_name": "Jose_Antony_CG",
            "name": "José Antony Cossío Guillén 1⃣3⃣",
            "id": 134936054,
            "indices": [
              12,
              27
            ]
          },
          {
            "id_str": "2382778009",
            "screen_name": "patarevalo",
            "name": "Patricia Arevalo",
            "id": 2382778009,
            "indices": [
              28,
              39
            ]
          }
        ]
      },
      "metadata": {
        "result_type": "recent",
        "iso_language_code": "es"
      },
      "retweeted": false,
      "favorite_count": 0,
      "truncated": true,
      "in_reply_to_status_id_str": "1216546019565096960",
      "coordinates": null,
      "in_reply_to_user_id_str": "111177540",
      "is_quote_status": false,
      "favorited": false,
      "created_at": "Mon Jan 13 03:13:03 +0000 2020",
      "user": {
        "url": null,
        "protected": false,
        "name": "Matusalén",
        "id": 941876968332636160,
        "profile_image_url_https": "https://pbs.twimg.com/profile_images/1213501431631794177/4IZJ8CLg_normal.jpg",
        "profile_background_tile": false,
        "time_zone": null,
        "default_profile_image": false,
        "follow_request_sent": false,
        "description": "sin clichés. Dándole la razón a quien creo que la tiene. De izquierda, de derecha, feministas, etc.",
        "following": false,
        "profile_image_url": "http://pbs.twimg.com/profile_images/1213501431631794177/4IZJ8CLg_normal.jpg",
        "profile_link_color": "1DA1F2",
        "listed_count": 1,
        "notifications": false,
        "profile_background_color": "F5F8FA",
        "statuses_count": 5636,
        "favourites_count": 670,
        "contributors_enabled": false,
        "location": "Peru",
        "id_str": "941876968332636160",
        "is_translator": false,
        "profile_background_image_url": null,
        "followers_count": 54,
        "has_extended_profile": false,
        "lang": null,
        "geo_enabled": false,
        "screen_name": "QSeVayanTodosYa",
        "verified": false,
        "utc_offset": null,
        "is_translation_enabled": false,
        "translator_type": "none",
        "entities": {
          "description": {
            "urls": []
          }
        },
        "default_profile": true,
        "created_at": "Sat Dec 16 03:45:43 +0000 2017",
        "profile_sidebar_border_color": "C0DEED",
        "friends_count": 317,
        "profile_background_image_url_https": null,
        "profile_text_color": "333333",
        "profile_use_background_image": true,
        "profile_sidebar_fill_color": "DDEEF6"
      },
      "contributors": null
    },
    {
      "in_reply_to_user_id": 111177540,
      "id": 1216558468892712962,
      "place": null,
      "source": "<a href=\"http://twitter.com/download/android\" rel=\"nofollow\">Twitter for Android</a>",
      "in_reply_to_screen_name": "Gustavo_MP",
      "retweet_count": 0,
      "geo": null,
      "lang": "es",
      "in_reply_to_status_id": 1216546742604267522,
      "text": "@Gustavo_MP @Jose_Antony_CG @patarevalo Esta frase sí es totalmente malintencionada: a las mujeres las matan porque… https://t.co/YAN3VLu5q7",
      "id_str": "1216558468892712962",
      "entities": {
        "hashtags": [],
        "symbols": [],
        "urls": [
          {
            "url": "https://t.co/YAN3VLu5q7",
            "expanded_url": "https://twitter.com/i/web/status/1216558468892712962",
            "indices": [
              117,
              140
            ],
            "display_url": "twitter.com/i/web/status/1…"
          }
        ],
        "user_mentions": [
          {
            "id_str": "111177540",
            "screen_name": "Gustavo_MP",
            "name": "Gustavo Muñoz",
            "id": 111177540,
            "indices": [
              0,
              11
            ]
          },
          {
            "id_str": "134936054",
            "screen_name": "Jose_Antony_CG",
            "name": "José Antony Cossío Guillén 1⃣3⃣",
            "id": 134936054,
            "indices": [
              12,
              27
            ]
          },
          {
            "id_str": "2382778009",
            "screen_name": "patarevalo",
            "name": "Patricia Arevalo",
            "id": 2382778009,
            "indices": [
              28,
              39
            ]
          }
        ]
      },
      "metadata": {
        "result_type": "recent",
        "iso_language_code": "es"
      },
      "retweeted": false,
      "favorite_count": 0,
      "truncated": true,
      "in_reply_to_status_id_str": "1216546742604267522",
      "coordinates": null,
      "in_reply_to_user_id_str": "111177540",
      "is_quote_status": false,
      "favorited": false,
      "created_at": "Mon Jan 13 03:11:56 +0000 2020",
      "user": {
        "url": null,
        "protected": false,
        "name": "Matusalén",
        "id": 941876968332636160,
        "profile_image_url_https": "https://pbs.twimg.com/profile_images/1213501431631794177/4IZJ8CLg_normal.jpg",
        "profile_background_tile": false,
        "time_zone": null,
        "default_profile_image": false,
        "follow_request_sent": false,
        "description": "sin clichés. Dándole la razón a quien creo que la tiene. De izquierda, de derecha, feministas, etc.",
        "following": false,
        "profile_image_url": "http://pbs.twimg.com/profile_images/1213501431631794177/4IZJ8CLg_normal.jpg",
        "profile_link_color": "1DA1F2",
        "listed_count": 1,
        "notifications": false,
        "profile_background_color": "F5F8FA",
        "statuses_count": 5636,
        "favourites_count": 670,
        "contributors_enabled": false,
        "location": "Peru",
        "id_str": "941876968332636160",
        "is_translator": false,
        "profile_background_image_url": null,
        "followers_count": 54,
        "has_extended_profile": false,
        "lang": null,
        "geo_enabled": false,
        "screen_name": "QSeVayanTodosYa",
        "verified": false,
        "utc_offset": null,
        "is_translation_enabled": false,
        "translator_type": "none",
        "entities": {
          "description": {
            "urls": []
          }
        },
        "default_profile": true,
        "created_at": "Sat Dec 16 03:45:43 +0000 2017",
        "profile_sidebar_border_color": "C0DEED",
        "friends_count": 317,
        "profile_background_image_url_https": null,
        "profile_text_color": "333333",
        "profile_use_background_image": true,
        "profile_sidebar_fill_color": "DDEEF6"
      },
      "contributors": null
    },
    {
      "in_reply_to_user_id": 941876968332636160,
      "id": 1216547452469248005,
      "place": null,
      "source": "<a href=\"https://mobile.twitter.com\" rel=\"nofollow\">Twitter Web App</a>",
      "in_reply_to_screen_name": "QSeVayanTodosYa",
      "retweet_count": 0,
      "geo": null,
      "lang": "es",
      "in_reply_to_status_id": 1216464685748408323,
      "text": "@QSeVayanTodosYa @Jose_Antony_CG @patarevalo 4. Finalmente, la mayoría de \"soluciones\" que estas personas que se au… https://t.co/DoEYrTUOBF",
      "id_str": "1216547452469248005",
      "entities": {
        "hashtags": [],
        "symbols": [],
        "urls": [
          {
            "url": "https://t.co/DoEYrTUOBF",
            "expanded_url": "https://twitter.com/i/web/status/1216547452469248005",
            "indices": [
              117,
              140
            ],
            "display_url": "twitter.com/i/web/status/1…"
          }
        ],
        "user_mentions": [
          {
            "id_str": "941876968332636160",
            "screen_name": "QSeVayanTodosYa",
            "name": "Matusalén",
            "id": 941876968332636160,
            "indices": [
              0,
              16
            ]
          },
          {
            "id_str": "134936054",
            "screen_name": "Jose_Antony_CG",
            "name": "José Antony Cossío Guillén 1⃣3⃣",
            "id": 134936054,
            "indices": [
              17,
              32
            ]
          },
          {
            "id_str": "2382778009",
            "screen_name": "patarevalo",
            "name": "Patricia Arevalo",
            "id": 2382778009,
            "indices": [
              33,
              44
            ]
          }
        ]
      },
      "metadata": {
        "result_type": "recent",
        "iso_language_code": "es"
      },
      "retweeted": false,
      "favorite_count": 0,
      "truncated": true,
      "in_reply_to_status_id_str": "1216464685748408323",
      "coordinates": null,
      "in_reply_to_user_id_str": "941876968332636160",
      "is_quote_status": false,
      "favorited": false,
      "created_at": "Mon Jan 13 02:28:09 +0000 2020",
      "user": {
        "url": null,
        "protected": false,
        "name": "Gustavo Muñoz",
        "id": 111177540,
        "profile_image_url_https": "https://pbs.twimg.com/profile_images/674523529/tavo_normal.JPG",
        "profile_background_tile": false,
        "time_zone": null,
        "default_profile_image": false,
        "follow_request_sent": false,
        "description": "Liberal turbofacho, falocéntrico que busca sus privilegios como hombre blanco hetero (aún no los encuentro), anti-feminista3eraola, antifujimorista, antiprogre",
        "following": false,
        "profile_image_url": "http://pbs.twimg.com/profile_images/674523529/tavo_normal.JPG",
        "profile_link_color": "0C9EA6",
        "listed_count": 4,
        "notifications": false,
        "profile_background_color": "022330",
        "statuses_count": 3009,
        "favourites_count": 376,
        "contributors_enabled": false,
        "location": "Lima - Perú",
        "id_str": "111177540",
        "is_translator": false,
        "profile_background_image_url": "http://abs.twimg.com/images/themes/theme1/bg.png",
        "followers_count": 197,
        "has_extended_profile": false,
        "lang": null,
        "geo_enabled": true,
        "screen_name": "Gustavo_MP",
        "verified": false,
        "utc_offset": null,
        "is_translation_enabled": false,
        "translator_type": "none",
        "entities": {
          "description": {
            "urls": []
          }
        },
        "default_profile": false,
        "created_at": "Thu Feb 04 01:40:20 +0000 2010",
        "profile_sidebar_border_color": "A8C7F7",
        "friends_count": 701,
        "profile_background_image_url_https": "https://abs.twimg.com/images/themes/theme1/bg.png",
        "profile_text_color": "333333",
        "profile_use_background_image": true,
        "profile_sidebar_fill_color": "C0DFEC"
      },
      "contributors": null
    },
    {
      "in_reply_to_user_id": 941876968332636160,
      "id": 1216547231144325120,
      "place": null,
      "source": "<a href=\"https://mobile.twitter.com\" rel=\"nofollow\">Twitter Web App</a>",
      "in_reply_to_screen_name": "QSeVayanTodosYa",
      "retweet_count": 0,
      "geo": null,
      "lang": "es",
      "in_reply_to_status_id": 1216464685748408323,
      "text": "@QSeVayanTodosYa @Jose_Antony_CG @patarevalo 3. en ese sentido, te dan una verdad a medias, para echarle toda la cu… https://t.co/c1FfpVkScS",
      "id_str": "1216547231144325120",
      "entities": {
        "hashtags": [],
        "symbols": [],
        "urls": [
          {
            "url": "https://t.co/c1FfpVkScS",
            "expanded_url": "https://twitter.com/i/web/status/1216547231144325120",
            "indices": [
              117,
              140
            ],
            "display_url": "twitter.com/i/web/status/1…"
          }
        ],
        "user_mentions": [
          {
            "id_str": "941876968332636160",
            "screen_name": "QSeVayanTodosYa",
            "name": "Matusalén",
            "id": 941876968332636160,
            "indices": [
              0,
              16
            ]
          },
          {
            "id_str": "134936054",
            "screen_name": "Jose_Antony_CG",
            "name": "José Antony Cossío Guillén 1⃣3⃣",
            "id": 134936054,
            "indices": [
              17,
              32
            ]
          },
          {
            "id_str": "2382778009",
            "screen_name": "patarevalo",
            "name": "Patricia Arevalo",
            "id": 2382778009,
            "indices": [
              33,
              44
            ]
          }
        ]
      },
      "metadata": {
        "result_type": "recent",
        "iso_language_code": "es"
      },
      "retweeted": false,
      "favorite_count": 1,
      "truncated": true,
      "in_reply_to_status_id_str": "1216464685748408323",
      "coordinates": null,
      "in_reply_to_user_id_str": "941876968332636160",
      "is_quote_status": false,
      "favorited": false,
      "created_at": "Mon Jan 13 02:27:16 +0000 2020",
      "user": {
        "url": null,
        "protected": false,
        "name": "Gustavo Muñoz",
        "id": 111177540,
        "profile_image_url_https": "https://pbs.twimg.com/profile_images/674523529/tavo_normal.JPG",
        "profile_background_tile": false,
        "time_zone": null,
        "default_profile_image": false,
        "follow_request_sent": false,
        "description": "Liberal turbofacho, falocéntrico que busca sus privilegios como hombre blanco hetero (aún no los encuentro), anti-feminista3eraola, antifujimorista, antiprogre",
        "following": false,
        "profile_image_url": "http://pbs.twimg.com/profile_images/674523529/tavo_normal.JPG",
        "profile_link_color": "0C9EA6",
        "listed_count": 4,
        "notifications": false,
        "profile_background_color": "022330",
        "statuses_count": 3009,
        "favourites_count": 376,
        "contributors_enabled": false,
        "location": "Lima - Perú",
        "id_str": "111177540",
        "is_translator": false,
        "profile_background_image_url": "http://abs.twimg.com/images/themes/theme1/bg.png",
        "followers_count": 197,
        "has_extended_profile": false,
        "lang": null,
        "geo_enabled": true,
        "screen_name": "Gustavo_MP",
        "verified": false,
        "utc_offset": null,
        "is_translation_enabled": false,
        "translator_type": "none",
        "entities": {
          "description": {
            "urls": []
          }
        },
        "default_profile": false,
        "created_at": "Thu Feb 04 01:40:20 +0000 2010",
        "profile_sidebar_border_color": "A8C7F7",
        "friends_count": 701,
        "profile_background_image_url_https": "https://abs.twimg.com/images/themes/theme1/bg.png",
        "profile_text_color": "333333",
        "profile_use_background_image": true,
        "profile_sidebar_fill_color": "C0DFEC"
      },
      "contributors": null
    },
    {
      "in_reply_to_user_id": 941876968332636160,
      "id": 1216546742604267522,
      "place": null,
      "source": "<a href=\"https://mobile.twitter.com\" rel=\"nofollow\">Twitter Web App</a>",
      "in_reply_to_screen_name": "QSeVayanTodosYa",
      "retweet_count": 0,
      "geo": null,
      "lang": "es",
      "in_reply_to_status_id": 1216464685748408323,
      "text": "@QSeVayanTodosYa @Jose_Antony_CG @patarevalo 2. Hay mala intención xq solo se muestran las cifras q más convienen.… https://t.co/38vrclX0We",
      "id_str": "1216546742604267522",
      "entities": {
        "hashtags": [],
        "symbols": [],
        "urls": [
          {
            "url": "https://t.co/38vrclX0We",
            "expanded_url": "https://twitter.com/i/web/status/1216546742604267522",
            "indices": [
              116,
              139
            ],
            "display_url": "twitter.com/i/web/status/1…"
          }
        ],
        "user_mentions": [
          {
            "id_str": "941876968332636160",
            "screen_name": "QSeVayanTodosYa",
            "name": "Matusalén",
            "id": 941876968332636160,
            "indices": [
              0,
              16
            ]
          },
          {
            "id_str": "134936054",
            "screen_name": "Jose_Antony_CG",
            "name": "José Antony Cossío Guillén 1⃣3⃣",
            "id": 134936054,
            "indices": [
              17,
              32
            ]
          },
          {
            "id_str": "2382778009",
            "screen_name": "patarevalo",
            "name": "Patricia Arevalo",
            "id": 2382778009,
            "indices": [
              33,
              44
            ]
          }
        ]
      },
      "metadata": {
        "result_type": "recent",
        "iso_language_code": "es"
      },
      "retweeted": false,
      "favorite_count": 1,
      "truncated": true,
      "in_reply_to_status_id_str": "1216464685748408323",
      "coordinates": null,
      "in_reply_to_user_id_str": "941876968332636160",
      "is_quote_status": false,
      "favorited": false,
      "created_at": "Mon Jan 13 02:25:20 +0000 2020",
      "user": {
        "url": null,
        "protected": false,
        "name": "Gustavo Muñoz",
        "id": 111177540,
        "profile_image_url_https": "https://pbs.twimg.com/profile_images/674523529/tavo_normal.JPG",
        "profile_background_tile": false,
        "time_zone": null,
        "default_profile_image": false,
        "follow_request_sent": false,
        "description": "Liberal turbofacho, falocéntrico que busca sus privilegios como hombre blanco hetero (aún no los encuentro), anti-feminista3eraola, antifujimorista, antiprogre",
        "following": false,
        "profile_image_url": "http://pbs.twimg.com/profile_images/674523529/tavo_normal.JPG",
        "profile_link_color": "0C9EA6",
        "listed_count": 4,
        "notifications": false,
        "profile_background_color": "022330",
        "statuses_count": 3009,
        "favourites_count": 376,
        "contributors_enabled": false,
        "location": "Lima - Perú",
        "id_str": "111177540",
        "is_translator": false,
        "profile_background_image_url": "http://abs.twimg.com/images/themes/theme1/bg.png",
        "followers_count": 197,
        "has_extended_profile": false,
        "lang": null,
        "geo_enabled": true,
        "screen_name": "Gustavo_MP",
        "verified": false,
        "utc_offset": null,
        "is_translation_enabled": false,
        "translator_type": "none",
        "entities": {
          "description": {
            "urls": []
          }
        },
        "default_profile": false,
        "created_at": "Thu Feb 04 01:40:20 +0000 2010",
        "profile_sidebar_border_color": "A8C7F7",
        "friends_count": 701,
        "profile_background_image_url_https": "https://abs.twimg.com/images/themes/theme1/bg.png",
        "profile_text_color": "333333",
        "profile_use_background_image": true,
        "profile_sidebar_fill_color": "C0DFEC"
      },
      "contributors": null
    },
    {
      "in_reply_to_user_id": 941876968332636160,
      "id": 1216546019565096960,
      "place": null,
      "source": "<a href=\"https://mobile.twitter.com\" rel=\"nofollow\">Twitter Web App</a>",
      "in_reply_to_screen_name": "QSeVayanTodosYa",
      "retweet_count": 0,
      "geo": null,
      "lang": "es",
      "in_reply_to_status_id": 1216464685748408323,
      "text": "@QSeVayanTodosYa @Jose_Antony_CG @patarevalo 1. Se está presuponiendo que los demás deberían entender que se trata… https://t.co/R5lhusJzrE",
      "id_str": "1216546019565096960",
      "entities": {
        "hashtags": [],
        "symbols": [],
        "urls": [
          {
            "url": "https://t.co/R5lhusJzrE",
            "expanded_url": "https://twitter.com/i/web/status/1216546019565096960",
            "indices": [
              116,
              139
            ],
            "display_url": "twitter.com/i/web/status/1…"
          }
        ],
        "user_mentions": [
          {
            "id_str": "941876968332636160",
            "screen_name": "QSeVayanTodosYa",
            "name": "Matusalén",
            "id": 941876968332636160,
            "indices": [
              0,
              16
            ]
          },
          {
            "id_str": "134936054",
            "screen_name": "Jose_Antony_CG",
            "name": "José Antony Cossío Guillén 1⃣3⃣",
            "id": 134936054,
            "indices": [
              17,
              32
            ]
          },
          {
            "id_str": "2382778009",
            "screen_name": "patarevalo",
            "name": "Patricia Arevalo",
            "id": 2382778009,
            "indices": [
              33,
              44
            ]
          }
        ]
      },
      "metadata": {
        "result_type": "recent",
        "iso_language_code": "es"
      },
      "retweeted": false,
      "favorite_count": 0,
      "truncated": true,
      "in_reply_to_status_id_str": "1216464685748408323",
      "coordinates": null,
      "in_reply_to_user_id_str": "941876968332636160",
      "is_quote_status": false,
      "favorited": false,
      "created_at": "Mon Jan 13 02:22:28 +0000 2020",
      "user": {
        "url": null,
        "protected": false,
        "name": "Gustavo Muñoz",
        "id": 111177540,
        "profile_image_url_https": "https://pbs.twimg.com/profile_images/674523529/tavo_normal.JPG",
        "profile_background_tile": false,
        "time_zone": null,
        "default_profile_image": false,
        "follow_request_sent": false,
        "description": "Liberal turbofacho, falocéntrico que busca sus privilegios como hombre blanco hetero (aún no los encuentro), anti-feminista3eraola, antifujimorista, antiprogre",
        "following": false,
        "profile_image_url": "http://pbs.twimg.com/profile_images/674523529/tavo_normal.JPG",
        "profile_link_color": "0C9EA6",
        "listed_count": 4,
        "notifications": false,
        "profile_background_color": "022330",
        "statuses_count": 3009,
        "favourites_count": 376,
        "contributors_enabled": false,
        "location": "Lima - Perú",
        "id_str": "111177540",
        "is_translator": false,
        "profile_background_image_url": "http://abs.twimg.com/images/themes/theme1/bg.png",
        "followers_count": 197,
        "has_extended_profile": false,
        "lang": null,
        "geo_enabled": true,
        "screen_name": "Gustavo_MP",
        "verified": false,
        "utc_offset": null,
        "is_translation_enabled": false,
        "translator_type": "none",
        "entities": {
          "description": {
            "urls": []
          }
        },
        "default_profile": false,
        "created_at": "Thu Feb 04 01:40:20 +0000 2010",
        "profile_sidebar_border_color": "A8C7F7",
        "friends_count": 701,
        "profile_background_image_url_https": "https://abs.twimg.com/images/themes/theme1/bg.png",
        "profile_text_color": "333333",
        "profile_use_background_image": true,
        "profile_sidebar_fill_color": "C0DFEC"
      },
      "contributors": null
    },
    {
      "in_reply_to_user_id": 134936054,
      "id": 1216542542356975616,
      "place": null,
      "source": "<a href=\"https://mobile.twitter.com\" rel=\"nofollow\">Twitter Web App</a>",
      "in_reply_to_screen_name": "Jose_Antony_CG",
      "retweet_count": 0,
      "geo": null,
      "lang": "es",
      "in_reply_to_status_id": 1192909050759065600,
      "text": "@Jose_Antony_CG @Junior_0311 @hurgamemoriaPE Un llanero solitario no vale en el congreso. A menos planees luego si… https://t.co/K1WbRlpdwc",
      "id_str": "1216542542356975616",
      "entities": {
        "hashtags": [],
        "symbols": [],
        "urls": [
          {
            "url": "https://t.co/K1WbRlpdwc",
            "expanded_url": "https://twitter.com/i/web/status/1216542542356975616",
            "indices": [
              116,
              139
            ],
            "display_url": "twitter.com/i/web/status/1…"
          }
        ],
        "user_mentions": [
          {
            "id_str": "134936054",
            "screen_name": "Jose_Antony_CG",
            "name": "José Antony Cossío Guillén 1⃣3⃣",
            "id": 134936054,
            "indices": [
              0,
              15
            ]
          },
          {
            "id_str": "361402893",
            "screen_name": "Junior_0311",
            "name": "Willy Z",
            "id": 361402893,
            "indices": [
              16,
              28
            ]
          },
          {
            "id_str": "3309347867",
            "screen_name": "hurgamemoriaPE",
            "name": "Hurgar en la Memoria 🇵🇪",
            "id": 3309347867,
            "indices": [
              29,
              44
            ]
          }
        ]
      },
      "metadata": {
        "result_type": "recent",
        "iso_language_code": "es"
      },
      "retweeted": false,
      "favorite_count": 0,
      "truncated": true,
      "in_reply_to_status_id_str": "1192909050759065600",
      "coordinates": null,
      "in_reply_to_user_id_str": "134936054",
      "is_quote_status": false,
      "favorited": false,
      "created_at": "Mon Jan 13 02:08:39 +0000 2020",
      "user": {
        "url": "http://t.co/EKpjwHCGqr",
        "protected": false,
        "name": "Egam",
        "id": 124595311,
        "profile_image_url_https": "https://abs.twimg.com/sticky/default_profile_images/default_profile_normal.png",
        "profile_background_tile": false,
        "time_zone": null,
        "default_profile_image": true,
        "follow_request_sent": false,
        "description": "Soy un ♂ que nació entre 1986 y 1989,no recuerdo para nada el 1er gob. de Alan García ni mucho menos la hiperinflación. 17/01/2012 cambié de 25andino a Garu_625",
        "following": false,
        "profile_image_url": "http://abs.twimg.com/sticky/default_profile_images/default_profile_normal.png",
        "profile_link_color": "0084B4",
        "listed_count": 0,
        "notifications": false,
        "profile_background_color": "C0DEED",
        "statuses_count": 906,
        "favourites_count": 259,
        "contributors_enabled": false,
        "location": "Lima - Perú",
        "id_str": "124595311",
        "is_translator": false,
        "profile_background_image_url": "http://abs.twimg.com/images/themes/theme1/bg.png",
        "followers_count": 5,
        "has_extended_profile": false,
        "lang": null,
        "geo_enabled": true,
        "screen_name": "Garu_625",
        "verified": false,
        "utc_offset": null,
        "is_translation_enabled": false,
        "translator_type": "none",
        "entities": {
          "url": {
            "urls": [
              {
                "url": "http://t.co/EKpjwHCGqr",
                "expanded_url": "http://www.youtube.com/user/25andino",
                "indices": [
                  0,
                  22
                ],
                "display_url": "youtube.com/user/25andino"
              }
            ]
          },
          "description": {
            "urls": []
          }
        },
        "default_profile": false,
        "created_at": "Fri Mar 19 23:05:28 +0000 2010",
        "profile_sidebar_border_color": "EDF7FC",
        "friends_count": 50,
        "profile_background_image_url_https": "https://abs.twimg.com/images/themes/theme1/bg.png",
        "profile_text_color": "333333",
        "profile_use_background_image": true,
        "profile_sidebar_fill_color": "F2F8FC"
      },
      "contributors": null
    },
    {
      "in_reply_to_user_id": 134936054,
      "id": 1216541526123139072,
      "place": null,
      "source": "<a href=\"https://mobile.twitter.com\" rel=\"nofollow\">Twitter Web App</a>",
      "in_reply_to_screen_name": "Jose_Antony_CG",
      "retweet_count": 0,
      "geo": null,
      "lang": "es",
      "in_reply_to_status_id": 1215489923702239237,
      "text": "@Jose_Antony_CG @masigualdadpe Y por qué Unión Civil y no Matrimonio Igualitario?",
      "id_str": "1216541526123139072",
      "entities": {
        "hashtags": [],
        "symbols": [],
        "urls": [],
        "user_mentions": [
          {
            "id_str": "134936054",
            "screen_name": "Jose_Antony_CG",
            "name": "José Antony Cossío Guillén 1⃣3⃣",
            "id": 134936054,
            "indices": [
              0,
              15
            ]
          },
          {
            "id_str": "817466258023190530",
            "screen_name": "masigualdadpe",
            "name": "Más Igualdad Perú",
            "id": 817466258023190530,
            "indices": [
              16,
              30
            ]
          }
        ]
      },
      "metadata": {
        "result_type": "recent",
        "iso_language_code": "es"
      },
      "retweeted": false,
      "favorite_count": 1,
      "truncated": false,
      "in_reply_to_status_id_str": "1215489923702239237",
      "coordinates": null,
      "in_reply_to_user_id_str": "134936054",
      "is_quote_status": false,
      "favorited": false,
      "created_at": "Mon Jan 13 02:04:36 +0000 2020",
      "user": {
        "url": "https://t.co/0aEUD1u6Qa",
        "protected": false,
        "name": "Gabriel Deledda",
        "id": 1192991094499201024,
        "profile_image_url_https": "https://pbs.twimg.com/profile_images/1192991888262873088/eVCj_70m_normal.jpg",
        "profile_background_tile": false,
        "time_zone": null,
        "default_profile_image": false,
        "follow_request_sent": false,
        "description": "El único territorio que deseo habitar es el de la #literatura, pero también me interesa el #cine. Admiro a Banksy, a Thomas Pynchon y a Elena Ferrante. Escribo.",
        "following": false,
        "profile_image_url": "http://pbs.twimg.com/profile_images/1192991888262873088/eVCj_70m_normal.jpg",
        "profile_link_color": "1DA1F2",
        "listed_count": 1,
        "notifications": false,
        "profile_background_color": "F5F8FA",
        "statuses_count": 1604,
        "favourites_count": 3032,
        "contributors_enabled": false,
        "location": "Lima, Perú ",
        "id_str": "1192991094499201024",
        "is_translator": false,
        "profile_background_image_url": null,
        "followers_count": 135,
        "has_extended_profile": true,
        "profile_banner_url": "https://pbs.twimg.com/profile_banners/1192991094499201024/1573415772",
        "lang": null,
        "geo_enabled": false,
        "screen_name": "DeleddaGabriel",
        "verified": false,
        "utc_offset": null,
        "is_translation_enabled": false,
        "translator_type": "none",
        "entities": {
          "url": {
            "urls": [
              {
                "url": "https://t.co/0aEUD1u6Qa",
                "expanded_url": "https://gabrieldeledda.blogspot.com/?m=1",
                "indices": [
                  0,
                  23
                ],
                "display_url": "gabrieldeledda.blogspot.com/?m=1"
              }
            ]
          },
          "description": {
            "urls": []
          }
        },
        "default_profile": true,
        "created_at": "Sat Nov 09 02:25:02 +0000 2019",
        "profile_sidebar_border_color": "C0DEED",
        "friends_count": 427,
        "profile_background_image_url_https": null,
        "profile_text_color": "333333",
        "profile_use_background_image": true,
        "profile_sidebar_fill_color": "DDEEF6"
      },
      "contributors": null
    },
    {
      "in_reply_to_user_id": 941876968332636160,
      "id": 1216470094936588288,
      "place": null,
      "source": "<a href=\"http://twitter.com/download/android\" rel=\"nofollow\">Twitter for Android</a>",
      "in_reply_to_screen_name": "QSeVayanTodosYa",
      "retweet_count": 0,
      "geo": null,
      "lang": "es",
      "in_reply_to_status_id": 1216468617195376640,
      "text": "@QSeVayanTodosYa @Jose_Antony_CG @patarevalo A ver que señalar que la encuesta no demuestra una tendencia no es dec… https://t.co/PWuRRurddn",
      "id_str": "1216470094936588288",
      "entities": {
        "hashtags": [],
        "symbols": [],
        "urls": [
          {
            "url": "https://t.co/PWuRRurddn",
            "expanded_url": "https://twitter.com/i/web/status/1216470094936588288",
            "indices": [
              117,
              140
            ],
            "display_url": "twitter.com/i/web/status/1…"
          }
        ],
        "user_mentions": [
          {
            "id_str": "941876968332636160",
            "screen_name": "QSeVayanTodosYa",
            "name": "Matusalén",
            "id": 941876968332636160,
            "indices": [
              0,
              16
            ]
          },
          {
            "id_str": "134936054",
            "screen_name": "Jose_Antony_CG",
            "name": "José Antony Cossío Guillén 1⃣3⃣",
            "id": 134936054,
            "indices": [
              17,
              32
            ]
          },
          {
            "id_str": "2382778009",
            "screen_name": "patarevalo",
            "name": "Patricia Arevalo",
            "id": 2382778009,
            "indices": [
              33,
              44
            ]
          }
        ]
      },
      "metadata": {
        "result_type": "recent",
        "iso_language_code": "es"
      },
      "retweeted": false,
      "favorite_count": 0,
      "truncated": true,
      "in_reply_to_status_id_str": "1216468617195376640",
      "coordinates": null,
      "in_reply_to_user_id_str": "941876968332636160",
      "is_quote_status": false,
      "favorited": false,
      "created_at": "Sun Jan 12 21:20:46 +0000 2020",
      "user": {
        "url": null,
        "protected": false,
        "name": "G45",
        "id": 635893558,
        "profile_image_url_https": "https://pbs.twimg.com/profile_images/1211124612991467520/-ErKXVRW_normal.jpg",
        "profile_background_tile": false,
        "time_zone": null,
        "default_profile_image": false,
        "follow_request_sent": false,
        "description": "Solo soy una persona que opina y hace preguntas.",
        "following": false,
        "profile_image_url": "http://pbs.twimg.com/profile_images/1211124612991467520/-ErKXVRW_normal.jpg",
        "profile_link_color": "1DA1F2",
        "listed_count": 0,
        "notifications": false,
        "profile_background_color": "C0DEED",
        "statuses_count": 8658,
        "favourites_count": 9173,
        "contributors_enabled": false,
        "location": "",
        "id_str": "635893558",
        "is_translator": false,
        "profile_background_image_url": "http://abs.twimg.com/images/themes/theme1/bg.png",
        "followers_count": 57,
        "has_extended_profile": false,
        "lang": null,
        "geo_enabled": false,
        "screen_name": "guerrero45f",
        "verified": false,
        "utc_offset": null,
        "is_translation_enabled": false,
        "translator_type": "none",
        "entities": {
          "description": {
            "urls": []
          }
        },
        "default_profile": true,
        "created_at": "Sun Jul 15 04:16:40 +0000 2012",
        "profile_sidebar_border_color": "C0DEED",
        "friends_count": 145,
        "profile_background_image_url_https": "https://abs.twimg.com/images/themes/theme1/bg.png",
        "profile_text_color": "333333",
        "profile_use_background_image": true,
        "profile_sidebar_fill_color": "DDEEF6"
      },
      "contributors": null
    },
    {
      "in_reply_to_user_id": 635893558,
      "id": 1216468617195376640,
      "place": null,
      "source": "<a href=\"http://twitter.com/download/android\" rel=\"nofollow\">Twitter for Android</a>",
      "in_reply_to_screen_name": "guerrero45f",
      "retweet_count": 0,
      "geo": null,
      "lang": "es",
      "in_reply_to_status_id": 1216465322577989635,
      "text": "@guerrero45f @Jose_Antony_CG @patarevalo Obvio que sostengo lo primero pero habría que ser muy indolente para negar… https://t.co/jf8uvyL6CV",
      "id_str": "1216468617195376640",
      "entities": {
        "hashtags": [],
        "symbols": [],
        "urls": [
          {
            "url": "https://t.co/jf8uvyL6CV",
            "expanded_url": "https://twitter.com/i/web/status/1216468617195376640",
            "indices": [
              117,
              140
            ],
            "display_url": "twitter.com/i/web/status/1…"
          }
        ],
        "user_mentions": [
          {
            "id_str": "635893558",
            "screen_name": "guerrero45f",
            "name": "G45",
            "id": 635893558,
            "indices": [
              0,
              12
            ]
          },
          {
            "id_str": "134936054",
            "screen_name": "Jose_Antony_CG",
            "name": "José Antony Cossío Guillén 1⃣3⃣",
            "id": 134936054,
            "indices": [
              13,
              28
            ]
          },
          {
            "id_str": "2382778009",
            "screen_name": "patarevalo",
            "name": "Patricia Arevalo",
            "id": 2382778009,
            "indices": [
              29,
              40
            ]
          }
        ]
      },
      "metadata": {
        "result_type": "recent",
        "iso_language_code": "es"
      },
      "retweeted": false,
      "favorite_count": 0,
      "truncated": true,
      "in_reply_to_status_id_str": "1216465322577989635",
      "coordinates": null,
      "in_reply_to_user_id_str": "635893558",
      "is_quote_status": false,
      "favorited": false,
      "created_at": "Sun Jan 12 21:14:53 +0000 2020",
      "user": {
        "url": null,
        "protected": false,
        "name": "Matusalén",
        "id": 941876968332636160,
        "profile_image_url_https": "https://pbs.twimg.com/profile_images/1213501431631794177/4IZJ8CLg_normal.jpg",
        "profile_background_tile": false,
        "time_zone": null,
        "default_profile_image": false,
        "follow_request_sent": false,
        "description": "sin clichés. Dándole la razón a quien creo que la tiene. De izquierda, de derecha, feministas, etc.",
        "following": false,
        "profile_image_url": "http://pbs.twimg.com/profile_images/1213501431631794177/4IZJ8CLg_normal.jpg",
        "profile_link_color": "1DA1F2",
        "listed_count": 1,
        "notifications": false,
        "profile_background_color": "F5F8FA",
        "statuses_count": 5636,
        "favourites_count": 670,
        "contributors_enabled": false,
        "location": "Peru",
        "id_str": "941876968332636160",
        "is_translator": false,
        "profile_background_image_url": null,
        "followers_count": 54,
        "has_extended_profile": false,
        "lang": null,
        "geo_enabled": false,
        "screen_name": "QSeVayanTodosYa",
        "verified": false,
        "utc_offset": null,
        "is_translation_enabled": false,
        "translator_type": "none",
        "entities": {
          "description": {
            "urls": []
          }
        },
        "default_profile": true,
        "created_at": "Sat Dec 16 03:45:43 +0000 2017",
        "profile_sidebar_border_color": "C0DEED",
        "friends_count": 317,
        "profile_background_image_url_https": null,
        "profile_text_color": "333333",
        "profile_use_background_image": true,
        "profile_sidebar_fill_color": "DDEEF6"
      },
      "contributors": null
    },
    {
      "in_reply_to_user_id": 941876968332636160,
      "id": 1216465322577989635,
      "place": null,
      "source": "<a href=\"http://twitter.com/download/android\" rel=\"nofollow\">Twitter for Android</a>",
      "in_reply_to_screen_name": "QSeVayanTodosYa",
      "retweet_count": 0,
      "geo": null,
      "lang": "es",
      "in_reply_to_status_id": 1216464136072318978,
      "text": "@QSeVayanTodosYa @Jose_Antony_CG @patarevalo A ver que primero dices que no pretende tener validez estadistica y de… https://t.co/HcmSqrCaCa",
      "id_str": "1216465322577989635",
      "entities": {
        "hashtags": [],
        "symbols": [],
        "urls": [
          {
            "url": "https://t.co/HcmSqrCaCa",
            "expanded_url": "https://twitter.com/i/web/status/1216465322577989635",
            "indices": [
              117,
              140
            ],
            "display_url": "twitter.com/i/web/status/1…"
          }
        ],
        "user_mentions": [
          {
            "id_str": "941876968332636160",
            "screen_name": "QSeVayanTodosYa",
            "name": "Matusalén",
            "id": 941876968332636160,
            "indices": [
              0,
              16
            ]
          },
          {
            "id_str": "134936054",
            "screen_name": "Jose_Antony_CG",
            "name": "José Antony Cossío Guillén 1⃣3⃣",
            "id": 134936054,
            "indices": [
              17,
              32
            ]
          },
          {
            "id_str": "2382778009",
            "screen_name": "patarevalo",
            "name": "Patricia Arevalo",
            "id": 2382778009,
            "indices": [
              33,
              44
            ]
          }
        ]
      },
      "metadata": {
        "result_type": "recent",
        "iso_language_code": "es"
      },
      "retweeted": false,
      "favorite_count": 0,
      "truncated": true,
      "in_reply_to_status_id_str": "1216464136072318978",
      "coordinates": null,
      "in_reply_to_user_id_str": "941876968332636160",
      "is_quote_status": false,
      "favorited": false,
      "created_at": "Sun Jan 12 21:01:48 +0000 2020",
      "user": {
        "url": null,
        "protected": false,
        "name": "G45",
        "id": 635893558,
        "profile_image_url_https": "https://pbs.twimg.com/profile_images/1211124612991467520/-ErKXVRW_normal.jpg",
        "profile_background_tile": false,
        "time_zone": null,
        "default_profile_image": false,
        "follow_request_sent": false,
        "description": "Solo soy una persona que opina y hace preguntas.",
        "following": false,
        "profile_image_url": "http://pbs.twimg.com/profile_images/1211124612991467520/-ErKXVRW_normal.jpg",
        "profile_link_color": "1DA1F2",
        "listed_count": 0,
        "notifications": false,
        "profile_background_color": "C0DEED",
        "statuses_count": 8658,
        "favourites_count": 9173,
        "contributors_enabled": false,
        "location": "",
        "id_str": "635893558",
        "is_translator": false,
        "profile_background_image_url": "http://abs.twimg.com/images/themes/theme1/bg.png",
        "followers_count": 57,
        "has_extended_profile": false,
        "lang": null,
        "geo_enabled": false,
        "screen_name": "guerrero45f",
        "verified": false,
        "utc_offset": null,
        "is_translation_enabled": false,
        "translator_type": "none",
        "entities": {
          "description": {
            "urls": []
          }
        },
        "default_profile": true,
        "created_at": "Sun Jul 15 04:16:40 +0000 2012",
        "profile_sidebar_border_color": "C0DEED",
        "friends_count": 145,
        "profile_background_image_url_https": "https://abs.twimg.com/images/themes/theme1/bg.png",
        "profile_text_color": "333333",
        "profile_use_background_image": true,
        "profile_sidebar_fill_color": "DDEEF6"
      },
      "contributors": null
    },
    {
      "in_reply_to_user_id": 111177540,
      "id": 1216464685748408323,
      "place": null,
      "source": "<a href=\"http://twitter.com/download/android\" rel=\"nofollow\">Twitter for Android</a>",
      "in_reply_to_screen_name": "Gustavo_MP",
      "retweet_count": 0,
      "geo": null,
      "lang": "es",
      "in_reply_to_status_id": 1216344429331656705,
      "text": "@Gustavo_MP @Jose_Antony_CG @patarevalo Nadie te obliga a pensar como nadie pero no veo mala intención. Por qué nos… https://t.co/wtwqq1eHkT",
      "id_str": "1216464685748408323",
      "entities": {
        "hashtags": [],
        "symbols": [],
        "urls": [
          {
            "url": "https://t.co/wtwqq1eHkT",
            "expanded_url": "https://twitter.com/i/web/status/1216464685748408323",
            "indices": [
              117,
              140
            ],
            "display_url": "twitter.com/i/web/status/1…"
          }
        ],
        "user_mentions": [
          {
            "id_str": "111177540",
            "screen_name": "Gustavo_MP",
            "name": "Gustavo Muñoz",
            "id": 111177540,
            "indices": [
              0,
              11
            ]
          },
          {
            "id_str": "134936054",
            "screen_name": "Jose_Antony_CG",
            "name": "José Antony Cossío Guillén 1⃣3⃣",
            "id": 134936054,
            "indices": [
              12,
              27
            ]
          },
          {
            "id_str": "2382778009",
            "screen_name": "patarevalo",
            "name": "Patricia Arevalo",
            "id": 2382778009,
            "indices": [
              28,
              39
            ]
          }
        ]
      },
      "metadata": {
        "result_type": "recent",
        "iso_language_code": "es"
      },
      "retweeted": false,
      "favorite_count": 2,
      "truncated": true,
      "in_reply_to_status_id_str": "1216344429331656705",
      "coordinates": null,
      "in_reply_to_user_id_str": "111177540",
      "is_quote_status": false,
      "favorited": false,
      "created_at": "Sun Jan 12 20:59:16 +0000 2020",
      "user": {
        "url": null,
        "protected": false,
        "name": "Matusalén",
        "id": 941876968332636160,
        "profile_image_url_https": "https://pbs.twimg.com/profile_images/1213501431631794177/4IZJ8CLg_normal.jpg",
        "profile_background_tile": false,
        "time_zone": null,
        "default_profile_image": false,
        "follow_request_sent": false,
        "description": "sin clichés. Dándole la razón a quien creo que la tiene. De izquierda, de derecha, feministas, etc.",
        "following": false,
        "profile_image_url": "http://pbs.twimg.com/profile_images/1213501431631794177/4IZJ8CLg_normal.jpg",
        "profile_link_color": "1DA1F2",
        "listed_count": 1,
        "notifications": false,
        "profile_background_color": "F5F8FA",
        "statuses_count": 5636,
        "favourites_count": 670,
        "contributors_enabled": false,
        "location": "Peru",
        "id_str": "941876968332636160",
        "is_translator": false,
        "profile_background_image_url": null,
        "followers_count": 54,
        "has_extended_profile": false,
        "lang": null,
        "geo_enabled": false,
        "screen_name": "QSeVayanTodosYa",
        "verified": false,
        "utc_offset": null,
        "is_translation_enabled": false,
        "translator_type": "none",
        "entities": {
          "description": {
            "urls": []
          }
        },
        "default_profile": true,
        "created_at": "Sat Dec 16 03:45:43 +0000 2017",
        "profile_sidebar_border_color": "C0DEED",
        "friends_count": 317,
        "profile_background_image_url_https": null,
        "profile_text_color": "333333",
        "profile_use_background_image": true,
        "profile_sidebar_fill_color": "DDEEF6"
      },
      "contributors": null
    },
    {
      "in_reply_to_user_id": 635893558,
      "id": 1216464136072318978,
      "place": null,
      "source": "<a href=\"http://twitter.com/download/android\" rel=\"nofollow\">Twitter for Android</a>",
      "in_reply_to_screen_name": "guerrero45f",
      "retweet_count": 0,
      "geo": null,
      "lang": "es",
      "in_reply_to_status_id": 1216389481588240384,
      "text": "@guerrero45f @Jose_Antony_CG @patarevalo No creo que @patarevalo pretenda que sus datos tengan rigurosidad estadíst… https://t.co/hvXhA15RFJ",
      "id_str": "1216464136072318978",
      "entities": {
        "hashtags": [],
        "symbols": [],
        "urls": [
          {
            "url": "https://t.co/hvXhA15RFJ",
            "expanded_url": "https://twitter.com/i/web/status/1216464136072318978",
            "indices": [
              117,
              140
            ],
            "display_url": "twitter.com/i/web/status/1…"
          }
        ],
        "user_mentions": [
          {
            "id_str": "635893558",
            "screen_name": "guerrero45f",
            "name": "G45",
            "id": 635893558,
            "indices": [
              0,
              12
            ]
          },
          {
            "id_str": "134936054",
            "screen_name": "Jose_Antony_CG",
            "name": "José Antony Cossío Guillén 1⃣3⃣",
            "id": 134936054,
            "indices": [
              13,
              28
            ]
          },
          {
            "id_str": "2382778009",
            "screen_name": "patarevalo",
            "name": "Patricia Arevalo",
            "id": 2382778009,
            "indices": [
              29,
              40
            ]
          },
          {
            "id_str": "2382778009",
            "screen_name": "patarevalo",
            "name": "Patricia Arevalo",
            "id": 2382778009,
            "indices": [
              53,
              64
            ]
          }
        ]
      },
      "metadata": {
        "result_type": "recent",
        "iso_language_code": "es"
      },
      "retweeted": false,
      "favorite_count": 1,
      "truncated": true,
      "in_reply_to_status_id_str": "1216389481588240384",
      "coordinates": null,
      "in_reply_to_user_id_str": "635893558",
      "is_quote_status": false,
      "favorited": false,
      "created_at": "Sun Jan 12 20:57:05 +0000 2020",
      "user": {
        "url": null,
        "protected": false,
        "name": "Matusalén",
        "id": 941876968332636160,
        "profile_image_url_https": "https://pbs.twimg.com/profile_images/1213501431631794177/4IZJ8CLg_normal.jpg",
        "profile_background_tile": false,
        "time_zone": null,
        "default_profile_image": false,
        "follow_request_sent": false,
        "description": "sin clichés. Dándole la razón a quien creo que la tiene. De izquierda, de derecha, feministas, etc.",
        "following": false,
        "profile_image_url": "http://pbs.twimg.com/profile_images/1213501431631794177/4IZJ8CLg_normal.jpg",
        "profile_link_color": "1DA1F2",
        "listed_count": 1,
        "notifications": false,
        "profile_background_color": "F5F8FA",
        "statuses_count": 5636,
        "favourites_count": 670,
        "contributors_enabled": false,
        "location": "Peru",
        "id_str": "941876968332636160",
        "is_translator": false,
        "profile_background_image_url": null,
        "followers_count": 54,
        "has_extended_profile": false,
        "lang": null,
        "geo_enabled": false,
        "screen_name": "QSeVayanTodosYa",
        "verified": false,
        "utc_offset": null,
        "is_translation_enabled": false,
        "translator_type": "none",
        "entities": {
          "description": {
            "urls": []
          }
        },
        "default_profile": true,
        "created_at": "Sat Dec 16 03:45:43 +0000 2017",
        "profile_sidebar_border_color": "C0DEED",
        "friends_count": 317,
        "profile_background_image_url_https": null,
        "profile_text_color": "333333",
        "profile_use_background_image": true,
        "profile_sidebar_fill_color": "DDEEF6"
      },
      "contributors": null
    }
  ],
  "request_date": "2020-01-12-23:38:17"
}