{
  "request_date": "2019-12-08-17:13:43",
  "data": [
    {
      "favorite_count": 0,
      "is_quote_status": false,
      "retweet_count": 0,
      "in_reply_to_screen_name": "ExpresoPeru",
      "user": {
        "statuses_count": 241,
        "notifications": false,
        "location": "",
        "geo_enabled": true,
        "friends_count": 221,
        "profile_image_url_https": "https://pbs.twimg.com/profile_images/1028288648658280448/0GgutYoI_normal.jpg",
        "profile_background_color": "C0DEED",
        "following": false,
        "id": 2851638197,
        "time_zone": null,
        "protected": false,
        "profile_image_url": "http://pbs.twimg.com/profile_images/1028288648658280448/0GgutYoI_normal.jpg",
        "profile_sidebar_border_color": "C0DEED",
        "translator_type": "none",
        "verified": false,
        "profile_background_image_url": "http://abs.twimg.com/images/themes/theme1/bg.png",
        "utc_offset": null,
        "entities": {
          "description": {
            "urls": []
          }
        },
        "followers_count": 23,
        "profile_banner_url": "https://pbs.twimg.com/profile_banners/2851638197/1533998093",
        "profile_link_color": "1DA1F2",
        "id_str": "2851638197",
        "url": null,
        "is_translation_enabled": false,
        "screen_name": "LcyLener2230",
        "listed_count": 0,
        "profile_text_color": "333333",
        "created_at": "Thu Oct 30 16:53:24 +0000 2014",
        "has_extended_profile": true,
        "description": "Especialista en Protección Ejecutiva",
        "favourites_count": 2198,
        "profile_background_image_url_https": "https://abs.twimg.com/images/themes/theme1/bg.png",
        "lang": null,
        "default_profile_image": false,
        "is_translator": false,
        "name": "LENER CRUZADO Y",
        "profile_use_background_image": true,
        "contributors_enabled": false,
        "default_profile": true,
        "profile_sidebar_fill_color": "DDEEF6",
        "follow_request_sent": false,
        "profile_background_tile": false
      },
      "source": "<a href=\"http://twitter.com/download/android\" rel=\"nofollow\">Twitter for Android</a>",
      "id": 1203798576767389698,
      "favorited": false,
      "in_reply_to_user_id": 225232891,
      "entities": {
        "symbols": [],
        "user_mentions": [
          {
            "id": 225232891,
            "id_str": "225232891",
            "screen_name": "ExpresoPeru",
            "indices": [
              0,
              12
            ],
            "name": "Diario Expreso Perú"
          },
          {
            "id": 350460605,
            "id_str": "350460605",
            "screen_name": "SalvadorHeresi",
            "indices": [
              13,
              28
            ],
            "name": "Salvador Heresi"
          }
        ],
        "urls": [
          {
            "url": "https://t.co/LBL3S8yQdL",
            "display_url": "twitter.com/i/web/status/1…",
            "expanded_url": "https://twitter.com/i/web/status/1203798576767389698",
            "indices": [
              117,
              140
            ]
          }
        ],
        "hashtags": []
      },
      "contributors": null,
      "id_str": "1203798576767389698",
      "truncated": true,
      "in_reply_to_status_id_str": "1203774841582686208",
      "created_at": "Sun Dec 08 22:08:40 +0000 2019",
      "in_reply_to_user_id_str": "225232891",
      "coordinates": null,
      "lang": "es",
      "in_reply_to_status_id": 1203774841582686208,
      "metadata": {
        "result_type": "recent",
        "iso_language_code": "es"
      },
      "geo": null,
      "retweeted": false,
      "text": "@ExpresoPeru @SalvadorHeresi Ya ps chemita todos te apreciamos pero no hagas comentarios que no vienen al caso , es… https://t.co/LBL3S8yQdL",
      "place": null
    },
    {
      "favorite_count": 0,
      "is_quote_status": false,
      "retweet_count": 0,
      "in_reply_to_screen_name": "ExpresoPeru",
      "user": {
        "statuses_count": 1171,
        "notifications": false,
        "location": "",
        "geo_enabled": false,
        "friends_count": 42,
        "profile_image_url_https": "https://pbs.twimg.com/profile_images/1161447819573628929/sZF7gkAZ_normal.jpg",
        "profile_background_color": "F5F8FA",
        "following": false,
        "id": 1161447622810513408,
        "time_zone": null,
        "protected": false,
        "profile_image_url": "http://pbs.twimg.com/profile_images/1161447819573628929/sZF7gkAZ_normal.jpg",
        "profile_sidebar_border_color": "C0DEED",
        "translator_type": "none",
        "verified": false,
        "profile_background_image_url": null,
        "utc_offset": null,
        "entities": {
          "description": {
            "urls": []
          }
        },
        "followers_count": 0,
        "profile_link_color": "1DA1F2",
        "id_str": "1161447622810513408",
        "url": null,
        "is_translation_enabled": false,
        "screen_name": "GuzQuber",
        "listed_count": 0,
        "profile_text_color": "333333",
        "created_at": "Wed Aug 14 01:21:06 +0000 2019",
        "has_extended_profile": false,
        "description": "Jajaja",
        "favourites_count": 975,
        "profile_background_image_url_https": null,
        "lang": null,
        "default_profile_image": false,
        "is_translator": false,
        "name": "Quber Diaz Guz",
        "profile_use_background_image": true,
        "contributors_enabled": false,
        "default_profile": true,
        "profile_sidebar_fill_color": "DDEEF6",
        "follow_request_sent": false,
        "profile_background_tile": false
      },
      "source": "<a href=\"http://twitter.com/download/android\" rel=\"nofollow\">Twitter for Android</a>",
      "id": 1203797712669495296,
      "favorited": false,
      "in_reply_to_user_id": 225232891,
      "entities": {
        "symbols": [],
        "user_mentions": [
          {
            "id": 225232891,
            "id_str": "225232891",
            "screen_name": "ExpresoPeru",
            "indices": [
              0,
              12
            ],
            "name": "Diario Expreso Perú"
          },
          {
            "id": 350460605,
            "id_str": "350460605",
            "screen_name": "SalvadorHeresi",
            "indices": [
              13,
              28
            ],
            "name": "Salvador Heresi"
          }
        ],
        "urls": [],
        "hashtags": []
      },
      "contributors": null,
      "id_str": "1203797712669495296",
      "truncated": false,
      "in_reply_to_status_id_str": "1203774841582686208",
      "created_at": "Sun Dec 08 22:05:14 +0000 2019",
      "in_reply_to_user_id_str": "225232891",
      "coordinates": null,
      "lang": "es",
      "in_reply_to_status_id": 1203774841582686208,
      "metadata": {
        "result_type": "recent",
        "iso_language_code": "es"
      },
      "geo": null,
      "retweeted": false,
      "text": "@ExpresoPeru @SalvadorHeresi El abuelito sale a favor de los políticos corruptos blindadores la mafia fujiapristas y aliados",
      "place": null
    },
    {
      "favorite_count": 0,
      "is_quote_status": false,
      "retweet_count": 361,
      "in_reply_to_screen_name": null,
      "user": {
        "statuses_count": 35851,
        "notifications": false,
        "location": "La Punta- Callao.  Peru",
        "geo_enabled": true,
        "friends_count": 3684,
        "profile_image_url_https": "https://pbs.twimg.com/profile_images/951275789093392386/1Rv-obW2_normal.jpg",
        "profile_background_color": "F5F8FA",
        "following": false,
        "id": 950525047159996416,
        "time_zone": null,
        "protected": false,
        "profile_image_url": "http://pbs.twimg.com/profile_images/951275789093392386/1Rv-obW2_normal.jpg",
        "profile_sidebar_border_color": "C0DEED",
        "translator_type": "none",
        "verified": false,
        "profile_background_image_url": null,
        "utc_offset": null,
        "entities": {
          "description": {
            "urls": []
          }
        },
        "followers_count": 1144,
        "profile_link_color": "1DA1F2",
        "id_str": "950525047159996416",
        "url": null,
        "is_translation_enabled": false,
        "screen_name": "luis_mellet",
        "listed_count": 1,
        "profile_text_color": "333333",
        "created_at": "Tue Jan 09 00:30:05 +0000 2018",
        "has_extended_profile": true,
        "description": "Oficial de la Marina de Guerra en Situación de Retiro. Hoy Empresário y exPresidente del Sport Boys en el 2012 y miembro de Amnistía Internacional. Chalaco",
        "favourites_count": 6607,
        "profile_background_image_url_https": null,
        "lang": null,
        "default_profile_image": false,
        "is_translator": false,
        "name": "Luis Mellet Castillo",
        "profile_use_background_image": true,
        "contributors_enabled": false,
        "default_profile": true,
        "profile_sidebar_fill_color": "DDEEF6",
        "follow_request_sent": false,
        "profile_background_tile": false
      },
      "source": "<a href=\"http://twitter.com/download/iphone\" rel=\"nofollow\">Twitter for iPhone</a>",
      "contributors": null,
      "id": 1203797670655135744,
      "favorited": false,
      "extended_entities": {
        "media": [
          {
            "source_user_id_str": "350460605",
            "id_str": "1202803765008621568",
            "url": "https://t.co/Vp0d6mGj3f",
            "source_user_id": 350460605,
            "media_url": "http://pbs.twimg.com/ext_tw_video_thumb/1202803765008621568/pu/img/fSmZJHERpFv5nrbl.jpg",
            "indices": [
              74,
              97
            ],
            "expanded_url": "https://twitter.com/SalvadorHeresi/status/1202803970047123456/video/1",
            "type": "video",
            "id": 1202803765008621568,
            "sizes": {
              "small": {
                "h": 680,
                "resize": "fit",
                "w": 680
              },
              "thumb": {
                "h": 150,
                "resize": "crop",
                "w": 150
              },
              "large": {
                "h": 720,
                "resize": "fit",
                "w": 720
              },
              "medium": {
                "h": 720,
                "resize": "fit",
                "w": 720
              }
            },
            "additional_media_info": {
              "monetizable": false,
              "source_user": {
                "statuses_count": 15764,
                "notifications": false,
                "location": "Lima, Perú",
                "geo_enabled": true,
                "friends_count": 1198,
                "profile_image_url_https": "https://pbs.twimg.com/profile_images/1194648206384254976/rYWqYGRR_normal.jpg",
                "profile_background_color": "C0DEED",
                "following": false,
                "id": 350460605,
                "time_zone": null,
                "protected": false,
                "profile_image_url": "http://pbs.twimg.com/profile_images/1194648206384254976/rYWqYGRR_normal.jpg",
                "profile_sidebar_border_color": "C0DEED",
                "translator_type": "none",
                "verified": true,
                "profile_background_image_url": "http://abs.twimg.com/images/themes/theme1/bg.png",
                "utc_offset": null,
                "entities": {
                  "description": {
                    "urls": []
                  }
                },
                "followers_count": 52565,
                "profile_banner_url": "https://pbs.twimg.com/profile_banners/350460605/1574289798",
                "profile_link_color": "1DA1F2",
                "id_str": "350460605",
                "url": null,
                "is_translation_enabled": false,
                "screen_name": "SalvadorHeresi",
                "listed_count": 194,
                "profile_text_color": "333333",
                "created_at": "Sun Aug 07 20:23:12 +0000 2011",
                "has_extended_profile": false,
                "description": "2° Vice Presidente del Parlamento Peruano, Congresista, Ex Ministro de Justicia y Secretario General del Partido Contigo",
                "favourites_count": 4098,
                "profile_background_image_url_https": "https://abs.twimg.com/images/themes/theme1/bg.png",
                "lang": null,
                "default_profile_image": false,
                "is_translator": false,
                "name": "Salvador Heresi",
                "profile_use_background_image": true,
                "contributors_enabled": false,
                "default_profile": true,
                "profile_sidebar_fill_color": "DDEEF6",
                "follow_request_sent": false,
                "profile_background_tile": false
              }
            },
            "video_info": {
              "variants": [
                {
                  "bitrate": 432000,
                  "content_type": "video/mp4",
                  "url": "https://video.twimg.com/ext_tw_video/1202803765008621568/pu/vid/320x320/VOfTjtZQRoJqHiHN.mp4?tag=10"
                },
                {
                  "bitrate": 832000,
                  "content_type": "video/mp4",
                  "url": "https://video.twimg.com/ext_tw_video/1202803765008621568/pu/vid/480x480/dA54J6eMHgZuO1gU.mp4?tag=10"
                },
                {
                  "content_type": "application/x-mpegURL",
                  "url": "https://video.twimg.com/ext_tw_video/1202803765008621568/pu/pl/vhlIhFW60GZgVW8y.m3u8?tag=10"
                },
                {
                  "bitrate": 1280000,
                  "content_type": "video/mp4",
                  "url": "https://video.twimg.com/ext_tw_video/1202803765008621568/pu/vid/720x720/EiMmaZ1mnHpMtXHv.mp4?tag=10"
                }
              ],
              "duration_millis": 139800,
              "aspect_ratio": [
                1,
                1
              ]
            },
            "media_url_https": "https://pbs.twimg.com/ext_tw_video_thumb/1202803765008621568/pu/img/fSmZJHERpFv5nrbl.jpg",
            "display_url": "pic.twitter.com/Vp0d6mGj3f",
            "source_status_id": 1202803970047123456,
            "source_status_id_str": "1202803970047123456"
          }
        ]
      },
      "in_reply_to_user_id": null,
      "entities": {
        "symbols": [],
        "user_mentions": [
          {
            "id": 350460605,
            "id_str": "350460605",
            "screen_name": "SalvadorHeresi",
            "indices": [
              3,
              18
            ],
            "name": "Salvador Heresi"
          }
        ],
        "urls": [],
        "media": [
          {
            "source_user_id_str": "350460605",
            "id_str": "1202803765008621568",
            "url": "https://t.co/Vp0d6mGj3f",
            "source_user_id": 350460605,
            "media_url": "http://pbs.twimg.com/ext_tw_video_thumb/1202803765008621568/pu/img/fSmZJHERpFv5nrbl.jpg",
            "indices": [
              74,
              97
            ],
            "expanded_url": "https://twitter.com/SalvadorHeresi/status/1202803970047123456/video/1",
            "type": "photo",
            "id": 1202803765008621568,
            "sizes": {
              "small": {
                "h": 680,
                "resize": "fit",
                "w": 680
              },
              "thumb": {
                "h": 150,
                "resize": "crop",
                "w": 150
              },
              "large": {
                "h": 720,
                "resize": "fit",
                "w": 720
              },
              "medium": {
                "h": 720,
                "resize": "fit",
                "w": 720
              }
            },
            "media_url_https": "https://pbs.twimg.com/ext_tw_video_thumb/1202803765008621568/pu/img/fSmZJHERpFv5nrbl.jpg",
            "display_url": "pic.twitter.com/Vp0d6mGj3f",
            "source_status_id": 1202803970047123456,
            "source_status_id_str": "1202803970047123456"
          }
        ],
        "hashtags": [
          {
            "text": "VizcarraRenuncia",
            "indices": [
              56,
              73
            ]
          }
        ]
      },
      "retweeted_status": {
        "favorite_count": 925,
        "is_quote_status": false,
        "retweet_count": 361,
        "in_reply_to_screen_name": null,
        "user": {
          "statuses_count": 15764,
          "notifications": false,
          "location": "Lima, Perú",
          "geo_enabled": true,
          "friends_count": 1198,
          "profile_image_url_https": "https://pbs.twimg.com/profile_images/1194648206384254976/rYWqYGRR_normal.jpg",
          "profile_background_color": "C0DEED",
          "following": false,
          "id": 350460605,
          "time_zone": null,
          "protected": false,
          "profile_image_url": "http://pbs.twimg.com/profile_images/1194648206384254976/rYWqYGRR_normal.jpg",
          "profile_sidebar_border_color": "C0DEED",
          "translator_type": "none",
          "verified": true,
          "profile_background_image_url": "http://abs.twimg.com/images/themes/theme1/bg.png",
          "utc_offset": null,
          "entities": {
            "description": {
              "urls": []
            }
          },
          "followers_count": 52565,
          "profile_banner_url": "https://pbs.twimg.com/profile_banners/350460605/1574289798",
          "profile_link_color": "1DA1F2",
          "id_str": "350460605",
          "url": null,
          "is_translation_enabled": false,
          "screen_name": "SalvadorHeresi",
          "listed_count": 194,
          "profile_text_color": "333333",
          "created_at": "Sun Aug 07 20:23:12 +0000 2011",
          "has_extended_profile": false,
          "description": "2° Vice Presidente del Parlamento Peruano, Congresista, Ex Ministro de Justicia y Secretario General del Partido Contigo",
          "favourites_count": 4098,
          "profile_background_image_url_https": "https://abs.twimg.com/images/themes/theme1/bg.png",
          "lang": null,
          "default_profile_image": false,
          "is_translator": false,
          "name": "Salvador Heresi",
          "profile_use_background_image": true,
          "contributors_enabled": false,
          "default_profile": true,
          "profile_sidebar_fill_color": "DDEEF6",
          "follow_request_sent": false,
          "profile_background_tile": false
        },
        "source": "<a href=\"https://mobile.twitter.com\" rel=\"nofollow\">Twitter Web App</a>",
        "id": 1202803970047123456,
        "favorited": false,
        "extended_entities": {
          "media": [
            {
              "id_str": "1202803765008621568",
              "url": "https://t.co/Vp0d6mGj3f",
              "media_url": "http://pbs.twimg.com/ext_tw_video_thumb/1202803765008621568/pu/img/fSmZJHERpFv5nrbl.jpg",
              "video_info": {
                "variants": [
                  {
                    "bitrate": 432000,
                    "content_type": "video/mp4",
                    "url": "https://video.twimg.com/ext_tw_video/1202803765008621568/pu/vid/320x320/VOfTjtZQRoJqHiHN.mp4?tag=10"
                  },
                  {
                    "bitrate": 832000,
                    "content_type": "video/mp4",
                    "url": "https://video.twimg.com/ext_tw_video/1202803765008621568/pu/vid/480x480/dA54J6eMHgZuO1gU.mp4?tag=10"
                  },
                  {
                    "content_type": "application/x-mpegURL",
                    "url": "https://video.twimg.com/ext_tw_video/1202803765008621568/pu/pl/vhlIhFW60GZgVW8y.m3u8?tag=10"
                  },
                  {
                    "bitrate": 1280000,
                    "content_type": "video/mp4",
                    "url": "https://video.twimg.com/ext_tw_video/1202803765008621568/pu/vid/720x720/EiMmaZ1mnHpMtXHv.mp4?tag=10"
                  }
                ],
                "duration_millis": 139800,
                "aspect_ratio": [
                  1,
                  1
                ]
              },
              "type": "video",
              "id": 1202803765008621568,
              "sizes": {
                "small": {
                  "h": 680,
                  "resize": "fit",
                  "w": 680
                },
                "thumb": {
                  "h": 150,
                  "resize": "crop",
                  "w": 150
                },
                "large": {
                  "h": 720,
                  "resize": "fit",
                  "w": 720
                },
                "medium": {
                  "h": 720,
                  "resize": "fit",
                  "w": 720
                }
              },
              "additional_media_info": {
                "monetizable": false
              },
              "expanded_url": "https://twitter.com/SalvadorHeresi/status/1202803970047123456/video/1",
              "media_url_https": "https://pbs.twimg.com/ext_tw_video_thumb/1202803765008621568/pu/img/fSmZJHERpFv5nrbl.jpg",
              "display_url": "pic.twitter.com/Vp0d6mGj3f",
              "indices": [
                54,
                77
              ]
            }
          ]
        },
        "in_reply_to_user_id": null,
        "entities": {
          "symbols": [],
          "user_mentions": [],
          "urls": [],
          "media": [
            {
              "id": 1202803765008621568,
              "sizes": {
                "small": {
                  "h": 680,
                  "resize": "fit",
                  "w": 680
                },
                "thumb": {
                  "h": 150,
                  "resize": "crop",
                  "w": 150
                },
                "large": {
                  "h": 720,
                  "resize": "fit",
                  "w": 720
                },
                "medium": {
                  "h": 720,
                  "resize": "fit",
                  "w": 720
                }
              },
              "id_str": "1202803765008621568",
              "url": "https://t.co/Vp0d6mGj3f",
              "media_url_https": "https://pbs.twimg.com/ext_tw_video_thumb/1202803765008621568/pu/img/fSmZJHERpFv5nrbl.jpg",
              "media_url": "http://pbs.twimg.com/ext_tw_video_thumb/1202803765008621568/pu/img/fSmZJHERpFv5nrbl.jpg",
              "type": "photo",
              "indices": [
                54,
                77
              ],
              "expanded_url": "https://twitter.com/SalvadorHeresi/status/1202803970047123456/video/1",
              "display_url": "pic.twitter.com/Vp0d6mGj3f"
            }
          ],
          "hashtags": [
            {
              "text": "VizcarraRenuncia",
              "indices": [
                36,
                53
              ]
            }
          ]
        },
        "contributors": null,
        "id_str": "1202803970047123456",
        "truncated": false,
        "in_reply_to_status_id_str": null,
        "created_at": "Fri Dec 06 04:16:28 +0000 2019",
        "in_reply_to_user_id_str": null,
        "coordinates": null,
        "lang": "es",
        "in_reply_to_status_id": null,
        "metadata": {
          "result_type": "recent",
          "iso_language_code": "es"
        },
        "geo": null,
        "possibly_sensitive": false,
        "retweeted": false,
        "text": "Cada día que pasa se deteriora más.\n#VizcarraRenuncia https://t.co/Vp0d6mGj3f",
        "place": null
      },
      "id_str": "1203797670655135744",
      "truncated": false,
      "in_reply_to_status_id_str": null,
      "created_at": "Sun Dec 08 22:05:04 +0000 2019",
      "in_reply_to_user_id_str": null,
      "coordinates": null,
      "lang": "es",
      "in_reply_to_status_id": null,
      "metadata": {
        "result_type": "recent",
        "iso_language_code": "es"
      },
      "geo": null,
      "possibly_sensitive": false,
      "retweeted": false,
      "text": "RT @SalvadorHeresi: Cada día que pasa se deteriora más.\n#VizcarraRenuncia https://t.co/Vp0d6mGj3f",
      "place": null
    },
    {
      "favorite_count": 0,
      "is_quote_status": false,
      "retweet_count": 0,
      "in_reply_to_screen_name": "ExpresoPeru",
      "user": {
        "statuses_count": 3551,
        "notifications": false,
        "location": "",
        "geo_enabled": false,
        "friends_count": 162,
        "profile_image_url_https": "https://pbs.twimg.com/profile_images/1129392960796278784/S1-hqPkz_normal.jpg",
        "profile_background_color": "F5F8FA",
        "following": false,
        "id": 1124367067317194757,
        "time_zone": null,
        "protected": false,
        "profile_image_url": "http://pbs.twimg.com/profile_images/1129392960796278784/S1-hqPkz_normal.jpg",
        "profile_sidebar_border_color": "C0DEED",
        "translator_type": "none",
        "verified": false,
        "profile_background_image_url": null,
        "utc_offset": null,
        "entities": {
          "description": {
            "urls": []
          }
        },
        "followers_count": 65,
        "profile_link_color": "1DA1F2",
        "id_str": "1124367067317194757",
        "url": null,
        "is_translation_enabled": false,
        "screen_name": "Eltrolldelaver1",
        "listed_count": 0,
        "profile_text_color": "333333",
        "created_at": "Fri May 03 17:36:13 +0000 2019",
        "has_extended_profile": false,
        "description": "Diciendo las verdades a los corruptos",
        "favourites_count": 4288,
        "profile_background_image_url_https": null,
        "lang": null,
        "default_profile_image": false,
        "is_translator": false,
        "name": "Luxin",
        "profile_use_background_image": true,
        "contributors_enabled": false,
        "default_profile": true,
        "profile_sidebar_fill_color": "DDEEF6",
        "follow_request_sent": false,
        "profile_background_tile": false
      },
      "source": "<a href=\"http://twitter.com/download/android\" rel=\"nofollow\">Twitter for Android</a>",
      "id": 1203796898529894408,
      "favorited": false,
      "in_reply_to_user_id": 225232891,
      "entities": {
        "symbols": [],
        "user_mentions": [
          {
            "id": 225232891,
            "id_str": "225232891",
            "screen_name": "ExpresoPeru",
            "indices": [
              0,
              12
            ],
            "name": "Diario Expreso Perú"
          },
          {
            "id": 350460605,
            "id_str": "350460605",
            "screen_name": "SalvadorHeresi",
            "indices": [
              13,
              28
            ],
            "name": "Salvador Heresi"
          }
        ],
        "urls": [
          {
            "url": "https://t.co/QF5olV6ELa",
            "display_url": "twitter.com/i/web/status/1…",
            "expanded_url": "https://twitter.com/i/web/status/1203796898529894408",
            "indices": [
              116,
              139
            ]
          }
        ],
        "hashtags": []
      },
      "contributors": null,
      "id_str": "1203796898529894408",
      "truncated": true,
      "in_reply_to_status_id_str": "1203774841582686208",
      "created_at": "Sun Dec 08 22:02:00 +0000 2019",
      "in_reply_to_user_id_str": "225232891",
      "coordinates": null,
      "lang": "es",
      "in_reply_to_status_id": 1203774841582686208,
      "metadata": {
        "result_type": "recent",
        "iso_language_code": "es"
      },
      "geo": null,
      "retweeted": false,
      "text": "@ExpresoPeru @SalvadorHeresi Es una opinión más. Lo más importante es q está disputa de nunca va a acabar lo va aa… https://t.co/QF5olV6ELa",
      "place": null
    },
    {
      "favorite_count": 0,
      "is_quote_status": false,
      "retweet_count": 0,
      "in_reply_to_screen_name": "ExpresoPeru",
      "user": {
        "statuses_count": 28083,
        "notifications": false,
        "location": "Lima, Peru",
        "geo_enabled": false,
        "friends_count": 138,
        "profile_image_url_https": "https://pbs.twimg.com/profile_images/937507326008930304/tjpd9Epx_normal.jpg",
        "profile_background_color": "000000",
        "following": false,
        "id": 91117387,
        "time_zone": null,
        "protected": false,
        "profile_image_url": "http://pbs.twimg.com/profile_images/937507326008930304/tjpd9Epx_normal.jpg",
        "profile_sidebar_border_color": "000000",
        "translator_type": "none",
        "verified": false,
        "profile_background_image_url": "http://abs.twimg.com/images/themes/theme1/bg.png",
        "utc_offset": null,
        "entities": {
          "description": {
            "urls": []
          }
        },
        "followers_count": 80,
        "profile_banner_url": "https://pbs.twimg.com/profile_banners/91117387/1572641566",
        "profile_link_color": "1B95E0",
        "id_str": "91117387",
        "url": null,
        "is_translation_enabled": false,
        "screen_name": "jsanchezq",
        "listed_count": 0,
        "profile_text_color": "000000",
        "created_at": "Thu Nov 19 14:47:33 +0000 2009",
        "has_extended_profile": false,
        "description": "ingeniero industrial",
        "favourites_count": 21196,
        "profile_background_image_url_https": "https://abs.twimg.com/images/themes/theme1/bg.png",
        "lang": null,
        "default_profile_image": false,
        "is_translator": false,
        "name": "Javier Sánchez",
        "profile_use_background_image": false,
        "contributors_enabled": false,
        "default_profile": false,
        "profile_sidebar_fill_color": "000000",
        "follow_request_sent": false,
        "profile_background_tile": false
      },
      "source": "<a href=\"http://twitter.com/download/iphone\" rel=\"nofollow\">Twitter for iPhone</a>",
      "id": 1203795546051354625,
      "favorited": false,
      "in_reply_to_user_id": 225232891,
      "entities": {
        "symbols": [],
        "user_mentions": [
          {
            "id": 225232891,
            "id_str": "225232891",
            "screen_name": "ExpresoPeru",
            "indices": [
              0,
              12
            ],
            "name": "Diario Expreso Perú"
          },
          {
            "id": 350460605,
            "id_str": "350460605",
            "screen_name": "SalvadorHeresi",
            "indices": [
              13,
              28
            ],
            "name": "Salvador Heresi"
          }
        ],
        "urls": [],
        "hashtags": []
      },
      "contributors": null,
      "id_str": "1203795546051354625",
      "truncated": false,
      "in_reply_to_status_id_str": "1203774841582686208",
      "created_at": "Sun Dec 08 21:56:38 +0000 2019",
      "in_reply_to_user_id_str": "225232891",
      "coordinates": null,
      "lang": "es",
      "in_reply_to_status_id": 1203774841582686208,
      "metadata": {
        "result_type": "recent",
        "iso_language_code": "es"
      },
      "geo": null,
      "retweeted": false,
      "text": "@ExpresoPeru @SalvadorHeresi Y?? Yo, a mis 40 sostengo con firmeza que estuvo muy bien la disolución",
      "place": null
    },
    {
      "favorite_count": 0,
      "is_quote_status": false,
      "retweet_count": 0,
      "in_reply_to_screen_name": "SalvadorHeresi",
      "user": {
        "statuses_count": 863,
        "notifications": false,
        "location": "",
        "geo_enabled": false,
        "friends_count": 555,
        "profile_image_url_https": "https://abs.twimg.com/sticky/default_profile_images/default_profile_normal.png",
        "profile_background_color": "F5F8FA",
        "following": false,
        "id": 1096363136909758469,
        "time_zone": null,
        "protected": false,
        "profile_image_url": "http://abs.twimg.com/sticky/default_profile_images/default_profile_normal.png",
        "profile_sidebar_border_color": "C0DEED",
        "translator_type": "none",
        "verified": false,
        "profile_background_image_url": null,
        "utc_offset": null,
        "entities": {
          "description": {
            "urls": []
          }
        },
        "followers_count": 53,
        "profile_link_color": "1DA1F2",
        "id_str": "1096363136909758469",
        "url": null,
        "is_translation_enabled": false,
        "screen_name": "YsabelZavala1",
        "listed_count": 0,
        "profile_text_color": "333333",
        "created_at": "Fri Feb 15 10:58:36 +0000 2019",
        "has_extended_profile": false,
        "description": "",
        "favourites_count": 4058,
        "profile_background_image_url_https": null,
        "lang": null,
        "default_profile_image": true,
        "is_translator": false,
        "name": "Ysabel Zavala",
        "profile_use_background_image": true,
        "contributors_enabled": false,
        "default_profile": true,
        "profile_sidebar_fill_color": "DDEEF6",
        "follow_request_sent": false,
        "profile_background_tile": false
      },
      "source": "<a href=\"http://twitter.com/download/android\" rel=\"nofollow\">Twitter for Android</a>",
      "id": 1203795018412105728,
      "favorited": false,
      "in_reply_to_user_id": 350460605,
      "entities": {
        "symbols": [],
        "user_mentions": [
          {
            "id": 350460605,
            "id_str": "350460605",
            "screen_name": "SalvadorHeresi",
            "indices": [
              0,
              15
            ],
            "name": "Salvador Heresi"
          }
        ],
        "urls": [],
        "hashtags": []
      },
      "contributors": null,
      "id_str": "1203795018412105728",
      "truncated": false,
      "in_reply_to_status_id_str": "1202941075498917893",
      "created_at": "Sun Dec 08 21:54:32 +0000 2019",
      "in_reply_to_user_id_str": "350460605",
      "coordinates": null,
      "lang": "es",
      "in_reply_to_status_id": 1202941075498917893,
      "metadata": {
        "result_type": "recent",
        "iso_language_code": "es"
      },
      "geo": null,
      "retweeted": false,
      "text": "@SalvadorHeresi Jajajaja....cómo te duele, cómo te arde...jajajaja...",
      "place": null
    },
    {
      "favorite_count": 0,
      "is_quote_status": false,
      "retweet_count": 0,
      "in_reply_to_screen_name": "ExpresoPeru",
      "user": {
        "statuses_count": 9464,
        "notifications": false,
        "location": "lima,peru",
        "geo_enabled": true,
        "friends_count": 174,
        "profile_image_url_https": "https://pbs.twimg.com/profile_images/1187465847641526272/e3CGWfVK_normal.jpg",
        "profile_background_color": "9AE4E8",
        "following": false,
        "id": 273484707,
        "time_zone": null,
        "protected": false,
        "profile_image_url": "http://pbs.twimg.com/profile_images/1187465847641526272/e3CGWfVK_normal.jpg",
        "profile_sidebar_border_color": "FFFFFF",
        "translator_type": "none",
        "verified": false,
        "profile_background_image_url": "http://abs.twimg.com/images/themes/theme16/bg.gif",
        "utc_offset": null,
        "entities": {
          "description": {
            "urls": []
          }
        },
        "followers_count": 125,
        "profile_banner_url": "https://pbs.twimg.com/profile_banners/273484707/1568411826",
        "profile_link_color": "F5ABB5",
        "id_str": "273484707",
        "url": null,
        "is_translation_enabled": false,
        "screen_name": "paratulibro43",
        "listed_count": 0,
        "profile_text_color": "333333",
        "created_at": "Mon Mar 28 15:46:33 +0000 2011",
        "has_extended_profile": false,
        "description": "La Felicidad significa vivir a tu manera y estar satisfecho con eso, feliz al lado de  ellos.\nRojita según los corruptos fujis.",
        "favourites_count": 6979,
        "profile_background_image_url_https": "https://abs.twimg.com/images/themes/theme16/bg.gif",
        "lang": null,
        "default_profile_image": false,
        "is_translator": false,
        "name": "Саму",
        "profile_use_background_image": true,
        "contributors_enabled": false,
        "default_profile": false,
        "profile_sidebar_fill_color": "DDFFCC",
        "follow_request_sent": false,
        "profile_background_tile": true
      },
      "source": "<a href=\"http://twitter.com/download/android\" rel=\"nofollow\">Twitter for Android</a>",
      "id": 1203793675257597953,
      "favorited": false,
      "in_reply_to_user_id": 225232891,
      "entities": {
        "symbols": [],
        "user_mentions": [
          {
            "id": 225232891,
            "id_str": "225232891",
            "screen_name": "ExpresoPeru",
            "indices": [
              0,
              12
            ],
            "name": "Diario Expreso Perú"
          },
          {
            "id": 350460605,
            "id_str": "350460605",
            "screen_name": "SalvadorHeresi",
            "indices": [
              13,
              28
            ],
            "name": "Salvador Heresi"
          }
        ],
        "urls": [
          {
            "url": "https://t.co/P2PnqgYpRQ",
            "display_url": "twitter.com/i/web/status/1…",
            "expanded_url": "https://twitter.com/i/web/status/1203793675257597953",
            "indices": [
              117,
              140
            ]
          }
        ],
        "hashtags": []
      },
      "contributors": null,
      "id_str": "1203793675257597953",
      "truncated": true,
      "in_reply_to_status_id_str": "1203774841582686208",
      "created_at": "Sun Dec 08 21:49:12 +0000 2019",
      "in_reply_to_user_id_str": "225232891",
      "coordinates": null,
      "lang": "es",
      "in_reply_to_status_id": 1203774841582686208,
      "metadata": {
        "result_type": "recent",
        "iso_language_code": "es"
      },
      "geo": null,
      "retweeted": false,
      "text": "@ExpresoPeru @SalvadorHeresi Es q seguro no estaba  en el país\nO estuvo alejado de la realidad \nEse Congreso fue un… https://t.co/P2PnqgYpRQ",
      "place": null
    },
    {
      "favorite_count": 0,
      "quoted_status_id_str": "1203314809082728455",
      "is_quote_status": true,
      "quoted_status_id": 1203314809082728455,
      "in_reply_to_screen_name": null,
      "user": {
        "statuses_count": 12094,
        "notifications": false,
        "location": "",
        "geo_enabled": false,
        "friends_count": 258,
        "profile_image_url_https": "https://abs.twimg.com/sticky/default_profile_images/default_profile_normal.png",
        "profile_background_color": "F5F8FA",
        "following": false,
        "id": 709951715966115840,
        "time_zone": null,
        "protected": false,
        "profile_image_url": "http://abs.twimg.com/sticky/default_profile_images/default_profile_normal.png",
        "profile_sidebar_border_color": "C0DEED",
        "translator_type": "none",
        "verified": false,
        "profile_background_image_url": null,
        "utc_offset": null,
        "entities": {
          "description": {
            "urls": []
          }
        },
        "followers_count": 77,
        "profile_link_color": "1DA1F2",
        "id_str": "709951715966115840",
        "url": null,
        "is_translation_enabled": false,
        "screen_name": "yanet725",
        "listed_count": 2,
        "profile_text_color": "333333",
        "created_at": "Wed Mar 16 03:57:34 +0000 2016",
        "has_extended_profile": false,
        "description": "",
        "favourites_count": 15682,
        "profile_background_image_url_https": null,
        "lang": null,
        "default_profile_image": true,
        "is_translator": false,
        "name": "Yane",
        "profile_use_background_image": true,
        "contributors_enabled": false,
        "default_profile": true,
        "profile_sidebar_fill_color": "DDEEF6",
        "follow_request_sent": false,
        "profile_background_tile": false
      },
      "source": "<a href=\"http://twitter.com/download/android\" rel=\"nofollow\">Twitter for Android</a>",
      "id": 1203793617149558784,
      "favorited": false,
      "contributors": null,
      "retweet_count": 259,
      "in_reply_to_user_id": null,
      "entities": {
        "symbols": [],
        "user_mentions": [
          {
            "id": 350460605,
            "id_str": "350460605",
            "screen_name": "SalvadorHeresi",
            "indices": [
              3,
              18
            ],
            "name": "Salvador Heresi"
          },
          {
            "id": 69351861,
            "id_str": "69351861",
            "screen_name": "ACTransparencia",
            "indices": [
              31,
              47
            ],
            "name": "Transparencia"
          }
        ],
        "urls": [],
        "hashtags": []
      },
      "retweeted_status": {
        "favorite_count": 520,
        "quoted_status_id_str": "1203314809082728455",
        "is_quote_status": true,
        "quoted_status_id": 1203314809082728455,
        "in_reply_to_screen_name": null,
        "user": {
          "statuses_count": 15764,
          "notifications": false,
          "location": "Lima, Perú",
          "geo_enabled": true,
          "friends_count": 1198,
          "profile_image_url_https": "https://pbs.twimg.com/profile_images/1194648206384254976/rYWqYGRR_normal.jpg",
          "profile_background_color": "C0DEED",
          "following": false,
          "id": 350460605,
          "time_zone": null,
          "protected": false,
          "profile_image_url": "http://pbs.twimg.com/profile_images/1194648206384254976/rYWqYGRR_normal.jpg",
          "profile_sidebar_border_color": "C0DEED",
          "translator_type": "none",
          "verified": true,
          "profile_background_image_url": "http://abs.twimg.com/images/themes/theme1/bg.png",
          "utc_offset": null,
          "entities": {
            "description": {
              "urls": []
            }
          },
          "followers_count": 52565,
          "profile_banner_url": "https://pbs.twimg.com/profile_banners/350460605/1574289798",
          "profile_link_color": "1DA1F2",
          "id_str": "350460605",
          "url": null,
          "is_translation_enabled": false,
          "screen_name": "SalvadorHeresi",
          "listed_count": 194,
          "profile_text_color": "333333",
          "created_at": "Sun Aug 07 20:23:12 +0000 2011",
          "has_extended_profile": false,
          "description": "2° Vice Presidente del Parlamento Peruano, Congresista, Ex Ministro de Justicia y Secretario General del Partido Contigo",
          "favourites_count": 4098,
          "profile_background_image_url_https": "https://abs.twimg.com/images/themes/theme1/bg.png",
          "lang": null,
          "default_profile_image": false,
          "is_translator": false,
          "name": "Salvador Heresi",
          "profile_use_background_image": true,
          "contributors_enabled": false,
          "default_profile": true,
          "profile_sidebar_fill_color": "DDEEF6",
          "follow_request_sent": false,
          "profile_background_tile": false
        },
        "source": "<a href=\"http://twitter.com/download/iphone\" rel=\"nofollow\">Twitter for iPhone</a>",
        "id": 1203367069129027585,
        "favorited": false,
        "retweet_count": 259,
        "in_reply_to_user_id": null,
        "entities": {
          "symbols": [],
          "user_mentions": [
            {
              "id": 69351861,
              "id_str": "69351861",
              "screen_name": "ACTransparencia",
              "indices": [
                11,
                27
              ],
              "name": "Transparencia"
            }
          ],
          "urls": [
            {
              "url": "https://t.co/5WMuedMfAr",
              "display_url": "twitter.com/i/web/status/1…",
              "expanded_url": "https://twitter.com/i/web/status/1203367069129027585",
              "indices": [
                111,
                134
              ]
            }
          ],
          "hashtags": []
        },
        "contributors": null,
        "quoted_status": {
          "favorite_count": 580,
          "is_quote_status": false,
          "retweet_count": 398,
          "in_reply_to_screen_name": null,
          "user": {
            "statuses_count": 15764,
            "notifications": false,
            "location": "Lima, Perú",
            "geo_enabled": true,
            "friends_count": 1198,
            "profile_image_url_https": "https://pbs.twimg.com/profile_images/1194648206384254976/rYWqYGRR_normal.jpg",
            "profile_background_color": "C0DEED",
            "following": false,
            "id": 350460605,
            "time_zone": null,
            "protected": false,
            "profile_image_url": "http://pbs.twimg.com/profile_images/1194648206384254976/rYWqYGRR_normal.jpg",
            "profile_sidebar_border_color": "C0DEED",
            "translator_type": "none",
            "verified": true,
            "profile_background_image_url": "http://abs.twimg.com/images/themes/theme1/bg.png",
            "utc_offset": null,
            "entities": {
              "description": {
                "urls": []
              }
            },
            "followers_count": 52565,
            "profile_banner_url": "https://pbs.twimg.com/profile_banners/350460605/1574289798",
            "profile_link_color": "1DA1F2",
            "id_str": "350460605",
            "url": null,
            "is_translation_enabled": false,
            "screen_name": "SalvadorHeresi",
            "listed_count": 194,
            "profile_text_color": "333333",
            "created_at": "Sun Aug 07 20:23:12 +0000 2011",
            "has_extended_profile": false,
            "description": "2° Vice Presidente del Parlamento Peruano, Congresista, Ex Ministro de Justicia y Secretario General del Partido Contigo",
            "favourites_count": 4098,
            "profile_background_image_url_https": "https://abs.twimg.com/images/themes/theme1/bg.png",
            "lang": null,
            "default_profile_image": false,
            "is_translator": false,
            "name": "Salvador Heresi",
            "profile_use_background_image": true,
            "contributors_enabled": false,
            "default_profile": true,
            "profile_sidebar_fill_color": "DDEEF6",
            "follow_request_sent": false,
            "profile_background_tile": false
          },
          "source": "<a href=\"http://twitter.com/download/iphone\" rel=\"nofollow\">Twitter for iPhone</a>",
          "id": 1203314809082728455,
          "favorited": false,
          "in_reply_to_user_id": null,
          "entities": {
            "symbols": [],
            "user_mentions": [
              {
                "id": 4825296327,
                "id_str": "4825296327",
                "screen_name": "MartinVizcarraC",
                "indices": [
                  22,
                  38
                ],
                "name": "Martín Vizcarra"
              }
            ],
            "urls": [
              {
                "url": "https://t.co/bPzbNUTlqT",
                "display_url": "twitter.com/i/web/status/1…",
                "expanded_url": "https://twitter.com/i/web/status/1203314809082728455",
                "indices": [
                  117,
                  140
                ]
              }
            ],
            "hashtags": []
          },
          "contributors": null,
          "id_str": "1203314809082728455",
          "truncated": true,
          "in_reply_to_status_id_str": null,
          "created_at": "Sat Dec 07 14:06:21 +0000 2019",
          "in_reply_to_user_id_str": null,
          "coordinates": null,
          "lang": "es",
          "in_reply_to_status_id": null,
          "metadata": {
            "result_type": "recent",
            "iso_language_code": "es"
          },
          "geo": null,
          "possibly_sensitive": false,
          "retweeted": false,
          "text": "Gobierno de ciudadano @MartinVizcarraC usa a prefectos y subprefectos como trolles para atacar a sus opositores. Es… https://t.co/bPzbNUTlqT",
          "place": null
        },
        "id_str": "1203367069129027585",
        "truncated": true,
        "in_reply_to_status_id_str": null,
        "created_at": "Sat Dec 07 17:34:01 +0000 2019",
        "in_reply_to_user_id_str": null,
        "coordinates": null,
        "lang": "es",
        "in_reply_to_status_id": null,
        "metadata": {
          "result_type": "recent",
          "iso_language_code": "es"
        },
        "geo": null,
        "possibly_sensitive": false,
        "retweeted": false,
        "text": "Señores de @ACTransparencia van a decir algo sobre esta denuncia? O se van a quedar callados igual que cuando… https://t.co/5WMuedMfAr",
        "place": null
      },
      "id_str": "1203793617149558784",
      "truncated": false,
      "in_reply_to_status_id_str": null,
      "created_at": "Sun Dec 08 21:48:58 +0000 2019",
      "in_reply_to_user_id_str": null,
      "coordinates": null,
      "lang": "es",
      "in_reply_to_status_id": null,
      "metadata": {
        "result_type": "recent",
        "iso_language_code": "es"
      },
      "geo": null,
      "retweeted": false,
      "text": "RT @SalvadorHeresi: Señores de @ACTransparencia van a decir algo sobre esta denuncia? O se van a quedar callados igual que cuando @MartinVi…",
      "place": null
    },
    {
      "favorite_count": 0,
      "is_quote_status": false,
      "retweet_count": 0,
      "in_reply_to_screen_name": "ExpresoPeru",
      "user": {
        "statuses_count": 75443,
        "notifications": false,
        "location": "LIMA-PERU",
        "geo_enabled": true,
        "friends_count": 728,
        "profile_image_url_https": "https://pbs.twimg.com/profile_images/979382780831457280/Frm6t3aj_normal.jpg",
        "profile_background_color": "EBEBEB",
        "following": false,
        "id": 71393176,
        "time_zone": null,
        "protected": false,
        "profile_image_url": "http://pbs.twimg.com/profile_images/979382780831457280/Frm6t3aj_normal.jpg",
        "profile_sidebar_border_color": "DFDFDF",
        "translator_type": "none",
        "verified": false,
        "profile_background_image_url": "http://abs.twimg.com/images/themes/theme7/bg.gif",
        "utc_offset": null,
        "entities": {
          "url": {
            "urls": [
              {
                "url": "https://t.co/FFgreP8Nr9",
                "display_url": "donbonn.pe",
                "expanded_url": "http://www.donbonn.pe",
                "indices": [
                  0,
                  23
                ]
              }
            ]
          },
          "description": {
            "urls": []
          }
        },
        "followers_count": 823,
        "profile_banner_url": "https://pbs.twimg.com/profile_banners/71393176/1370497215",
        "profile_link_color": "990000",
        "id_str": "71393176",
        "url": "https://t.co/FFgreP8Nr9",
        "is_translation_enabled": false,
        "screen_name": "edgardust",
        "listed_count": 22,
        "profile_text_color": "333333",
        "created_at": "Thu Sep 03 23:33:53 +0000 2009",
        "has_extended_profile": true,
        "description": "Abogado por la USMP con plus en Gestión Pública; visión en Política, y un cinéfilo mas. Mi familia lo es todo.  SC™ por siempre",
        "favourites_count": 291921,
        "profile_background_image_url_https": "https://abs.twimg.com/images/themes/theme7/bg.gif",
        "lang": null,
        "default_profile_image": false,
        "is_translator": false,
        "name": "Edgar Bonanno 🎩",
        "profile_use_background_image": true,
        "contributors_enabled": false,
        "default_profile": false,
        "profile_sidebar_fill_color": "F3F3F3",
        "follow_request_sent": false,
        "profile_background_tile": false
      },
      "source": "<a href=\"http://twitter.com/download/android\" rel=\"nofollow\">Twitter for Android</a>",
      "id": 1203793582286671872,
      "favorited": false,
      "in_reply_to_user_id": 225232891,
      "entities": {
        "symbols": [],
        "user_mentions": [
          {
            "id": 225232891,
            "id_str": "225232891",
            "screen_name": "ExpresoPeru",
            "indices": [
              0,
              12
            ],
            "name": "Diario Expreso Perú"
          },
          {
            "id": 350460605,
            "id_str": "350460605",
            "screen_name": "SalvadorHeresi",
            "indices": [
              13,
              28
            ],
            "name": "Salvador Heresi"
          }
        ],
        "urls": [
          {
            "url": "https://t.co/gSTtyaQIzC",
            "display_url": "twitter.com/i/web/status/1…",
            "expanded_url": "https://twitter.com/i/web/status/1203793582286671872",
            "indices": [
              116,
              139
            ]
          }
        ],
        "hashtags": []
      },
      "contributors": null,
      "id_str": "1203793582286671872",
      "truncated": true,
      "in_reply_to_status_id_str": "1203774841582686208",
      "created_at": "Sun Dec 08 21:48:50 +0000 2019",
      "in_reply_to_user_id_str": "225232891",
      "coordinates": null,
      "lang": "es",
      "in_reply_to_status_id": 1203774841582686208,
      "metadata": {
        "result_type": "recent",
        "iso_language_code": "es"
      },
      "geo": null,
      "retweeted": false,
      "text": "@ExpresoPeru @SalvadorHeresi Ay Chema si es interesante e inteligente piensa en tu retiro y jubilación de manos de… https://t.co/gSTtyaQIzC",
      "place": {
        "id": "01e069a75272f9f3",
        "place_type": "city",
        "country": "Peru",
        "full_name": "Ignacio Escudero, Peru",
        "url": "https://api.twitter.com/1.1/geo/id/01e069a75272f9f3.json",
        "name": "Ignacio Escudero",
        "country_code": "PE",
        "bounding_box": {
          "coordinates": [
            [
              [
                -80.9648139613886,
                -4.90923899578576
              ],
              [
                -80.8142918366924,
                -4.90923899578576
              ],
              [
                -80.8142918366924,
                -4.74832700860245
              ],
              [
                -80.9648139613886,
                -4.74832700860245
              ]
            ]
          ],
          "type": "Polygon"
        },
        "contained_within": [],
        "attributes": {}
      }
    },
    {
      "favorite_count": 0,
      "is_quote_status": false,
      "retweet_count": 0,
      "in_reply_to_screen_name": "aleskrause",
      "user": {
        "statuses_count": 12194,
        "notifications": false,
        "location": "",
        "geo_enabled": false,
        "friends_count": 314,
        "profile_image_url_https": "https://pbs.twimg.com/profile_images/1119081136213217280/UKqeN6eR_normal.jpg",
        "profile_background_color": "F5F8FA",
        "following": false,
        "id": 957659254328086530,
        "time_zone": null,
        "protected": false,
        "profile_image_url": "http://pbs.twimg.com/profile_images/1119081136213217280/UKqeN6eR_normal.jpg",
        "profile_sidebar_border_color": "C0DEED",
        "translator_type": "none",
        "verified": false,
        "profile_background_image_url": null,
        "utc_offset": null,
        "entities": {
          "description": {
            "urls": []
          }
        },
        "followers_count": 91,
        "profile_banner_url": "https://pbs.twimg.com/profile_banners/957659254328086530/1555644710",
        "profile_link_color": "1DA1F2",
        "id_str": "957659254328086530",
        "url": null,
        "is_translation_enabled": false,
        "screen_name": "NadiaBriss",
        "listed_count": 0,
        "profile_text_color": "333333",
        "created_at": "Sun Jan 28 16:58:53 +0000 2018",
        "has_extended_profile": false,
        "description": "",
        "favourites_count": 23211,
        "profile_background_image_url_https": null,
        "lang": null,
        "default_profile_image": false,
        "is_translator": false,
        "name": "Nadia30",
        "profile_use_background_image": true,
        "contributors_enabled": false,
        "default_profile": true,
        "profile_sidebar_fill_color": "DDEEF6",
        "follow_request_sent": false,
        "profile_background_tile": false
      },
      "source": "<a href=\"http://twitter.com/download/iphone\" rel=\"nofollow\">Twitter for iPhone</a>",
      "id": 1203793072062107649,
      "favorited": false,
      "in_reply_to_user_id": 376372261,
      "entities": {
        "symbols": [],
        "user_mentions": [
          {
            "id": 376372261,
            "id_str": "376372261",
            "screen_name": "aleskrause",
            "indices": [
              0,
              11
            ],
            "name": "Contigo 20"
          },
          {
            "id": 4864679649,
            "id_str": "4864679649",
            "screen_name": "DonVitorio_",
            "indices": [
              12,
              24
            ],
            "name": "Victor Raúl"
          },
          {
            "id": 3093249670,
            "id_str": "3093249670",
            "screen_name": "CONTIGO_pe",
            "indices": [
              25,
              36
            ],
            "name": "Partido Político CONTIGO 🇵🇪"
          },
          {
            "id": 33808317,
            "id_str": "33808317",
            "screen_name": "JuanSheput",
            "indices": [
              37,
              48
            ],
            "name": "Juan Sheput"
          },
          {
            "id": 350460605,
            "id_str": "350460605",
            "screen_name": "SalvadorHeresi",
            "indices": [
              49,
              64
            ],
            "name": "Salvador Heresi"
          }
        ],
        "urls": [
          {
            "url": "https://t.co/hytXaK1AfF",
            "display_url": "twitter.com/i/web/status/1…",
            "expanded_url": "https://twitter.com/i/web/status/1203793072062107649",
            "indices": [
              116,
              139
            ]
          }
        ],
        "hashtags": []
      },
      "contributors": null,
      "id_str": "1203793072062107649",
      "truncated": true,
      "in_reply_to_status_id_str": "1203513883387809793",
      "created_at": "Sun Dec 08 21:46:48 +0000 2019",
      "in_reply_to_user_id_str": "376372261",
      "coordinates": null,
      "lang": "es",
      "in_reply_to_status_id": 1203513883387809793,
      "metadata": {
        "result_type": "recent",
        "iso_language_code": "es"
      },
      "geo": null,
      "retweeted": false,
      "text": "@aleskrause @DonVitorio_ @CONTIGO_pe @JuanSheput @SalvadorHeresi Ayy no nueva y tu tambien vas a usar la palabrita… https://t.co/hytXaK1AfF",
      "place": null
    },
    {
      "favorite_count": 0,
      "is_quote_status": false,
      "retweet_count": 122,
      "in_reply_to_screen_name": null,
      "user": {
        "statuses_count": 13070,
        "notifications": false,
        "location": "",
        "geo_enabled": true,
        "friends_count": 442,
        "profile_image_url_https": "https://pbs.twimg.com/profile_images/671686051140907008/I45dCfNd_normal.jpg",
        "profile_background_color": "C0DEED",
        "following": false,
        "id": 2751949840,
        "time_zone": null,
        "protected": false,
        "profile_image_url": "http://pbs.twimg.com/profile_images/671686051140907008/I45dCfNd_normal.jpg",
        "profile_sidebar_border_color": "C0DEED",
        "translator_type": "none",
        "verified": false,
        "profile_background_image_url": "http://abs.twimg.com/images/themes/theme1/bg.png",
        "utc_offset": null,
        "entities": {
          "description": {
            "urls": []
          }
        },
        "followers_count": 97,
        "profile_link_color": "1DA1F2",
        "id_str": "2751949840",
        "url": null,
        "is_translation_enabled": false,
        "screen_name": "custodiowilder",
        "listed_count": 1,
        "profile_text_color": "333333",
        "created_at": "Tue Aug 26 19:04:15 +0000 2014",
        "has_extended_profile": false,
        "description": "Peruano de a apie, politico de nacimiento, victima del terrorismo y luchador contra la corrupcion venga de donde venga.",
        "favourites_count": 20031,
        "profile_background_image_url_https": "https://abs.twimg.com/images/themes/theme1/bg.png",
        "lang": null,
        "default_profile_image": false,
        "is_translator": false,
        "name": "La Puya",
        "profile_use_background_image": true,
        "contributors_enabled": false,
        "default_profile": true,
        "profile_sidebar_fill_color": "DDEEF6",
        "follow_request_sent": false,
        "profile_background_tile": false
      },
      "source": "<a href=\"http://twitter.com/download/android\" rel=\"nofollow\">Twitter for Android</a>",
      "id": 1203791248273944576,
      "favorited": false,
      "contributors": null,
      "in_reply_to_user_id": null,
      "entities": {
        "symbols": [],
        "user_mentions": [
          {
            "id": 722522801165463553,
            "id_str": "722522801165463553",
            "screen_name": "RecuerdosPeru",
            "indices": [
              3,
              17
            ],
            "name": "Memorex📺®"
          },
          {
            "id": 350460605,
            "id_str": "350460605",
            "screen_name": "SalvadorHeresi",
            "indices": [
              60,
              75
            ],
            "name": "Salvador Heresi"
          },
          {
            "id": 82882622,
            "id_str": "82882622",
            "screen_name": "jorgevillenal",
            "indices": [
              113,
              127
            ],
            "name": "Jorge Villena 🇵🇪"
          }
        ],
        "urls": [],
        "hashtags": []
      },
      "retweeted_status": {
        "favorite_count": 185,
        "is_quote_status": false,
        "retweet_count": 122,
        "in_reply_to_screen_name": null,
        "user": {
          "statuses_count": 37180,
          "notifications": false,
          "location": "Lima, Peru ",
          "geo_enabled": true,
          "friends_count": 0,
          "profile_image_url_https": "https://pbs.twimg.com/profile_images/765358739167801345/J2i4_RTf_normal.jpg",
          "profile_background_color": "000000",
          "following": false,
          "id": 722522801165463553,
          "time_zone": null,
          "protected": false,
          "profile_image_url": "http://pbs.twimg.com/profile_images/765358739167801345/J2i4_RTf_normal.jpg",
          "profile_sidebar_border_color": "000000",
          "translator_type": "none",
          "verified": false,
          "profile_background_image_url": "http://abs.twimg.com/images/themes/theme1/bg.png",
          "utc_offset": null,
          "entities": {
            "url": {
              "urls": [
                {
                  "url": "https://t.co/9cp2nXndxr",
                  "display_url": "bit.ly/2cusRXJ",
                  "expanded_url": "http://bit.ly/2cusRXJ",
                  "indices": [
                    0,
                    23
                  ]
                }
              ]
            },
            "description": {
              "urls": []
            }
          },
          "followers_count": 40845,
          "profile_banner_url": "https://pbs.twimg.com/profile_banners/722522801165463553/1463326115",
          "profile_link_color": "91D2FA",
          "id_str": "722522801165463553",
          "url": "https://t.co/9cp2nXndxr",
          "is_translation_enabled": false,
          "screen_name": "RecuerdosPeru",
          "listed_count": 79,
          "profile_text_color": "000000",
          "created_at": "Tue Apr 19 20:30:34 +0000 2016",
          "has_extended_profile": true,
          "description": "#Memorex📺 - Tu canal digital de noticias, #Síguenos y estarás al día de la verdadera historia del país.",
          "favourites_count": 36793,
          "profile_background_image_url_https": "https://abs.twimg.com/images/themes/theme1/bg.png",
          "lang": null,
          "default_profile_image": false,
          "is_translator": false,
          "name": "Memorex📺®",
          "profile_use_background_image": false,
          "contributors_enabled": false,
          "default_profile": false,
          "profile_sidebar_fill_color": "000000",
          "follow_request_sent": false,
          "profile_background_tile": false
        },
        "source": "<a href=\"http://twitter.com/download/iphone\" rel=\"nofollow\">Twitter for iPhone</a>",
        "id": 1203653854899982336,
        "favorited": false,
        "in_reply_to_user_id": null,
        "entities": {
          "symbols": [],
          "user_mentions": [
            {
              "id": 350460605,
              "id_str": "350460605",
              "screen_name": "SalvadorHeresi",
              "indices": [
                41,
                56
              ],
              "name": "Salvador Heresi"
            },
            {
              "id": 82882622,
              "id_str": "82882622",
              "screen_name": "jorgevillenal",
              "indices": [
                94,
                108
              ],
              "name": "Jorge Villena 🇵🇪"
            }
          ],
          "urls": [
            {
              "url": "https://t.co/IrFe1SoYBm",
              "display_url": "twitter.com/i/web/status/1…",
              "expanded_url": "https://twitter.com/i/web/status/1203653854899982336",
              "indices": [
                117,
                140
              ]
            }
          ],
          "hashtags": []
        },
        "contributors": null,
        "id_str": "1203653854899982336",
        "truncated": true,
        "in_reply_to_status_id_str": null,
        "created_at": "Sun Dec 08 12:33:36 +0000 2019",
        "in_reply_to_user_id_str": null,
        "coordinates": null,
        "lang": "es",
        "in_reply_to_status_id": null,
        "metadata": {
          "result_type": "recent",
          "iso_language_code": "es"
        },
        "geo": null,
        "possibly_sensitive": false,
        "retweeted": false,
        "text": "Ahora entendemos las risas y aplausos de @SalvadorHeresi para el eterno trabajador del Estado @jorgevillenal.\n\nFern… https://t.co/IrFe1SoYBm",
        "place": null
      },
      "id_str": "1203791248273944576",
      "truncated": false,
      "in_reply_to_status_id_str": null,
      "created_at": "Sun Dec 08 21:39:33 +0000 2019",
      "in_reply_to_user_id_str": null,
      "coordinates": null,
      "lang": "es",
      "in_reply_to_status_id": null,
      "metadata": {
        "result_type": "recent",
        "iso_language_code": "es"
      },
      "geo": null,
      "retweeted": false,
      "text": "RT @RecuerdosPeru: Ahora entendemos las risas y aplausos de @SalvadorHeresi para el eterno trabajador del Estado @jorgevillenal.\n\nFernando…",
      "place": null
    },
    {
      "favorite_count": 0,
      "is_quote_status": false,
      "retweet_count": 0,
      "in_reply_to_screen_name": "SalvadorHeresi",
      "user": {
        "statuses_count": 5504,
        "notifications": false,
        "location": "",
        "geo_enabled": false,
        "friends_count": 355,
        "profile_image_url_https": "https://pbs.twimg.com/profile_images/3232300943/817fab236e44cc937acd4f0ec529c554_normal.jpeg",
        "profile_background_color": "1A1B1F",
        "following": false,
        "id": 93698596,
        "time_zone": null,
        "protected": false,
        "profile_image_url": "http://pbs.twimg.com/profile_images/3232300943/817fab236e44cc937acd4f0ec529c554_normal.jpeg",
        "profile_sidebar_border_color": "FFFFFF",
        "translator_type": "none",
        "verified": false,
        "profile_background_image_url": "http://abs.twimg.com/images/themes/theme9/bg.gif",
        "utc_offset": null,
        "entities": {
          "description": {
            "urls": []
          }
        },
        "followers_count": 93,
        "profile_banner_url": "https://pbs.twimg.com/profile_banners/93698596/1363666919",
        "profile_link_color": "2FC2EF",
        "id_str": "93698596",
        "url": null,
        "is_translation_enabled": false,
        "screen_name": "jhonnal",
        "listed_count": 0,
        "profile_text_color": "666666",
        "created_at": "Mon Nov 30 19:45:27 +0000 2009",
        "has_extended_profile": true,
        "description": "Politica, futbol y Rock & Roll! 🎸",
        "favourites_count": 2209,
        "profile_background_image_url_https": "https://abs.twimg.com/images/themes/theme9/bg.gif",
        "lang": null,
        "default_profile_image": false,
        "is_translator": false,
        "name": "Jhonn",
        "profile_use_background_image": true,
        "contributors_enabled": false,
        "default_profile": false,
        "profile_sidebar_fill_color": "252429",
        "follow_request_sent": false,
        "profile_background_tile": false
      },
      "source": "<a href=\"http://twitter.com/download/android\" rel=\"nofollow\">Twitter for Android</a>",
      "id": 1203790813140004864,
      "favorited": false,
      "in_reply_to_user_id": 350460605,
      "entities": {
        "symbols": [],
        "user_mentions": [
          {
            "id": 350460605,
            "id_str": "350460605",
            "screen_name": "SalvadorHeresi",
            "indices": [
              0,
              15
            ],
            "name": "Salvador Heresi"
          },
          {
            "id": 69351861,
            "id_str": "69351861",
            "screen_name": "ACTransparencia",
            "indices": [
              16,
              32
            ],
            "name": "Transparencia"
          },
          {
            "id": 4825296327,
            "id_str": "4825296327",
            "screen_name": "MartinVizcarraC",
            "indices": [
              33,
              49
            ],
            "name": "Martín Vizcarra"
          }
        ],
        "urls": [],
        "hashtags": []
      },
      "contributors": null,
      "id_str": "1203790813140004864",
      "truncated": false,
      "in_reply_to_status_id_str": "1203367069129027585",
      "created_at": "Sun Dec 08 21:37:49 +0000 2019",
      "in_reply_to_user_id_str": "350460605",
      "coordinates": null,
      "lang": "en",
      "in_reply_to_status_id": 1203367069129027585,
      "metadata": {
        "result_type": "recent",
        "iso_language_code": "en"
      },
      "geo": null,
      "retweeted": false,
      "text": "@SalvadorHeresi @ACTransparencia @MartinVizcarraC Usted es un trol!",
      "place": null
    },
    {
      "favorite_count": 0,
      "is_quote_status": false,
      "retweet_count": 0,
      "in_reply_to_screen_name": "SalvadorHeresi",
      "user": {
        "statuses_count": 4919,
        "notifications": false,
        "location": "Lima - Perú",
        "geo_enabled": true,
        "friends_count": 396,
        "profile_image_url_https": "https://pbs.twimg.com/profile_images/956685039231791104/AZESm1bZ_normal.jpg",
        "profile_background_color": "C0DEED",
        "following": false,
        "id": 135624247,
        "time_zone": null,
        "protected": false,
        "profile_image_url": "http://pbs.twimg.com/profile_images/956685039231791104/AZESm1bZ_normal.jpg",
        "profile_sidebar_border_color": "C0DEED",
        "translator_type": "none",
        "verified": false,
        "profile_background_image_url": "http://abs.twimg.com/images/themes/theme1/bg.png",
        "utc_offset": null,
        "entities": {
          "description": {
            "urls": []
          }
        },
        "followers_count": 752,
        "profile_banner_url": "https://pbs.twimg.com/profile_banners/135624247/1546989644",
        "profile_link_color": "1DA1F2",
        "id_str": "135624247",
        "url": null,
        "is_translation_enabled": false,
        "screen_name": "jarveljo",
        "listed_count": 15,
        "profile_text_color": "333333",
        "created_at": "Wed Apr 21 20:57:12 +0000 2010",
        "has_extended_profile": false,
        "description": "Periodista y Runner o Runner y periodista...tuits a título personal",
        "favourites_count": 1660,
        "profile_background_image_url_https": "https://abs.twimg.com/images/themes/theme1/bg.png",
        "lang": null,
        "default_profile_image": false,
        "is_translator": false,
        "name": "Jose  Jara",
        "profile_use_background_image": true,
        "contributors_enabled": false,
        "default_profile": true,
        "profile_sidebar_fill_color": "DDEEF6",
        "follow_request_sent": false,
        "profile_background_tile": false
      },
      "source": "<a href=\"http://twitter.com/download/iphone\" rel=\"nofollow\">Twitter for iPhone</a>",
      "id": 1203788295546822661,
      "favorited": false,
      "extended_entities": {
        "media": [
          {
            "id": 1203788279851683840,
            "sizes": {
              "small": {
                "h": 680,
                "resize": "fit",
                "w": 382
              },
              "thumb": {
                "h": 150,
                "resize": "crop",
                "w": 150
              },
              "large": {
                "h": 1334,
                "resize": "fit",
                "w": 750
              },
              "medium": {
                "h": 1200,
                "resize": "fit",
                "w": 675
              }
            },
            "id_str": "1203788279851683840",
            "url": "https://t.co/4Za2O6NmpO",
            "media_url_https": "https://pbs.twimg.com/media/ELS3EAVWkAAwhIs.jpg",
            "media_url": "http://pbs.twimg.com/media/ELS3EAVWkAAwhIs.jpg",
            "type": "photo",
            "indices": [
              50,
              73
            ],
            "expanded_url": "https://twitter.com/jarveljo/status/1203788295546822661/photo/1",
            "display_url": "pic.twitter.com/4Za2O6NmpO"
          }
        ]
      },
      "in_reply_to_user_id": 350460605,
      "entities": {
        "symbols": [],
        "user_mentions": [
          {
            "id": 350460605,
            "id_str": "350460605",
            "screen_name": "SalvadorHeresi",
            "indices": [
              0,
              15
            ],
            "name": "Salvador Heresi"
          },
          {
            "id": 69351861,
            "id_str": "69351861",
            "screen_name": "ACTransparencia",
            "indices": [
              16,
              32
            ],
            "name": "Transparencia"
          },
          {
            "id": 4825296327,
            "id_str": "4825296327",
            "screen_name": "MartinVizcarraC",
            "indices": [
              33,
              49
            ],
            "name": "Martín Vizcarra"
          }
        ],
        "urls": [],
        "media": [
          {
            "id": 1203788279851683840,
            "sizes": {
              "small": {
                "h": 680,
                "resize": "fit",
                "w": 382
              },
              "thumb": {
                "h": 150,
                "resize": "crop",
                "w": 150
              },
              "large": {
                "h": 1334,
                "resize": "fit",
                "w": 750
              },
              "medium": {
                "h": 1200,
                "resize": "fit",
                "w": 675
              }
            },
            "id_str": "1203788279851683840",
            "url": "https://t.co/4Za2O6NmpO",
            "media_url_https": "https://pbs.twimg.com/media/ELS3EAVWkAAwhIs.jpg",
            "media_url": "http://pbs.twimg.com/media/ELS3EAVWkAAwhIs.jpg",
            "type": "photo",
            "indices": [
              50,
              73
            ],
            "expanded_url": "https://twitter.com/jarveljo/status/1203788295546822661/photo/1",
            "display_url": "pic.twitter.com/4Za2O6NmpO"
          }
        ],
        "hashtags": []
      },
      "contributors": null,
      "id_str": "1203788295546822661",
      "truncated": false,
      "in_reply_to_status_id_str": "1203367069129027585",
      "created_at": "Sun Dec 08 21:27:49 +0000 2019",
      "in_reply_to_user_id_str": "350460605",
      "coordinates": null,
      "lang": "und",
      "in_reply_to_status_id": 1203367069129027585,
      "metadata": {
        "result_type": "recent",
        "iso_language_code": "und"
      },
      "geo": null,
      "possibly_sensitive": true,
      "retweeted": false,
      "text": "@SalvadorHeresi @ACTransparencia @MartinVizcarraC https://t.co/4Za2O6NmpO",
      "place": null
    },
    {
      "favorite_count": 0,
      "is_quote_status": false,
      "retweet_count": 0,
      "in_reply_to_screen_name": "SalvadorHeresi",
      "user": {
        "statuses_count": 114821,
        "notifications": false,
        "location": "BARRANCO -PERU",
        "geo_enabled": true,
        "friends_count": 1157,
        "profile_image_url_https": "https://pbs.twimg.com/profile_images/1163005093974806528/1QY9kidG_normal.jpg",
        "profile_background_color": "0099B9",
        "following": false,
        "id": 171830345,
        "time_zone": null,
        "protected": false,
        "profile_image_url": "http://pbs.twimg.com/profile_images/1163005093974806528/1QY9kidG_normal.jpg",
        "profile_sidebar_border_color": "5ED4DC",
        "translator_type": "none",
        "verified": false,
        "profile_background_image_url": "http://abs.twimg.com/images/themes/theme4/bg.gif",
        "utc_offset": null,
        "entities": {
          "description": {
            "urls": []
          }
        },
        "followers_count": 1081,
        "profile_banner_url": "https://pbs.twimg.com/profile_banners/171830345/1561962606",
        "profile_link_color": "0099B9",
        "id_str": "171830345",
        "url": null,
        "is_translation_enabled": false,
        "screen_name": "berthazamora",
        "listed_count": 3,
        "profile_text_color": "3C3940",
        "created_at": "Wed Jul 28 07:55:33 +0000 2010",
        "has_extended_profile": true,
        "description": "SOY LIBRE PARA ELEGIR MIS ATADURAS...",
        "favourites_count": 157410,
        "profile_background_image_url_https": "https://abs.twimg.com/images/themes/theme4/bg.gif",
        "lang": null,
        "default_profile_image": false,
        "is_translator": false,
        "name": "BERTHA ZAMORA DIAZ",
        "profile_use_background_image": true,
        "contributors_enabled": false,
        "default_profile": false,
        "profile_sidebar_fill_color": "95E8EC",
        "follow_request_sent": false,
        "profile_background_tile": false
      },
      "source": "<a href=\"http://twitter.com/download/android\" rel=\"nofollow\">Twitter for Android</a>",
      "id": 1203787813323456514,
      "favorited": false,
      "in_reply_to_user_id": 350460605,
      "entities": {
        "symbols": [],
        "user_mentions": [
          {
            "id": 350460605,
            "id_str": "350460605",
            "screen_name": "SalvadorHeresi",
            "indices": [
              0,
              15
            ],
            "name": "Salvador Heresi"
          }
        ],
        "urls": [],
        "hashtags": []
      },
      "contributors": null,
      "id_str": "1203787813323456514",
      "truncated": false,
      "in_reply_to_status_id_str": "1202803970047123456",
      "created_at": "Sun Dec 08 21:25:54 +0000 2019",
      "in_reply_to_user_id_str": "350460605",
      "coordinates": null,
      "lang": "es",
      "in_reply_to_status_id": 1202803970047123456,
      "metadata": {
        "result_type": "recent",
        "iso_language_code": "es"
      },
      "geo": null,
      "retweeted": false,
      "text": "@SalvadorHeresi Que conchudo no nos casamos dice éste vago..que se casó con el fujiaprismo",
      "place": null
    },
    {
      "favorite_count": 0,
      "is_quote_status": false,
      "retweet_count": 0,
      "in_reply_to_screen_name": "SalvadorHeresi",
      "user": {
        "statuses_count": 37,
        "notifications": false,
        "location": "",
        "geo_enabled": false,
        "friends_count": 20,
        "profile_image_url_https": "https://pbs.twimg.com/profile_images/1177277341158035456/EfKTs0Fm_normal.jpg",
        "profile_background_color": "F5F8FA",
        "following": false,
        "id": 1177277148077281280,
        "time_zone": null,
        "protected": false,
        "profile_image_url": "http://pbs.twimg.com/profile_images/1177277341158035456/EfKTs0Fm_normal.jpg",
        "profile_sidebar_border_color": "C0DEED",
        "translator_type": "none",
        "verified": false,
        "profile_background_image_url": null,
        "utc_offset": null,
        "entities": {
          "description": {
            "urls": []
          }
        },
        "followers_count": 0,
        "profile_link_color": "1DA1F2",
        "id_str": "1177277148077281280",
        "url": null,
        "is_translation_enabled": false,
        "screen_name": "Alfredo02215438",
        "listed_count": 0,
        "profile_text_color": "333333",
        "created_at": "Thu Sep 26 17:42:30 +0000 2019",
        "has_extended_profile": false,
        "description": "Solo busco expresar lo que uno que tiene dentro de la razón",
        "favourites_count": 13,
        "profile_background_image_url_https": null,
        "lang": null,
        "default_profile_image": false,
        "is_translator": false,
        "name": "Alfredo",
        "profile_use_background_image": true,
        "contributors_enabled": false,
        "default_profile": true,
        "profile_sidebar_fill_color": "DDEEF6",
        "follow_request_sent": false,
        "profile_background_tile": false
      },
      "source": "<a href=\"http://twitter.com/download/android\" rel=\"nofollow\">Twitter for Android</a>",
      "id": 1203787364792844288,
      "favorited": false,
      "in_reply_to_user_id": 350460605,
      "entities": {
        "symbols": [],
        "user_mentions": [
          {
            "id": 350460605,
            "id_str": "350460605",
            "screen_name": "SalvadorHeresi",
            "indices": [
              0,
              15
            ],
            "name": "Salvador Heresi"
          },
          {
            "id": 4825296327,
            "id_str": "4825296327",
            "screen_name": "MartinVizcarraC",
            "indices": [
              16,
              32
            ],
            "name": "Martín Vizcarra"
          }
        ],
        "urls": [],
        "hashtags": []
      },
      "contributors": null,
      "id_str": "1203787364792844288",
      "truncated": false,
      "in_reply_to_status_id_str": "1193684451261321217",
      "created_at": "Sun Dec 08 21:24:07 +0000 2019",
      "in_reply_to_user_id_str": "350460605",
      "coordinates": null,
      "lang": "es",
      "in_reply_to_status_id": 1193684451261321217,
      "metadata": {
        "result_type": "recent",
        "iso_language_code": "es"
      },
      "geo": null,
      "retweeted": false,
      "text": "@SalvadorHeresi @MartinVizcarraC Salvador creo que ya deberías hacer algo fuera de la politica.",
      "place": null
    }
  ]
}