{
  "data": [
    {
      "retweeted": false,
      "in_reply_to_status_id_str": null,
      "place": null,
      "truncated": false,
      "lang": "es",
      "favorite_count": 0,
      "geo": null,
      "metadata": {
        "result_type": "recent",
        "iso_language_code": "es"
      },
      "entities": {
        "symbols": [],
        "user_mentions": [
          {
            "id": 1193633412956995584,
            "screen_name": "EstherAlvarezFA",
            "id_str": "1193633412956995584",
            "indices": [
              3,
              19
            ],
            "name": "Esther Alvarez Estrada"
          }
        ],
        "hashtags": [],
        "urls": []
      },
      "in_reply_to_status_id": null,
      "in_reply_to_screen_name": null,
      "coordinates": null,
      "user": {
        "is_translator": false,
        "utc_offset": null,
        "lang": null,
        "screen_name": "samuel_yanez5",
        "profile_sidebar_border_color": "C0DEED",
        "profile_background_image_url": null,
        "has_extended_profile": false,
        "profile_sidebar_fill_color": "DDEEF6",
        "description": "Candidato al Congreso por el Frente Amplio en Lima. Dirigente Nacional de Tierra y Libertad, exregidor de Independencia y director de CIDAP.",
        "profile_image_url": "http://pbs.twimg.com/profile_images/1194775161087676416/TNsge1di_normal.jpg",
        "listed_count": 0,
        "time_zone": null,
        "entities": {
          "description": {
            "urls": []
          }
        },
        "verified": false,
        "profile_use_background_image": true,
        "profile_banner_url": "https://pbs.twimg.com/profile_banners/1194774961937928192/1574741940",
        "profile_image_url_https": "https://pbs.twimg.com/profile_images/1194775161087676416/TNsge1di_normal.jpg",
        "protected": false,
        "profile_link_color": "1DA1F2",
        "geo_enabled": false,
        "is_translation_enabled": false,
        "created_at": "Thu Nov 14 00:32:13 +0000 2019",
        "friends_count": 177,
        "notifications": false,
        "contributors_enabled": false,
        "id_str": "1194774961937928192",
        "follow_request_sent": false,
        "url": null,
        "translator_type": "none",
        "id": 1194774961937928192,
        "favourites_count": 1,
        "following": false,
        "profile_background_color": "F5F8FA",
        "followers_count": 16,
        "profile_background_tile": false,
        "profile_background_image_url_https": null,
        "location": "",
        "profile_text_color": "333333",
        "default_profile": true,
        "statuses_count": 24,
        "default_profile_image": false,
        "name": "Samuel Yáñez"
      },
      "created_at": "Sat Dec 07 19:22:46 +0000 2019",
      "id": 1203394437423992832,
      "in_reply_to_user_id": null,
      "favorited": false,
      "source": "<a href=\"https://mobile.twitter.com\" rel=\"nofollow\">Twitter Web App</a>",
      "id_str": "1203394437423992832",
      "in_reply_to_user_id_str": null,
      "contributors": null,
      "retweeted_status": {
        "retweeted": false,
        "in_reply_to_status_id_str": null,
        "place": null,
        "truncated": true,
        "lang": "es",
        "favorite_count": 1,
        "geo": null,
        "metadata": {
          "result_type": "recent",
          "iso_language_code": "es"
        },
        "entities": {
          "symbols": [],
          "user_mentions": [],
          "hashtags": [],
          "urls": [
            {
              "display_url": "twitter.com/i/web/status/1…",
              "expanded_url": "https://twitter.com/i/web/status/1203086175336050688",
              "indices": [
                117,
                140
              ],
              "url": "https://t.co/bPSYZH9D5G"
            }
          ]
        },
        "in_reply_to_status_id": null,
        "in_reply_to_screen_name": null,
        "coordinates": null,
        "user": {
          "is_translator": false,
          "utc_offset": null,
          "lang": null,
          "screen_name": "EstherAlvarezFA",
          "profile_sidebar_border_color": "C0DEED",
          "profile_background_image_url": null,
          "has_extended_profile": true,
          "profile_sidebar_fill_color": "DDEEF6",
          "description": "Abogada. Luchando por el derecho a una vivienda digna y los derechos de la mujer. #ViviendaSocial #DerechoALaCiudad #FrenteAmplio #Congreso2020 #26E",
          "profile_image_url": "http://pbs.twimg.com/profile_images/1196189950762463232/1uYiiKwP_normal.jpg",
          "listed_count": 0,
          "time_zone": null,
          "entities": {
            "description": {
              "urls": []
            },
            "url": {
              "urls": [
                {
                  "display_url": "facebook.com/EstherAlvarezFA",
                  "expanded_url": "http://facebook.com/EstherAlvarezFA",
                  "indices": [
                    0,
                    23
                  ],
                  "url": "https://t.co/bvBqGV0MbL"
                }
              ]
            }
          },
          "verified": false,
          "profile_use_background_image": true,
          "profile_banner_url": "https://pbs.twimg.com/profile_banners/1193633412956995584/1574035557",
          "profile_image_url_https": "https://pbs.twimg.com/profile_images/1196189950762463232/1uYiiKwP_normal.jpg",
          "protected": false,
          "profile_link_color": "1DA1F2",
          "geo_enabled": false,
          "is_translation_enabled": false,
          "created_at": "Sun Nov 10 20:58:50 +0000 2019",
          "friends_count": 134,
          "notifications": false,
          "contributors_enabled": false,
          "id_str": "1193633412956995584",
          "follow_request_sent": false,
          "url": "https://t.co/bvBqGV0MbL",
          "translator_type": "none",
          "id": 1193633412956995584,
          "favourites_count": 2,
          "following": false,
          "profile_background_color": "F5F8FA",
          "followers_count": 21,
          "profile_background_tile": false,
          "profile_background_image_url_https": null,
          "location": "",
          "profile_text_color": "333333",
          "default_profile": true,
          "statuses_count": 15,
          "default_profile_image": false,
          "name": "Esther Alvarez Estrada"
        },
        "created_at": "Fri Dec 06 22:57:51 +0000 2019",
        "id": 1203086175336050688,
        "in_reply_to_user_id": null,
        "favorited": false,
        "source": "<a href=\"http://twitter.com/download/android\" rel=\"nofollow\">Twitter for Android</a>",
        "id_str": "1203086175336050688",
        "in_reply_to_user_id_str": null,
        "contributors": null,
        "retweet_count": 1,
        "is_quote_status": false,
        "text": "Hoy marcha mundial por la defensa de nuestra casa común, contra el cambio climático,  es hora de actuar bajar los g… https://t.co/bPSYZH9D5G"
      },
      "retweet_count": 1,
      "is_quote_status": false,
      "text": "RT @EstherAlvarezFA: Hoy marcha mundial por la defensa de nuestra casa común, contra el cambio climático,  es hora de actuar bajar los grad…"
    }
  ],
  "request_date": "2019-12-08-13:24:51"
}