{
  "data": [
    {
      "in_reply_to_user_id": null,
      "place": null,
      "text": "RT @FigalloTorres: Torres Figallo: \"Creación de un Gein 2 ayudaría en la lucha contra la delincuencia\" - Expreso https://t.co/U4N7S0IrnS",
      "lang": "es",
      "id": 1203967790320963584,
      "entities": {
        "symbols": [],
        "urls": [
          {
            "url": "https://t.co/U4N7S0IrnS",
            "expanded_url": "https://www.expreso.com.pe/elecciones-2020/hablan-los-candidatos-alexander-torres-figallo-apra/#.Xe3qmOqCcBU.twitter",
            "indices": [
              113,
              136
            ],
            "display_url": "expreso.com.pe/elecciones-202…"
          }
        ],
        "user_mentions": [
          {
            "id": 1116145846599475201,
            "screen_name": "FigalloTorres",
            "name": "Alexander Torres Figallo",
            "indices": [
              3,
              17
            ],
            "id_str": "1116145846599475201"
          }
        ],
        "hashtags": []
      },
      "retweeted_status": {
        "in_reply_to_user_id": null,
        "place": null,
        "text": "Torres Figallo: \"Creación de un Gein 2 ayudaría en la lucha contra la delincuencia\" - Expreso https://t.co/U4N7S0IrnS",
        "lang": "es",
        "id": 1203925524990566400,
        "entities": {
          "symbols": [],
          "urls": [
            {
              "url": "https://t.co/U4N7S0IrnS",
              "expanded_url": "https://www.expreso.com.pe/elecciones-2020/hablan-los-candidatos-alexander-torres-figallo-apra/#.Xe3qmOqCcBU.twitter",
              "indices": [
                94,
                117
              ],
              "display_url": "expreso.com.pe/elecciones-202…"
            }
          ],
          "user_mentions": [],
          "hashtags": []
        },
        "is_quote_status": false,
        "coordinates": null,
        "user": {
          "geo_enabled": false,
          "screen_name": "FigalloTorres",
          "name": "Alexander Torres Figallo",
          "profile_background_tile": false,
          "listed_count": 0,
          "default_profile_image": false,
          "profile_background_color": "F5F8FA",
          "lang": null,
          "id": 1116145846599475201,
          "entities": {
            "description": {
              "urls": []
            }
          },
          "following": false,
          "profile_text_color": "333333",
          "friends_count": 271,
          "time_zone": null,
          "profile_use_background_image": true,
          "profile_background_image_url": null,
          "follow_request_sent": false,
          "notifications": false,
          "default_profile": true,
          "location": "Peru",
          "profile_background_image_url_https": null,
          "is_translation_enabled": false,
          "profile_image_url": "http://pbs.twimg.com/profile_images/1135630981870870528/J5FlKuvV_normal.png",
          "protected": false,
          "followers_count": 99,
          "statuses_count": 73,
          "utc_offset": null,
          "profile_sidebar_fill_color": "DDEEF6",
          "created_at": "Thu Apr 11 01:08:01 +0000 2019",
          "url": null,
          "id_str": "1116145846599475201",
          "profile_banner_url": "https://pbs.twimg.com/profile_banners/1116145846599475201/1554948800",
          "translator_type": "none",
          "profile_image_url_https": "https://pbs.twimg.com/profile_images/1135630981870870528/J5FlKuvV_normal.png",
          "is_translator": false,
          "description": "Tolstoi dijo en su monumental Guerra y Paz que \"los hombres pasamos y los hechos quedan\" Sabias palabras en las que debemos reflexionar.",
          "favourites_count": 35,
          "contributors_enabled": false,
          "has_extended_profile": true,
          "profile_sidebar_border_color": "C0DEED",
          "verified": false,
          "profile_link_color": "1DA1F2"
        },
        "geo": null,
        "retweet_count": 4,
        "retweeted": false,
        "metadata": {
          "result_type": "recent",
          "iso_language_code": "es"
        },
        "source": "<a href=\"http://twitter.com/download/android\" rel=\"nofollow\">Twitter for Android</a>",
        "in_reply_to_screen_name": null,
        "created_at": "Mon Dec 09 06:33:07 +0000 2019",
        "possibly_sensitive": false,
        "contributors": null,
        "id_str": "1203925524990566400",
        "in_reply_to_status_id_str": null,
        "favorited": false,
        "truncated": false,
        "in_reply_to_status_id": null,
        "favorite_count": 7,
        "in_reply_to_user_id_str": null
      },
      "coordinates": null,
      "user": {
        "geo_enabled": false,
        "screen_name": "REMONDHECTOR",
        "name": "HECTOR REMOND",
        "profile_background_tile": false,
        "listed_count": 0,
        "default_profile_image": true,
        "profile_background_color": "C0DEED",
        "lang": null,
        "id": 2252899741,
        "entities": {
          "description": {
            "urls": []
          }
        },
        "following": false,
        "friends_count": 219,
        "time_zone": null,
        "profile_use_background_image": true,
        "profile_background_image_url": "http://abs.twimg.com/images/themes/theme1/bg.png",
        "follow_request_sent": false,
        "notifications": false,
        "default_profile": true,
        "location": "",
        "profile_background_image_url_https": "https://abs.twimg.com/images/themes/theme1/bg.png",
        "is_translation_enabled": false,
        "profile_image_url": "http://abs.twimg.com/sticky/default_profile_images/default_profile_normal.png",
        "protected": false,
        "followers_count": 58,
        "statuses_count": 8630,
        "utc_offset": null,
        "profile_sidebar_fill_color": "DDEEF6",
        "created_at": "Thu Dec 19 03:17:56 +0000 2013",
        "url": null,
        "id_str": "2252899741",
        "profile_text_color": "333333",
        "translator_type": "none",
        "profile_image_url_https": "https://abs.twimg.com/sticky/default_profile_images/default_profile_normal.png",
        "is_translator": false,
        "description": "",
        "favourites_count": 8628,
        "contributors_enabled": false,
        "has_extended_profile": false,
        "profile_sidebar_border_color": "C0DEED",
        "verified": false,
        "profile_link_color": "1DA1F2"
      },
      "geo": null,
      "retweet_count": 4,
      "retweeted": false,
      "metadata": {
        "result_type": "recent",
        "iso_language_code": "es"
      },
      "source": "<a href=\"https://mobile.twitter.com\" rel=\"nofollow\">Twitter Web App</a>",
      "is_quote_status": false,
      "in_reply_to_screen_name": null,
      "created_at": "Mon Dec 09 09:21:04 +0000 2019",
      "possibly_sensitive": false,
      "contributors": null,
      "id_str": "1203967790320963584",
      "in_reply_to_status_id_str": null,
      "favorited": false,
      "truncated": false,
      "in_reply_to_status_id": null,
      "favorite_count": 0,
      "in_reply_to_user_id_str": null
    },
    {
      "in_reply_to_user_id": null,
      "place": null,
      "text": "RT @FigalloTorres: Torres Figallo: \"Creación de un Gein 2 ayudaría en la lucha contra la delincuencia\" - Expreso https://t.co/U4N7S0IrnS",
      "lang": "es",
      "id": 1203927363945422849,
      "entities": {
        "symbols": [],
        "urls": [
          {
            "url": "https://t.co/U4N7S0IrnS",
            "expanded_url": "https://www.expreso.com.pe/elecciones-2020/hablan-los-candidatos-alexander-torres-figallo-apra/#.Xe3qmOqCcBU.twitter",
            "indices": [
              113,
              136
            ],
            "display_url": "expreso.com.pe/elecciones-202…"
          }
        ],
        "user_mentions": [
          {
            "id": 1116145846599475201,
            "screen_name": "FigalloTorres",
            "name": "Alexander Torres Figallo",
            "indices": [
              3,
              17
            ],
            "id_str": "1116145846599475201"
          }
        ],
        "hashtags": []
      },
      "retweeted_status": {
        "in_reply_to_user_id": null,
        "place": null,
        "text": "Torres Figallo: \"Creación de un Gein 2 ayudaría en la lucha contra la delincuencia\" - Expreso https://t.co/U4N7S0IrnS",
        "lang": "es",
        "id": 1203925524990566400,
        "entities": {
          "symbols": [],
          "urls": [
            {
              "url": "https://t.co/U4N7S0IrnS",
              "expanded_url": "https://www.expreso.com.pe/elecciones-2020/hablan-los-candidatos-alexander-torres-figallo-apra/#.Xe3qmOqCcBU.twitter",
              "indices": [
                94,
                117
              ],
              "display_url": "expreso.com.pe/elecciones-202…"
            }
          ],
          "user_mentions": [],
          "hashtags": []
        },
        "is_quote_status": false,
        "coordinates": null,
        "user": {
          "geo_enabled": false,
          "screen_name": "FigalloTorres",
          "name": "Alexander Torres Figallo",
          "profile_background_tile": false,
          "listed_count": 0,
          "default_profile_image": false,
          "profile_background_color": "F5F8FA",
          "lang": null,
          "id": 1116145846599475201,
          "entities": {
            "description": {
              "urls": []
            }
          },
          "following": false,
          "profile_text_color": "333333",
          "friends_count": 271,
          "time_zone": null,
          "profile_use_background_image": true,
          "profile_background_image_url": null,
          "follow_request_sent": false,
          "notifications": false,
          "default_profile": true,
          "location": "Peru",
          "profile_background_image_url_https": null,
          "is_translation_enabled": false,
          "profile_image_url": "http://pbs.twimg.com/profile_images/1135630981870870528/J5FlKuvV_normal.png",
          "protected": false,
          "followers_count": 99,
          "statuses_count": 73,
          "utc_offset": null,
          "profile_sidebar_fill_color": "DDEEF6",
          "created_at": "Thu Apr 11 01:08:01 +0000 2019",
          "url": null,
          "id_str": "1116145846599475201",
          "profile_banner_url": "https://pbs.twimg.com/profile_banners/1116145846599475201/1554948800",
          "translator_type": "none",
          "profile_image_url_https": "https://pbs.twimg.com/profile_images/1135630981870870528/J5FlKuvV_normal.png",
          "is_translator": false,
          "description": "Tolstoi dijo en su monumental Guerra y Paz que \"los hombres pasamos y los hechos quedan\" Sabias palabras en las que debemos reflexionar.",
          "favourites_count": 35,
          "contributors_enabled": false,
          "has_extended_profile": true,
          "profile_sidebar_border_color": "C0DEED",
          "verified": false,
          "profile_link_color": "1DA1F2"
        },
        "geo": null,
        "retweet_count": 4,
        "retweeted": false,
        "metadata": {
          "result_type": "recent",
          "iso_language_code": "es"
        },
        "source": "<a href=\"http://twitter.com/download/android\" rel=\"nofollow\">Twitter for Android</a>",
        "in_reply_to_screen_name": null,
        "created_at": "Mon Dec 09 06:33:07 +0000 2019",
        "possibly_sensitive": false,
        "contributors": null,
        "id_str": "1203925524990566400",
        "in_reply_to_status_id_str": null,
        "favorited": false,
        "truncated": false,
        "in_reply_to_status_id": null,
        "favorite_count": 7,
        "in_reply_to_user_id_str": null
      },
      "coordinates": null,
      "user": {
        "geo_enabled": false,
        "screen_name": "Steppenwolf90",
        "name": "Gustavo Moscoso",
        "profile_background_tile": false,
        "listed_count": 1,
        "default_profile_image": false,
        "profile_background_color": "1A1B1F",
        "lang": null,
        "id": 78094558,
        "entities": {
          "description": {
            "urls": []
          }
        },
        "following": false,
        "profile_text_color": "666666",
        "friends_count": 1049,
        "time_zone": null,
        "profile_use_background_image": true,
        "profile_background_image_url": "http://abs.twimg.com/images/themes/theme9/bg.gif",
        "follow_request_sent": false,
        "notifications": false,
        "default_profile": false,
        "location": "Lima",
        "profile_background_image_url_https": "https://abs.twimg.com/images/themes/theme9/bg.gif",
        "is_translation_enabled": false,
        "profile_image_url": "http://pbs.twimg.com/profile_images/3477715496/072e39c86ef2af5d50130af51ff17911_normal.jpeg",
        "protected": false,
        "followers_count": 175,
        "statuses_count": 26063,
        "utc_offset": null,
        "profile_sidebar_fill_color": "252429",
        "created_at": "Mon Sep 28 19:12:26 +0000 2009",
        "url": null,
        "id_str": "78094558",
        "profile_banner_url": "https://pbs.twimg.com/profile_banners/78094558/1365118669",
        "translator_type": "none",
        "profile_image_url_https": "https://pbs.twimg.com/profile_images/3477715496/072e39c86ef2af5d50130af51ff17911_normal.jpeg",
        "is_translator": false,
        "description": "Escribo lo que me nace y veo,a favor de nadie y todos,trato de ver desde ambos puntos,la verdad nadie se entiende y nadie te da razones reales de sus posiciones",
        "favourites_count": 35075,
        "contributors_enabled": false,
        "has_extended_profile": true,
        "profile_sidebar_border_color": "FFFFFF",
        "verified": false,
        "profile_link_color": "2FC2EF"
      },
      "geo": null,
      "retweet_count": 4,
      "retweeted": false,
      "metadata": {
        "result_type": "recent",
        "iso_language_code": "es"
      },
      "source": "<a href=\"http://twitter.com/download/android\" rel=\"nofollow\">Twitter for Android</a>",
      "is_quote_status": false,
      "in_reply_to_screen_name": null,
      "created_at": "Mon Dec 09 06:40:26 +0000 2019",
      "possibly_sensitive": false,
      "contributors": null,
      "id_str": "1203927363945422849",
      "in_reply_to_status_id_str": null,
      "favorited": false,
      "truncated": false,
      "in_reply_to_status_id": null,
      "favorite_count": 0,
      "in_reply_to_user_id_str": null
    },
    {
      "in_reply_to_user_id": null,
      "place": null,
      "text": "RT @FigalloTorres: Torres Figallo: \"Creación de un Gein 2 ayudaría en la lucha contra la delincuencia\" - Expreso https://t.co/U4N7S0IrnS",
      "lang": "es",
      "id": 1203926932515164160,
      "entities": {
        "symbols": [],
        "urls": [
          {
            "url": "https://t.co/U4N7S0IrnS",
            "expanded_url": "https://www.expreso.com.pe/elecciones-2020/hablan-los-candidatos-alexander-torres-figallo-apra/#.Xe3qmOqCcBU.twitter",
            "indices": [
              113,
              136
            ],
            "display_url": "expreso.com.pe/elecciones-202…"
          }
        ],
        "user_mentions": [
          {
            "id": 1116145846599475201,
            "screen_name": "FigalloTorres",
            "name": "Alexander Torres Figallo",
            "indices": [
              3,
              17
            ],
            "id_str": "1116145846599475201"
          }
        ],
        "hashtags": []
      },
      "retweeted_status": {
        "in_reply_to_user_id": null,
        "place": null,
        "text": "Torres Figallo: \"Creación de un Gein 2 ayudaría en la lucha contra la delincuencia\" - Expreso https://t.co/U4N7S0IrnS",
        "lang": "es",
        "id": 1203925524990566400,
        "entities": {
          "symbols": [],
          "urls": [
            {
              "url": "https://t.co/U4N7S0IrnS",
              "expanded_url": "https://www.expreso.com.pe/elecciones-2020/hablan-los-candidatos-alexander-torres-figallo-apra/#.Xe3qmOqCcBU.twitter",
              "indices": [
                94,
                117
              ],
              "display_url": "expreso.com.pe/elecciones-202…"
            }
          ],
          "user_mentions": [],
          "hashtags": []
        },
        "is_quote_status": false,
        "coordinates": null,
        "user": {
          "geo_enabled": false,
          "screen_name": "FigalloTorres",
          "name": "Alexander Torres Figallo",
          "profile_background_tile": false,
          "listed_count": 0,
          "default_profile_image": false,
          "profile_background_color": "F5F8FA",
          "lang": null,
          "id": 1116145846599475201,
          "entities": {
            "description": {
              "urls": []
            }
          },
          "following": false,
          "profile_text_color": "333333",
          "friends_count": 271,
          "time_zone": null,
          "profile_use_background_image": true,
          "profile_background_image_url": null,
          "follow_request_sent": false,
          "notifications": false,
          "default_profile": true,
          "location": "Peru",
          "profile_background_image_url_https": null,
          "is_translation_enabled": false,
          "profile_image_url": "http://pbs.twimg.com/profile_images/1135630981870870528/J5FlKuvV_normal.png",
          "protected": false,
          "followers_count": 99,
          "statuses_count": 73,
          "utc_offset": null,
          "profile_sidebar_fill_color": "DDEEF6",
          "created_at": "Thu Apr 11 01:08:01 +0000 2019",
          "url": null,
          "id_str": "1116145846599475201",
          "profile_banner_url": "https://pbs.twimg.com/profile_banners/1116145846599475201/1554948800",
          "translator_type": "none",
          "profile_image_url_https": "https://pbs.twimg.com/profile_images/1135630981870870528/J5FlKuvV_normal.png",
          "is_translator": false,
          "description": "Tolstoi dijo en su monumental Guerra y Paz que \"los hombres pasamos y los hechos quedan\" Sabias palabras en las que debemos reflexionar.",
          "favourites_count": 35,
          "contributors_enabled": false,
          "has_extended_profile": true,
          "profile_sidebar_border_color": "C0DEED",
          "verified": false,
          "profile_link_color": "1DA1F2"
        },
        "geo": null,
        "retweet_count": 4,
        "retweeted": false,
        "metadata": {
          "result_type": "recent",
          "iso_language_code": "es"
        },
        "source": "<a href=\"http://twitter.com/download/android\" rel=\"nofollow\">Twitter for Android</a>",
        "in_reply_to_screen_name": null,
        "created_at": "Mon Dec 09 06:33:07 +0000 2019",
        "possibly_sensitive": false,
        "contributors": null,
        "id_str": "1203925524990566400",
        "in_reply_to_status_id_str": null,
        "favorited": false,
        "truncated": false,
        "in_reply_to_status_id": null,
        "favorite_count": 7,
        "in_reply_to_user_id_str": null
      },
      "coordinates": null,
      "user": {
        "geo_enabled": false,
        "screen_name": "Valderrama_En",
        "name": "Enrique Valderrama",
        "profile_background_tile": false,
        "listed_count": 45,
        "default_profile_image": false,
        "profile_background_color": "C0DEED",
        "lang": null,
        "id": 86457557,
        "entities": {
          "url": {
            "urls": [
              {
                "url": "https://t.co/KIyQ16S4Kn",
                "expanded_url": "http://www.puntodeencuentro.pe/",
                "indices": [
                  0,
                  23
                ],
                "display_url": "puntodeencuentro.pe"
              }
            ]
          },
          "description": {
            "urls": []
          }
        },
        "following": false,
        "profile_text_color": "333333",
        "friends_count": 3418,
        "time_zone": null,
        "profile_use_background_image": true,
        "profile_background_image_url": "http://abs.twimg.com/images/themes/theme1/bg.png",
        "follow_request_sent": false,
        "notifications": false,
        "default_profile": true,
        "location": "Lima, Perú",
        "profile_background_image_url_https": "https://abs.twimg.com/images/themes/theme1/bg.png",
        "is_translation_enabled": false,
        "profile_image_url": "http://pbs.twimg.com/profile_images/1003680378421436416/Os4xii4F_normal.jpg",
        "protected": false,
        "followers_count": 5345,
        "statuses_count": 9556,
        "utc_offset": null,
        "profile_sidebar_fill_color": "DDEEF6",
        "created_at": "Sat Oct 31 03:55:39 +0000 2009",
        "url": "https://t.co/KIyQ16S4Kn",
        "id_str": "86457557",
        "profile_banner_url": "https://pbs.twimg.com/profile_banners/86457557/1534158549",
        "translator_type": "none",
        "profile_image_url_https": "https://pbs.twimg.com/profile_images/1003680378421436416/Os4xii4F_normal.jpg",
        "is_translator": false,
        "description": "Director de Punto de Encuentro. Columnista de Diario Expreso. Coordinador del Centro para la Democracia Social. Activista Político.",
        "favourites_count": 1521,
        "contributors_enabled": false,
        "has_extended_profile": false,
        "profile_sidebar_border_color": "C0DEED",
        "verified": false,
        "profile_link_color": "1DA1F2"
      },
      "geo": null,
      "retweet_count": 4,
      "retweeted": false,
      "metadata": {
        "result_type": "recent",
        "iso_language_code": "es"
      },
      "source": "<a href=\"http://twitter.com/download/android\" rel=\"nofollow\">Twitter for Android</a>",
      "is_quote_status": false,
      "in_reply_to_screen_name": null,
      "created_at": "Mon Dec 09 06:38:43 +0000 2019",
      "possibly_sensitive": false,
      "contributors": null,
      "id_str": "1203926932515164160",
      "in_reply_to_status_id_str": null,
      "favorited": false,
      "truncated": false,
      "in_reply_to_status_id": null,
      "favorite_count": 0,
      "in_reply_to_user_id_str": null
    }
  ],
  "request_date": "2019-12-09-05:23:28"
}