{
  "data": [
    {
      "entities": {
        "urls": [
          {
            "expanded_url": "https://twitter.com/i/web/status/1210005651952480261",
            "indices": [
              104,
              127
            ],
            "display_url": "twitter.com/i/web/status/1…",
            "url": "https://t.co/TUfIq1vAc7"
          }
        ],
        "user_mentions": [
          {
            "name": "CM1964D",
            "screen_name": "CesarMilllan",
            "indices": [
              0,
              13
            ],
            "id_str": "735635417123463169",
            "id": 735635417123463169
          },
          {
            "name": "Enrique Fernández Chacón",
            "screen_name": "EnriqueFCHA",
            "indices": [
              14,
              26
            ],
            "id_str": "1017875140313518081",
            "id": 1017875140313518081
          },
          {
            "name": "Carlos Portillas Guerrero",
            "screen_name": "CarlosPortillas",
            "indices": [
              27,
              43
            ],
            "id_str": "1190083887814328320",
            "id": 1190083887814328320
          },
          {
            "name": "Arlette Contreras 🌺8⃣",
            "screen_name": "arlettecontrers",
            "indices": [
              44,
              60
            ],
            "id_str": "4191723502",
            "id": 4191723502
          },
          {
            "name": "David Roca Basadre",
            "screen_name": "drocabas",
            "indices": [
              61,
              70
            ],
            "id_str": "37286968",
            "id": 37286968
          },
          {
            "name": "Esther Alvarez Estrada",
            "screen_name": "EstherAlvarezFA",
            "indices": [
              71,
              87
            ],
            "id_str": "1193633412956995584",
            "id": 1193633412956995584
          },
          {
            "name": "Paby Cáceres",
            "screen_name": "PabyCaceres11",
            "indices": [
              88,
              102
            ],
            "id_str": "1196839239427723265",
            "id": 1196839239427723265
          }
        ],
        "hashtags": [],
        "symbols": []
      },
      "in_reply_to_screen_name": "CesarMilllan",
      "text": "@CesarMilllan @EnriqueFCHA @CarlosPortillas @arlettecontrers @drocabas @EstherAlvarezFA @PabyCaceres11… https://t.co/TUfIq1vAc7",
      "id_str": "1210005651952480261",
      "geo": null,
      "contributors": null,
      "in_reply_to_status_id": 1208856574455959552,
      "in_reply_to_user_id": 735635417123463169,
      "retweet_count": 0,
      "favorited": false,
      "favorite_count": 0,
      "is_quote_status": false,
      "user": {
        "entities": {
          "description": {
            "urls": []
          }
        },
        "following": false,
        "id_str": "531981747",
        "profile_text_color": "333333",
        "profile_sidebar_fill_color": "DDEEF6",
        "is_translation_enabled": false,
        "location": "",
        "default_profile": true,
        "profile_sidebar_border_color": "C0DEED",
        "description": "",
        "lang": null,
        "name": "Daniel A.",
        "friends_count": 20,
        "profile_background_tile": false,
        "time_zone": null,
        "is_translator": false,
        "statuses_count": 323,
        "profile_image_url_https": "https://pbs.twimg.com/profile_images/1071132708611342337/OpNV5RKq_normal.jpg",
        "verified": false,
        "listed_count": 0,
        "followers_count": 11,
        "profile_link_color": "1DA1F2",
        "geo_enabled": false,
        "has_extended_profile": false,
        "url": null,
        "translator_type": "none",
        "screen_name": "kenyl_95",
        "profile_use_background_image": true,
        "utc_offset": null,
        "profile_background_image_url_https": "https://abs.twimg.com/images/themes/theme1/bg.png",
        "id": 531981747,
        "notifications": false,
        "follow_request_sent": false,
        "default_profile_image": false,
        "created_at": "Wed Mar 21 03:49:23 +0000 2012",
        "favourites_count": 1017,
        "protected": false,
        "profile_background_color": "C0DEED",
        "contributors_enabled": false,
        "profile_background_image_url": "http://abs.twimg.com/images/themes/theme1/bg.png",
        "profile_image_url": "http://pbs.twimg.com/profile_images/1071132708611342337/OpNV5RKq_normal.jpg"
      },
      "place": null,
      "retweeted": false,
      "in_reply_to_user_id_str": "735635417123463169",
      "lang": "es",
      "source": "<a href=\"https://mobile.twitter.com\" rel=\"nofollow\">Twitter Web App</a>",
      "id": 1210005651952480261,
      "truncated": true,
      "coordinates": null,
      "metadata": {
        "iso_language_code": "es",
        "result_type": "recent"
      },
      "created_at": "Thu Dec 26 01:13:22 +0000 2019",
      "in_reply_to_status_id_str": "1208856574455959552"
    },
    {
      "entities": {
        "urls": [
          {
            "expanded_url": "https://twitter.com/i/web/status/1208885131177549824",
            "indices": [
              116,
              139
            ],
            "display_url": "twitter.com/i/web/status/1…",
            "url": "https://t.co/Co8ubnK4oS"
          }
        ],
        "user_mentions": [
          {
            "name": "Enrique Fernández Chacón",
            "screen_name": "EnriqueFCHA",
            "indices": [
              0,
              12
            ],
            "id_str": "1017875140313518081",
            "id": 1017875140313518081
          },
          {
            "name": "Carlos Portillas Guerrero",
            "screen_name": "CarlosPortillas",
            "indices": [
              13,
              29
            ],
            "id_str": "1190083887814328320",
            "id": 1190083887814328320
          },
          {
            "name": "Arlette Contreras 🌺8⃣",
            "screen_name": "arlettecontrers",
            "indices": [
              30,
              46
            ],
            "id_str": "4191723502",
            "id": 4191723502
          },
          {
            "name": "David Roca Basadre",
            "screen_name": "drocabas",
            "indices": [
              47,
              56
            ],
            "id_str": "37286968",
            "id": 37286968
          },
          {
            "name": "Esther Alvarez Estrada",
            "screen_name": "EstherAlvarezFA",
            "indices": [
              57,
              73
            ],
            "id_str": "1193633412956995584",
            "id": 1193633412956995584
          },
          {
            "name": "Paby Cáceres",
            "screen_name": "PabyCaceres11",
            "indices": [
              74,
              88
            ],
            "id_str": "1196839239427723265",
            "id": 1196839239427723265
          }
        ],
        "hashtags": [],
        "symbols": []
      },
      "in_reply_to_screen_name": "EnriqueFCHA",
      "text": "@EnriqueFCHA @CarlosPortillas @arlettecontrers @drocabas @EstherAlvarezFA @PabyCaceres11 Podrías enumerar en donde… https://t.co/Co8ubnK4oS",
      "id_str": "1208885131177549824",
      "geo": null,
      "contributors": null,
      "in_reply_to_status_id": 1208427878913888258,
      "in_reply_to_user_id": 1017875140313518081,
      "retweet_count": 0,
      "favorited": false,
      "favorite_count": 0,
      "is_quote_status": false,
      "user": {
        "entities": {
          "description": {
            "urls": []
          }
        },
        "profile_banner_url": "https://pbs.twimg.com/profile_banners/345160659/1539640199",
        "id_str": "345160659",
        "profile_text_color": "333333",
        "profile_sidebar_fill_color": "DDEEF6",
        "is_translation_enabled": false,
        "location": "",
        "default_profile": true,
        "profile_sidebar_border_color": "C0DEED",
        "following": false,
        "description": "",
        "lang": null,
        "name": "realistaypatriota",
        "friends_count": 984,
        "profile_background_tile": false,
        "time_zone": null,
        "is_translator": false,
        "statuses_count": 1398,
        "profile_image_url_https": "https://pbs.twimg.com/profile_images/1143885720232321027/KoWff1HK_normal.jpg",
        "verified": false,
        "listed_count": 1,
        "followers_count": 72,
        "profile_link_color": "1DA1F2",
        "geo_enabled": false,
        "has_extended_profile": false,
        "url": null,
        "translator_type": "none",
        "screen_name": "ppneyra6491",
        "profile_use_background_image": true,
        "utc_offset": null,
        "profile_background_image_url_https": "https://abs.twimg.com/images/themes/theme1/bg.png",
        "id": 345160659,
        "notifications": false,
        "follow_request_sent": false,
        "default_profile_image": false,
        "created_at": "Sat Jul 30 04:28:17 +0000 2011",
        "favourites_count": 1230,
        "protected": false,
        "profile_background_color": "C0DEED",
        "contributors_enabled": false,
        "profile_background_image_url": "http://abs.twimg.com/images/themes/theme1/bg.png",
        "profile_image_url": "http://pbs.twimg.com/profile_images/1143885720232321027/KoWff1HK_normal.jpg"
      },
      "place": null,
      "retweeted": false,
      "in_reply_to_user_id_str": "1017875140313518081",
      "lang": "es",
      "source": "<a href=\"http://twitter.com/download/iphone\" rel=\"nofollow\">Twitter for iPhone</a>",
      "id": 1208885131177549824,
      "truncated": true,
      "coordinates": null,
      "metadata": {
        "iso_language_code": "es",
        "result_type": "recent"
      },
      "created_at": "Sun Dec 22 23:00:49 +0000 2019",
      "in_reply_to_status_id_str": "1208427878913888258"
    },
    {
      "entities": {
        "urls": [
          {
            "expanded_url": "https://twitter.com/i/web/status/1208856574455959552",
            "indices": [
              117,
              140
            ],
            "display_url": "twitter.com/i/web/status/1…",
            "url": "https://t.co/sPu6JWXb8E"
          }
        ],
        "user_mentions": [
          {
            "name": "Daniel A.",
            "screen_name": "kenyl_95",
            "indices": [
              0,
              9
            ],
            "id_str": "531981747",
            "id": 531981747
          },
          {
            "name": "Enrique Fernández Chacón",
            "screen_name": "EnriqueFCHA",
            "indices": [
              10,
              22
            ],
            "id_str": "1017875140313518081",
            "id": 1017875140313518081
          },
          {
            "name": "Carlos Portillas Guerrero",
            "screen_name": "CarlosPortillas",
            "indices": [
              23,
              39
            ],
            "id_str": "1190083887814328320",
            "id": 1190083887814328320
          },
          {
            "name": "Arlette Contreras 🌺8⃣",
            "screen_name": "arlettecontrers",
            "indices": [
              40,
              56
            ],
            "id_str": "4191723502",
            "id": 4191723502
          },
          {
            "name": "David Roca Basadre",
            "screen_name": "drocabas",
            "indices": [
              57,
              66
            ],
            "id_str": "37286968",
            "id": 37286968
          },
          {
            "name": "Esther Alvarez Estrada",
            "screen_name": "EstherAlvarezFA",
            "indices": [
              67,
              83
            ],
            "id_str": "1193633412956995584",
            "id": 1193633412956995584
          },
          {
            "name": "Paby Cáceres",
            "screen_name": "PabyCaceres11",
            "indices": [
              84,
              98
            ],
            "id_str": "1196839239427723265",
            "id": 1196839239427723265
          },
          {
            "name": "Martín Vizcarra",
            "screen_name": "MartinVizcarraC",
            "indices": [
              99,
              115
            ],
            "id_str": "4825296327",
            "id": 4825296327
          }
        ],
        "hashtags": [],
        "symbols": []
      },
      "in_reply_to_screen_name": "kenyl_95",
      "text": "@kenyl_95 @EnriqueFCHA @CarlosPortillas @arlettecontrers @drocabas @EstherAlvarezFA @PabyCaceres11 @MartinVizcarraC… https://t.co/sPu6JWXb8E",
      "id_str": "1208856574455959552",
      "geo": null,
      "contributors": null,
      "in_reply_to_status_id": 1208782047482990593,
      "in_reply_to_user_id": 531981747,
      "retweet_count": 0,
      "favorited": false,
      "favorite_count": 0,
      "is_quote_status": false,
      "user": {
        "entities": {
          "description": {
            "urls": []
          }
        },
        "following": false,
        "id_str": "735635417123463169",
        "profile_text_color": "333333",
        "profile_sidebar_fill_color": "DDEEF6",
        "is_translation_enabled": false,
        "location": "",
        "default_profile": true,
        "profile_sidebar_border_color": "C0DEED",
        "description": "“Dios, Patria y Familia”",
        "lang": null,
        "name": "CM1964D",
        "friends_count": 756,
        "profile_background_tile": false,
        "time_zone": null,
        "is_translator": false,
        "statuses_count": 3534,
        "profile_image_url_https": "https://pbs.twimg.com/profile_images/735745192431493120/Y7GG4ljy_normal.jpg",
        "verified": false,
        "listed_count": 0,
        "followers_count": 84,
        "profile_link_color": "1DA1F2",
        "geo_enabled": false,
        "has_extended_profile": false,
        "url": null,
        "translator_type": "none",
        "screen_name": "CesarMilllan",
        "profile_use_background_image": true,
        "utc_offset": null,
        "profile_background_image_url_https": null,
        "id": 735635417123463169,
        "notifications": false,
        "follow_request_sent": false,
        "default_profile_image": false,
        "created_at": "Thu May 26 00:55:25 +0000 2016",
        "favourites_count": 497,
        "protected": false,
        "profile_background_color": "F5F8FA",
        "contributors_enabled": false,
        "profile_background_image_url": null,
        "profile_image_url": "http://pbs.twimg.com/profile_images/735745192431493120/Y7GG4ljy_normal.jpg"
      },
      "place": null,
      "retweeted": false,
      "in_reply_to_user_id_str": "531981747",
      "lang": "es",
      "source": "<a href=\"http://twitter.com/download/android\" rel=\"nofollow\">Twitter for Android</a>",
      "id": 1208856574455959552,
      "truncated": true,
      "coordinates": null,
      "metadata": {
        "iso_language_code": "es",
        "result_type": "recent"
      },
      "created_at": "Sun Dec 22 21:07:21 +0000 2019",
      "in_reply_to_status_id_str": "1208782047482990593"
    },
    {
      "entities": {
        "urls": [
          {
            "expanded_url": "https://twitter.com/i/web/status/1208782047482990593",
            "indices": [
              104,
              127
            ],
            "display_url": "twitter.com/i/web/status/1…",
            "url": "https://t.co/1fSpuLHmOc"
          }
        ],
        "user_mentions": [
          {
            "name": "CM1964D",
            "screen_name": "CesarMilllan",
            "indices": [
              0,
              13
            ],
            "id_str": "735635417123463169",
            "id": 735635417123463169
          },
          {
            "name": "Enrique Fernández Chacón",
            "screen_name": "EnriqueFCHA",
            "indices": [
              14,
              26
            ],
            "id_str": "1017875140313518081",
            "id": 1017875140313518081
          },
          {
            "name": "Carlos Portillas Guerrero",
            "screen_name": "CarlosPortillas",
            "indices": [
              27,
              43
            ],
            "id_str": "1190083887814328320",
            "id": 1190083887814328320
          },
          {
            "name": "Arlette Contreras 🌺8⃣",
            "screen_name": "arlettecontrers",
            "indices": [
              44,
              60
            ],
            "id_str": "4191723502",
            "id": 4191723502
          },
          {
            "name": "David Roca Basadre",
            "screen_name": "drocabas",
            "indices": [
              61,
              70
            ],
            "id_str": "37286968",
            "id": 37286968
          },
          {
            "name": "Esther Alvarez Estrada",
            "screen_name": "EstherAlvarezFA",
            "indices": [
              71,
              87
            ],
            "id_str": "1193633412956995584",
            "id": 1193633412956995584
          },
          {
            "name": "Paby Cáceres",
            "screen_name": "PabyCaceres11",
            "indices": [
              88,
              102
            ],
            "id_str": "1196839239427723265",
            "id": 1196839239427723265
          }
        ],
        "hashtags": [],
        "symbols": []
      },
      "in_reply_to_screen_name": "CesarMilllan",
      "text": "@CesarMilllan @EnriqueFCHA @CarlosPortillas @arlettecontrers @drocabas @EstherAlvarezFA @PabyCaceres11… https://t.co/1fSpuLHmOc",
      "id_str": "1208782047482990593",
      "geo": null,
      "contributors": null,
      "in_reply_to_status_id": 1208656400852885504,
      "in_reply_to_user_id": 735635417123463169,
      "retweet_count": 0,
      "favorited": false,
      "favorite_count": 0,
      "is_quote_status": false,
      "user": {
        "entities": {
          "description": {
            "urls": []
          }
        },
        "following": false,
        "id_str": "531981747",
        "profile_text_color": "333333",
        "profile_sidebar_fill_color": "DDEEF6",
        "is_translation_enabled": false,
        "location": "",
        "default_profile": true,
        "profile_sidebar_border_color": "C0DEED",
        "description": "",
        "lang": null,
        "name": "Daniel A.",
        "friends_count": 20,
        "profile_background_tile": false,
        "time_zone": null,
        "is_translator": false,
        "statuses_count": 323,
        "profile_image_url_https": "https://pbs.twimg.com/profile_images/1071132708611342337/OpNV5RKq_normal.jpg",
        "verified": false,
        "listed_count": 0,
        "followers_count": 11,
        "profile_link_color": "1DA1F2",
        "geo_enabled": false,
        "has_extended_profile": false,
        "url": null,
        "translator_type": "none",
        "screen_name": "kenyl_95",
        "profile_use_background_image": true,
        "utc_offset": null,
        "profile_background_image_url_https": "https://abs.twimg.com/images/themes/theme1/bg.png",
        "id": 531981747,
        "notifications": false,
        "follow_request_sent": false,
        "default_profile_image": false,
        "created_at": "Wed Mar 21 03:49:23 +0000 2012",
        "favourites_count": 1017,
        "protected": false,
        "profile_background_color": "C0DEED",
        "contributors_enabled": false,
        "profile_background_image_url": "http://abs.twimg.com/images/themes/theme1/bg.png",
        "profile_image_url": "http://pbs.twimg.com/profile_images/1071132708611342337/OpNV5RKq_normal.jpg"
      },
      "place": null,
      "retweeted": false,
      "in_reply_to_user_id_str": "735635417123463169",
      "lang": "es",
      "source": "<a href=\"https://mobile.twitter.com\" rel=\"nofollow\">Twitter Web App</a>",
      "id": 1208782047482990593,
      "truncated": true,
      "coordinates": null,
      "metadata": {
        "iso_language_code": "es",
        "result_type": "recent"
      },
      "created_at": "Sun Dec 22 16:11:12 +0000 2019",
      "in_reply_to_status_id_str": "1208656400852885504"
    },
    {
      "entities": {
        "urls": [
          {
            "expanded_url": "https://twitter.com/i/web/status/1208656400852885504",
            "indices": [
              117,
              140
            ],
            "display_url": "twitter.com/i/web/status/1…",
            "url": "https://t.co/BXXdhNPLcy"
          }
        ],
        "user_mentions": [
          {
            "name": "Enrique Fernández Chacón",
            "screen_name": "EnriqueFCHA",
            "indices": [
              0,
              12
            ],
            "id_str": "1017875140313518081",
            "id": 1017875140313518081
          },
          {
            "name": "Carlos Portillas Guerrero",
            "screen_name": "CarlosPortillas",
            "indices": [
              13,
              29
            ],
            "id_str": "1190083887814328320",
            "id": 1190083887814328320
          },
          {
            "name": "Arlette Contreras 🌺8⃣",
            "screen_name": "arlettecontrers",
            "indices": [
              30,
              46
            ],
            "id_str": "4191723502",
            "id": 4191723502
          },
          {
            "name": "David Roca Basadre",
            "screen_name": "drocabas",
            "indices": [
              47,
              56
            ],
            "id_str": "37286968",
            "id": 37286968
          },
          {
            "name": "Esther Alvarez Estrada",
            "screen_name": "EstherAlvarezFA",
            "indices": [
              57,
              73
            ],
            "id_str": "1193633412956995584",
            "id": 1193633412956995584
          },
          {
            "name": "Paby Cáceres",
            "screen_name": "PabyCaceres11",
            "indices": [
              74,
              88
            ],
            "id_str": "1196839239427723265",
            "id": 1196839239427723265
          }
        ],
        "hashtags": [],
        "symbols": []
      },
      "in_reply_to_screen_name": "EnriqueFCHA",
      "text": "@EnriqueFCHA @CarlosPortillas @arlettecontrers @drocabas @EstherAlvarezFA @PabyCaceres11 Si está enterado de las úl… https://t.co/BXXdhNPLcy",
      "id_str": "1208656400852885504",
      "geo": null,
      "contributors": null,
      "in_reply_to_status_id": 1208427878913888258,
      "in_reply_to_user_id": 1017875140313518081,
      "retweet_count": 0,
      "favorited": false,
      "favorite_count": 0,
      "is_quote_status": false,
      "user": {
        "entities": {
          "description": {
            "urls": []
          }
        },
        "following": false,
        "id_str": "735635417123463169",
        "profile_text_color": "333333",
        "profile_sidebar_fill_color": "DDEEF6",
        "is_translation_enabled": false,
        "location": "",
        "default_profile": true,
        "profile_sidebar_border_color": "C0DEED",
        "description": "“Dios, Patria y Familia”",
        "lang": null,
        "name": "CM1964D",
        "friends_count": 756,
        "profile_background_tile": false,
        "time_zone": null,
        "is_translator": false,
        "statuses_count": 3534,
        "profile_image_url_https": "https://pbs.twimg.com/profile_images/735745192431493120/Y7GG4ljy_normal.jpg",
        "verified": false,
        "listed_count": 0,
        "followers_count": 84,
        "profile_link_color": "1DA1F2",
        "geo_enabled": false,
        "has_extended_profile": false,
        "url": null,
        "translator_type": "none",
        "screen_name": "CesarMilllan",
        "profile_use_background_image": true,
        "utc_offset": null,
        "profile_background_image_url_https": null,
        "id": 735635417123463169,
        "notifications": false,
        "follow_request_sent": false,
        "default_profile_image": false,
        "created_at": "Thu May 26 00:55:25 +0000 2016",
        "favourites_count": 497,
        "protected": false,
        "profile_background_color": "F5F8FA",
        "contributors_enabled": false,
        "profile_background_image_url": null,
        "profile_image_url": "http://pbs.twimg.com/profile_images/735745192431493120/Y7GG4ljy_normal.jpg"
      },
      "place": null,
      "retweeted": false,
      "in_reply_to_user_id_str": "1017875140313518081",
      "lang": "es",
      "source": "<a href=\"http://twitter.com/download/android\" rel=\"nofollow\">Twitter for Android</a>",
      "id": 1208656400852885504,
      "truncated": true,
      "coordinates": null,
      "metadata": {
        "iso_language_code": "es",
        "result_type": "recent"
      },
      "created_at": "Sun Dec 22 07:51:56 +0000 2019",
      "in_reply_to_status_id_str": "1208427878913888258"
    },
    {
      "entities": {
        "urls": [],
        "user_mentions": [
          {
            "name": "Carlos Portillas Guerrero",
            "screen_name": "CarlosPortillas",
            "indices": [
              3,
              19
            ],
            "id_str": "1190083887814328320",
            "id": 1190083887814328320
          }
        ],
        "hashtags": [],
        "symbols": []
      },
      "in_reply_to_screen_name": null,
      "text": "RT @CarlosPortillas: Este domingo estaremos visitando el distrito de San Juan de Miraflores con el el fin de conversar con los vecinos y es…",
      "id_str": "1208546335470882816",
      "geo": null,
      "contributors": null,
      "in_reply_to_status_id": null,
      "in_reply_to_user_id": null,
      "retweet_count": 6,
      "favorited": false,
      "favorite_count": 0,
      "is_quote_status": false,
      "user": {
        "entities": {
          "description": {
            "urls": []
          }
        },
        "profile_banner_url": "https://pbs.twimg.com/profile_banners/860781730315292672/1570685908",
        "id_str": "860781730315292672",
        "profile_text_color": "333333",
        "profile_sidebar_fill_color": "DDEEF6",
        "is_translation_enabled": false,
        "location": "",
        "default_profile": true,
        "profile_sidebar_border_color": "C0DEED",
        "following": false,
        "description": "Izquierda Socialista (UIT-CI) en el Frente de Izquierda ☭",
        "lang": null,
        "name": "nahue",
        "friends_count": 164,
        "profile_background_tile": false,
        "time_zone": null,
        "is_translator": false,
        "statuses_count": 3967,
        "profile_image_url_https": "https://pbs.twimg.com/profile_images/1182168940417552385/aEmK-gDW_normal.jpg",
        "verified": false,
        "listed_count": 0,
        "followers_count": 46,
        "profile_link_color": "1DA1F2",
        "geo_enabled": false,
        "has_extended_profile": false,
        "url": null,
        "translator_type": "none",
        "screen_name": "DarioushKarim",
        "profile_use_background_image": true,
        "utc_offset": null,
        "profile_background_image_url_https": null,
        "id": 860781730315292672,
        "notifications": false,
        "follow_request_sent": false,
        "default_profile_image": false,
        "created_at": "Sat May 06 09:02:11 +0000 2017",
        "favourites_count": 5228,
        "protected": false,
        "profile_background_color": "F5F8FA",
        "contributors_enabled": false,
        "profile_background_image_url": null,
        "profile_image_url": "http://pbs.twimg.com/profile_images/1182168940417552385/aEmK-gDW_normal.jpg"
      },
      "place": null,
      "retweeted": false,
      "retweeted_status": {
        "entities": {
          "urls": [
            {
              "expanded_url": "https://twitter.com/i/web/status/1208428909987082242",
              "indices": [
                117,
                140
              ],
              "display_url": "twitter.com/i/web/status/1…",
              "url": "https://t.co/nvcmLgx8bx"
            }
          ],
          "user_mentions": [],
          "hashtags": [],
          "symbols": []
        },
        "in_reply_to_screen_name": null,
        "text": "Este domingo estaremos visitando el distrito de San Juan de Miraflores con el el fin de conversar con los vecinos y… https://t.co/nvcmLgx8bx",
        "id_str": "1208428909987082242",
        "geo": null,
        "contributors": null,
        "in_reply_to_status_id": null,
        "in_reply_to_user_id": null,
        "retweet_count": 6,
        "favorited": false,
        "favorite_count": 9,
        "is_quote_status": false,
        "user": {
          "entities": {
            "description": {
              "urls": []
            }
          },
          "profile_banner_url": "https://pbs.twimg.com/profile_banners/1190083887814328320/1575312294",
          "id_str": "1190083887814328320",
          "profile_text_color": "333333",
          "profile_sidebar_fill_color": "DDEEF6",
          "is_translation_enabled": false,
          "location": "Lima",
          "default_profile": true,
          "profile_sidebar_border_color": "C0DEED",
          "following": false,
          "description": "Sin luchas no hay victorias.",
          "lang": null,
          "name": "Carlos Portillas Guerrero",
          "friends_count": 94,
          "profile_background_tile": false,
          "time_zone": null,
          "is_translator": false,
          "statuses_count": 41,
          "profile_image_url_https": "https://pbs.twimg.com/profile_images/1199839175417180161/3CyUgfny_normal.jpg",
          "verified": false,
          "listed_count": 3,
          "followers_count": 43,
          "profile_link_color": "1DA1F2",
          "geo_enabled": false,
          "has_extended_profile": false,
          "url": null,
          "translator_type": "none",
          "screen_name": "CarlosPortillas",
          "profile_use_background_image": true,
          "utc_offset": null,
          "profile_background_image_url_https": null,
          "id": 1190083887814328320,
          "notifications": false,
          "follow_request_sent": false,
          "default_profile_image": false,
          "created_at": "Fri Nov 01 01:51:40 +0000 2019",
          "favourites_count": 59,
          "protected": false,
          "profile_background_color": "F5F8FA",
          "contributors_enabled": false,
          "profile_background_image_url": null,
          "profile_image_url": "http://pbs.twimg.com/profile_images/1199839175417180161/3CyUgfny_normal.jpg"
        },
        "place": null,
        "retweeted": false,
        "in_reply_to_user_id_str": null,
        "lang": "es",
        "source": "<a href=\"https://mobile.twitter.com\" rel=\"nofollow\">Twitter Web App</a>",
        "id": 1208428909987082242,
        "truncated": true,
        "coordinates": null,
        "metadata": {
          "iso_language_code": "es",
          "result_type": "recent"
        },
        "created_at": "Sat Dec 21 16:47:58 +0000 2019",
        "possibly_sensitive": false,
        "in_reply_to_status_id_str": null
      },
      "in_reply_to_user_id_str": null,
      "lang": "es",
      "source": "<a href=\"http://twitter.com/download/android\" rel=\"nofollow\">Twitter for Android</a>",
      "id": 1208546335470882816,
      "truncated": false,
      "coordinates": null,
      "metadata": {
        "iso_language_code": "es",
        "result_type": "recent"
      },
      "created_at": "Sun Dec 22 00:34:34 +0000 2019",
      "in_reply_to_status_id_str": null
    },
    {
      "entities": {
        "urls": [
          {
            "expanded_url": "https://twitter.com/i/web/status/1208540826978140161",
            "indices": [
              117,
              140
            ],
            "display_url": "twitter.com/i/web/status/1…",
            "url": "https://t.co/too5UAJqb5"
          }
        ],
        "user_mentions": [
          {
            "name": "Enrique Fernández Chacón",
            "screen_name": "EnriqueFCHA",
            "indices": [
              0,
              12
            ],
            "id_str": "1017875140313518081",
            "id": 1017875140313518081
          },
          {
            "name": "Carlos Portillas Guerrero",
            "screen_name": "CarlosPortillas",
            "indices": [
              13,
              29
            ],
            "id_str": "1190083887814328320",
            "id": 1190083887814328320
          },
          {
            "name": "Arlette Contreras 🌺8⃣",
            "screen_name": "arlettecontrers",
            "indices": [
              30,
              46
            ],
            "id_str": "4191723502",
            "id": 4191723502
          },
          {
            "name": "David Roca Basadre",
            "screen_name": "drocabas",
            "indices": [
              47,
              56
            ],
            "id_str": "37286968",
            "id": 37286968
          },
          {
            "name": "Esther Alvarez Estrada",
            "screen_name": "EstherAlvarezFA",
            "indices": [
              57,
              73
            ],
            "id_str": "1193633412956995584",
            "id": 1193633412956995584
          },
          {
            "name": "Paby Cáceres",
            "screen_name": "PabyCaceres11",
            "indices": [
              74,
              88
            ],
            "id_str": "1196839239427723265",
            "id": 1196839239427723265
          }
        ],
        "hashtags": [],
        "symbols": []
      },
      "in_reply_to_screen_name": "EnriqueFCHA",
      "text": "@EnriqueFCHA @CarlosPortillas @arlettecontrers @drocabas @EstherAlvarezFA @PabyCaceres11 Por favor Si pudiera colga… https://t.co/too5UAJqb5",
      "id_str": "1208540826978140161",
      "geo": null,
      "contributors": null,
      "in_reply_to_status_id": 1208427878913888258,
      "in_reply_to_user_id": 1017875140313518081,
      "retweet_count": 0,
      "favorited": false,
      "favorite_count": 0,
      "is_quote_status": false,
      "user": {
        "entities": {
          "description": {
            "urls": []
          }
        },
        "following": false,
        "id_str": "1178600417699217408",
        "profile_text_color": "333333",
        "profile_sidebar_fill_color": "DDEEF6",
        "is_translation_enabled": false,
        "location": "",
        "default_profile": true,
        "profile_sidebar_border_color": "C0DEED",
        "description": "Opinóloga frontal, disputo, debato y refuto con moderación, Sarcasmo y humor. Mi educación dependen de otras personas, a veces bajo a subniveles.",
        "lang": null,
        "name": "Veroka777",
        "friends_count": 111,
        "profile_background_tile": false,
        "time_zone": null,
        "is_translator": false,
        "statuses_count": 4437,
        "profile_image_url_https": "https://pbs.twimg.com/profile_images/1194341502123675649/CxtY_ai0_normal.jpg",
        "verified": false,
        "listed_count": 0,
        "followers_count": 56,
        "profile_link_color": "1DA1F2",
        "geo_enabled": false,
        "has_extended_profile": false,
        "url": null,
        "translator_type": "none",
        "screen_name": "Verokabelse7",
        "profile_use_background_image": true,
        "utc_offset": null,
        "profile_background_image_url_https": null,
        "id": 1178600417699217408,
        "notifications": false,
        "follow_request_sent": false,
        "default_profile_image": false,
        "created_at": "Mon Sep 30 09:20:38 +0000 2019",
        "favourites_count": 6803,
        "protected": false,
        "profile_background_color": "F5F8FA",
        "contributors_enabled": false,
        "profile_background_image_url": null,
        "profile_image_url": "http://pbs.twimg.com/profile_images/1194341502123675649/CxtY_ai0_normal.jpg"
      },
      "place": null,
      "retweeted": false,
      "in_reply_to_user_id_str": "1017875140313518081",
      "lang": "es",
      "source": "<a href=\"http://twitter.com/download/android\" rel=\"nofollow\">Twitter for Android</a>",
      "id": 1208540826978140161,
      "truncated": true,
      "coordinates": null,
      "metadata": {
        "iso_language_code": "es",
        "result_type": "recent"
      },
      "created_at": "Sun Dec 22 00:12:41 +0000 2019",
      "in_reply_to_status_id_str": "1208427878913888258"
    },
    {
      "entities": {
        "urls": [],
        "user_mentions": [
          {
            "name": "Carlos Portillas Guerrero",
            "screen_name": "CarlosPortillas",
            "indices": [
              3,
              19
            ],
            "id_str": "1190083887814328320",
            "id": 1190083887814328320
          }
        ],
        "hashtags": [],
        "symbols": []
      },
      "in_reply_to_screen_name": null,
      "text": "RT @CarlosPortillas: Este domingo estaremos visitando el distrito de San Juan de Miraflores con el el fin de conversar con los vecinos y es…",
      "id_str": "1208501654259142663",
      "geo": null,
      "contributors": null,
      "in_reply_to_status_id": null,
      "in_reply_to_user_id": null,
      "retweet_count": 6,
      "favorited": false,
      "favorite_count": 0,
      "is_quote_status": false,
      "user": {
        "entities": {
          "description": {
            "urls": []
          }
        },
        "following": false,
        "id_str": "1194359735484583936",
        "profile_text_color": "333333",
        "profile_sidebar_fill_color": "DDEEF6",
        "is_translation_enabled": false,
        "location": "",
        "default_profile": true,
        "profile_sidebar_border_color": "C0DEED",
        "description": "",
        "lang": null,
        "name": "Angéls.Isadora",
        "friends_count": 14,
        "profile_background_tile": false,
        "time_zone": null,
        "is_translator": false,
        "statuses_count": 36,
        "profile_image_url_https": "https://abs.twimg.com/sticky/default_profile_images/default_profile_normal.png",
        "verified": false,
        "listed_count": 0,
        "followers_count": 2,
        "profile_link_color": "1DA1F2",
        "geo_enabled": false,
        "has_extended_profile": false,
        "url": null,
        "translator_type": "none",
        "screen_name": "AngelsIsadora",
        "profile_use_background_image": true,
        "utc_offset": null,
        "profile_background_image_url_https": null,
        "id": 1194359735484583936,
        "notifications": false,
        "follow_request_sent": false,
        "default_profile_image": true,
        "created_at": "Tue Nov 12 21:02:42 +0000 2019",
        "favourites_count": 32,
        "protected": false,
        "profile_background_color": "F5F8FA",
        "contributors_enabled": false,
        "profile_background_image_url": null,
        "profile_image_url": "http://abs.twimg.com/sticky/default_profile_images/default_profile_normal.png"
      },
      "place": null,
      "retweeted": false,
      "retweeted_status": {
        "entities": {
          "urls": [
            {
              "expanded_url": "https://twitter.com/i/web/status/1208428909987082242",
              "indices": [
                117,
                140
              ],
              "display_url": "twitter.com/i/web/status/1…",
              "url": "https://t.co/nvcmLgx8bx"
            }
          ],
          "user_mentions": [],
          "hashtags": [],
          "symbols": []
        },
        "in_reply_to_screen_name": null,
        "text": "Este domingo estaremos visitando el distrito de San Juan de Miraflores con el el fin de conversar con los vecinos y… https://t.co/nvcmLgx8bx",
        "id_str": "1208428909987082242",
        "geo": null,
        "contributors": null,
        "in_reply_to_status_id": null,
        "in_reply_to_user_id": null,
        "retweet_count": 6,
        "favorited": false,
        "favorite_count": 9,
        "is_quote_status": false,
        "user": {
          "entities": {
            "description": {
              "urls": []
            }
          },
          "profile_banner_url": "https://pbs.twimg.com/profile_banners/1190083887814328320/1575312294",
          "id_str": "1190083887814328320",
          "profile_text_color": "333333",
          "profile_sidebar_fill_color": "DDEEF6",
          "is_translation_enabled": false,
          "location": "Lima",
          "default_profile": true,
          "profile_sidebar_border_color": "C0DEED",
          "following": false,
          "description": "Sin luchas no hay victorias.",
          "lang": null,
          "name": "Carlos Portillas Guerrero",
          "friends_count": 94,
          "profile_background_tile": false,
          "time_zone": null,
          "is_translator": false,
          "statuses_count": 41,
          "profile_image_url_https": "https://pbs.twimg.com/profile_images/1199839175417180161/3CyUgfny_normal.jpg",
          "verified": false,
          "listed_count": 3,
          "followers_count": 43,
          "profile_link_color": "1DA1F2",
          "geo_enabled": false,
          "has_extended_profile": false,
          "url": null,
          "translator_type": "none",
          "screen_name": "CarlosPortillas",
          "profile_use_background_image": true,
          "utc_offset": null,
          "profile_background_image_url_https": null,
          "id": 1190083887814328320,
          "notifications": false,
          "follow_request_sent": false,
          "default_profile_image": false,
          "created_at": "Fri Nov 01 01:51:40 +0000 2019",
          "favourites_count": 59,
          "protected": false,
          "profile_background_color": "F5F8FA",
          "contributors_enabled": false,
          "profile_background_image_url": null,
          "profile_image_url": "http://pbs.twimg.com/profile_images/1199839175417180161/3CyUgfny_normal.jpg"
        },
        "place": null,
        "retweeted": false,
        "in_reply_to_user_id_str": null,
        "lang": "es",
        "source": "<a href=\"https://mobile.twitter.com\" rel=\"nofollow\">Twitter Web App</a>",
        "id": 1208428909987082242,
        "truncated": true,
        "coordinates": null,
        "metadata": {
          "iso_language_code": "es",
          "result_type": "recent"
        },
        "created_at": "Sat Dec 21 16:47:58 +0000 2019",
        "possibly_sensitive": false,
        "in_reply_to_status_id_str": null
      },
      "in_reply_to_user_id_str": null,
      "lang": "es",
      "source": "<a href=\"http://twitter.com/download/android\" rel=\"nofollow\">Twitter for Android</a>",
      "id": 1208501654259142663,
      "truncated": false,
      "coordinates": null,
      "metadata": {
        "iso_language_code": "es",
        "result_type": "recent"
      },
      "created_at": "Sat Dec 21 21:37:01 +0000 2019",
      "in_reply_to_status_id_str": null
    },
    {
      "entities": {
        "urls": [],
        "user_mentions": [
          {
            "name": "Enrique Fernández Chacón",
            "screen_name": "EnriqueFCHA",
            "indices": [
              0,
              12
            ],
            "id_str": "1017875140313518081",
            "id": 1017875140313518081
          },
          {
            "name": "Carlos Portillas Guerrero",
            "screen_name": "CarlosPortillas",
            "indices": [
              13,
              29
            ],
            "id_str": "1190083887814328320",
            "id": 1190083887814328320
          },
          {
            "name": "Arlette Contreras 🌺8⃣",
            "screen_name": "arlettecontrers",
            "indices": [
              30,
              46
            ],
            "id_str": "4191723502",
            "id": 4191723502
          },
          {
            "name": "David Roca Basadre",
            "screen_name": "drocabas",
            "indices": [
              47,
              56
            ],
            "id_str": "37286968",
            "id": 37286968
          },
          {
            "name": "Esther Alvarez Estrada",
            "screen_name": "EstherAlvarezFA",
            "indices": [
              57,
              73
            ],
            "id_str": "1193633412956995584",
            "id": 1193633412956995584
          },
          {
            "name": "Paby Cáceres",
            "screen_name": "PabyCaceres11",
            "indices": [
              74,
              88
            ],
            "id_str": "1196839239427723265",
            "id": 1196839239427723265
          }
        ],
        "hashtags": [],
        "symbols": []
      },
      "in_reply_to_screen_name": "EnriqueFCHA",
      "text": "@EnriqueFCHA @CarlosPortillas @arlettecontrers @drocabas @EstherAlvarezFA @PabyCaceres11 Frente Amplio es UNIC@ OPCION CONGRESO 2020!",
      "id_str": "1208483196771258368",
      "geo": null,
      "contributors": null,
      "in_reply_to_status_id": 1208427878913888258,
      "in_reply_to_user_id": 1017875140313518081,
      "retweet_count": 0,
      "favorited": false,
      "favorite_count": 2,
      "is_quote_status": false,
      "user": {
        "entities": {
          "description": {
            "urls": []
          }
        },
        "following": false,
        "id_str": "3074362596",
        "profile_text_color": "333333",
        "profile_sidebar_fill_color": "DDEEF6",
        "is_translation_enabled": false,
        "location": "",
        "default_profile": true,
        "profile_sidebar_border_color": "C0DEED",
        "description": "",
        "lang": null,
        "name": "Cruz heredia",
        "friends_count": 67,
        "profile_background_tile": false,
        "time_zone": null,
        "is_translator": false,
        "statuses_count": 5667,
        "profile_image_url_https": "https://pbs.twimg.com/profile_images/1088992400276504577/zmni69By_normal.jpg",
        "verified": false,
        "listed_count": 0,
        "followers_count": 21,
        "profile_link_color": "1DA1F2",
        "geo_enabled": false,
        "has_extended_profile": false,
        "url": null,
        "translator_type": "none",
        "screen_name": "CruzGlenale2000",
        "profile_use_background_image": true,
        "utc_offset": null,
        "profile_background_image_url_https": "https://abs.twimg.com/images/themes/theme1/bg.png",
        "id": 3074362596,
        "notifications": false,
        "follow_request_sent": false,
        "default_profile_image": false,
        "created_at": "Thu Mar 12 01:46:32 +0000 2015",
        "favourites_count": 2415,
        "protected": false,
        "profile_background_color": "C0DEED",
        "contributors_enabled": false,
        "profile_background_image_url": "http://abs.twimg.com/images/themes/theme1/bg.png",
        "profile_image_url": "http://pbs.twimg.com/profile_images/1088992400276504577/zmni69By_normal.jpg"
      },
      "place": null,
      "retweeted": false,
      "in_reply_to_user_id_str": "1017875140313518081",
      "lang": "es",
      "source": "<a href=\"https://mobile.twitter.com\" rel=\"nofollow\">Twitter Web App</a>",
      "id": 1208483196771258368,
      "truncated": false,
      "coordinates": null,
      "metadata": {
        "iso_language_code": "es",
        "result_type": "recent"
      },
      "created_at": "Sat Dec 21 20:23:41 +0000 2019",
      "in_reply_to_status_id_str": "1208427878913888258"
    },
    {
      "entities": {
        "urls": [],
        "user_mentions": [
          {
            "name": "Carlos Portillas Guerrero",
            "screen_name": "CarlosPortillas",
            "indices": [
              3,
              19
            ],
            "id_str": "1190083887814328320",
            "id": 1190083887814328320
          }
        ],
        "hashtags": [],
        "symbols": []
      },
      "in_reply_to_screen_name": null,
      "text": "RT @CarlosPortillas: Este domingo estaremos visitando el distrito de San Juan de Miraflores con el el fin de conversar con los vecinos y es…",
      "id_str": "1208482338805559296",
      "geo": null,
      "contributors": null,
      "in_reply_to_status_id": null,
      "in_reply_to_user_id": null,
      "retweet_count": 6,
      "favorited": false,
      "favorite_count": 0,
      "is_quote_status": false,
      "user": {
        "entities": {
          "description": {
            "urls": [
              {
                "expanded_url": "http://nahuelmoreno.org",
                "indices": [
                  51,
                  74
                ],
                "display_url": "nahuelmoreno.org",
                "url": "https://t.co/RikDf8bS31"
              },
              {
                "expanded_url": "http://uit-ci.org",
                "indices": [
                  77,
                  100
                ],
                "display_url": "uit-ci.org",
                "url": "https://t.co/DzurIrCoQk"
              },
              {
                "expanded_url": "http://laclase.info",
                "indices": [
                  103,
                  126
                ],
                "display_url": "laclase.info",
                "url": "https://t.co/HuMinkvmt9"
              },
              {
                "expanded_url": "http://soydetelmo.com.ar",
                "indices": [
                  129,
                  152
                ],
                "display_url": "soydetelmo.com.ar",
                "url": "https://t.co/h3D5G9Qbeg"
              }
            ]
          },
          "url": {
            "urls": [
              {
                "expanded_url": "http://www.izquierdasocialista.org.ar",
                "indices": [
                  0,
                  23
                ],
                "display_url": "izquierdasocialista.org.ar",
                "url": "https://t.co/ZUrXtUrE7W"
              }
            ]
          }
        },
        "profile_banner_url": "https://pbs.twimg.com/profile_banners/1011870199/1364876038",
        "id_str": "1011870199",
        "profile_text_color": "333333",
        "profile_sidebar_fill_color": "DDEEF6",
        "is_translation_enabled": false,
        "location": "Avellaneda, Buenos Aires.",
        "default_profile": false,
        "profile_sidebar_border_color": "FFFFFF",
        "following": false,
        "description": "...Soñas la hoguera, donde siempre sos la leña... \nhttps://t.co/RikDf8bS31 / https://t.co/DzurIrCoQk / https://t.co/HuMinkvmt9 / https://t.co/h3D5G9Qbeg",
        "lang": null,
        "name": "Javier Leonforte",
        "friends_count": 1005,
        "profile_background_tile": true,
        "time_zone": null,
        "is_translator": false,
        "statuses_count": 107767,
        "profile_image_url_https": "https://pbs.twimg.com/profile_images/2975811020/c75289ab29d09af0dd3bccf9260cabaf_normal.jpeg",
        "verified": false,
        "listed_count": 20,
        "followers_count": 2330,
        "profile_link_color": "89C9FA",
        "geo_enabled": true,
        "has_extended_profile": false,
        "url": "https://t.co/ZUrXtUrE7W",
        "translator_type": "none",
        "screen_name": "JavierLeonforte",
        "profile_use_background_image": true,
        "utc_offset": null,
        "profile_background_image_url_https": "https://abs.twimg.com/images/themes/theme1/bg.png",
        "id": 1011870199,
        "notifications": false,
        "follow_request_sent": false,
        "default_profile_image": false,
        "created_at": "Fri Dec 14 20:00:32 +0000 2012",
        "favourites_count": 161408,
        "protected": false,
        "profile_background_color": "DD2E44",
        "contributors_enabled": false,
        "profile_background_image_url": "http://abs.twimg.com/images/themes/theme1/bg.png",
        "profile_image_url": "http://pbs.twimg.com/profile_images/2975811020/c75289ab29d09af0dd3bccf9260cabaf_normal.jpeg"
      },
      "place": null,
      "retweeted": false,
      "retweeted_status": {
        "entities": {
          "urls": [
            {
              "expanded_url": "https://twitter.com/i/web/status/1208428909987082242",
              "indices": [
                117,
                140
              ],
              "display_url": "twitter.com/i/web/status/1…",
              "url": "https://t.co/nvcmLgx8bx"
            }
          ],
          "user_mentions": [],
          "hashtags": [],
          "symbols": []
        },
        "in_reply_to_screen_name": null,
        "text": "Este domingo estaremos visitando el distrito de San Juan de Miraflores con el el fin de conversar con los vecinos y… https://t.co/nvcmLgx8bx",
        "id_str": "1208428909987082242",
        "geo": null,
        "contributors": null,
        "in_reply_to_status_id": null,
        "in_reply_to_user_id": null,
        "retweet_count": 6,
        "favorited": false,
        "favorite_count": 9,
        "is_quote_status": false,
        "user": {
          "entities": {
            "description": {
              "urls": []
            }
          },
          "profile_banner_url": "https://pbs.twimg.com/profile_banners/1190083887814328320/1575312294",
          "id_str": "1190083887814328320",
          "profile_text_color": "333333",
          "profile_sidebar_fill_color": "DDEEF6",
          "is_translation_enabled": false,
          "location": "Lima",
          "default_profile": true,
          "profile_sidebar_border_color": "C0DEED",
          "following": false,
          "description": "Sin luchas no hay victorias.",
          "lang": null,
          "name": "Carlos Portillas Guerrero",
          "friends_count": 94,
          "profile_background_tile": false,
          "time_zone": null,
          "is_translator": false,
          "statuses_count": 41,
          "profile_image_url_https": "https://pbs.twimg.com/profile_images/1199839175417180161/3CyUgfny_normal.jpg",
          "verified": false,
          "listed_count": 3,
          "followers_count": 43,
          "profile_link_color": "1DA1F2",
          "geo_enabled": false,
          "has_extended_profile": false,
          "url": null,
          "translator_type": "none",
          "screen_name": "CarlosPortillas",
          "profile_use_background_image": true,
          "utc_offset": null,
          "profile_background_image_url_https": null,
          "id": 1190083887814328320,
          "notifications": false,
          "follow_request_sent": false,
          "default_profile_image": false,
          "created_at": "Fri Nov 01 01:51:40 +0000 2019",
          "favourites_count": 59,
          "protected": false,
          "profile_background_color": "F5F8FA",
          "contributors_enabled": false,
          "profile_background_image_url": null,
          "profile_image_url": "http://pbs.twimg.com/profile_images/1199839175417180161/3CyUgfny_normal.jpg"
        },
        "place": null,
        "retweeted": false,
        "in_reply_to_user_id_str": null,
        "lang": "es",
        "source": "<a href=\"https://mobile.twitter.com\" rel=\"nofollow\">Twitter Web App</a>",
        "id": 1208428909987082242,
        "truncated": true,
        "coordinates": null,
        "metadata": {
          "iso_language_code": "es",
          "result_type": "recent"
        },
        "created_at": "Sat Dec 21 16:47:58 +0000 2019",
        "possibly_sensitive": false,
        "in_reply_to_status_id_str": null
      },
      "in_reply_to_user_id_str": null,
      "lang": "es",
      "source": "<a href=\"http://twitter.com/download/android\" rel=\"nofollow\">Twitter for Android</a>",
      "id": 1208482338805559296,
      "truncated": false,
      "coordinates": null,
      "metadata": {
        "iso_language_code": "es",
        "result_type": "recent"
      },
      "created_at": "Sat Dec 21 20:20:16 +0000 2019",
      "in_reply_to_status_id_str": null
    },
    {
      "entities": {
        "urls": [
          {
            "expanded_url": "https://twitter.com/i/web/status/1208471210314620928",
            "indices": [
              117,
              140
            ],
            "display_url": "twitter.com/i/web/status/1…",
            "url": "https://t.co/Cs6m5ecNfI"
          }
        ],
        "user_mentions": [
          {
            "name": "Enrique Fernández Chacón",
            "screen_name": "EnriqueFCHA",
            "indices": [
              0,
              12
            ],
            "id_str": "1017875140313518081",
            "id": 1017875140313518081
          },
          {
            "name": "Pamela 🇵🇪",
            "screen_name": "MadameTempestad",
            "indices": [
              13,
              29
            ],
            "id_str": "20282000",
            "id": 20282000
          },
          {
            "name": "Carlos Portillas Guerrero",
            "screen_name": "CarlosPortillas",
            "indices": [
              30,
              46
            ],
            "id_str": "1190083887814328320",
            "id": 1190083887814328320
          },
          {
            "name": "Arlette Contreras 🌺8⃣",
            "screen_name": "arlettecontrers",
            "indices": [
              47,
              63
            ],
            "id_str": "4191723502",
            "id": 4191723502
          },
          {
            "name": "David Roca Basadre",
            "screen_name": "drocabas",
            "indices": [
              64,
              73
            ],
            "id_str": "37286968",
            "id": 37286968
          },
          {
            "name": "Esther Alvarez Estrada",
            "screen_name": "EstherAlvarezFA",
            "indices": [
              74,
              90
            ],
            "id_str": "1193633412956995584",
            "id": 1193633412956995584
          },
          {
            "name": "Paby Cáceres",
            "screen_name": "PabyCaceres11",
            "indices": [
              91,
              105
            ],
            "id_str": "1196839239427723265",
            "id": 1196839239427723265
          }
        ],
        "hashtags": [],
        "symbols": []
      },
      "in_reply_to_screen_name": "EnriqueFCHA",
      "text": "@EnriqueFCHA @MadameTempestad @CarlosPortillas @arlettecontrers @drocabas @EstherAlvarezFA @PabyCaceres11 Sr. Chaco… https://t.co/Cs6m5ecNfI",
      "id_str": "1208471210314620928",
      "geo": null,
      "contributors": null,
      "in_reply_to_status_id": 1208427878913888258,
      "in_reply_to_user_id": 1017875140313518081,
      "retweet_count": 0,
      "favorited": false,
      "favorite_count": 1,
      "is_quote_status": false,
      "user": {
        "entities": {
          "description": {
            "urls": []
          }
        },
        "profile_banner_url": "https://pbs.twimg.com/profile_banners/883493027146338305/1546056671",
        "id_str": "883493027146338305",
        "profile_text_color": "333333",
        "profile_sidebar_fill_color": "DDEEF6",
        "is_translation_enabled": false,
        "location": "San Juan de Miraflores, Peru",
        "default_profile": true,
        "profile_sidebar_border_color": "C0DEED",
        "following": false,
        "description": "Padre de una princesa bella y un príncipe travieso.",
        "lang": null,
        "name": "Jim Paul",
        "friends_count": 557,
        "profile_background_tile": false,
        "time_zone": null,
        "is_translator": false,
        "statuses_count": 5989,
        "profile_image_url_https": "https://pbs.twimg.com/profile_images/1186497264442920960/go6QHK6A_normal.jpg",
        "verified": false,
        "listed_count": 0,
        "followers_count": 299,
        "profile_link_color": "1DA1F2",
        "geo_enabled": false,
        "has_extended_profile": true,
        "url": null,
        "translator_type": "none",
        "screen_name": "jimsantacruz76",
        "profile_use_background_image": true,
        "utc_offset": null,
        "profile_background_image_url_https": null,
        "id": 883493027146338305,
        "notifications": false,
        "follow_request_sent": false,
        "default_profile_image": false,
        "created_at": "Sat Jul 08 01:08:47 +0000 2017",
        "favourites_count": 29322,
        "protected": false,
        "profile_background_color": "F5F8FA",
        "contributors_enabled": false,
        "profile_background_image_url": null,
        "profile_image_url": "http://pbs.twimg.com/profile_images/1186497264442920960/go6QHK6A_normal.jpg"
      },
      "place": null,
      "retweeted": false,
      "in_reply_to_user_id_str": "1017875140313518081",
      "lang": "es",
      "source": "<a href=\"http://twitter.com/download/android\" rel=\"nofollow\">Twitter for Android</a>",
      "id": 1208471210314620928,
      "truncated": true,
      "coordinates": null,
      "metadata": {
        "iso_language_code": "es",
        "result_type": "recent"
      },
      "created_at": "Sat Dec 21 19:36:03 +0000 2019",
      "in_reply_to_status_id_str": "1208427878913888258"
    },
    {
      "entities": {
        "urls": [],
        "user_mentions": [
          {
            "name": "Enrique Fernández Chacón",
            "screen_name": "EnriqueFCHA",
            "indices": [
              0,
              12
            ],
            "id_str": "1017875140313518081",
            "id": 1017875140313518081
          },
          {
            "name": "Farid Matuk",
            "screen_name": "matuk",
            "indices": [
              13,
              19
            ],
            "id_str": "14541101",
            "id": 14541101
          },
          {
            "name": "Carlos Portillas Guerrero",
            "screen_name": "CarlosPortillas",
            "indices": [
              20,
              36
            ],
            "id_str": "1190083887814328320",
            "id": 1190083887814328320
          },
          {
            "name": "Arlette Contreras 🌺8⃣",
            "screen_name": "arlettecontrers",
            "indices": [
              37,
              53
            ],
            "id_str": "4191723502",
            "id": 4191723502
          },
          {
            "name": "David Roca Basadre",
            "screen_name": "drocabas",
            "indices": [
              54,
              63
            ],
            "id_str": "37286968",
            "id": 37286968
          },
          {
            "name": "Esther Alvarez Estrada",
            "screen_name": "EstherAlvarezFA",
            "indices": [
              64,
              80
            ],
            "id_str": "1193633412956995584",
            "id": 1193633412956995584
          },
          {
            "name": "Paby Cáceres",
            "screen_name": "PabyCaceres11",
            "indices": [
              81,
              95
            ],
            "id_str": "1196839239427723265",
            "id": 1196839239427723265
          }
        ],
        "hashtags": [],
        "symbols": []
      },
      "in_reply_to_screen_name": "EnriqueFCHA",
      "text": "@EnriqueFCHA @matuk @CarlosPortillas @arlettecontrers @drocabas @EstherAlvarezFA @PabyCaceres11 Candidato a alcaldia sr Chacón???",
      "id_str": "1208463418879029252",
      "geo": null,
      "contributors": null,
      "in_reply_to_status_id": 1208427878913888258,
      "in_reply_to_user_id": 1017875140313518081,
      "retweet_count": 0,
      "favorited": false,
      "favorite_count": 0,
      "is_quote_status": false,
      "user": {
        "entities": {
          "description": {
            "urls": []
          }
        },
        "profile_banner_url": "https://pbs.twimg.com/profile_banners/94459066/1487896393",
        "id_str": "94459066",
        "profile_text_color": "333333",
        "profile_sidebar_fill_color": "DDEEF6",
        "is_translation_enabled": false,
        "location": "",
        "default_profile": true,
        "profile_sidebar_border_color": "C0DEED",
        "following": false,
        "description": "",
        "lang": null,
        "name": "Lita Sousa",
        "friends_count": 81,
        "profile_background_tile": false,
        "time_zone": null,
        "is_translator": false,
        "statuses_count": 7897,
        "profile_image_url_https": "https://pbs.twimg.com/profile_images/834924575389528065/JAXQ6ovx_normal.jpg",
        "verified": false,
        "listed_count": 1,
        "followers_count": 144,
        "profile_link_color": "1DA1F2",
        "geo_enabled": false,
        "has_extended_profile": false,
        "url": null,
        "translator_type": "none",
        "screen_name": "berlitziana",
        "profile_use_background_image": true,
        "utc_offset": null,
        "profile_background_image_url_https": "https://abs.twimg.com/images/themes/theme1/bg.png",
        "id": 94459066,
        "notifications": false,
        "follow_request_sent": false,
        "default_profile_image": false,
        "created_at": "Fri Dec 04 01:21:33 +0000 2009",
        "favourites_count": 17460,
        "protected": false,
        "profile_background_color": "C0DEED",
        "contributors_enabled": false,
        "profile_background_image_url": "http://abs.twimg.com/images/themes/theme1/bg.png",
        "profile_image_url": "http://pbs.twimg.com/profile_images/834924575389528065/JAXQ6ovx_normal.jpg"
      },
      "place": null,
      "retweeted": false,
      "in_reply_to_user_id_str": "1017875140313518081",
      "lang": "es",
      "source": "<a href=\"https://mobile.twitter.com\" rel=\"nofollow\">Twitter Web App</a>",
      "id": 1208463418879029252,
      "truncated": false,
      "coordinates": null,
      "metadata": {
        "iso_language_code": "es",
        "result_type": "recent"
      },
      "created_at": "Sat Dec 21 19:05:05 +0000 2019",
      "in_reply_to_status_id_str": "1208427878913888258"
    },
    {
      "entities": {
        "urls": [],
        "user_mentions": [
          {
            "name": "Carlos Portillas Guerrero",
            "screen_name": "CarlosPortillas",
            "indices": [
              3,
              19
            ],
            "id_str": "1190083887814328320",
            "id": 1190083887814328320
          }
        ],
        "hashtags": [],
        "symbols": []
      },
      "in_reply_to_screen_name": null,
      "text": "RT @CarlosPortillas: Este domingo estaremos visitando el distrito de San Juan de Miraflores con el el fin de conversar con los vecinos y es…",
      "id_str": "1208460575128408064",
      "geo": null,
      "contributors": null,
      "in_reply_to_status_id": null,
      "in_reply_to_user_id": null,
      "retweet_count": 6,
      "favorited": false,
      "favorite_count": 0,
      "is_quote_status": false,
      "user": {
        "entities": {
          "description": {
            "urls": []
          },
          "url": {
            "urls": [
              {
                "expanded_url": "http://www.izquierdasocialista.org.ar",
                "indices": [
                  0,
                  23
                ],
                "display_url": "izquierdasocialista.org.ar",
                "url": "https://t.co/ZUrXtUrE7W"
              }
            ]
          }
        },
        "profile_banner_url": "https://pbs.twimg.com/profile_banners/458070744/1563285957",
        "id_str": "458070744",
        "profile_text_color": "333333",
        "profile_sidebar_fill_color": "DDEEF6",
        "is_translation_enabled": false,
        "location": "Argentina",
        "default_profile": false,
        "profile_sidebar_border_color": "C0DEED",
        "following": false,
        "description": "Cuenta oficial de Izquierda Socialista en el #FrenteDeIzquierda. Construyendo la @UitCi (Unidad Internacional de los Trabajadores - Cuarta Internacional)",
        "lang": null,
        "name": "Izquierda Socialista",
        "friends_count": 552,
        "profile_background_tile": true,
        "time_zone": null,
        "is_translator": false,
        "statuses_count": 107755,
        "profile_image_url_https": "https://pbs.twimg.com/profile_images/1151128810504540165/Rb3IpDYi_normal.png",
        "verified": false,
        "listed_count": 85,
        "followers_count": 12772,
        "profile_link_color": "E81C4F",
        "geo_enabled": true,
        "has_extended_profile": false,
        "url": "https://t.co/ZUrXtUrE7W",
        "translator_type": "none",
        "screen_name": "IzqSocialista",
        "profile_use_background_image": true,
        "utc_offset": null,
        "profile_background_image_url_https": "https://abs.twimg.com/images/themes/theme1/bg.png",
        "id": 458070744,
        "notifications": false,
        "follow_request_sent": false,
        "default_profile_image": false,
        "created_at": "Sun Jan 08 04:31:08 +0000 2012",
        "favourites_count": 266107,
        "protected": false,
        "profile_background_color": "C0DEED",
        "contributors_enabled": false,
        "profile_background_image_url": "http://abs.twimg.com/images/themes/theme1/bg.png",
        "profile_image_url": "http://pbs.twimg.com/profile_images/1151128810504540165/Rb3IpDYi_normal.png"
      },
      "place": null,
      "retweeted": false,
      "retweeted_status": {
        "entities": {
          "urls": [
            {
              "expanded_url": "https://twitter.com/i/web/status/1208428909987082242",
              "indices": [
                117,
                140
              ],
              "display_url": "twitter.com/i/web/status/1…",
              "url": "https://t.co/nvcmLgx8bx"
            }
          ],
          "user_mentions": [],
          "hashtags": [],
          "symbols": []
        },
        "in_reply_to_screen_name": null,
        "text": "Este domingo estaremos visitando el distrito de San Juan de Miraflores con el el fin de conversar con los vecinos y… https://t.co/nvcmLgx8bx",
        "id_str": "1208428909987082242",
        "geo": null,
        "contributors": null,
        "in_reply_to_status_id": null,
        "in_reply_to_user_id": null,
        "retweet_count": 6,
        "favorited": false,
        "favorite_count": 9,
        "is_quote_status": false,
        "user": {
          "entities": {
            "description": {
              "urls": []
            }
          },
          "profile_banner_url": "https://pbs.twimg.com/profile_banners/1190083887814328320/1575312294",
          "id_str": "1190083887814328320",
          "profile_text_color": "333333",
          "profile_sidebar_fill_color": "DDEEF6",
          "is_translation_enabled": false,
          "location": "Lima",
          "default_profile": true,
          "profile_sidebar_border_color": "C0DEED",
          "following": false,
          "description": "Sin luchas no hay victorias.",
          "lang": null,
          "name": "Carlos Portillas Guerrero",
          "friends_count": 94,
          "profile_background_tile": false,
          "time_zone": null,
          "is_translator": false,
          "statuses_count": 41,
          "profile_image_url_https": "https://pbs.twimg.com/profile_images/1199839175417180161/3CyUgfny_normal.jpg",
          "verified": false,
          "listed_count": 3,
          "followers_count": 43,
          "profile_link_color": "1DA1F2",
          "geo_enabled": false,
          "has_extended_profile": false,
          "url": null,
          "translator_type": "none",
          "screen_name": "CarlosPortillas",
          "profile_use_background_image": true,
          "utc_offset": null,
          "profile_background_image_url_https": null,
          "id": 1190083887814328320,
          "notifications": false,
          "follow_request_sent": false,
          "default_profile_image": false,
          "created_at": "Fri Nov 01 01:51:40 +0000 2019",
          "favourites_count": 59,
          "protected": false,
          "profile_background_color": "F5F8FA",
          "contributors_enabled": false,
          "profile_background_image_url": null,
          "profile_image_url": "http://pbs.twimg.com/profile_images/1199839175417180161/3CyUgfny_normal.jpg"
        },
        "place": null,
        "retweeted": false,
        "in_reply_to_user_id_str": null,
        "lang": "es",
        "source": "<a href=\"https://mobile.twitter.com\" rel=\"nofollow\">Twitter Web App</a>",
        "id": 1208428909987082242,
        "truncated": true,
        "coordinates": null,
        "metadata": {
          "iso_language_code": "es",
          "result_type": "recent"
        },
        "created_at": "Sat Dec 21 16:47:58 +0000 2019",
        "possibly_sensitive": false,
        "in_reply_to_status_id_str": null
      },
      "in_reply_to_user_id_str": null,
      "lang": "es",
      "source": "<a href=\"http://twitter.com/download/android\" rel=\"nofollow\">Twitter for Android</a>",
      "id": 1208460575128408064,
      "truncated": false,
      "coordinates": null,
      "metadata": {
        "iso_language_code": "es",
        "result_type": "recent"
      },
      "created_at": "Sat Dec 21 18:53:47 +0000 2019",
      "in_reply_to_status_id_str": null
    },
    {
      "entities": {
        "urls": [
          {
            "expanded_url": "https://twitter.com/i/web/status/1208456000002514944",
            "indices": [
              117,
              140
            ],
            "display_url": "twitter.com/i/web/status/1…",
            "url": "https://t.co/YzIk4MscID"
          }
        ],
        "user_mentions": [
          {
            "name": "Enrique Fernández Chacón",
            "screen_name": "EnriqueFCHA",
            "indices": [
              0,
              12
            ],
            "id_str": "1017875140313518081",
            "id": 1017875140313518081
          },
          {
            "name": "Carlos Portillas Guerrero",
            "screen_name": "CarlosPortillas",
            "indices": [
              13,
              29
            ],
            "id_str": "1190083887814328320",
            "id": 1190083887814328320
          },
          {
            "name": "Arlette Contreras 🌺8⃣",
            "screen_name": "arlettecontrers",
            "indices": [
              30,
              46
            ],
            "id_str": "4191723502",
            "id": 4191723502
          },
          {
            "name": "David Roca Basadre",
            "screen_name": "drocabas",
            "indices": [
              47,
              56
            ],
            "id_str": "37286968",
            "id": 37286968
          },
          {
            "name": "Esther Alvarez Estrada",
            "screen_name": "EstherAlvarezFA",
            "indices": [
              57,
              73
            ],
            "id_str": "1193633412956995584",
            "id": 1193633412956995584
          },
          {
            "name": "Paby Cáceres",
            "screen_name": "PabyCaceres11",
            "indices": [
              74,
              88
            ],
            "id_str": "1196839239427723265",
            "id": 1196839239427723265
          }
        ],
        "hashtags": [],
        "symbols": []
      },
      "in_reply_to_screen_name": "EnriqueFCHA",
      "text": "@EnriqueFCHA @CarlosPortillas @arlettecontrers @drocabas @EstherAlvarezFA @PabyCaceres11 El domingo en el Parque Sa… https://t.co/YzIk4MscID",
      "id_str": "1208456000002514944",
      "geo": null,
      "contributors": null,
      "in_reply_to_status_id": 1208427878913888258,
      "in_reply_to_user_id": 1017875140313518081,
      "retweet_count": 0,
      "favorited": false,
      "favorite_count": 1,
      "is_quote_status": false,
      "user": {
        "entities": {
          "description": {
            "urls": []
          }
        },
        "profile_banner_url": "https://pbs.twimg.com/profile_banners/1016142322000711680/1574278890",
        "id_str": "1016142322000711680",
        "profile_text_color": "333333",
        "profile_sidebar_fill_color": "DDEEF6",
        "is_translation_enabled": false,
        "location": "Lima, Peru",
        "default_profile": true,
        "profile_sidebar_border_color": "C0DEED",
        "following": false,
        "description": "",
        "lang": null,
        "name": "Valeria 💜",
        "friends_count": 213,
        "profile_background_tile": false,
        "time_zone": null,
        "is_translator": false,
        "statuses_count": 2102,
        "profile_image_url_https": "https://pbs.twimg.com/profile_images/1092169780092653571/J1GV3V9m_normal.jpg",
        "verified": false,
        "listed_count": 0,
        "followers_count": 37,
        "profile_link_color": "1DA1F2",
        "geo_enabled": false,
        "has_extended_profile": false,
        "url": null,
        "translator_type": "none",
        "screen_name": "valerodril",
        "profile_use_background_image": true,
        "utc_offset": null,
        "profile_background_image_url_https": null,
        "id": 1016142322000711680,
        "notifications": false,
        "follow_request_sent": false,
        "default_profile_image": false,
        "created_at": "Mon Jul 09 02:09:43 +0000 2018",
        "favourites_count": 8330,
        "protected": false,
        "profile_background_color": "F5F8FA",
        "contributors_enabled": false,
        "profile_background_image_url": null,
        "profile_image_url": "http://pbs.twimg.com/profile_images/1092169780092653571/J1GV3V9m_normal.jpg"
      },
      "place": null,
      "retweeted": false,
      "in_reply_to_user_id_str": "1017875140313518081",
      "lang": "es",
      "source": "<a href=\"http://twitter.com/download/android\" rel=\"nofollow\">Twitter for Android</a>",
      "id": 1208456000002514944,
      "truncated": true,
      "coordinates": null,
      "metadata": {
        "iso_language_code": "es",
        "result_type": "recent"
      },
      "created_at": "Sat Dec 21 18:35:37 +0000 2019",
      "in_reply_to_status_id_str": "1208427878913888258"
    },
    {
      "entities": {
        "urls": [
          {
            "expanded_url": "https://twitter.com/i/web/status/1208447769972748289",
            "indices": [
              116,
              139
            ],
            "display_url": "twitter.com/i/web/status/1…",
            "url": "https://t.co/TsytJq9X23"
          }
        ],
        "user_mentions": [
          {
            "name": "Enrique Fernández Chacón",
            "screen_name": "EnriqueFCHA",
            "indices": [
              0,
              12
            ],
            "id_str": "1017875140313518081",
            "id": 1017875140313518081
          },
          {
            "name": "Carlos Portillas Guerrero",
            "screen_name": "CarlosPortillas",
            "indices": [
              13,
              29
            ],
            "id_str": "1190083887814328320",
            "id": 1190083887814328320
          },
          {
            "name": "Arlette Contreras 🌺8⃣",
            "screen_name": "arlettecontrers",
            "indices": [
              30,
              46
            ],
            "id_str": "4191723502",
            "id": 4191723502
          },
          {
            "name": "David Roca Basadre",
            "screen_name": "drocabas",
            "indices": [
              47,
              56
            ],
            "id_str": "37286968",
            "id": 37286968
          },
          {
            "name": "Esther Alvarez Estrada",
            "screen_name": "EstherAlvarezFA",
            "indices": [
              57,
              73
            ],
            "id_str": "1193633412956995584",
            "id": 1193633412956995584
          },
          {
            "name": "Paby Cáceres",
            "screen_name": "PabyCaceres11",
            "indices": [
              74,
              88
            ],
            "id_str": "1196839239427723265",
            "id": 1196839239427723265
          }
        ],
        "hashtags": [],
        "symbols": []
      },
      "in_reply_to_screen_name": "EnriqueFCHA",
      "text": "@EnriqueFCHA @CarlosPortillas @arlettecontrers @drocabas @EstherAlvarezFA @PabyCaceres11 Don Enrique, cuando viene… https://t.co/TsytJq9X23",
      "id_str": "1208447769972748289",
      "geo": null,
      "contributors": null,
      "in_reply_to_status_id": 1208427878913888258,
      "in_reply_to_user_id": 1017875140313518081,
      "retweet_count": 0,
      "favorited": false,
      "favorite_count": 0,
      "is_quote_status": false,
      "user": {
        "entities": {
          "description": {
            "urls": []
          }
        },
        "following": false,
        "id_str": "892884989716684800",
        "profile_text_color": "333333",
        "profile_sidebar_fill_color": "DDEEF6",
        "is_translation_enabled": false,
        "location": "",
        "default_profile": true,
        "profile_sidebar_border_color": "C0DEED",
        "description": "",
        "lang": null,
        "name": "Annita Tenicela",
        "friends_count": 235,
        "profile_background_tile": false,
        "time_zone": null,
        "is_translator": false,
        "statuses_count": 2931,
        "profile_image_url_https": "https://pbs.twimg.com/profile_images/1056333223091933184/74OsT3wN_normal.jpg",
        "verified": false,
        "listed_count": 0,
        "followers_count": 128,
        "profile_link_color": "1DA1F2",
        "geo_enabled": false,
        "has_extended_profile": true,
        "url": null,
        "translator_type": "none",
        "screen_name": "AnnitaTenicela",
        "profile_use_background_image": true,
        "utc_offset": null,
        "profile_background_image_url_https": null,
        "id": 892884989716684800,
        "notifications": false,
        "follow_request_sent": false,
        "default_profile_image": false,
        "created_at": "Wed Aug 02 23:09:05 +0000 2017",
        "favourites_count": 9028,
        "protected": false,
        "profile_background_color": "F5F8FA",
        "contributors_enabled": false,
        "profile_background_image_url": null,
        "profile_image_url": "http://pbs.twimg.com/profile_images/1056333223091933184/74OsT3wN_normal.jpg"
      },
      "place": null,
      "retweeted": false,
      "in_reply_to_user_id_str": "1017875140313518081",
      "lang": "es",
      "source": "<a href=\"http://twitter.com/download/android\" rel=\"nofollow\">Twitter for Android</a>",
      "id": 1208447769972748289,
      "truncated": true,
      "coordinates": null,
      "metadata": {
        "iso_language_code": "es",
        "result_type": "recent"
      },
      "created_at": "Sat Dec 21 18:02:54 +0000 2019",
      "in_reply_to_status_id_str": "1208427878913888258"
    }
  ],
  "request_date": "2019-12-26-15:25:28"
}