{
  "request_date": "2020-01-24-17:59:42",
  "data": [
    {
      "possibly_sensitive": false,
      "retweet_count": 0,
      "metadata": {
        "iso_language_code": "es",
        "result_type": "recent"
      },
      "user": {
        "profile_background_image_url_https": null,
        "translator_type": "none",
        "profile_image_url": "http://pbs.twimg.com/profile_images/1111358888937426944/U0zMqBo1_normal.png",
        "favourites_count": 166,
        "default_profile_image": false,
        "screen_name": "todo_tacna",
        "followers_count": 8,
        "name": "Paula Ávila",
        "contributors_enabled": false,
        "profile_text_color": "333333",
        "verified": false,
        "profile_use_background_image": true,
        "profile_image_url_https": "https://pbs.twimg.com/profile_images/1111358888937426944/U0zMqBo1_normal.png",
        "profile_background_tile": false,
        "geo_enabled": false,
        "profile_sidebar_border_color": "C0DEED",
        "created_at": "Thu Mar 28 06:31:38 +0000 2019",
        "id": 1111153854681354240,
        "statuses_count": 422,
        "lang": null,
        "location": "Lince, Peru",
        "time_zone": null,
        "profile_sidebar_fill_color": "DDEEF6",
        "listed_count": 0,
        "profile_banner_url": "https://pbs.twimg.com/profile_banners/1111153854681354240/1576609817",
        "description": "Me considero soñadora, más pallares caviares y  ¡ARRIBA ALIANZA! 👊",
        "protected": false,
        "is_translation_enabled": false,
        "id_str": "1111153854681354240",
        "profile_background_color": "F5F8FA",
        "notifications": false,
        "friends_count": 120,
        "url": null,
        "default_profile": true,
        "entities": {
          "description": {
            "urls": []
          }
        },
        "follow_request_sent": false,
        "profile_link_color": "1DA1F2",
        "profile_background_image_url": null,
        "is_translator": false,
        "following": false,
        "utc_offset": null,
        "has_extended_profile": true
      },
      "in_reply_to_screen_name": "RUBYBAUTI",
      "coordinates": null,
      "in_reply_to_user_id": 270732841,
      "created_at": "Wed Jan 22 16:15:57 +0000 2020",
      "id": 1220017265070039040,
      "lang": "es",
      "contributors": null,
      "in_reply_to_user_id_str": "270732841",
      "in_reply_to_status_id": 1219372077230231555,
      "id_str": "1220017265070039040",
      "source": "<a href=\"http://twitter.com/download/android\" rel=\"nofollow\">Twitter for Android</a>",
      "favorite_count": 0,
      "geo": null,
      "place": null,
      "truncated": true,
      "entities": {
        "symbols": [],
        "user_mentions": [
          {
            "screen_name": "RUBYBAUTI",
            "name": "RUBY BAUTISTA JUAREZ",
            "indices": [
              0,
              10
            ],
            "id": 270732841,
            "id_str": "270732841"
          },
          {
            "screen_name": "podemos_peru",
            "name": "Podemos Perú",
            "indices": [
              11,
              24
            ],
            "id": 1006927204389965824,
            "id_str": "1006927204389965824"
          },
          {
            "screen_name": "larepublica_pe",
            "name": "Diario La República",
            "indices": [
              25,
              40
            ],
            "id": 66746614,
            "id_str": "66746614"
          },
          {
            "screen_name": "apraprensa",
            "name": "PRENSA APRA OFICIAL",
            "indices": [
              41,
              52
            ],
            "id": 128741928,
            "id_str": "128741928"
          },
          {
            "screen_name": "19HaroldMora",
            "name": "Harold Mora Rojas",
            "indices": [
              53,
              66
            ],
            "id": 926656999462522880,
            "id_str": "926656999462522880"
          },
          {
            "screen_name": "FrenteAmplioPe",
            "name": "Frente Amplio Perú",
            "indices": [
              67,
              82
            ],
            "id": 944253031767519233,
            "id_str": "944253031767519233"
          },
          {
            "screen_name": "MayhuaSulca",
            "name": "Emilio Mayhua Sulca",
            "indices": [
              83,
              95
            ],
            "id": 3312698728,
            "id_str": "3312698728"
          }
        ],
        "urls": [
          {
            "expanded_url": "https://twitter.com/i/web/status/1220017265070039040",
            "url": "https://t.co/tIflKFXVG7",
            "display_url": "twitter.com/i/web/status/1…",
            "indices": [
              117,
              140
            ]
          }
        ],
        "hashtags": []
      },
      "favorited": false,
      "is_quote_status": false,
      "retweeted": false,
      "in_reply_to_status_id_str": "1219372077230231555",
      "text": "@RUBYBAUTI @podemos_peru @larepublica_pe @apraprensa @19HaroldMora @FrenteAmplioPe @MayhuaSulca Cuando quiere se ha… https://t.co/tIflKFXVG7"
    },
    {
      "possibly_sensitive": false,
      "retweet_count": 0,
      "metadata": {
        "iso_language_code": "es",
        "result_type": "recent"
      },
      "user": {
        "profile_background_image_url_https": null,
        "translator_type": "none",
        "profile_image_url": "http://pbs.twimg.com/profile_images/1163281526232162305/h89qeoIz_normal.jpg",
        "favourites_count": 77,
        "default_profile_image": false,
        "screen_name": "tiopicharly",
        "followers_count": 2,
        "name": "Tio Picharly",
        "contributors_enabled": false,
        "profile_text_color": "333333",
        "verified": false,
        "profile_use_background_image": true,
        "profile_image_url_https": "https://pbs.twimg.com/profile_images/1163281526232162305/h89qeoIz_normal.jpg",
        "profile_background_tile": false,
        "geo_enabled": false,
        "profile_sidebar_border_color": "C0DEED",
        "created_at": "Mon Aug 19 02:30:19 +0000 2019",
        "id": 1163276920592785408,
        "statuses_count": 169,
        "lang": null,
        "location": "",
        "time_zone": null,
        "profile_sidebar_fill_color": "DDEEF6",
        "listed_count": 0,
        "profile_banner_url": "https://pbs.twimg.com/profile_banners/1163276920592785408/1571008245",
        "description": "Humor y fútbol SIN ANESTESIA",
        "protected": false,
        "is_translation_enabled": false,
        "id_str": "1163276920592785408",
        "profile_background_color": "F5F8FA",
        "notifications": false,
        "friends_count": 46,
        "url": null,
        "default_profile": true,
        "entities": {
          "description": {
            "urls": []
          }
        },
        "follow_request_sent": false,
        "profile_link_color": "1DA1F2",
        "profile_background_image_url": null,
        "is_translator": false,
        "following": false,
        "utc_offset": null,
        "has_extended_profile": false
      },
      "in_reply_to_screen_name": "RUBYBAUTI",
      "coordinates": null,
      "in_reply_to_user_id": 270732841,
      "created_at": "Wed Jan 22 16:13:22 +0000 2020",
      "id": 1220016613363273732,
      "lang": "es",
      "contributors": null,
      "in_reply_to_user_id_str": "270732841",
      "in_reply_to_status_id": 1219372077230231555,
      "id_str": "1220016613363273732",
      "source": "<a href=\"http://twitter.com/download/android\" rel=\"nofollow\">Twitter for Android</a>",
      "favorite_count": 0,
      "geo": null,
      "place": null,
      "truncated": true,
      "entities": {
        "symbols": [],
        "user_mentions": [
          {
            "screen_name": "RUBYBAUTI",
            "name": "RUBY BAUTISTA JUAREZ",
            "indices": [
              0,
              10
            ],
            "id": 270732841,
            "id_str": "270732841"
          },
          {
            "screen_name": "podemos_peru",
            "name": "Podemos Perú",
            "indices": [
              11,
              24
            ],
            "id": 1006927204389965824,
            "id_str": "1006927204389965824"
          },
          {
            "screen_name": "larepublica_pe",
            "name": "Diario La República",
            "indices": [
              25,
              40
            ],
            "id": 66746614,
            "id_str": "66746614"
          },
          {
            "screen_name": "apraprensa",
            "name": "PRENSA APRA OFICIAL",
            "indices": [
              41,
              52
            ],
            "id": 128741928,
            "id_str": "128741928"
          },
          {
            "screen_name": "19HaroldMora",
            "name": "Harold Mora Rojas",
            "indices": [
              53,
              66
            ],
            "id": 926656999462522880,
            "id_str": "926656999462522880"
          },
          {
            "screen_name": "FrenteAmplioPe",
            "name": "Frente Amplio Perú",
            "indices": [
              67,
              82
            ],
            "id": 944253031767519233,
            "id_str": "944253031767519233"
          },
          {
            "screen_name": "MayhuaSulca",
            "name": "Emilio Mayhua Sulca",
            "indices": [
              83,
              95
            ],
            "id": 3312698728,
            "id_str": "3312698728"
          }
        ],
        "urls": [
          {
            "expanded_url": "https://twitter.com/i/web/status/1220016613363273732",
            "url": "https://t.co/IO97i1WIzJ",
            "display_url": "twitter.com/i/web/status/1…",
            "indices": [
              117,
              140
            ]
          }
        ],
        "hashtags": []
      },
      "favorited": false,
      "is_quote_status": false,
      "retweeted": false,
      "in_reply_to_status_id_str": "1219372077230231555",
      "text": "@RUBYBAUTI @podemos_peru @larepublica_pe @apraprensa @19HaroldMora @FrenteAmplioPe @MayhuaSulca Está algo mudo el s… https://t.co/IO97i1WIzJ"
    },
    {
      "possibly_sensitive": false,
      "retweet_count": 0,
      "metadata": {
        "iso_language_code": "und",
        "result_type": "recent"
      },
      "user": {
        "profile_background_image_url_https": "https://abs.twimg.com/images/themes/theme1/bg.png",
        "translator_type": "none",
        "profile_image_url": "http://pbs.twimg.com/profile_images/1097541566699327489/fFRK53J2_normal.png",
        "favourites_count": 1152,
        "default_profile_image": false,
        "screen_name": "LiliaMati",
        "followers_count": 1041,
        "name": "Lilia Ramírez Varela",
        "contributors_enabled": false,
        "profile_text_color": "333333",
        "verified": false,
        "profile_use_background_image": true,
        "profile_image_url_https": "https://pbs.twimg.com/profile_images/1097541566699327489/fFRK53J2_normal.png",
        "profile_background_tile": false,
        "geo_enabled": true,
        "profile_sidebar_border_color": "FFFFFF",
        "created_at": "Mon Jun 01 20:42:48 +0000 2009",
        "id": 43967749,
        "statuses_count": 11977,
        "lang": null,
        "location": "",
        "time_zone": null,
        "profile_sidebar_fill_color": "FFFFFF",
        "listed_count": 16,
        "profile_banner_url": "https://pbs.twimg.com/profile_banners/43967749/1398473921",
        "description": "Mamá feminista, lecturera por vocación, abogada de ddhh.",
        "protected": false,
        "is_translation_enabled": false,
        "id_str": "43967749",
        "profile_background_color": "22873F",
        "notifications": false,
        "friends_count": 106,
        "url": "https://t.co/dVXYrqGtf7",
        "default_profile": false,
        "entities": {
          "description": {
            "urls": []
          },
          "url": {
            "urls": [
              {
                "expanded_url": "http://blog.pucp.edu.pe/liliaramirez",
                "url": "https://t.co/dVXYrqGtf7",
                "display_url": "blog.pucp.edu.pe/liliaramirez",
                "indices": [
                  0,
                  23
                ]
              }
            ]
          }
        },
        "follow_request_sent": false,
        "profile_link_color": "DD2E44",
        "profile_background_image_url": "http://abs.twimg.com/images/themes/theme1/bg.png",
        "is_translator": false,
        "following": false,
        "utc_offset": null,
        "has_extended_profile": false
      },
      "in_reply_to_screen_name": null,
      "quoted_status": {
        "possibly_sensitive": false,
        "retweet_count": 2,
        "metadata": {
          "iso_language_code": "und",
          "result_type": "recent"
        },
        "user": {
          "profile_background_image_url_https": "https://abs.twimg.com/images/themes/theme14/bg.gif",
          "translator_type": "none",
          "profile_image_url": "http://pbs.twimg.com/profile_images/1251764515/Icono_CCI_normal.jpg",
          "favourites_count": 21,
          "default_profile_image": false,
          "screen_name": "CCI_Peru",
          "followers_count": 344,
          "name": "CCI - Perú",
          "contributors_enabled": false,
          "profile_text_color": "333333",
          "verified": false,
          "profile_use_background_image": true,
          "profile_image_url_https": "https://pbs.twimg.com/profile_images/1251764515/Icono_CCI_normal.jpg",
          "profile_background_tile": true,
          "geo_enabled": false,
          "profile_sidebar_border_color": "EEEEEE",
          "created_at": "Wed Feb 23 00:10:55 +0000 2011",
          "id": 256258151,
          "statuses_count": 198,
          "lang": null,
          "location": "Lima - Perú",
          "time_zone": null,
          "profile_sidebar_fill_color": "EFEFEF",
          "listed_count": 5,
          "description": "Coordinadora Contra la Impunidad contralaimpunidad.peru@gmail.com\nhttps://t.co/lJZKAMJPqX",
          "protected": false,
          "is_translation_enabled": false,
          "id_str": "256258151",
          "profile_background_color": "131516",
          "notifications": false,
          "friends_count": 182,
          "url": "http://t.co/DCOriXZt3g",
          "default_profile": false,
          "entities": {
            "description": {
              "urls": [
                {
                  "expanded_url": "https://www.facebook.com/bastadeimpunidad.cci/",
                  "url": "https://t.co/lJZKAMJPqX",
                  "display_url": "facebook.com/bastadeimpunid…",
                  "indices": [
                    66,
                    89
                  ]
                }
              ]
            },
            "url": {
              "urls": [
                {
                  "expanded_url": "http://www.contraimpunidadperu.blogspot.com/",
                  "url": "http://t.co/DCOriXZt3g",
                  "display_url": "contraimpunidadperu.blogspot.com",
                  "indices": [
                    0,
                    22
                  ]
                }
              ]
            }
          },
          "follow_request_sent": false,
          "profile_link_color": "009999",
          "profile_background_image_url": "http://abs.twimg.com/images/themes/theme14/bg.gif",
          "is_translator": false,
          "following": false,
          "utc_offset": null,
          "has_extended_profile": false
        },
        "in_reply_to_screen_name": null,
        "coordinates": null,
        "in_reply_to_user_id": null,
        "created_at": "Tue Jan 21 18:43:03 +0000 2020",
        "id": 1219691896802619392,
        "lang": "es",
        "contributors": null,
        "in_reply_to_user_id_str": null,
        "in_reply_to_status_id": null,
        "id_str": "1219691896802619392",
        "source": "<a href=\"https://mobile.twitter.com\" rel=\"nofollow\">Twitter Web App</a>",
        "favorite_count": 2,
        "geo": null,
        "place": null,
        "truncated": true,
        "entities": {
          "symbols": [],
          "user_mentions": [],
          "urls": [
            {
              "expanded_url": "https://twitter.com/i/web/status/1219691896802619392",
              "url": "https://t.co/X6Z1JfFkoX",
              "display_url": "twitter.com/i/web/status/1…",
              "indices": [
                117,
                140
              ]
            }
          ],
          "hashtags": [
            {
              "indices": [
                9,
                24
              ],
              "text": "Elecciones2020"
            }
          ]
        },
        "favorited": false,
        "is_quote_status": false,
        "retweeted": false,
        "in_reply_to_status_id_str": null,
        "text": "Frente a #Elecciones2020 hacemos un llamado a memoria y acción ciudadana. De todas/os depende no olvidar para que l… https://t.co/X6Z1JfFkoX"
      },
      "coordinates": null,
      "in_reply_to_user_id": null,
      "created_at": "Tue Jan 21 19:10:07 +0000 2020",
      "id": 1219698709807751169,
      "lang": "und",
      "contributors": null,
      "in_reply_to_user_id_str": null,
      "quoted_status_id_str": "1219691896802619392",
      "in_reply_to_status_id": null,
      "quoted_status_id": 1219691896802619392,
      "id_str": "1219698709807751169",
      "source": "<a href=\"http://twitter.com/download/android\" rel=\"nofollow\">Twitter for Android</a>",
      "favorite_count": 3,
      "geo": null,
      "place": null,
      "truncated": true,
      "entities": {
        "symbols": [],
        "user_mentions": [
          {
            "screen_name": "pavese",
            "name": "RocioSilvaSantisteba",
            "indices": [
              5,
              12
            ],
            "id": 14051600,
            "id_str": "14051600"
          },
          {
            "screen_name": "GabSalvador6FA",
            "name": "Gabriela Salvador C.",
            "indices": [
              13,
              28
            ],
            "id": 909437916539219969,
            "id_str": "909437916539219969"
          },
          {
            "screen_name": "EnriqueFCHA",
            "name": "Enrique Fernández Chacón",
            "indices": [
              29,
              41
            ],
            "id": 1017875140313518081,
            "id_str": "1017875140313518081"
          },
          {
            "screen_name": "matuk",
            "name": "Farid Matuk",
            "indices": [
              42,
              48
            ],
            "id": 14541101,
            "id_str": "14541101"
          },
          {
            "screen_name": "samuel_yanez5",
            "name": "Samuel Yáñez",
            "indices": [
              49,
              63
            ],
            "id": 1194774961937928192,
            "id_str": "1194774961937928192"
          },
          {
            "screen_name": "EstherAlvarezFA",
            "name": "Esther Alvarez Estrada",
            "indices": [
              64,
              80
            ],
            "id": 1193633412956995584,
            "id_str": "1193633412956995584"
          },
          {
            "screen_name": "arlettecontrers",
            "name": "Arlette Contreras 🌺8⃣",
            "indices": [
              81,
              97
            ],
            "id": 4191723502,
            "id_str": "4191723502"
          },
          {
            "screen_name": "PabyCaceres11",
            "name": "Paby Cáceres",
            "indices": [
              98,
              112
            ],
            "id": 1196839239427723265,
            "id_str": "1196839239427723265"
          }
        ],
        "urls": [
          {
            "expanded_url": "https://twitter.com/i/web/status/1219698709807751169",
            "url": "https://t.co/CKTjZdB81E",
            "display_url": "twitter.com/i/web/status/1…",
            "indices": [
              114,
              137
            ]
          }
        ],
        "hashtags": []
      },
      "favorited": false,
      "is_quote_status": true,
      "retweeted": false,
      "in_reply_to_status_id_str": null,
      "text": "Ojo: @pavese @GabSalvador6FA @EnriqueFCHA @matuk @samuel_yanez5 @EstherAlvarezFA @arlettecontrers @PabyCaceres11… https://t.co/CKTjZdB81E"
    },
    {
      "retweet_count": 2,
      "metadata": {
        "iso_language_code": "es",
        "result_type": "recent"
      },
      "user": {
        "profile_background_image_url_https": null,
        "translator_type": "none",
        "profile_image_url": "http://pbs.twimg.com/profile_images/787318802811875328/MFqyH86e_normal.jpg",
        "favourites_count": 1031,
        "default_profile_image": false,
        "screen_name": "OfeliaRubi3",
        "followers_count": 8,
        "name": "Ofelia Rubi",
        "contributors_enabled": false,
        "profile_text_color": "333333",
        "verified": false,
        "profile_use_background_image": true,
        "profile_image_url_https": "https://pbs.twimg.com/profile_images/787318802811875328/MFqyH86e_normal.jpg",
        "profile_background_tile": false,
        "geo_enabled": false,
        "profile_sidebar_border_color": "C0DEED",
        "created_at": "Sun Jan 31 00:04:28 +0000 2016",
        "id": 4865480217,
        "statuses_count": 74,
        "lang": null,
        "location": "",
        "time_zone": null,
        "profile_sidebar_fill_color": "DDEEF6",
        "listed_count": 0,
        "description": "",
        "protected": false,
        "is_translation_enabled": false,
        "id_str": "4865480217",
        "profile_background_color": "F5F8FA",
        "notifications": false,
        "friends_count": 199,
        "url": null,
        "default_profile": true,
        "entities": {
          "description": {
            "urls": []
          }
        },
        "follow_request_sent": false,
        "profile_link_color": "1DA1F2",
        "profile_background_image_url": null,
        "is_translator": false,
        "following": false,
        "utc_offset": null,
        "has_extended_profile": false
      },
      "in_reply_to_screen_name": null,
      "coordinates": null,
      "in_reply_to_user_id": null,
      "created_at": "Tue Jan 21 00:22:17 +0000 2020",
      "id": 1219414881079828481,
      "lang": "es",
      "contributors": null,
      "in_reply_to_user_id_str": null,
      "retweeted_status": {
        "possibly_sensitive": false,
        "retweet_count": 2,
        "metadata": {
          "iso_language_code": "es",
          "result_type": "recent"
        },
        "user": {
          "profile_background_image_url_https": "https://abs.twimg.com/images/themes/theme1/bg.png",
          "translator_type": "none",
          "profile_image_url": "http://pbs.twimg.com/profile_images/751508917499355141/UdB_KzFi_normal.jpg",
          "favourites_count": 2066,
          "default_profile_image": false,
          "screen_name": "RUBYBAUTI",
          "followers_count": 7309,
          "name": "RUBY BAUTISTA JUAREZ",
          "contributors_enabled": false,
          "profile_text_color": "333333",
          "verified": false,
          "profile_use_background_image": true,
          "profile_image_url_https": "https://pbs.twimg.com/profile_images/751508917499355141/UdB_KzFi_normal.jpg",
          "profile_background_tile": false,
          "geo_enabled": true,
          "profile_sidebar_border_color": "C0DEED",
          "created_at": "Wed Mar 23 04:36:44 +0000 2011",
          "id": 270732841,
          "statuses_count": 16160,
          "lang": null,
          "location": "LIMA - PERU",
          "time_zone": null,
          "profile_sidebar_fill_color": "DDEEF6",
          "listed_count": 66,
          "profile_banner_url": "https://pbs.twimg.com/profile_banners/270732841/1522188502",
          "description": "Por sobre todo Madre de una hermosa niña, y  Periodista peruana por vocación que defiende la vida y los derechos de las personas",
          "protected": false,
          "is_translation_enabled": false,
          "id_str": "270732841",
          "profile_background_color": "C0DEED",
          "notifications": false,
          "friends_count": 580,
          "url": null,
          "default_profile": true,
          "entities": {
            "description": {
              "urls": []
            }
          },
          "follow_request_sent": false,
          "profile_link_color": "1DA1F2",
          "profile_background_image_url": "http://abs.twimg.com/images/themes/theme1/bg.png",
          "is_translator": false,
          "following": false,
          "utc_offset": null,
          "has_extended_profile": false
        },
        "in_reply_to_screen_name": null,
        "coordinates": null,
        "in_reply_to_user_id": null,
        "created_at": "Mon Jan 20 21:32:12 +0000 2020",
        "id": 1219372077230231555,
        "lang": "es",
        "contributors": null,
        "in_reply_to_user_id_str": null,
        "in_reply_to_status_id": null,
        "id_str": "1219372077230231555",
        "source": "<a href=\"http://twitter.com/download/android\" rel=\"nofollow\">Twitter for Android</a>",
        "favorite_count": 4,
        "geo": null,
        "place": null,
        "truncated": true,
        "entities": {
          "symbols": [],
          "user_mentions": [
            {
              "screen_name": "larepublica_pe",
              "name": "Diario La República",
              "indices": [
                13,
                28
              ],
              "id": 66746614,
              "id_str": "66746614"
            }
          ],
          "urls": [
            {
              "expanded_url": "https://twitter.com/i/web/status/1219372077230231555",
              "url": "https://t.co/oyeOPg1ktP",
              "display_url": "twitter.com/i/web/status/1…",
              "indices": [
                117,
                140
              ]
            }
          ],
          "hashtags": [
            {
              "indices": [
                32,
                36
              ],
              "text": "RTV"
            },
            {
              "indices": [
                77,
                93
              ],
              "text": "VersusElectoral"
            }
          ]
        },
        "favorited": false,
        "is_quote_status": false,
        "retweeted": false,
        "in_reply_to_status_id_str": null,
        "text": "En breve vía @larepublica_pe TV #RTV arrancamos con nuestra edición tarde de #VersusElectoral con los candidatos al… https://t.co/oyeOPg1ktP"
      },
      "in_reply_to_status_id": null,
      "id_str": "1219414881079828481",
      "source": "<a href=\"http://twitter.com/download/android\" rel=\"nofollow\">Twitter for Android</a>",
      "favorite_count": 0,
      "geo": null,
      "place": null,
      "truncated": false,
      "entities": {
        "symbols": [],
        "user_mentions": [
          {
            "screen_name": "RUBYBAUTI",
            "name": "RUBY BAUTISTA JUAREZ",
            "indices": [
              3,
              13
            ],
            "id": 270732841,
            "id_str": "270732841"
          },
          {
            "screen_name": "larepublica_pe",
            "name": "Diario La República",
            "indices": [
              28,
              43
            ],
            "id": 66746614,
            "id_str": "66746614"
          }
        ],
        "urls": [],
        "hashtags": [
          {
            "indices": [
              47,
              51
            ],
            "text": "RTV"
          },
          {
            "indices": [
              92,
              108
            ],
            "text": "VersusElectoral"
          }
        ]
      },
      "favorited": false,
      "is_quote_status": false,
      "retweeted": false,
      "in_reply_to_status_id_str": null,
      "text": "RT @RUBYBAUTI: En breve vía @larepublica_pe TV #RTV arrancamos con nuestra edición tarde de #VersusElectoral con los candidatos al Congreso…"
    },
    {
      "retweet_count": 2,
      "metadata": {
        "iso_language_code": "es",
        "result_type": "recent"
      },
      "user": {
        "profile_background_image_url_https": null,
        "translator_type": "none",
        "profile_image_url": "http://pbs.twimg.com/profile_images/1191005568011579393/edYqJy6k_normal.jpg",
        "favourites_count": 144,
        "default_profile_image": false,
        "screen_name": "podemos_peru",
        "followers_count": 319,
        "name": "Podemos Perú",
        "contributors_enabled": false,
        "profile_text_color": "333333",
        "verified": false,
        "profile_use_background_image": true,
        "profile_image_url_https": "https://pbs.twimg.com/profile_images/1191005568011579393/edYqJy6k_normal.jpg",
        "profile_background_tile": false,
        "geo_enabled": false,
        "profile_sidebar_border_color": "C0DEED",
        "created_at": "Wed Jun 13 15:52:08 +0000 2018",
        "id": 1006927204389965824,
        "statuses_count": 309,
        "lang": null,
        "location": "",
        "time_zone": null,
        "profile_sidebar_fill_color": "DDEEF6",
        "listed_count": 0,
        "profile_banner_url": "https://pbs.twimg.com/profile_banners/1006927204389965824/1572869715",
        "description": "Juntos #Podemos",
        "protected": false,
        "is_translation_enabled": false,
        "id_str": "1006927204389965824",
        "profile_background_color": "F5F8FA",
        "notifications": false,
        "friends_count": 117,
        "url": "https://t.co/XPEv9WYNrY",
        "default_profile": true,
        "entities": {
          "description": {
            "urls": []
          },
          "url": {
            "urls": [
              {
                "expanded_url": "https://podemosperu.pe",
                "url": "https://t.co/XPEv9WYNrY",
                "display_url": "podemosperu.pe",
                "indices": [
                  0,
                  23
                ]
              }
            ]
          }
        },
        "follow_request_sent": false,
        "profile_link_color": "1DA1F2",
        "profile_background_image_url": null,
        "is_translator": false,
        "following": false,
        "utc_offset": null,
        "has_extended_profile": false
      },
      "in_reply_to_screen_name": null,
      "coordinates": null,
      "in_reply_to_user_id": null,
      "created_at": "Mon Jan 20 23:15:00 +0000 2020",
      "id": 1219397947563106309,
      "lang": "es",
      "contributors": null,
      "in_reply_to_user_id_str": null,
      "retweeted_status": {
        "possibly_sensitive": false,
        "retweet_count": 2,
        "metadata": {
          "iso_language_code": "es",
          "result_type": "recent"
        },
        "user": {
          "profile_background_image_url_https": "https://abs.twimg.com/images/themes/theme1/bg.png",
          "translator_type": "none",
          "profile_image_url": "http://pbs.twimg.com/profile_images/751508917499355141/UdB_KzFi_normal.jpg",
          "favourites_count": 2066,
          "default_profile_image": false,
          "screen_name": "RUBYBAUTI",
          "followers_count": 7309,
          "name": "RUBY BAUTISTA JUAREZ",
          "contributors_enabled": false,
          "profile_text_color": "333333",
          "verified": false,
          "profile_use_background_image": true,
          "profile_image_url_https": "https://pbs.twimg.com/profile_images/751508917499355141/UdB_KzFi_normal.jpg",
          "profile_background_tile": false,
          "geo_enabled": true,
          "profile_sidebar_border_color": "C0DEED",
          "created_at": "Wed Mar 23 04:36:44 +0000 2011",
          "id": 270732841,
          "statuses_count": 16160,
          "lang": null,
          "location": "LIMA - PERU",
          "time_zone": null,
          "profile_sidebar_fill_color": "DDEEF6",
          "listed_count": 66,
          "profile_banner_url": "https://pbs.twimg.com/profile_banners/270732841/1522188502",
          "description": "Por sobre todo Madre de una hermosa niña, y  Periodista peruana por vocación que defiende la vida y los derechos de las personas",
          "protected": false,
          "is_translation_enabled": false,
          "id_str": "270732841",
          "profile_background_color": "C0DEED",
          "notifications": false,
          "friends_count": 580,
          "url": null,
          "default_profile": true,
          "entities": {
            "description": {
              "urls": []
            }
          },
          "follow_request_sent": false,
          "profile_link_color": "1DA1F2",
          "profile_background_image_url": "http://abs.twimg.com/images/themes/theme1/bg.png",
          "is_translator": false,
          "following": false,
          "utc_offset": null,
          "has_extended_profile": false
        },
        "in_reply_to_screen_name": null,
        "coordinates": null,
        "in_reply_to_user_id": null,
        "created_at": "Mon Jan 20 21:32:12 +0000 2020",
        "id": 1219372077230231555,
        "lang": "es",
        "contributors": null,
        "in_reply_to_user_id_str": null,
        "in_reply_to_status_id": null,
        "id_str": "1219372077230231555",
        "source": "<a href=\"http://twitter.com/download/android\" rel=\"nofollow\">Twitter for Android</a>",
        "favorite_count": 4,
        "geo": null,
        "place": null,
        "truncated": true,
        "entities": {
          "symbols": [],
          "user_mentions": [
            {
              "screen_name": "larepublica_pe",
              "name": "Diario La República",
              "indices": [
                13,
                28
              ],
              "id": 66746614,
              "id_str": "66746614"
            }
          ],
          "urls": [
            {
              "expanded_url": "https://twitter.com/i/web/status/1219372077230231555",
              "url": "https://t.co/oyeOPg1ktP",
              "display_url": "twitter.com/i/web/status/1…",
              "indices": [
                117,
                140
              ]
            }
          ],
          "hashtags": [
            {
              "indices": [
                32,
                36
              ],
              "text": "RTV"
            },
            {
              "indices": [
                77,
                93
              ],
              "text": "VersusElectoral"
            }
          ]
        },
        "favorited": false,
        "is_quote_status": false,
        "retweeted": false,
        "in_reply_to_status_id_str": null,
        "text": "En breve vía @larepublica_pe TV #RTV arrancamos con nuestra edición tarde de #VersusElectoral con los candidatos al… https://t.co/oyeOPg1ktP"
      },
      "in_reply_to_status_id": null,
      "id_str": "1219397947563106309",
      "source": "<a href=\"http://twitter.com/download/iphone\" rel=\"nofollow\">Twitter for iPhone</a>",
      "favorite_count": 0,
      "geo": null,
      "place": null,
      "truncated": false,
      "entities": {
        "symbols": [],
        "user_mentions": [
          {
            "screen_name": "RUBYBAUTI",
            "name": "RUBY BAUTISTA JUAREZ",
            "indices": [
              3,
              13
            ],
            "id": 270732841,
            "id_str": "270732841"
          },
          {
            "screen_name": "larepublica_pe",
            "name": "Diario La República",
            "indices": [
              28,
              43
            ],
            "id": 66746614,
            "id_str": "66746614"
          }
        ],
        "urls": [],
        "hashtags": [
          {
            "indices": [
              47,
              51
            ],
            "text": "RTV"
          },
          {
            "indices": [
              92,
              108
            ],
            "text": "VersusElectoral"
          }
        ]
      },
      "favorited": false,
      "is_quote_status": false,
      "retweeted": false,
      "in_reply_to_status_id_str": null,
      "text": "RT @RUBYBAUTI: En breve vía @larepublica_pe TV #RTV arrancamos con nuestra edición tarde de #VersusElectoral con los candidatos al Congreso…"
    },
    {
      "possibly_sensitive": false,
      "retweet_count": 2,
      "metadata": {
        "iso_language_code": "es",
        "result_type": "recent"
      },
      "user": {
        "profile_background_image_url_https": "https://abs.twimg.com/images/themes/theme1/bg.png",
        "translator_type": "none",
        "profile_image_url": "http://pbs.twimg.com/profile_images/751508917499355141/UdB_KzFi_normal.jpg",
        "favourites_count": 2066,
        "default_profile_image": false,
        "screen_name": "RUBYBAUTI",
        "followers_count": 7309,
        "name": "RUBY BAUTISTA JUAREZ",
        "contributors_enabled": false,
        "profile_text_color": "333333",
        "verified": false,
        "profile_use_background_image": true,
        "profile_image_url_https": "https://pbs.twimg.com/profile_images/751508917499355141/UdB_KzFi_normal.jpg",
        "profile_background_tile": false,
        "geo_enabled": true,
        "profile_sidebar_border_color": "C0DEED",
        "created_at": "Wed Mar 23 04:36:44 +0000 2011",
        "id": 270732841,
        "statuses_count": 16160,
        "lang": null,
        "location": "LIMA - PERU",
        "time_zone": null,
        "profile_sidebar_fill_color": "DDEEF6",
        "listed_count": 66,
        "profile_banner_url": "https://pbs.twimg.com/profile_banners/270732841/1522188502",
        "description": "Por sobre todo Madre de una hermosa niña, y  Periodista peruana por vocación que defiende la vida y los derechos de las personas",
        "protected": false,
        "is_translation_enabled": false,
        "id_str": "270732841",
        "profile_background_color": "C0DEED",
        "notifications": false,
        "friends_count": 580,
        "url": null,
        "default_profile": true,
        "entities": {
          "description": {
            "urls": []
          }
        },
        "follow_request_sent": false,
        "profile_link_color": "1DA1F2",
        "profile_background_image_url": "http://abs.twimg.com/images/themes/theme1/bg.png",
        "is_translator": false,
        "following": false,
        "utc_offset": null,
        "has_extended_profile": false
      },
      "in_reply_to_screen_name": null,
      "coordinates": null,
      "in_reply_to_user_id": null,
      "created_at": "Mon Jan 20 21:32:12 +0000 2020",
      "id": 1219372077230231555,
      "lang": "es",
      "contributors": null,
      "in_reply_to_user_id_str": null,
      "in_reply_to_status_id": null,
      "id_str": "1219372077230231555",
      "source": "<a href=\"http://twitter.com/download/android\" rel=\"nofollow\">Twitter for Android</a>",
      "favorite_count": 4,
      "geo": null,
      "place": null,
      "truncated": true,
      "entities": {
        "symbols": [],
        "user_mentions": [
          {
            "screen_name": "larepublica_pe",
            "name": "Diario La República",
            "indices": [
              13,
              28
            ],
            "id": 66746614,
            "id_str": "66746614"
          }
        ],
        "urls": [
          {
            "expanded_url": "https://twitter.com/i/web/status/1219372077230231555",
            "url": "https://t.co/oyeOPg1ktP",
            "display_url": "twitter.com/i/web/status/1…",
            "indices": [
              117,
              140
            ]
          }
        ],
        "hashtags": [
          {
            "indices": [
              32,
              36
            ],
            "text": "RTV"
          },
          {
            "indices": [
              77,
              93
            ],
            "text": "VersusElectoral"
          }
        ]
      },
      "favorited": false,
      "is_quote_status": false,
      "retweeted": false,
      "in_reply_to_status_id_str": null,
      "text": "En breve vía @larepublica_pe TV #RTV arrancamos con nuestra edición tarde de #VersusElectoral con los candidatos al… https://t.co/oyeOPg1ktP"
    },
    {
      "retweet_count": 2,
      "metadata": {
        "iso_language_code": "es",
        "result_type": "recent"
      },
      "user": {
        "profile_background_image_url_https": null,
        "translator_type": "none",
        "profile_image_url": "http://pbs.twimg.com/profile_images/1204193387391401986/AUIMfLre_normal.jpg",
        "favourites_count": 29,
        "default_profile_image": false,
        "screen_name": "EstherAlvarezFA",
        "followers_count": 127,
        "name": "Esther Alvarez Estrada",
        "contributors_enabled": false,
        "profile_text_color": "333333",
        "verified": false,
        "profile_use_background_image": true,
        "profile_image_url_https": "https://pbs.twimg.com/profile_images/1204193387391401986/AUIMfLre_normal.jpg",
        "profile_background_tile": false,
        "geo_enabled": false,
        "profile_sidebar_border_color": "C0DEED",
        "created_at": "Sun Nov 10 20:58:50 +0000 2019",
        "id": 1193633412956995584,
        "statuses_count": 151,
        "lang": null,
        "location": "",
        "time_zone": null,
        "profile_sidebar_fill_color": "DDEEF6",
        "listed_count": 0,
        "profile_banner_url": "https://pbs.twimg.com/profile_banners/1193633412956995584/1579754122",
        "description": "Candidata al Congreso por el Frente Amplio con el 14, abogada y activista comprometida por el derecho a una vivienda digna y los derechos de la mujer.",
        "protected": false,
        "is_translation_enabled": false,
        "id_str": "1193633412956995584",
        "profile_background_color": "F5F8FA",
        "notifications": false,
        "friends_count": 404,
        "url": "https://t.co/bvBqGV0MbL",
        "default_profile": true,
        "entities": {
          "description": {
            "urls": []
          },
          "url": {
            "urls": [
              {
                "expanded_url": "http://facebook.com/EstherAlvarezFA",
                "url": "https://t.co/bvBqGV0MbL",
                "display_url": "facebook.com/EstherAlvarezFA",
                "indices": [
                  0,
                  23
                ]
              }
            ]
          }
        },
        "follow_request_sent": false,
        "profile_link_color": "1DA1F2",
        "profile_background_image_url": null,
        "is_translator": false,
        "following": false,
        "utc_offset": null,
        "has_extended_profile": true
      },
      "in_reply_to_screen_name": null,
      "coordinates": null,
      "in_reply_to_user_id": null,
      "created_at": "Sat Jan 18 18:13:13 +0000 2020",
      "id": 1218597225175142402,
      "lang": "es",
      "contributors": null,
      "in_reply_to_user_id_str": null,
      "retweeted_status": {
        "possibly_sensitive": false,
        "retweet_count": 2,
        "metadata": {
          "iso_language_code": "es",
          "result_type": "recent"
        },
        "user": {
          "profile_background_image_url_https": "https://abs.twimg.com/images/themes/theme1/bg.png",
          "translator_type": "none",
          "profile_image_url": "http://pbs.twimg.com/profile_images/1211460025157398528/IttBah5m_normal.jpg",
          "favourites_count": 9,
          "default_profile_image": false,
          "screen_name": "MayhuaSulca",
          "followers_count": 45,
          "name": "Emilio Mayhua Sulca",
          "contributors_enabled": false,
          "profile_text_color": "333333",
          "verified": false,
          "profile_use_background_image": true,
          "profile_image_url_https": "https://pbs.twimg.com/profile_images/1211460025157398528/IttBah5m_normal.jpg",
          "profile_background_tile": false,
          "geo_enabled": false,
          "profile_sidebar_border_color": "C0DEED",
          "created_at": "Mon Jun 08 01:37:58 +0000 2015",
          "id": 3312698728,
          "statuses_count": 23,
          "lang": null,
          "location": "Lima",
          "time_zone": null,
          "profile_sidebar_fill_color": "DDEEF6",
          "listed_count": 2,
          "profile_banner_url": "https://pbs.twimg.com/profile_banners/3312698728/1577669554",
          "description": "Soy Emilio Mayhua, dirigente que plantea un cambio generacional en la política. Candidato con el número 17 del Frente Amplio.\n\n#ConLosVotosTambiénSeLucha",
          "protected": false,
          "is_translation_enabled": false,
          "id_str": "3312698728",
          "profile_background_color": "C0DEED",
          "notifications": false,
          "friends_count": 73,
          "url": null,
          "default_profile": true,
          "entities": {
            "description": {
              "urls": []
            }
          },
          "follow_request_sent": false,
          "profile_link_color": "1DA1F2",
          "profile_background_image_url": "http://abs.twimg.com/images/themes/theme1/bg.png",
          "is_translator": false,
          "following": false,
          "utc_offset": null,
          "has_extended_profile": false
        },
        "in_reply_to_screen_name": null,
        "coordinates": null,
        "in_reply_to_user_id": null,
        "created_at": "Sat Jan 18 16:29:11 +0000 2020",
        "id": 1218571044707086337,
        "lang": "es",
        "contributors": null,
        "in_reply_to_user_id_str": null,
        "in_reply_to_status_id": null,
        "id_str": "1218571044707086337",
        "source": "<a href=\"http://twitter.com/download/android\" rel=\"nofollow\">Twitter for Android</a>",
        "favorite_count": 3,
        "geo": null,
        "place": null,
        "truncated": true,
        "entities": {
          "symbols": [],
          "user_mentions": [],
          "urls": [
            {
              "expanded_url": "https://twitter.com/i/web/status/1218571044707086337",
              "url": "https://t.co/IdAC6HHE1H",
              "display_url": "twitter.com/i/web/status/1…",
              "indices": [
                116,
                139
              ]
            }
          ],
          "hashtags": []
        },
        "favorited": false,
        "is_quote_status": false,
        "retweeted": false,
        "in_reply_to_status_id_str": null,
        "text": "Estamos en San Marcos, en un debate dónde presentaremos nuestras propuestas y dilucidaremos afín que el electorado… https://t.co/IdAC6HHE1H"
      },
      "in_reply_to_status_id": null,
      "id_str": "1218597225175142402",
      "source": "<a href=\"http://twitter.com/download/android\" rel=\"nofollow\">Twitter for Android</a>",
      "favorite_count": 0,
      "geo": null,
      "place": null,
      "truncated": false,
      "entities": {
        "symbols": [],
        "user_mentions": [
          {
            "screen_name": "MayhuaSulca",
            "name": "Emilio Mayhua Sulca",
            "indices": [
              3,
              15
            ],
            "id": 3312698728,
            "id_str": "3312698728"
          }
        ],
        "urls": [],
        "hashtags": []
      },
      "favorited": false,
      "is_quote_status": false,
      "retweeted": false,
      "in_reply_to_status_id_str": null,
      "text": "RT @MayhuaSulca: Estamos en San Marcos, en un debate dónde presentaremos nuestras propuestas y dilucidaremos afín que el electorado present…"
    },
    {
      "retweet_count": 2,
      "metadata": {
        "iso_language_code": "es",
        "result_type": "recent"
      },
      "user": {
        "profile_background_image_url_https": null,
        "translator_type": "none",
        "profile_image_url": "http://pbs.twimg.com/profile_images/1206749594077581312/4OLzIa0g_normal.jpg",
        "favourites_count": 18,
        "default_profile_image": false,
        "screen_name": "samuel_yanez5",
        "followers_count": 157,
        "name": "Samuel Yáñez",
        "contributors_enabled": false,
        "profile_text_color": "333333",
        "verified": false,
        "profile_use_background_image": true,
        "profile_image_url_https": "https://pbs.twimg.com/profile_images/1206749594077581312/4OLzIa0g_normal.jpg",
        "profile_background_tile": false,
        "geo_enabled": false,
        "profile_sidebar_border_color": "C0DEED",
        "created_at": "Thu Nov 14 00:32:13 +0000 2019",
        "id": 1194774961937928192,
        "statuses_count": 196,
        "lang": null,
        "location": "",
        "time_zone": null,
        "profile_sidebar_fill_color": "DDEEF6",
        "listed_count": 1,
        "profile_banner_url": "https://pbs.twimg.com/profile_banners/1194774961937928192/1576546499",
        "description": "Candidato al Congreso por el Frente Amplio en Lima con el 5. Dirigente Nacional de Tierra y Libertad, exregidor de Independencia y director de CIDAP.",
        "protected": false,
        "is_translation_enabled": false,
        "id_str": "1194774961937928192",
        "profile_background_color": "F5F8FA",
        "notifications": false,
        "friends_count": 876,
        "url": null,
        "default_profile": true,
        "entities": {
          "description": {
            "urls": []
          }
        },
        "follow_request_sent": false,
        "profile_link_color": "1DA1F2",
        "profile_background_image_url": null,
        "is_translator": false,
        "following": false,
        "utc_offset": null,
        "has_extended_profile": false
      },
      "in_reply_to_screen_name": null,
      "coordinates": null,
      "in_reply_to_user_id": null,
      "created_at": "Sat Jan 18 18:13:00 +0000 2020",
      "id": 1218597171257380864,
      "lang": "es",
      "contributors": null,
      "in_reply_to_user_id_str": null,
      "retweeted_status": {
        "possibly_sensitive": false,
        "retweet_count": 2,
        "metadata": {
          "iso_language_code": "es",
          "result_type": "recent"
        },
        "user": {
          "profile_background_image_url_https": "https://abs.twimg.com/images/themes/theme1/bg.png",
          "translator_type": "none",
          "profile_image_url": "http://pbs.twimg.com/profile_images/1211460025157398528/IttBah5m_normal.jpg",
          "favourites_count": 9,
          "default_profile_image": false,
          "screen_name": "MayhuaSulca",
          "followers_count": 45,
          "name": "Emilio Mayhua Sulca",
          "contributors_enabled": false,
          "profile_text_color": "333333",
          "verified": false,
          "profile_use_background_image": true,
          "profile_image_url_https": "https://pbs.twimg.com/profile_images/1211460025157398528/IttBah5m_normal.jpg",
          "profile_background_tile": false,
          "geo_enabled": false,
          "profile_sidebar_border_color": "C0DEED",
          "created_at": "Mon Jun 08 01:37:58 +0000 2015",
          "id": 3312698728,
          "statuses_count": 23,
          "lang": null,
          "location": "Lima",
          "time_zone": null,
          "profile_sidebar_fill_color": "DDEEF6",
          "listed_count": 2,
          "profile_banner_url": "https://pbs.twimg.com/profile_banners/3312698728/1577669554",
          "description": "Soy Emilio Mayhua, dirigente que plantea un cambio generacional en la política. Candidato con el número 17 del Frente Amplio.\n\n#ConLosVotosTambiénSeLucha",
          "protected": false,
          "is_translation_enabled": false,
          "id_str": "3312698728",
          "profile_background_color": "C0DEED",
          "notifications": false,
          "friends_count": 73,
          "url": null,
          "default_profile": true,
          "entities": {
            "description": {
              "urls": []
            }
          },
          "follow_request_sent": false,
          "profile_link_color": "1DA1F2",
          "profile_background_image_url": "http://abs.twimg.com/images/themes/theme1/bg.png",
          "is_translator": false,
          "following": false,
          "utc_offset": null,
          "has_extended_profile": false
        },
        "in_reply_to_screen_name": null,
        "coordinates": null,
        "in_reply_to_user_id": null,
        "created_at": "Sat Jan 18 16:29:11 +0000 2020",
        "id": 1218571044707086337,
        "lang": "es",
        "contributors": null,
        "in_reply_to_user_id_str": null,
        "in_reply_to_status_id": null,
        "id_str": "1218571044707086337",
        "source": "<a href=\"http://twitter.com/download/android\" rel=\"nofollow\">Twitter for Android</a>",
        "favorite_count": 3,
        "geo": null,
        "place": null,
        "truncated": true,
        "entities": {
          "symbols": [],
          "user_mentions": [],
          "urls": [
            {
              "expanded_url": "https://twitter.com/i/web/status/1218571044707086337",
              "url": "https://t.co/IdAC6HHE1H",
              "display_url": "twitter.com/i/web/status/1…",
              "indices": [
                116,
                139
              ]
            }
          ],
          "hashtags": []
        },
        "favorited": false,
        "is_quote_status": false,
        "retweeted": false,
        "in_reply_to_status_id_str": null,
        "text": "Estamos en San Marcos, en un debate dónde presentaremos nuestras propuestas y dilucidaremos afín que el electorado… https://t.co/IdAC6HHE1H"
      },
      "in_reply_to_status_id": null,
      "id_str": "1218597171257380864",
      "source": "<a href=\"http://twitter.com/download/android\" rel=\"nofollow\">Twitter for Android</a>",
      "favorite_count": 0,
      "geo": null,
      "place": null,
      "truncated": false,
      "entities": {
        "symbols": [],
        "user_mentions": [
          {
            "screen_name": "MayhuaSulca",
            "name": "Emilio Mayhua Sulca",
            "indices": [
              3,
              15
            ],
            "id": 3312698728,
            "id_str": "3312698728"
          }
        ],
        "urls": [],
        "hashtags": []
      },
      "favorited": false,
      "is_quote_status": false,
      "retweeted": false,
      "in_reply_to_status_id_str": null,
      "text": "RT @MayhuaSulca: Estamos en San Marcos, en un debate dónde presentaremos nuestras propuestas y dilucidaremos afín que el electorado present…"
    }
  ]
}