{
  "request_date": "2019-12-07-05:46:28",
  "data": [
    {
      "source": "<a href=\"https://mobile.twitter.com\" rel=\"nofollow\">Twitter Web App</a>",
      "favorite_count": 0,
      "geo": null,
      "created_at": "Sat Dec 07 10:08:00 +0000 2019",
      "in_reply_to_screen_name": "choquecurat",
      "id": 1203254827456839680,
      "place": null,
      "is_quote_status": false,
      "in_reply_to_user_id_str": "999321883",
      "id_str": "1203254827456839680",
      "in_reply_to_status_id_str": "1203087135617830915",
      "text": "@choquecurat @Gatitadelsur @zportman @blogcyh @PipoHUERTA @LUNADETARTAGAL @interfax_news @cnni @ElinformanteUS… https://t.co/kmMyK5T2SG",
      "metadata": {
        "result_type": "recent",
        "iso_language_code": "und"
      },
      "truncated": true,
      "user": {
        "profile_background_color": "C0DEED",
        "following": false,
        "profile_banner_url": "https://pbs.twimg.com/profile_banners/102461822/1544596795",
        "profile_background_image_url": "http://abs.twimg.com/images/themes/theme1/bg.png",
        "profile_use_background_image": true,
        "id": 102461822,
        "statuses_count": 19729,
        "is_translator": false,
        "verified": false,
        "location": "Lima, Peru",
        "geo_enabled": true,
        "translator_type": "none",
        "created_at": "Wed Jan 06 19:50:37 +0000 2010",
        "description": "Investigador, Ayudo a los países del mundo a Innovar. Ingeniero y Abogado - Researcher, I help the countries of the world to innovate. Engineer and Lawyer",
        "friends_count": 5001,
        "profile_text_color": "333333",
        "profile_image_url_https": "https://pbs.twimg.com/profile_images/1072742623985758208/7rdjV8n-_normal.jpg",
        "profile_background_image_url_https": "https://abs.twimg.com/images/themes/theme1/bg.png",
        "contributors_enabled": false,
        "profile_link_color": "1DA1F2",
        "time_zone": null,
        "entities": {
          "description": {
            "urls": []
          }
        },
        "notifications": false,
        "favourites_count": 7455,
        "profile_sidebar_fill_color": "DDEEF6",
        "follow_request_sent": false,
        "utc_offset": null,
        "protected": false,
        "id_str": "102461822",
        "screen_name": "ZEGARRAAGUILAR",
        "lang": null,
        "profile_image_url": "http://pbs.twimg.com/profile_images/1072742623985758208/7rdjV8n-_normal.jpg",
        "listed_count": 17,
        "is_translation_enabled": false,
        "followers_count": 1147,
        "has_extended_profile": true,
        "url": null,
        "default_profile": true,
        "name": "Luis Zegarra Aguilar",
        "default_profile_image": false,
        "profile_sidebar_border_color": "C0DEED",
        "profile_background_tile": false
      },
      "coordinates": null,
      "entities": {
        "symbols": [],
        "user_mentions": [
          {
            "id": 999321883,
            "id_str": "999321883",
            "name": "manuel mejia  khans ®",
            "screen_name": "choquecurat",
            "indices": [
              0,
              12
            ]
          },
          {
            "id": 137242161,
            "id_str": "137242161",
            "name": "Mariana",
            "screen_name": "Gatitadelsur",
            "indices": [
              13,
              26
            ]
          },
          {
            "id": 54108820,
            "id_str": "54108820",
            "name": "Juan Carlos Vizcarra",
            "screen_name": "zportman",
            "indices": [
              27,
              36
            ]
          },
          {
            "id": 331854578,
            "id_str": "331854578",
            "name": "Catarsis y Harakiri",
            "screen_name": "blogcyh",
            "indices": [
              37,
              45
            ]
          },
          {
            "id": 372546172,
            "id_str": "372546172",
            "name": "PIPO HUERTA",
            "screen_name": "PipoHUERTA",
            "indices": [
              46,
              57
            ]
          },
          {
            "id": 158905220,
            "id_str": "158905220",
            "name": "Diana Miryan Haro",
            "screen_name": "LUNADETARTAGAL",
            "indices": [
              58,
              73
            ]
          },
          {
            "id": 147964447,
            "id_str": "147964447",
            "name": "Интерфакс",
            "screen_name": "interfax_news",
            "indices": [
              74,
              88
            ]
          },
          {
            "id": 2097571,
            "id_str": "2097571",
            "name": "CNN International",
            "screen_name": "cnni",
            "indices": [
              89,
              94
            ]
          },
          {
            "id": 3223746900,
            "id_str": "3223746900",
            "name": "EL INFORMANTE U.S.A",
            "screen_name": "ElinformanteUS",
            "indices": [
              95,
              110
            ]
          }
        ],
        "hashtags": [],
        "urls": [
          {
            "expanded_url": "https://twitter.com/i/web/status/1203254827456839680",
            "url": "https://t.co/kmMyK5T2SG",
            "indices": [
              112,
              135
            ],
            "display_url": "twitter.com/i/web/status/1…"
          }
        ]
      },
      "retweeted": false,
      "contributors": null,
      "retweet_count": 0,
      "favorited": false,
      "in_reply_to_user_id": 999321883,
      "lang": "und",
      "in_reply_to_status_id": 1203087135617830915
    },
    {
      "source": "<a href=\"https://mobile.twitter.com\" rel=\"nofollow\">Twitter Web App</a>",
      "favorite_count": 1,
      "geo": null,
      "created_at": "Sat Dec 07 09:14:13 +0000 2019",
      "in_reply_to_screen_name": "esturion666",
      "id": 1203241291213148161,
      "place": null,
      "is_quote_status": false,
      "in_reply_to_user_id_str": "813773691226091520",
      "id_str": "1203241291213148161",
      "in_reply_to_status_id_str": "1203058271034183680",
      "text": "@esturion666 @Gatitadelsur @DeltaMdelta @PedroChavarryV @MartinVizcarraC @zportman @blogcyh @PipoHUERTA… https://t.co/dFABe29t6j",
      "metadata": {
        "result_type": "recent",
        "iso_language_code": "und"
      },
      "truncated": true,
      "user": {
        "profile_background_color": "C0DEED",
        "following": false,
        "profile_banner_url": "https://pbs.twimg.com/profile_banners/102461822/1544596795",
        "profile_background_image_url": "http://abs.twimg.com/images/themes/theme1/bg.png",
        "profile_use_background_image": true,
        "id": 102461822,
        "statuses_count": 19729,
        "is_translator": false,
        "verified": false,
        "location": "Lima, Peru",
        "geo_enabled": true,
        "translator_type": "none",
        "created_at": "Wed Jan 06 19:50:37 +0000 2010",
        "description": "Investigador, Ayudo a los países del mundo a Innovar. Ingeniero y Abogado - Researcher, I help the countries of the world to innovate. Engineer and Lawyer",
        "friends_count": 5001,
        "profile_text_color": "333333",
        "profile_image_url_https": "https://pbs.twimg.com/profile_images/1072742623985758208/7rdjV8n-_normal.jpg",
        "profile_background_image_url_https": "https://abs.twimg.com/images/themes/theme1/bg.png",
        "contributors_enabled": false,
        "profile_link_color": "1DA1F2",
        "time_zone": null,
        "entities": {
          "description": {
            "urls": []
          }
        },
        "notifications": false,
        "favourites_count": 7455,
        "profile_sidebar_fill_color": "DDEEF6",
        "follow_request_sent": false,
        "utc_offset": null,
        "protected": false,
        "id_str": "102461822",
        "screen_name": "ZEGARRAAGUILAR",
        "lang": null,
        "profile_image_url": "http://pbs.twimg.com/profile_images/1072742623985758208/7rdjV8n-_normal.jpg",
        "listed_count": 17,
        "is_translation_enabled": false,
        "followers_count": 1147,
        "has_extended_profile": true,
        "url": null,
        "default_profile": true,
        "name": "Luis Zegarra Aguilar",
        "default_profile_image": false,
        "profile_sidebar_border_color": "C0DEED",
        "profile_background_tile": false
      },
      "coordinates": null,
      "entities": {
        "symbols": [],
        "user_mentions": [
          {
            "id": 813773691226091520,
            "id_str": "813773691226091520",
            "name": "roberto",
            "screen_name": "esturion666",
            "indices": [
              0,
              12
            ]
          },
          {
            "id": 137242161,
            "id_str": "137242161",
            "name": "Mariana",
            "screen_name": "Gatitadelsur",
            "indices": [
              13,
              26
            ]
          },
          {
            "id": 2979210489,
            "id_str": "2979210489",
            "name": "Monica Delta",
            "screen_name": "DeltaMdelta",
            "indices": [
              27,
              39
            ]
          },
          {
            "id": 1027911810748477442,
            "id_str": "1027911810748477442",
            "name": "Pedro Gonzalo Chávarry",
            "screen_name": "PedroChavarryV",
            "indices": [
              40,
              55
            ]
          },
          {
            "id": 4825296327,
            "id_str": "4825296327",
            "name": "Martín Vizcarra",
            "screen_name": "MartinVizcarraC",
            "indices": [
              56,
              72
            ]
          },
          {
            "id": 54108820,
            "id_str": "54108820",
            "name": "Juan Carlos Vizcarra",
            "screen_name": "zportman",
            "indices": [
              73,
              82
            ]
          },
          {
            "id": 331854578,
            "id_str": "331854578",
            "name": "Catarsis y Harakiri",
            "screen_name": "blogcyh",
            "indices": [
              83,
              91
            ]
          },
          {
            "id": 372546172,
            "id_str": "372546172",
            "name": "PIPO HUERTA",
            "screen_name": "PipoHUERTA",
            "indices": [
              92,
              103
            ]
          }
        ],
        "hashtags": [],
        "urls": [
          {
            "expanded_url": "https://twitter.com/i/web/status/1203241291213148161",
            "url": "https://t.co/dFABe29t6j",
            "indices": [
              105,
              128
            ],
            "display_url": "twitter.com/i/web/status/1…"
          }
        ]
      },
      "retweeted": false,
      "contributors": null,
      "retweet_count": 0,
      "favorited": false,
      "in_reply_to_user_id": 813773691226091520,
      "lang": "und",
      "in_reply_to_status_id": 1203058271034183680
    },
    {
      "source": "<a href=\"http://twitter.com/download/iphone\" rel=\"nofollow\">Twitter for iPhone</a>",
      "favorite_count": 0,
      "geo": null,
      "created_at": "Sat Dec 07 07:10:53 +0000 2019",
      "in_reply_to_screen_name": null,
      "id": 1203210252126236673,
      "place": null,
      "is_quote_status": false,
      "in_reply_to_user_id_str": null,
      "id_str": "1203210252126236673",
      "in_reply_to_status_id_str": null,
      "text": "RT @JuanSheput: Grave denuncia contra gestión regional de Vizcarra, en último tramo de su mandato  adelantó pago cuestionado. Esperemos que…",
      "metadata": {
        "result_type": "recent",
        "iso_language_code": "es"
      },
      "truncated": false,
      "user": {
        "profile_background_color": "C0DEED",
        "following": false,
        "profile_link_color": "1DA1F2",
        "profile_background_image_url": "http://abs.twimg.com/images/themes/theme1/bg.png",
        "profile_use_background_image": true,
        "id": 1576563528,
        "statuses_count": 34822,
        "is_translator": false,
        "verified": false,
        "location": "Chimbote",
        "geo_enabled": true,
        "translator_type": "none",
        "created_at": "Mon Jul 08 02:56:57 +0000 2013",
        "description": "Chimbotana",
        "friends_count": 1317,
        "profile_text_color": "333333",
        "profile_image_url_https": "https://pbs.twimg.com/profile_images/726981586319773698/RuELVrUU_normal.jpg",
        "profile_background_image_url_https": "https://abs.twimg.com/images/themes/theme1/bg.png",
        "contributors_enabled": false,
        "time_zone": null,
        "entities": {
          "description": {
            "urls": []
          }
        },
        "notifications": false,
        "favourites_count": 4904,
        "profile_sidebar_fill_color": "DDEEF6",
        "follow_request_sent": false,
        "utc_offset": null,
        "protected": false,
        "id_str": "1576563528",
        "screen_name": "apegese",
        "lang": null,
        "profile_image_url": "http://pbs.twimg.com/profile_images/726981586319773698/RuELVrUU_normal.jpg",
        "listed_count": 4,
        "is_translation_enabled": false,
        "followers_count": 417,
        "has_extended_profile": false,
        "url": null,
        "default_profile": true,
        "name": "iris coronel",
        "default_profile_image": false,
        "profile_sidebar_border_color": "C0DEED",
        "profile_background_tile": false
      },
      "coordinates": null,
      "entities": {
        "symbols": [],
        "user_mentions": [
          {
            "id": 33808317,
            "id_str": "33808317",
            "name": "Juan Sheput",
            "screen_name": "JuanSheput",
            "indices": [
              3,
              14
            ]
          }
        ],
        "hashtags": [],
        "urls": []
      },
      "retweeted": false,
      "contributors": null,
      "retweet_count": 175,
      "favorited": false,
      "in_reply_to_user_id": null,
      "lang": "es",
      "retweeted_status": {
        "source": "<a href=\"http://twitter.com/download/iphone\" rel=\"nofollow\">Twitter for iPhone</a>",
        "favorite_count": 349,
        "geo": null,
        "created_at": "Thu Dec 05 11:39:19 +0000 2019",
        "in_reply_to_screen_name": null,
        "id": 1202553029095878656,
        "place": null,
        "is_quote_status": false,
        "in_reply_to_user_id_str": null,
        "id_str": "1202553029095878656",
        "in_reply_to_status_id_str": null,
        "text": "Grave denuncia contra gestión regional de Vizcarra, en último tramo de su mandato  adelantó pago cuestionado. Esper… https://t.co/sAoVCuMVF1",
        "metadata": {
          "result_type": "recent",
          "iso_language_code": "es"
        },
        "truncated": true,
        "user": {
          "profile_background_color": "709397",
          "following": false,
          "profile_banner_url": "https://pbs.twimg.com/profile_banners/33808317/1575502631",
          "profile_background_image_url": "http://abs.twimg.com/images/themes/theme6/bg.gif",
          "profile_use_background_image": true,
          "id": 33808317,
          "statuses_count": 32563,
          "is_translator": false,
          "verified": false,
          "location": "Lima, Peru",
          "geo_enabled": true,
          "translator_type": "regular",
          "created_at": "Tue Apr 21 04:16:04 +0000 2009",
          "description": "Político e ingeniero.",
          "friends_count": 2852,
          "profile_text_color": "333333",
          "profile_image_url_https": "https://pbs.twimg.com/profile_images/1198258955702689792/BbeZX9o5_normal.jpg",
          "profile_background_image_url_https": "https://abs.twimg.com/images/themes/theme6/bg.gif",
          "contributors_enabled": false,
          "profile_link_color": "FF3300",
          "time_zone": null,
          "entities": {
            "url": {
              "urls": [
                {
                  "expanded_url": "http://juansheput.pe/",
                  "url": "https://t.co/3zZcrUrOAX",
                  "indices": [
                    0,
                    23
                  ],
                  "display_url": "juansheput.pe"
                }
              ]
            },
            "description": {
              "urls": []
            }
          },
          "notifications": false,
          "favourites_count": 15299,
          "profile_sidebar_fill_color": "A0C5C7",
          "follow_request_sent": false,
          "utc_offset": null,
          "protected": false,
          "id_str": "33808317",
          "screen_name": "JuanSheput",
          "lang": null,
          "profile_image_url": "http://pbs.twimg.com/profile_images/1198258955702689792/BbeZX9o5_normal.jpg",
          "listed_count": 583,
          "is_translation_enabled": false,
          "followers_count": 185932,
          "has_extended_profile": false,
          "url": "https://t.co/3zZcrUrOAX",
          "default_profile": false,
          "name": "Juan Sheput",
          "default_profile_image": false,
          "profile_sidebar_border_color": "86A4A6",
          "profile_background_tile": false
        },
        "possibly_sensitive": false,
        "coordinates": null,
        "entities": {
          "symbols": [],
          "user_mentions": [],
          "hashtags": [],
          "urls": [
            {
              "expanded_url": "https://twitter.com/i/web/status/1202553029095878656",
              "url": "https://t.co/sAoVCuMVF1",
              "indices": [
                117,
                140
              ],
              "display_url": "twitter.com/i/web/status/1…"
            }
          ]
        },
        "retweeted": false,
        "contributors": null,
        "retweet_count": 175,
        "favorited": false,
        "in_reply_to_user_id": null,
        "lang": "es",
        "in_reply_to_status_id": null
      },
      "in_reply_to_status_id": null
    },
    {
      "source": "<a href=\"http://twitter.com/download/android\" rel=\"nofollow\">Twitter for Android</a>",
      "favorite_count": 0,
      "geo": null,
      "created_at": "Sat Dec 07 06:19:22 +0000 2019",
      "in_reply_to_screen_name": "JuanSheput",
      "id": 1203197290011344897,
      "place": null,
      "is_quote_status": false,
      "in_reply_to_user_id_str": "33808317",
      "id_str": "1203197290011344897",
      "in_reply_to_status_id_str": "1201849127988019200",
      "text": "@JuanSheput Siempre has sido una persona negativa en tus opiniones, crees que eres una eminencia académica, solo le… https://t.co/HOcAyEMlwY",
      "metadata": {
        "result_type": "recent",
        "iso_language_code": "es"
      },
      "truncated": true,
      "user": {
        "profile_background_color": "F5F8FA",
        "following": false,
        "profile_link_color": "1DA1F2",
        "profile_background_image_url": null,
        "profile_use_background_image": true,
        "id": 1134836828219908096,
        "statuses_count": 160,
        "is_translator": false,
        "verified": false,
        "location": "",
        "geo_enabled": false,
        "translator_type": "none",
        "created_at": "Sat Jun 01 14:59:18 +0000 2019",
        "description": "",
        "friends_count": 125,
        "profile_text_color": "333333",
        "profile_image_url_https": "https://abs.twimg.com/sticky/default_profile_images/default_profile_normal.png",
        "profile_background_image_url_https": null,
        "contributors_enabled": false,
        "time_zone": null,
        "entities": {
          "description": {
            "urls": []
          }
        },
        "notifications": false,
        "favourites_count": 45,
        "profile_sidebar_fill_color": "DDEEF6",
        "follow_request_sent": false,
        "utc_offset": null,
        "protected": false,
        "id_str": "1134836828219908096",
        "screen_name": "JoseRonceros11",
        "lang": null,
        "profile_image_url": "http://abs.twimg.com/sticky/default_profile_images/default_profile_normal.png",
        "listed_count": 0,
        "is_translation_enabled": false,
        "followers_count": 7,
        "has_extended_profile": false,
        "url": null,
        "default_profile": true,
        "name": "Jose Ronceros",
        "default_profile_image": true,
        "profile_sidebar_border_color": "C0DEED",
        "profile_background_tile": false
      },
      "coordinates": null,
      "entities": {
        "symbols": [],
        "user_mentions": [
          {
            "id": 33808317,
            "id_str": "33808317",
            "name": "Juan Sheput",
            "screen_name": "JuanSheput",
            "indices": [
              0,
              11
            ]
          }
        ],
        "hashtags": [],
        "urls": [
          {
            "expanded_url": "https://twitter.com/i/web/status/1203197290011344897",
            "url": "https://t.co/HOcAyEMlwY",
            "indices": [
              117,
              140
            ],
            "display_url": "twitter.com/i/web/status/1…"
          }
        ]
      },
      "retweeted": false,
      "contributors": null,
      "retweet_count": 0,
      "favorited": false,
      "in_reply_to_user_id": 33808317,
      "lang": "es",
      "in_reply_to_status_id": 1201849127988019200
    },
    {
      "source": "<a href=\"http://twitter.com/download/android\" rel=\"nofollow\">Twitter for Android</a>",
      "favorite_count": 0,
      "geo": null,
      "created_at": "Sat Dec 07 05:59:05 +0000 2019",
      "in_reply_to_screen_name": "JuanSheput",
      "id": 1203192183374913537,
      "place": null,
      "is_quote_status": false,
      "in_reply_to_user_id_str": "33808317",
      "id_str": "1203192183374913537",
      "in_reply_to_status_id_str": "1202291091162222601",
      "text": "@JuanSheput Posiblemente sea Ud. El designado¿ Que hará en el Ministerio de Cultura?",
      "metadata": {
        "result_type": "recent",
        "iso_language_code": "es"
      },
      "truncated": false,
      "user": {
        "profile_background_color": "F5F8FA",
        "following": false,
        "profile_link_color": "1DA1F2",
        "profile_background_image_url": null,
        "profile_use_background_image": true,
        "id": 1134836828219908096,
        "statuses_count": 160,
        "is_translator": false,
        "verified": false,
        "location": "",
        "geo_enabled": false,
        "translator_type": "none",
        "created_at": "Sat Jun 01 14:59:18 +0000 2019",
        "description": "",
        "friends_count": 125,
        "profile_text_color": "333333",
        "profile_image_url_https": "https://abs.twimg.com/sticky/default_profile_images/default_profile_normal.png",
        "profile_background_image_url_https": null,
        "contributors_enabled": false,
        "time_zone": null,
        "entities": {
          "description": {
            "urls": []
          }
        },
        "notifications": false,
        "favourites_count": 45,
        "profile_sidebar_fill_color": "DDEEF6",
        "follow_request_sent": false,
        "utc_offset": null,
        "protected": false,
        "id_str": "1134836828219908096",
        "screen_name": "JoseRonceros11",
        "lang": null,
        "profile_image_url": "http://abs.twimg.com/sticky/default_profile_images/default_profile_normal.png",
        "listed_count": 0,
        "is_translation_enabled": false,
        "followers_count": 7,
        "has_extended_profile": false,
        "url": null,
        "default_profile": true,
        "name": "Jose Ronceros",
        "default_profile_image": true,
        "profile_sidebar_border_color": "C0DEED",
        "profile_background_tile": false
      },
      "coordinates": null,
      "entities": {
        "symbols": [],
        "user_mentions": [
          {
            "id": 33808317,
            "id_str": "33808317",
            "name": "Juan Sheput",
            "screen_name": "JuanSheput",
            "indices": [
              0,
              11
            ]
          }
        ],
        "hashtags": [],
        "urls": []
      },
      "retweeted": false,
      "contributors": null,
      "retweet_count": 0,
      "favorited": false,
      "in_reply_to_user_id": 33808317,
      "lang": "es",
      "in_reply_to_status_id": 1202291091162222601
    },
    {
      "source": "<a href=\"http://twitter.com/download/android\" rel=\"nofollow\">Twitter for Android</a>",
      "favorite_count": 0,
      "geo": null,
      "created_at": "Sat Dec 07 05:54:45 +0000 2019",
      "in_reply_to_screen_name": "JuanSheput",
      "id": 1203191093854113792,
      "place": null,
      "is_quote_status": false,
      "in_reply_to_user_id_str": "33808317",
      "id_str": "1203191093854113792",
      "in_reply_to_status_id_str": "1202298866315530242",
      "text": "@JuanSheput Tus opiniones, no tienen el inpacto por tu actitud de un oportunista.",
      "metadata": {
        "result_type": "recent",
        "iso_language_code": "es"
      },
      "truncated": false,
      "user": {
        "profile_background_color": "F5F8FA",
        "following": false,
        "profile_link_color": "1DA1F2",
        "profile_background_image_url": null,
        "profile_use_background_image": true,
        "id": 1134836828219908096,
        "statuses_count": 160,
        "is_translator": false,
        "verified": false,
        "location": "",
        "geo_enabled": false,
        "translator_type": "none",
        "created_at": "Sat Jun 01 14:59:18 +0000 2019",
        "description": "",
        "friends_count": 125,
        "profile_text_color": "333333",
        "profile_image_url_https": "https://abs.twimg.com/sticky/default_profile_images/default_profile_normal.png",
        "profile_background_image_url_https": null,
        "contributors_enabled": false,
        "time_zone": null,
        "entities": {
          "description": {
            "urls": []
          }
        },
        "notifications": false,
        "favourites_count": 45,
        "profile_sidebar_fill_color": "DDEEF6",
        "follow_request_sent": false,
        "utc_offset": null,
        "protected": false,
        "id_str": "1134836828219908096",
        "screen_name": "JoseRonceros11",
        "lang": null,
        "profile_image_url": "http://abs.twimg.com/sticky/default_profile_images/default_profile_normal.png",
        "listed_count": 0,
        "is_translation_enabled": false,
        "followers_count": 7,
        "has_extended_profile": false,
        "url": null,
        "default_profile": true,
        "name": "Jose Ronceros",
        "default_profile_image": true,
        "profile_sidebar_border_color": "C0DEED",
        "profile_background_tile": false
      },
      "coordinates": null,
      "entities": {
        "symbols": [],
        "user_mentions": [
          {
            "id": 33808317,
            "id_str": "33808317",
            "name": "Juan Sheput",
            "screen_name": "JuanSheput",
            "indices": [
              0,
              11
            ]
          }
        ],
        "hashtags": [],
        "urls": []
      },
      "retweeted": false,
      "contributors": null,
      "retweet_count": 0,
      "favorited": false,
      "in_reply_to_user_id": 33808317,
      "lang": "es",
      "in_reply_to_status_id": 1202298866315530242
    },
    {
      "source": "<a href=\"http://twitter.com/download/android\" rel=\"nofollow\">Twitter for Android</a>",
      "favorite_count": 0,
      "geo": null,
      "created_at": "Sat Dec 07 04:35:06 +0000 2019",
      "in_reply_to_screen_name": "MolinariJulia",
      "id": 1203171049694801920,
      "place": null,
      "is_quote_status": false,
      "in_reply_to_user_id_str": "191485582",
      "id_str": "1203171049694801920",
      "in_reply_to_status_id_str": null,
      "text": "@MolinariJulia @JulianaOxenford @JVillaStein @JuanSheput @jorgevillenal @julioarbizu @jfowks @NSulsa… https://t.co/wBS7TO13yd",
      "metadata": {
        "result_type": "recent",
        "iso_language_code": "es"
      },
      "truncated": true,
      "user": {
        "profile_background_color": "F5F8FA",
        "following": false,
        "profile_banner_url": "https://pbs.twimg.com/profile_banners/732931899220463617/1463584144",
        "profile_background_image_url": null,
        "profile_use_background_image": true,
        "id": 732931899220463617,
        "statuses_count": 13266,
        "is_translator": false,
        "verified": false,
        "location": "",
        "geo_enabled": false,
        "translator_type": "none",
        "created_at": "Wed May 18 13:52:36 +0000 2016",
        "description": "Nunca desmayemos en buscar nuestros objetivos ssp",
        "friends_count": 76,
        "profile_text_color": "333333",
        "profile_image_url_https": "https://pbs.twimg.com/profile_images/732951144339759105/JNXyp-3Q_normal.jpg",
        "profile_background_image_url_https": null,
        "contributors_enabled": false,
        "profile_link_color": "1DA1F2",
        "time_zone": null,
        "entities": {
          "description": {
            "urls": []
          }
        },
        "notifications": false,
        "favourites_count": 6382,
        "profile_sidebar_fill_color": "DDEEF6",
        "follow_request_sent": false,
        "utc_offset": null,
        "protected": false,
        "id_str": "732931899220463617",
        "screen_name": "MiguelM45020717",
        "lang": null,
        "profile_image_url": "http://pbs.twimg.com/profile_images/732951144339759105/JNXyp-3Q_normal.jpg",
        "listed_count": 1,
        "is_translation_enabled": false,
        "followers_count": 90,
        "has_extended_profile": false,
        "url": null,
        "default_profile": true,
        "name": "Miguel Medina",
        "default_profile_image": false,
        "profile_sidebar_border_color": "C0DEED",
        "profile_background_tile": false
      },
      "possibly_sensitive": false,
      "coordinates": null,
      "entities": {
        "symbols": [],
        "user_mentions": [
          {
            "id": 191485582,
            "id_str": "191485582",
            "name": "Julia Molinari",
            "screen_name": "MolinariJulia",
            "indices": [
              0,
              14
            ]
          },
          {
            "id": 458728203,
            "id_str": "458728203",
            "name": "Juliana Oxenford",
            "screen_name": "JulianaOxenford",
            "indices": [
              15,
              31
            ]
          },
          {
            "id": 2396562031,
            "id_str": "2396562031",
            "name": "Javier Villa Stein",
            "screen_name": "JVillaStein",
            "indices": [
              32,
              44
            ]
          },
          {
            "id": 33808317,
            "id_str": "33808317",
            "name": "Juan Sheput",
            "screen_name": "JuanSheput",
            "indices": [
              45,
              56
            ]
          },
          {
            "id": 82882622,
            "id_str": "82882622",
            "name": "Jorge Villena 🇵🇪",
            "screen_name": "jorgevillenal",
            "indices": [
              57,
              71
            ]
          },
          {
            "id": 66805708,
            "id_str": "66805708",
            "name": "julioarbizu",
            "screen_name": "julioarbizu",
            "indices": [
              72,
              84
            ]
          },
          {
            "id": 16505582,
            "id_str": "16505582",
            "name": "Jacqueline Fowks",
            "screen_name": "jfowks",
            "indices": [
              85,
              92
            ]
          },
          {
            "id": 271048469,
            "id_str": "271048469",
            "name": "Nora SulSa",
            "screen_name": "NSulsa",
            "indices": [
              93,
              100
            ]
          }
        ],
        "hashtags": [],
        "urls": [
          {
            "expanded_url": "https://twitter.com/i/web/status/1203171049694801920",
            "url": "https://t.co/wBS7TO13yd",
            "indices": [
              102,
              125
            ],
            "display_url": "twitter.com/i/web/status/1…"
          }
        ]
      },
      "retweeted": false,
      "contributors": null,
      "retweet_count": 0,
      "favorited": false,
      "in_reply_to_user_id": 191485582,
      "lang": "es",
      "in_reply_to_status_id": null
    },
    {
      "source": "<a href=\"http://twitter.com/download/android\" rel=\"nofollow\">Twitter for Android</a>",
      "favorite_count": 0,
      "extended_entities": {
        "media": [
          {
            "display_url": "pic.twitter.com/qpWwbt47cN",
            "expanded_url": "https://twitter.com/RosaAnita8/status/1203152539979567105/photo/1",
            "id_str": "1203152532308189184",
            "indices": [
              83,
              106
            ],
            "url": "https://t.co/qpWwbt47cN",
            "id": 1203152532308189184,
            "sizes": {
              "small": {
                "w": 638,
                "h": 680,
                "resize": "fit"
              },
              "large": {
                "w": 1080,
                "h": 1152,
                "resize": "fit"
              },
              "thumb": {
                "w": 150,
                "h": 150,
                "resize": "crop"
              },
              "medium": {
                "w": 1080,
                "h": 1152,
                "resize": "fit"
              }
            },
            "media_url": "http://pbs.twimg.com/media/ELJ02oLXYAAn2qB.jpg",
            "media_url_https": "https://pbs.twimg.com/media/ELJ02oLXYAAn2qB.jpg",
            "type": "photo"
          }
        ]
      },
      "created_at": "Sat Dec 07 03:21:33 +0000 2019",
      "in_reply_to_screen_name": "JuanSheput",
      "id": 1203152539979567105,
      "place": null,
      "is_quote_status": false,
      "in_reply_to_status_id_str": null,
      "id_str": "1203152539979567105",
      "in_reply_to_user_id_str": "33808317",
      "text": "@JuanSheput,seguirás así aunque te duela.\nTOPOS,NUNCA MAS, COMO TU...COMPRENDERAS. https://t.co/qpWwbt47cN",
      "metadata": {
        "result_type": "recent",
        "iso_language_code": "es"
      },
      "geo": null,
      "truncated": false,
      "user": {
        "profile_background_color": "F5F8FA",
        "following": false,
        "profile_link_color": "1DA1F2",
        "profile_background_image_url": null,
        "profile_use_background_image": true,
        "id": 721461684972490752,
        "statuses_count": 702,
        "is_translator": false,
        "verified": false,
        "location": "Lo Barnechea, Chile",
        "geo_enabled": true,
        "translator_type": "none",
        "created_at": "Sat Apr 16 22:14:04 +0000 2016",
        "description": "",
        "friends_count": 447,
        "profile_text_color": "333333",
        "profile_image_url_https": "https://pbs.twimg.com/profile_images/1110993990118199297/NaFHSj9N_normal.jpg",
        "profile_background_image_url_https": null,
        "contributors_enabled": false,
        "time_zone": null,
        "entities": {
          "description": {
            "urls": []
          }
        },
        "notifications": false,
        "favourites_count": 24895,
        "profile_sidebar_fill_color": "DDEEF6",
        "follow_request_sent": false,
        "utc_offset": null,
        "protected": false,
        "id_str": "721461684972490752",
        "screen_name": "RosaAnita8",
        "lang": null,
        "profile_image_url": "http://pbs.twimg.com/profile_images/1110993990118199297/NaFHSj9N_normal.jpg",
        "listed_count": 0,
        "is_translation_enabled": false,
        "followers_count": 45,
        "has_extended_profile": true,
        "url": null,
        "default_profile": true,
        "name": "Rosa Anita",
        "default_profile_image": false,
        "profile_sidebar_border_color": "C0DEED",
        "profile_background_tile": false
      },
      "possibly_sensitive": false,
      "coordinates": null,
      "entities": {
        "symbols": [],
        "user_mentions": [
          {
            "id": 33808317,
            "id_str": "33808317",
            "name": "Juan Sheput",
            "screen_name": "JuanSheput",
            "indices": [
              0,
              11
            ]
          }
        ],
        "hashtags": [],
        "media": [
          {
            "display_url": "pic.twitter.com/qpWwbt47cN",
            "expanded_url": "https://twitter.com/RosaAnita8/status/1203152539979567105/photo/1",
            "id_str": "1203152532308189184",
            "indices": [
              83,
              106
            ],
            "url": "https://t.co/qpWwbt47cN",
            "id": 1203152532308189184,
            "sizes": {
              "small": {
                "w": 638,
                "h": 680,
                "resize": "fit"
              },
              "large": {
                "w": 1080,
                "h": 1152,
                "resize": "fit"
              },
              "thumb": {
                "w": 150,
                "h": 150,
                "resize": "crop"
              },
              "medium": {
                "w": 1080,
                "h": 1152,
                "resize": "fit"
              }
            },
            "media_url": "http://pbs.twimg.com/media/ELJ02oLXYAAn2qB.jpg",
            "media_url_https": "https://pbs.twimg.com/media/ELJ02oLXYAAn2qB.jpg",
            "type": "photo"
          }
        ],
        "urls": []
      },
      "retweeted": false,
      "contributors": null,
      "retweet_count": 0,
      "favorited": false,
      "in_reply_to_user_id": 33808317,
      "lang": "es",
      "in_reply_to_status_id": null
    },
    {
      "source": "<a href=\"http://twitter.com/download/android\" rel=\"nofollow\">Twitter for Android</a>",
      "favorite_count": 0,
      "geo": null,
      "created_at": "Sat Dec 07 02:40:26 +0000 2019",
      "in_reply_to_screen_name": null,
      "id": 1203142192967176192,
      "place": null,
      "is_quote_status": false,
      "in_reply_to_user_id_str": null,
      "id_str": "1203142192967176192",
      "in_reply_to_status_id_str": null,
      "text": "RT @JuanSheput: Que no sorprenda que esos 2000 millones de soles en consultorías empiecen a “opinar” diciéndonos que estamos de maravillas…",
      "metadata": {
        "result_type": "recent",
        "iso_language_code": "es"
      },
      "truncated": false,
      "user": {
        "profile_background_color": "0099B9",
        "following": false,
        "profile_banner_url": "https://pbs.twimg.com/profile_banners/116507978/1444853382",
        "profile_background_image_url": "http://abs.twimg.com/images/themes/theme1/bg.png",
        "profile_use_background_image": true,
        "id": 116507978,
        "statuses_count": 3592,
        "is_translator": false,
        "verified": false,
        "location": "PERU",
        "geo_enabled": true,
        "translator_type": "none",
        "created_at": "Mon Feb 22 18:20:20 +0000 2010",
        "description": "Soy Coach y facilitador del desarrollo personal, realizo talleres de Motivación y Liderazgo. Ademas desarrollo equipos comerciales en el sistema financiero.",
        "friends_count": 363,
        "profile_text_color": "3C3940",
        "profile_image_url_https": "https://pbs.twimg.com/profile_images/874084447066497024/vSVhSxUU_normal.jpg",
        "profile_background_image_url_https": "https://abs.twimg.com/images/themes/theme1/bg.png",
        "contributors_enabled": false,
        "profile_link_color": "0099B9",
        "time_zone": null,
        "entities": {
          "description": {
            "urls": []
          }
        },
        "notifications": false,
        "favourites_count": 2685,
        "profile_sidebar_fill_color": "95E8EC",
        "follow_request_sent": false,
        "utc_offset": null,
        "protected": false,
        "id_str": "116507978",
        "screen_name": "boriscoaching",
        "lang": null,
        "profile_image_url": "http://pbs.twimg.com/profile_images/874084447066497024/vSVhSxUU_normal.jpg",
        "listed_count": 0,
        "is_translation_enabled": false,
        "followers_count": 86,
        "has_extended_profile": true,
        "url": null,
        "default_profile": false,
        "name": "Boris Meneses",
        "default_profile_image": false,
        "profile_sidebar_border_color": "FFFFFF",
        "profile_background_tile": false
      },
      "coordinates": null,
      "entities": {
        "symbols": [],
        "user_mentions": [
          {
            "id": 33808317,
            "id_str": "33808317",
            "name": "Juan Sheput",
            "screen_name": "JuanSheput",
            "indices": [
              3,
              14
            ]
          }
        ],
        "hashtags": [],
        "urls": []
      },
      "retweeted": false,
      "contributors": null,
      "retweet_count": 208,
      "favorited": false,
      "in_reply_to_user_id": null,
      "lang": "es",
      "retweeted_status": {
        "source": "<a href=\"http://twitter.com/download/iphone\" rel=\"nofollow\">Twitter for iPhone</a>",
        "favorite_count": 565,
        "geo": null,
        "created_at": "Tue Dec 03 15:48:55 +0000 2019",
        "in_reply_to_screen_name": null,
        "id": 1201891070713438215,
        "place": null,
        "is_quote_status": false,
        "in_reply_to_user_id_str": null,
        "id_str": "1201891070713438215",
        "in_reply_to_status_id_str": null,
        "text": "Que no sorprenda que esos 2000 millones de soles en consultorías empiecen a “opinar” diciéndonos que estamos de mar… https://t.co/dv7VD6uNWT",
        "metadata": {
          "result_type": "recent",
          "iso_language_code": "es"
        },
        "truncated": true,
        "user": {
          "profile_background_color": "709397",
          "following": false,
          "profile_banner_url": "https://pbs.twimg.com/profile_banners/33808317/1575502631",
          "profile_background_image_url": "http://abs.twimg.com/images/themes/theme6/bg.gif",
          "profile_use_background_image": true,
          "id": 33808317,
          "statuses_count": 32563,
          "is_translator": false,
          "verified": false,
          "location": "Lima, Peru",
          "geo_enabled": true,
          "translator_type": "regular",
          "created_at": "Tue Apr 21 04:16:04 +0000 2009",
          "description": "Político e ingeniero.",
          "friends_count": 2852,
          "profile_text_color": "333333",
          "profile_image_url_https": "https://pbs.twimg.com/profile_images/1198258955702689792/BbeZX9o5_normal.jpg",
          "profile_background_image_url_https": "https://abs.twimg.com/images/themes/theme6/bg.gif",
          "contributors_enabled": false,
          "profile_link_color": "FF3300",
          "time_zone": null,
          "entities": {
            "url": {
              "urls": [
                {
                  "expanded_url": "http://juansheput.pe/",
                  "url": "https://t.co/3zZcrUrOAX",
                  "indices": [
                    0,
                    23
                  ],
                  "display_url": "juansheput.pe"
                }
              ]
            },
            "description": {
              "urls": []
            }
          },
          "notifications": false,
          "favourites_count": 15299,
          "profile_sidebar_fill_color": "A0C5C7",
          "follow_request_sent": false,
          "utc_offset": null,
          "protected": false,
          "id_str": "33808317",
          "screen_name": "JuanSheput",
          "lang": null,
          "profile_image_url": "http://pbs.twimg.com/profile_images/1198258955702689792/BbeZX9o5_normal.jpg",
          "listed_count": 583,
          "is_translation_enabled": false,
          "followers_count": 185932,
          "has_extended_profile": false,
          "url": "https://t.co/3zZcrUrOAX",
          "default_profile": false,
          "name": "Juan Sheput",
          "default_profile_image": false,
          "profile_sidebar_border_color": "86A4A6",
          "profile_background_tile": false
        },
        "coordinates": null,
        "entities": {
          "symbols": [],
          "user_mentions": [],
          "hashtags": [],
          "urls": [
            {
              "expanded_url": "https://twitter.com/i/web/status/1201891070713438215",
              "url": "https://t.co/dv7VD6uNWT",
              "indices": [
                117,
                140
              ],
              "display_url": "twitter.com/i/web/status/1…"
            }
          ]
        },
        "retweeted": false,
        "contributors": null,
        "retweet_count": 208,
        "favorited": false,
        "in_reply_to_user_id": null,
        "lang": "es",
        "in_reply_to_status_id": null
      },
      "in_reply_to_status_id": null
    },
    {
      "source": "<a href=\"http://twitter.com/download/android\" rel=\"nofollow\">Twitter for Android</a>",
      "favorite_count": 0,
      "geo": null,
      "created_at": "Sat Dec 07 01:52:56 +0000 2019",
      "in_reply_to_screen_name": null,
      "id": 1203130238940651520,
      "place": null,
      "is_quote_status": false,
      "in_reply_to_user_id_str": null,
      "id_str": "1203130238940651520",
      "in_reply_to_status_id_str": null,
      "text": "RT @Tana59641489: @CONTIGO_pe @larepublica_pe @JuanSheput @gilbertvioleta @SalvadorHeresi @atvmasnoticias @atvpe @RPPNoticias @elcomercio_p…",
      "metadata": {
        "result_type": "recent",
        "iso_language_code": "es"
      },
      "truncated": false,
      "user": {
        "profile_background_color": "C0DEED",
        "following": false,
        "profile_banner_url": "https://pbs.twimg.com/profile_banners/150513906/1569856687",
        "profile_background_image_url": "http://abs.twimg.com/images/themes/theme1/bg.png",
        "profile_use_background_image": true,
        "id": 150513906,
        "statuses_count": 3863,
        "is_translator": false,
        "verified": false,
        "location": "Bayonne, NJ / Lima ",
        "geo_enabled": false,
        "translator_type": "none",
        "created_at": "Tue Jun 01 03:40:40 +0000 2010",
        "description": "Patriota 🇵🇪, amante de la vida, Ing. Prevencionista de Seguridad,   hijo del Mar y muy orgulloso de mis tres Princesas.",
        "friends_count": 514,
        "profile_text_color": "333333",
        "profile_image_url_https": "https://pbs.twimg.com/profile_images/1175047717980127235/OJDrbgmb_normal.jpg",
        "profile_background_image_url_https": "https://abs.twimg.com/images/themes/theme1/bg.png",
        "contributors_enabled": false,
        "profile_link_color": "1DA1F2",
        "time_zone": null,
        "entities": {
          "description": {
            "urls": []
          }
        },
        "notifications": false,
        "favourites_count": 12052,
        "profile_sidebar_fill_color": "DDEEF6",
        "follow_request_sent": false,
        "utc_offset": null,
        "protected": false,
        "id_str": "150513906",
        "screen_name": "mistermaguro",
        "lang": null,
        "profile_image_url": "http://pbs.twimg.com/profile_images/1175047717980127235/OJDrbgmb_normal.jpg",
        "listed_count": 0,
        "is_translation_enabled": false,
        "followers_count": 97,
        "has_extended_profile": false,
        "url": null,
        "default_profile": true,
        "name": "E. Ruidiaz Z.",
        "default_profile_image": false,
        "profile_sidebar_border_color": "C0DEED",
        "profile_background_tile": false
      },
      "coordinates": null,
      "entities": {
        "symbols": [],
        "user_mentions": [
          {
            "id": 858913376109547521,
            "id_str": "858913376109547521",
            "name": "Tana",
            "screen_name": "Tana59641489",
            "indices": [
              3,
              16
            ]
          },
          {
            "id": 3093249670,
            "id_str": "3093249670",
            "name": "Partido Político CONTIGO 🇵🇪",
            "screen_name": "CONTIGO_pe",
            "indices": [
              18,
              29
            ]
          },
          {
            "id": 66746614,
            "id_str": "66746614",
            "name": "Diario La República",
            "screen_name": "larepublica_pe",
            "indices": [
              30,
              45
            ]
          },
          {
            "id": 33808317,
            "id_str": "33808317",
            "name": "Juan Sheput",
            "screen_name": "JuanSheput",
            "indices": [
              46,
              57
            ]
          },
          {
            "id": 71054324,
            "id_str": "71054324",
            "name": "Gilbert Violeta",
            "screen_name": "gilbertvioleta",
            "indices": [
              58,
              73
            ]
          },
          {
            "id": 350460605,
            "id_str": "350460605",
            "name": "Salvador Heresi",
            "screen_name": "SalvadorHeresi",
            "indices": [
              74,
              89
            ]
          },
          {
            "id": 1231444076,
            "id_str": "1231444076",
            "name": "ATV+ Noticias",
            "screen_name": "atvmasnoticias",
            "indices": [
              90,
              105
            ]
          },
          {
            "id": 153590993,
            "id_str": "153590993",
            "name": "ATV",
            "screen_name": "atvpe",
            "indices": [
              106,
              112
            ]
          },
          {
            "id": 9075022,
            "id_str": "9075022",
            "name": "RPP Noticias",
            "screen_name": "RPPNoticias",
            "indices": [
              113,
              125
            ]
          }
        ],
        "hashtags": [],
        "urls": []
      },
      "retweeted": false,
      "contributors": null,
      "retweet_count": 11,
      "favorited": false,
      "in_reply_to_user_id": null,
      "lang": "es",
      "retweeted_status": {
        "source": "<a href=\"http://twitter.com/download/android\" rel=\"nofollow\">Twitter for Android</a>",
        "favorite_count": 23,
        "geo": null,
        "created_at": "Mon Dec 02 22:07:43 +0000 2019",
        "in_reply_to_screen_name": "CONTIGO_pe",
        "id": 1201624010246766593,
        "place": null,
        "is_quote_status": false,
        "in_reply_to_user_id_str": "3093249670",
        "id_str": "1201624010246766593",
        "in_reply_to_status_id_str": "1201594107052904448",
        "text": "@CONTIGO_pe @larepublica_pe @JuanSheput @gilbertvioleta @SalvadorHeresi @atvmasnoticias @atvpe @RPPNoticias… https://t.co/Qnnh2cKZbC",
        "metadata": {
          "result_type": "recent",
          "iso_language_code": "es"
        },
        "truncated": true,
        "user": {
          "profile_background_color": "F5F8FA",
          "following": false,
          "profile_banner_url": "https://pbs.twimg.com/profile_banners/858913376109547521/1526082904",
          "profile_background_image_url": null,
          "profile_use_background_image": true,
          "id": 858913376109547521,
          "statuses_count": 52253,
          "is_translator": false,
          "verified": false,
          "location": "",
          "geo_enabled": false,
          "translator_type": "none",
          "created_at": "Mon May 01 05:18:01 +0000 2017",
          "description": "",
          "friends_count": 273,
          "profile_text_color": "333333",
          "profile_image_url_https": "https://pbs.twimg.com/profile_images/1150169585917812737/qpAP6Rab_normal.jpg",
          "profile_background_image_url_https": null,
          "contributors_enabled": false,
          "profile_link_color": "1DA1F2",
          "time_zone": null,
          "entities": {
            "description": {
              "urls": []
            }
          },
          "notifications": false,
          "favourites_count": 57882,
          "profile_sidebar_fill_color": "DDEEF6",
          "follow_request_sent": false,
          "utc_offset": null,
          "protected": false,
          "id_str": "858913376109547521",
          "screen_name": "Tana59641489",
          "lang": null,
          "profile_image_url": "http://pbs.twimg.com/profile_images/1150169585917812737/qpAP6Rab_normal.jpg",
          "listed_count": 0,
          "is_translation_enabled": false,
          "followers_count": 614,
          "has_extended_profile": false,
          "url": null,
          "default_profile": true,
          "name": "Tana",
          "default_profile_image": false,
          "profile_sidebar_border_color": "C0DEED",
          "profile_background_tile": false
        },
        "possibly_sensitive": false,
        "coordinates": null,
        "entities": {
          "symbols": [],
          "user_mentions": [
            {
              "id": 3093249670,
              "id_str": "3093249670",
              "name": "Partido Político CONTIGO 🇵🇪",
              "screen_name": "CONTIGO_pe",
              "indices": [
                0,
                11
              ]
            },
            {
              "id": 66746614,
              "id_str": "66746614",
              "name": "Diario La República",
              "screen_name": "larepublica_pe",
              "indices": [
                12,
                27
              ]
            },
            {
              "id": 33808317,
              "id_str": "33808317",
              "name": "Juan Sheput",
              "screen_name": "JuanSheput",
              "indices": [
                28,
                39
              ]
            },
            {
              "id": 71054324,
              "id_str": "71054324",
              "name": "Gilbert Violeta",
              "screen_name": "gilbertvioleta",
              "indices": [
                40,
                55
              ]
            },
            {
              "id": 350460605,
              "id_str": "350460605",
              "name": "Salvador Heresi",
              "screen_name": "SalvadorHeresi",
              "indices": [
                56,
                71
              ]
            },
            {
              "id": 1231444076,
              "id_str": "1231444076",
              "name": "ATV+ Noticias",
              "screen_name": "atvmasnoticias",
              "indices": [
                72,
                87
              ]
            },
            {
              "id": 153590993,
              "id_str": "153590993",
              "name": "ATV",
              "screen_name": "atvpe",
              "indices": [
                88,
                94
              ]
            },
            {
              "id": 9075022,
              "id_str": "9075022",
              "name": "RPP Noticias",
              "screen_name": "RPPNoticias",
              "indices": [
                95,
                107
              ]
            }
          ],
          "hashtags": [],
          "urls": [
            {
              "expanded_url": "https://twitter.com/i/web/status/1201624010246766593",
              "url": "https://t.co/Qnnh2cKZbC",
              "indices": [
                109,
                132
              ],
              "display_url": "twitter.com/i/web/status/1…"
            }
          ]
        },
        "retweeted": false,
        "contributors": null,
        "retweet_count": 11,
        "favorited": false,
        "in_reply_to_user_id": 3093249670,
        "lang": "es",
        "in_reply_to_status_id": 1201594107052904448
      },
      "in_reply_to_status_id": null
    },
    {
      "source": "<a href=\"http://twitter.com/download/android\" rel=\"nofollow\">Twitter for Android</a>",
      "favorite_count": 0,
      "geo": null,
      "created_at": "Sat Dec 07 00:19:21 +0000 2019",
      "in_reply_to_screen_name": "JuanSheput",
      "id": 1203106687953059840,
      "place": null,
      "is_quote_status": false,
      "in_reply_to_user_id_str": "33808317",
      "id_str": "1203106687953059840",
      "in_reply_to_status_id_str": "1202291091162222601",
      "text": "@JuanSheput Oye escoria ya quisieras ser tú pero eres muy bruto.!!!\n\n.",
      "metadata": {
        "result_type": "recent",
        "iso_language_code": "es"
      },
      "truncated": false,
      "user": {
        "profile_background_color": "F5F8FA",
        "following": false,
        "profile_link_color": "1DA1F2",
        "profile_background_image_url": null,
        "profile_use_background_image": true,
        "id": 985242199842607104,
        "statuses_count": 1238,
        "is_translator": false,
        "verified": false,
        "location": "",
        "geo_enabled": false,
        "translator_type": "none",
        "created_at": "Sat Apr 14 19:43:40 +0000 2018",
        "description": "",
        "friends_count": 14,
        "profile_text_color": "333333",
        "profile_image_url_https": "https://abs.twimg.com/sticky/default_profile_images/default_profile_normal.png",
        "profile_background_image_url_https": null,
        "contributors_enabled": false,
        "time_zone": null,
        "entities": {
          "description": {
            "urls": []
          }
        },
        "notifications": false,
        "favourites_count": 34,
        "profile_sidebar_fill_color": "DDEEF6",
        "follow_request_sent": false,
        "utc_offset": null,
        "protected": false,
        "id_str": "985242199842607104",
        "screen_name": "PattyMoreira16",
        "lang": null,
        "profile_image_url": "http://abs.twimg.com/sticky/default_profile_images/default_profile_normal.png",
        "listed_count": 0,
        "is_translation_enabled": false,
        "followers_count": 2,
        "has_extended_profile": true,
        "url": null,
        "default_profile": true,
        "name": "Patty Moreira",
        "default_profile_image": true,
        "profile_sidebar_border_color": "C0DEED",
        "profile_background_tile": false
      },
      "coordinates": null,
      "entities": {
        "symbols": [],
        "user_mentions": [
          {
            "id": 33808317,
            "id_str": "33808317",
            "name": "Juan Sheput",
            "screen_name": "JuanSheput",
            "indices": [
              0,
              11
            ]
          }
        ],
        "hashtags": [],
        "urls": []
      },
      "retweeted": false,
      "contributors": null,
      "retweet_count": 0,
      "favorited": false,
      "in_reply_to_user_id": 33808317,
      "lang": "es",
      "in_reply_to_status_id": 1202291091162222601
    },
    {
      "source": "<a href=\"http://twitter.com/download/android\" rel=\"nofollow\">Twitter for Android</a>",
      "favorite_count": 0,
      "geo": null,
      "created_at": "Sat Dec 07 00:10:16 +0000 2019",
      "in_reply_to_screen_name": null,
      "id": 1203104401310785543,
      "place": null,
      "is_quote_status": true,
      "in_reply_to_user_id_str": null,
      "id_str": "1203104401310785543",
      "in_reply_to_status_id_str": null,
      "text": "RT @elarcb: Es en serio el llamado, estimado @hectorbecerrilr??? Bueno aviso entonces a @SalvadorHeresi @JuanSheput @BarackObama también 😂😂…",
      "metadata": {
        "result_type": "recent",
        "iso_language_code": "es"
      },
      "truncated": false,
      "user": {
        "profile_background_color": "C0DEED",
        "following": false,
        "profile_link_color": "1DA1F2",
        "profile_background_image_url": "http://abs.twimg.com/images/themes/theme1/bg.png",
        "profile_use_background_image": true,
        "id": 1083245544,
        "statuses_count": 6065,
        "is_translator": false,
        "verified": false,
        "location": "Lima, Peru",
        "geo_enabled": false,
        "translator_type": "none",
        "created_at": "Sat Jan 12 15:13:22 +0000 2013",
        "description": "administrador hotelero 🇵🇪\nViajero, explorador y activista",
        "friends_count": 55,
        "profile_text_color": "333333",
        "profile_image_url_https": "https://pbs.twimg.com/profile_images/970313882311983105/-vsLqXHj_normal.jpg",
        "profile_background_image_url_https": "https://abs.twimg.com/images/themes/theme1/bg.png",
        "contributors_enabled": false,
        "time_zone": null,
        "entities": {
          "description": {
            "urls": []
          }
        },
        "notifications": false,
        "favourites_count": 7349,
        "profile_sidebar_fill_color": "DDEEF6",
        "follow_request_sent": false,
        "utc_offset": null,
        "protected": false,
        "id_str": "1083245544",
        "screen_name": "deyvimtes",
        "lang": null,
        "profile_image_url": "http://pbs.twimg.com/profile_images/970313882311983105/-vsLqXHj_normal.jpg",
        "listed_count": 0,
        "is_translation_enabled": false,
        "followers_count": 57,
        "has_extended_profile": true,
        "url": null,
        "default_profile": true,
        "name": "David",
        "default_profile_image": false,
        "profile_sidebar_border_color": "C0DEED",
        "profile_background_tile": false
      },
      "coordinates": null,
      "entities": {
        "symbols": [],
        "user_mentions": [
          {
            "id": 126520566,
            "id_str": "126520566",
            "name": "Elar Condori Benavides 🇵🇪💪♻️🌎",
            "screen_name": "elarcb",
            "indices": [
              3,
              10
            ]
          },
          {
            "id": 525822471,
            "id_str": "525822471",
            "name": "HÉCTOR BECERRIL R.",
            "screen_name": "hectorbecerrilr",
            "indices": [
              45,
              61
            ]
          },
          {
            "id": 350460605,
            "id_str": "350460605",
            "name": "Salvador Heresi",
            "screen_name": "SalvadorHeresi",
            "indices": [
              88,
              103
            ]
          },
          {
            "id": 33808317,
            "id_str": "33808317",
            "name": "Juan Sheput",
            "screen_name": "JuanSheput",
            "indices": [
              104,
              115
            ]
          },
          {
            "id": 813286,
            "id_str": "813286",
            "name": "Barack Obama",
            "screen_name": "BarackObama",
            "indices": [
              116,
              128
            ]
          }
        ],
        "hashtags": [],
        "urls": []
      },
      "retweeted": false,
      "contributors": null,
      "retweet_count": 1,
      "quoted_status_id": 1203044124699570176,
      "favorited": false,
      "in_reply_to_user_id": null,
      "lang": "es",
      "retweeted_status": {
        "source": "<a href=\"http://twitter.com/download/android\" rel=\"nofollow\">Twitter for Android</a>",
        "favorite_count": 6,
        "geo": null,
        "created_at": "Fri Dec 06 21:33:27 +0000 2019",
        "in_reply_to_screen_name": null,
        "id": 1203064935342727168,
        "place": null,
        "is_quote_status": true,
        "in_reply_to_user_id_str": null,
        "id_str": "1203064935342727168",
        "in_reply_to_status_id_str": null,
        "text": "Es en serio el llamado, estimado @hectorbecerrilr??? Bueno aviso entonces a @SalvadorHeresi @JuanSheput… https://t.co/qTjcHEyz1i",
        "metadata": {
          "result_type": "recent",
          "iso_language_code": "es"
        },
        "truncated": true,
        "user": {
          "profile_background_color": "B2DFDA",
          "following": false,
          "profile_banner_url": "https://pbs.twimg.com/profile_banners/126520566/1537395249",
          "profile_background_image_url": "http://abs.twimg.com/images/themes/theme13/bg.gif",
          "profile_use_background_image": true,
          "id": 126520566,
          "statuses_count": 1614,
          "is_translator": false,
          "verified": false,
          "location": "Lima - Peru",
          "geo_enabled": true,
          "translator_type": "none",
          "created_at": "Fri Mar 26 03:52:48 +0000 2010",
          "description": "Especialista en Gestión y Políticas Públicas (PUCP-UP). Gestor Público y Comunicador Social de Profesión. Docente Universitario por afición.",
          "friends_count": 2821,
          "profile_text_color": "333333",
          "profile_image_url_https": "https://pbs.twimg.com/profile_images/1188799597000515585/M_fF3hUf_normal.jpg",
          "profile_background_image_url_https": "https://abs.twimg.com/images/themes/theme13/bg.gif",
          "contributors_enabled": false,
          "profile_link_color": "93A644",
          "time_zone": null,
          "entities": {
            "url": {
              "urls": [
                {
                  "expanded_url": "https://www.facebook.com/elar.condoribenavides",
                  "url": "https://t.co/NHqFiblRut",
                  "indices": [
                    0,
                    23
                  ],
                  "display_url": "facebook.com/elar.condoribe…"
                }
              ]
            },
            "description": {
              "urls": []
            }
          },
          "notifications": false,
          "favourites_count": 5790,
          "profile_sidebar_fill_color": "FFFFFF",
          "follow_request_sent": false,
          "utc_offset": null,
          "protected": false,
          "id_str": "126520566",
          "screen_name": "elarcb",
          "lang": null,
          "profile_image_url": "http://pbs.twimg.com/profile_images/1188799597000515585/M_fF3hUf_normal.jpg",
          "listed_count": 2,
          "is_translation_enabled": false,
          "followers_count": 1308,
          "has_extended_profile": true,
          "url": "https://t.co/NHqFiblRut",
          "default_profile": false,
          "name": "Elar Condori Benavides 🇵🇪💪♻️🌎",
          "default_profile_image": false,
          "profile_sidebar_border_color": "EEEEEE",
          "profile_background_tile": false
        },
        "possibly_sensitive": false,
        "coordinates": null,
        "entities": {
          "symbols": [],
          "user_mentions": [
            {
              "id": 525822471,
              "id_str": "525822471",
              "name": "HÉCTOR BECERRIL R.",
              "screen_name": "hectorbecerrilr",
              "indices": [
                33,
                49
              ]
            },
            {
              "id": 350460605,
              "id_str": "350460605",
              "name": "Salvador Heresi",
              "screen_name": "SalvadorHeresi",
              "indices": [
                76,
                91
              ]
            },
            {
              "id": 33808317,
              "id_str": "33808317",
              "name": "Juan Sheput",
              "screen_name": "JuanSheput",
              "indices": [
                92,
                103
              ]
            }
          ],
          "hashtags": [],
          "urls": [
            {
              "expanded_url": "https://twitter.com/i/web/status/1203064935342727168",
              "url": "https://t.co/qTjcHEyz1i",
              "indices": [
                105,
                128
              ],
              "display_url": "twitter.com/i/web/status/1…"
            }
          ]
        },
        "retweeted": false,
        "quoted_status": {
          "source": "<a href=\"http://twitter.com/download/iphone\" rel=\"nofollow\">Twitter for iPhone</a>",
          "favorite_count": 586,
          "geo": null,
          "created_at": "Fri Dec 06 20:10:45 +0000 2019",
          "in_reply_to_screen_name": null,
          "id": 1203044124699570176,
          "place": null,
          "is_quote_status": false,
          "in_reply_to_user_id_str": null,
          "id_str": "1203044124699570176",
          "in_reply_to_status_id_str": null,
          "text": "Sr.Pdte.del Congreso de la República, ante los irregulares pagos que hizo Vizcarra durante su gestión como Gobernad… https://t.co/7CjDcjUIh9",
          "metadata": {
            "result_type": "recent",
            "iso_language_code": "es"
          },
          "truncated": true,
          "user": {
            "profile_background_color": "F77118",
            "following": false,
            "profile_banner_url": "https://pbs.twimg.com/profile_banners/525822471/1382547761",
            "profile_background_image_url": "http://abs.twimg.com/images/themes/theme1/bg.png",
            "profile_use_background_image": false,
            "id": 525822471,
            "statuses_count": 9834,
            "is_translator": false,
            "verified": false,
            "location": "Representante de  Lambayeque ",
            "geo_enabled": true,
            "translator_type": "none",
            "created_at": "Thu Mar 15 22:50:06 +0000 2012",
            "description": "Congresista de la República de Perú, Perteneciente al Partido Fuerza Popular",
            "friends_count": 512,
            "profile_text_color": "333333",
            "profile_image_url_https": "https://pbs.twimg.com/profile_images/378800000637558402/f693b658043a5dbd171b31dce6a4918c_normal.jpeg",
            "profile_background_image_url_https": "https://abs.twimg.com/images/themes/theme1/bg.png",
            "contributors_enabled": false,
            "profile_link_color": "0084B4",
            "time_zone": null,
            "entities": {
              "description": {
                "urls": []
              }
            },
            "notifications": false,
            "favourites_count": 684,
            "profile_sidebar_fill_color": "DDEEF6",
            "follow_request_sent": false,
            "utc_offset": null,
            "protected": false,
            "id_str": "525822471",
            "screen_name": "hectorbecerrilr",
            "lang": null,
            "profile_image_url": "http://pbs.twimg.com/profile_images/378800000637558402/f693b658043a5dbd171b31dce6a4918c_normal.jpeg",
            "listed_count": 204,
            "is_translation_enabled": false,
            "followers_count": 128038,
            "has_extended_profile": true,
            "url": null,
            "default_profile": false,
            "name": "HÉCTOR BECERRIL R.",
            "default_profile_image": false,
            "profile_sidebar_border_color": "000000",
            "profile_background_tile": false
          },
          "coordinates": null,
          "entities": {
            "symbols": [],
            "user_mentions": [],
            "hashtags": [],
            "urls": [
              {
                "expanded_url": "https://twitter.com/i/web/status/1203044124699570176",
                "url": "https://t.co/7CjDcjUIh9",
                "indices": [
                  117,
                  140
                ],
                "display_url": "twitter.com/i/web/status/1…"
              }
            ]
          },
          "retweeted": false,
          "contributors": null,
          "retweet_count": 237,
          "favorited": false,
          "in_reply_to_user_id": null,
          "lang": "es",
          "in_reply_to_status_id": null
        },
        "contributors": null,
        "retweet_count": 1,
        "quoted_status_id": 1203044124699570176,
        "favorited": false,
        "in_reply_to_user_id": null,
        "lang": "es",
        "in_reply_to_status_id": null,
        "quoted_status_id_str": "1203044124699570176"
      },
      "quoted_status_id_str": "1203044124699570176",
      "in_reply_to_status_id": null
    },
    {
      "source": "<a href=\"https://mobile.twitter.com\" rel=\"nofollow\">Twitter Web App</a>",
      "favorite_count": 0,
      "geo": null,
      "created_at": "Fri Dec 06 23:16:56 +0000 2019",
      "in_reply_to_screen_name": "Politica_LR",
      "id": 1203090981475803137,
      "place": null,
      "is_quote_status": false,
      "in_reply_to_user_id_str": "829750511624679424",
      "id_str": "1203090981475803137",
      "in_reply_to_status_id_str": "1202767994620960768",
      "text": "@Politica_LR @JuanSheput Mala leche , Rosa Bartra !!",
      "metadata": {
        "result_type": "recent",
        "iso_language_code": "it"
      },
      "truncated": false,
      "user": {
        "profile_background_color": "C0DEED",
        "following": false,
        "profile_banner_url": "https://pbs.twimg.com/profile_banners/49196765/1571932571",
        "profile_background_image_url": "http://abs.twimg.com/images/themes/theme1/bg.png",
        "profile_use_background_image": true,
        "id": 49196765,
        "statuses_count": 3436,
        "is_translator": false,
        "verified": false,
        "location": "New Jersey, USA",
        "geo_enabled": true,
        "translator_type": "none",
        "created_at": "Sun Jun 21 02:12:16 +0000 2009",
        "description": "Egresado de la Jose Pardo (electrónica)",
        "friends_count": 117,
        "profile_text_color": "333333",
        "profile_image_url_https": "https://pbs.twimg.com/profile_images/1043315314207981568/NIZU8O2Y_normal.jpg",
        "profile_background_image_url_https": "https://abs.twimg.com/images/themes/theme1/bg.png",
        "contributors_enabled": false,
        "profile_link_color": "1DA1F2",
        "time_zone": null,
        "entities": {
          "description": {
            "urls": []
          }
        },
        "notifications": false,
        "favourites_count": 2203,
        "profile_sidebar_fill_color": "DDEEF6",
        "follow_request_sent": false,
        "utc_offset": null,
        "protected": false,
        "id_str": "49196765",
        "screen_name": "skrean64",
        "lang": null,
        "profile_image_url": "http://pbs.twimg.com/profile_images/1043315314207981568/NIZU8O2Y_normal.jpg",
        "listed_count": 0,
        "is_translation_enabled": false,
        "followers_count": 49,
        "has_extended_profile": false,
        "url": null,
        "default_profile": true,
        "name": "cesar",
        "default_profile_image": false,
        "profile_sidebar_border_color": "C0DEED",
        "profile_background_tile": false
      },
      "coordinates": null,
      "entities": {
        "symbols": [],
        "user_mentions": [
          {
            "id": 829750511624679424,
            "id_str": "829750511624679424",
            "name": "Política LRepública",
            "screen_name": "Politica_LR",
            "indices": [
              0,
              12
            ]
          },
          {
            "id": 33808317,
            "id_str": "33808317",
            "name": "Juan Sheput",
            "screen_name": "JuanSheput",
            "indices": [
              13,
              24
            ]
          }
        ],
        "hashtags": [],
        "urls": []
      },
      "retweeted": false,
      "contributors": null,
      "retweet_count": 0,
      "favorited": false,
      "in_reply_to_user_id": 829750511624679424,
      "lang": "it",
      "in_reply_to_status_id": 1202767994620960768
    },
    {
      "source": "<a href=\"http://twitter.com/download/iphone\" rel=\"nofollow\">Twitter for iPhone</a>",
      "favorite_count": 0,
      "geo": null,
      "created_at": "Fri Dec 06 23:07:39 +0000 2019",
      "in_reply_to_screen_name": null,
      "id": 1203088642308280320,
      "place": null,
      "is_quote_status": false,
      "in_reply_to_user_id_str": null,
      "id_str": "1203088642308280320",
      "in_reply_to_status_id_str": null,
      "text": "RT @JuanSheput: Hugo Coya confirma en @Cuarto_Poder qué ministro Petrozzi le pidió la renuncia por orden de Martín Vizcarra. “Dos funcionar…",
      "metadata": {
        "result_type": "recent",
        "iso_language_code": "es"
      },
      "truncated": false,
      "user": {
        "profile_background_color": "F5F8FA",
        "following": false,
        "profile_banner_url": "https://pbs.twimg.com/profile_banners/1115325065476939776/1554773101",
        "profile_background_image_url": null,
        "profile_use_background_image": true,
        "id": 1115325065476939776,
        "statuses_count": 1114,
        "is_translator": false,
        "verified": false,
        "location": "Lima peru",
        "geo_enabled": false,
        "translator_type": "none",
        "created_at": "Mon Apr 08 18:46:32 +0000 2019",
        "description": "Empresario transporte Vivo con Honor Para Alcanzar la Gloria ...anti comunista ..TERRORISMO NUNCA MAS..",
        "friends_count": 114,
        "profile_text_color": "333333",
        "profile_image_url_https": "https://pbs.twimg.com/profile_images/1115325407111385088/fMzLEGtk_normal.jpg",
        "profile_background_image_url_https": null,
        "contributors_enabled": false,
        "profile_link_color": "1DA1F2",
        "time_zone": null,
        "entities": {
          "description": {
            "urls": []
          }
        },
        "notifications": false,
        "favourites_count": 2895,
        "profile_sidebar_fill_color": "DDEEF6",
        "follow_request_sent": false,
        "utc_offset": null,
        "protected": false,
        "id_str": "1115325065476939776",
        "screen_name": "JeansTerranova",
        "lang": null,
        "profile_image_url": "http://pbs.twimg.com/profile_images/1115325407111385088/fMzLEGtk_normal.jpg",
        "listed_count": 0,
        "is_translation_enabled": false,
        "followers_count": 37,
        "has_extended_profile": false,
        "url": null,
        "default_profile": true,
        "name": "jeans terranova",
        "default_profile_image": false,
        "profile_sidebar_border_color": "C0DEED",
        "profile_background_tile": false
      },
      "coordinates": null,
      "entities": {
        "symbols": [],
        "user_mentions": [
          {
            "id": 33808317,
            "id_str": "33808317",
            "name": "Juan Sheput",
            "screen_name": "JuanSheput",
            "indices": [
              3,
              14
            ]
          },
          {
            "id": 53775366,
            "id_str": "53775366",
            "name": "Cuarto Poder",
            "screen_name": "Cuarto_Poder",
            "indices": [
              38,
              51
            ]
          }
        ],
        "hashtags": [],
        "urls": []
      },
      "retweeted": false,
      "contributors": null,
      "retweet_count": 571,
      "favorited": false,
      "in_reply_to_user_id": null,
      "lang": "es",
      "retweeted_status": {
        "source": "<a href=\"http://twitter.com/download/iphone\" rel=\"nofollow\">Twitter for iPhone</a>",
        "favorite_count": 1372,
        "geo": null,
        "created_at": "Mon Dec 02 01:28:22 +0000 2019",
        "in_reply_to_screen_name": null,
        "id": 1201312114574594048,
        "place": null,
        "is_quote_status": false,
        "in_reply_to_user_id_str": null,
        "id_str": "1201312114574594048",
        "in_reply_to_status_id_str": null,
        "text": "Hugo Coya confirma en @Cuarto_Poder qué ministro Petrozzi le pidió la renuncia por orden de Martín Vizcarra. “Dos f… https://t.co/W9GSVdA2Jj",
        "metadata": {
          "result_type": "recent",
          "iso_language_code": "es"
        },
        "truncated": true,
        "user": {
          "profile_background_color": "709397",
          "following": false,
          "profile_banner_url": "https://pbs.twimg.com/profile_banners/33808317/1575502631",
          "profile_background_image_url": "http://abs.twimg.com/images/themes/theme6/bg.gif",
          "profile_use_background_image": true,
          "id": 33808317,
          "statuses_count": 32563,
          "is_translator": false,
          "verified": false,
          "location": "Lima, Peru",
          "geo_enabled": true,
          "translator_type": "regular",
          "created_at": "Tue Apr 21 04:16:04 +0000 2009",
          "description": "Político e ingeniero.",
          "friends_count": 2852,
          "profile_text_color": "333333",
          "profile_image_url_https": "https://pbs.twimg.com/profile_images/1198258955702689792/BbeZX9o5_normal.jpg",
          "profile_background_image_url_https": "https://abs.twimg.com/images/themes/theme6/bg.gif",
          "contributors_enabled": false,
          "profile_link_color": "FF3300",
          "time_zone": null,
          "entities": {
            "url": {
              "urls": [
                {
                  "expanded_url": "http://juansheput.pe/",
                  "url": "https://t.co/3zZcrUrOAX",
                  "indices": [
                    0,
                    23
                  ],
                  "display_url": "juansheput.pe"
                }
              ]
            },
            "description": {
              "urls": []
            }
          },
          "notifications": false,
          "favourites_count": 15299,
          "profile_sidebar_fill_color": "A0C5C7",
          "follow_request_sent": false,
          "utc_offset": null,
          "protected": false,
          "id_str": "33808317",
          "screen_name": "JuanSheput",
          "lang": null,
          "profile_image_url": "http://pbs.twimg.com/profile_images/1198258955702689792/BbeZX9o5_normal.jpg",
          "listed_count": 583,
          "is_translation_enabled": false,
          "followers_count": 185932,
          "has_extended_profile": false,
          "url": "https://t.co/3zZcrUrOAX",
          "default_profile": false,
          "name": "Juan Sheput",
          "default_profile_image": false,
          "profile_sidebar_border_color": "86A4A6",
          "profile_background_tile": false
        },
        "coordinates": null,
        "entities": {
          "symbols": [],
          "user_mentions": [
            {
              "id": 53775366,
              "id_str": "53775366",
              "name": "Cuarto Poder",
              "screen_name": "Cuarto_Poder",
              "indices": [
                22,
                35
              ]
            }
          ],
          "hashtags": [],
          "urls": [
            {
              "expanded_url": "https://twitter.com/i/web/status/1201312114574594048",
              "url": "https://t.co/W9GSVdA2Jj",
              "indices": [
                117,
                140
              ],
              "display_url": "twitter.com/i/web/status/1…"
            }
          ]
        },
        "retweeted": false,
        "contributors": null,
        "retweet_count": 571,
        "favorited": false,
        "in_reply_to_user_id": null,
        "lang": "es",
        "in_reply_to_status_id": null
      },
      "in_reply_to_status_id": null
    },
    {
      "source": "<a href=\"https://mobile.twitter.com\" rel=\"nofollow\">Twitter Web App</a>",
      "favorite_count": 0,
      "geo": null,
      "created_at": "Fri Dec 06 22:45:06 +0000 2019",
      "in_reply_to_screen_name": null,
      "id": 1203082966416666624,
      "place": null,
      "is_quote_status": true,
      "in_reply_to_user_id_str": null,
      "id_str": "1203082966416666624",
      "in_reply_to_status_id_str": null,
      "text": "RT @March25Peru: José  Antonio Anderson es un gran abogado Pro Vida y Pro Familia. @joseandersonab1 @JoseAndersonT \nMarca el partido Contig…",
      "metadata": {
        "result_type": "recent",
        "iso_language_code": "es"
      },
      "truncated": false,
      "user": {
        "profile_background_color": "F5F8FA",
        "following": false,
        "profile_banner_url": "https://pbs.twimg.com/profile_banners/900710502170537986/1504152585",
        "profile_background_image_url": null,
        "profile_use_background_image": true,
        "id": 900710502170537986,
        "statuses_count": 1743,
        "is_translator": false,
        "verified": false,
        "location": "",
        "geo_enabled": false,
        "translator_type": "none",
        "created_at": "Thu Aug 24 13:24:52 +0000 2017",
        "description": "",
        "friends_count": 94,
        "profile_text_color": "333333",
        "profile_image_url_https": "https://pbs.twimg.com/profile_images/1046018987455377412/OgiGvv55_normal.jpg",
        "profile_background_image_url_https": null,
        "contributors_enabled": false,
        "profile_link_color": "1DA1F2",
        "time_zone": null,
        "entities": {
          "description": {
            "urls": []
          }
        },
        "notifications": false,
        "favourites_count": 3306,
        "profile_sidebar_fill_color": "DDEEF6",
        "follow_request_sent": false,
        "utc_offset": null,
        "protected": false,
        "id_str": "900710502170537986",
        "screen_name": "MnicaValderrama",
        "lang": null,
        "profile_image_url": "http://pbs.twimg.com/profile_images/1046018987455377412/OgiGvv55_normal.jpg",
        "listed_count": 0,
        "is_translation_enabled": false,
        "followers_count": 24,
        "has_extended_profile": false,
        "url": null,
        "default_profile": true,
        "name": "MónicaVM",
        "default_profile_image": false,
        "profile_sidebar_border_color": "C0DEED",
        "profile_background_tile": false
      },
      "coordinates": null,
      "entities": {
        "symbols": [],
        "user_mentions": [
          {
            "id": 841881934103994370,
            "id_str": "841881934103994370",
            "name": "YoVotoProVida",
            "screen_name": "March25Peru",
            "indices": [
              3,
              15
            ]
          },
          {
            "id": 913157020403982336,
            "id_str": "913157020403982336",
            "name": "Jose Antonio Anderson",
            "screen_name": "joseandersonab1",
            "indices": [
              83,
              99
            ]
          },
          {
            "id": 2598806875,
            "id_str": "2598806875",
            "name": "Jose Anderson ",
            "screen_name": "JoseAndersonT",
            "indices": [
              100,
              114
            ]
          }
        ],
        "hashtags": [],
        "urls": []
      },
      "retweeted": false,
      "contributors": null,
      "retweet_count": 7,
      "quoted_status_id": 1202679838366150656,
      "favorited": false,
      "in_reply_to_user_id": null,
      "lang": "es",
      "retweeted_status": {
        "source": "<a href=\"https://mobile.twitter.com\" rel=\"nofollow\">Twitter Web App</a>",
        "favorite_count": 8,
        "geo": null,
        "created_at": "Fri Dec 06 14:31:59 +0000 2019",
        "in_reply_to_screen_name": null,
        "id": 1202958870525571073,
        "place": null,
        "is_quote_status": true,
        "in_reply_to_user_id_str": null,
        "id_str": "1202958870525571073",
        "in_reply_to_status_id_str": null,
        "text": "José  Antonio Anderson es un gran abogado Pro Vida y Pro Familia. @joseandersonab1 @JoseAndersonT \nMarca el partido… https://t.co/T6RGj6v0nj",
        "metadata": {
          "result_type": "recent",
          "iso_language_code": "es"
        },
        "truncated": true,
        "user": {
          "profile_background_color": "F5F8FA",
          "following": false,
          "profile_link_color": "1DA1F2",
          "profile_background_image_url": null,
          "profile_use_background_image": true,
          "id": 841881934103994370,
          "statuses_count": 37412,
          "is_translator": false,
          "verified": false,
          "location": "",
          "geo_enabled": false,
          "translator_type": "none",
          "created_at": "Wed Mar 15 05:21:09 +0000 2017",
          "description": "Voto cristiano católico solo para candidatos Pro Vida y Pro Familia reconocidos.",
          "friends_count": 3099,
          "profile_text_color": "333333",
          "profile_image_url_https": "https://abs.twimg.com/sticky/default_profile_images/default_profile_normal.png",
          "profile_background_image_url_https": null,
          "contributors_enabled": false,
          "time_zone": null,
          "entities": {
            "description": {
              "urls": []
            }
          },
          "notifications": false,
          "favourites_count": 22693,
          "profile_sidebar_fill_color": "DDEEF6",
          "follow_request_sent": false,
          "utc_offset": null,
          "protected": false,
          "id_str": "841881934103994370",
          "screen_name": "March25Peru",
          "lang": null,
          "profile_image_url": "http://abs.twimg.com/sticky/default_profile_images/default_profile_normal.png",
          "listed_count": 3,
          "is_translation_enabled": false,
          "followers_count": 678,
          "has_extended_profile": false,
          "url": null,
          "default_profile": true,
          "name": "YoVotoProVida",
          "default_profile_image": true,
          "profile_sidebar_border_color": "C0DEED",
          "profile_background_tile": false
        },
        "possibly_sensitive": false,
        "coordinates": null,
        "entities": {
          "symbols": [],
          "user_mentions": [
            {
              "id": 913157020403982336,
              "id_str": "913157020403982336",
              "name": "Jose Antonio Anderson",
              "screen_name": "joseandersonab1",
              "indices": [
                66,
                82
              ]
            },
            {
              "id": 2598806875,
              "id_str": "2598806875",
              "name": "Jose Anderson ",
              "screen_name": "JoseAndersonT",
              "indices": [
                83,
                97
              ]
            }
          ],
          "hashtags": [],
          "urls": [
            {
              "expanded_url": "https://twitter.com/i/web/status/1202958870525571073",
              "url": "https://t.co/T6RGj6v0nj",
              "indices": [
                117,
                140
              ],
              "display_url": "twitter.com/i/web/status/1…"
            }
          ]
        },
        "retweeted": false,
        "quoted_status": {
          "source": "<a href=\"https://mobile.twitter.com\" rel=\"nofollow\">Twitter Web App</a>",
          "favorite_count": 8,
          "geo": null,
          "created_at": "Thu Dec 05 20:03:12 +0000 2019",
          "in_reply_to_screen_name": null,
          "id": 1202679838366150656,
          "place": null,
          "is_quote_status": false,
          "in_reply_to_user_id_str": null,
          "id_str": "1202679838366150656",
          "in_reply_to_status_id_str": null,
          "text": "Aquí en el programa #DisensoElectoral con Alberto González poniendo las cosas claras con respecto a nuestros plante… https://t.co/YSsT92saSR",
          "metadata": {
            "result_type": "recent",
            "iso_language_code": "es"
          },
          "truncated": true,
          "user": {
            "profile_background_color": "C0DEED",
            "following": false,
            "profile_banner_url": "https://pbs.twimg.com/profile_banners/2598806875/1575046366",
            "profile_background_image_url": "http://abs.twimg.com/images/themes/theme1/bg.png",
            "profile_use_background_image": true,
            "id": 2598806875,
            "statuses_count": 882,
            "is_translator": false,
            "verified": false,
            "location": "",
            "geo_enabled": false,
            "translator_type": "none",
            "created_at": "Wed Jul 02 00:28:02 +0000 2014",
            "description": "Nuestro Partido Político es Contigo, porque la Revolución es ahora, es Contigo!",
            "friends_count": 1034,
            "profile_text_color": "333333",
            "profile_image_url_https": "https://pbs.twimg.com/profile_images/1200457580432306178/mIMl4GlC_normal.jpg",
            "profile_background_image_url_https": "https://abs.twimg.com/images/themes/theme1/bg.png",
            "contributors_enabled": false,
            "profile_link_color": "1DA1F2",
            "time_zone": null,
            "entities": {
              "description": {
                "urls": []
              }
            },
            "notifications": false,
            "favourites_count": 4773,
            "profile_sidebar_fill_color": "DDEEF6",
            "follow_request_sent": false,
            "utc_offset": null,
            "protected": false,
            "id_str": "2598806875",
            "screen_name": "JoseAndersonT",
            "lang": null,
            "profile_image_url": "http://pbs.twimg.com/profile_images/1200457580432306178/mIMl4GlC_normal.jpg",
            "listed_count": 0,
            "is_translation_enabled": false,
            "followers_count": 200,
            "has_extended_profile": false,
            "url": null,
            "default_profile": true,
            "name": "Jose Anderson ",
            "default_profile_image": false,
            "profile_sidebar_border_color": "C0DEED",
            "profile_background_tile": false
          },
          "possibly_sensitive": false,
          "coordinates": null,
          "entities": {
            "symbols": [],
            "user_mentions": [],
            "hashtags": [
              {
                "indices": [
                  20,
                  37
                ],
                "text": "DisensoElectoral"
              }
            ],
            "urls": [
              {
                "expanded_url": "https://twitter.com/i/web/status/1202679838366150656",
                "url": "https://t.co/YSsT92saSR",
                "indices": [
                  117,
                  140
                ],
                "display_url": "twitter.com/i/web/status/1…"
              }
            ]
          },
          "retweeted": false,
          "contributors": null,
          "retweet_count": 7,
          "favorited": false,
          "in_reply_to_user_id": null,
          "lang": "es",
          "in_reply_to_status_id": null
        },
        "contributors": null,
        "retweet_count": 7,
        "quoted_status_id": 1202679838366150656,
        "favorited": false,
        "in_reply_to_user_id": null,
        "lang": "es",
        "in_reply_to_status_id": null,
        "quoted_status_id_str": "1202679838366150656"
      },
      "quoted_status_id_str": "1202679838366150656",
      "in_reply_to_status_id": null
    }
  ]
}