{
  "data": [
    {
      "source": "<a href=\"https://mobile.twitter.com\" rel=\"nofollow\">Twitter Web App</a>",
      "is_quote_status": false,
      "truncated": false,
      "id": 1213550450731036672,
      "metadata": {
        "result_type": "recent",
        "iso_language_code": "es"
      },
      "favorite_count": 0,
      "created_at": "Sat Jan 04 19:59:08 +0000 2020",
      "contributors": null,
      "user": {
        "profile_sidebar_border_color": "C0DEED",
        "following": false,
        "profile_sidebar_fill_color": "DDEEF6",
        "profile_link_color": "1DA1F2",
        "profile_banner_url": "https://pbs.twimg.com/profile_banners/887721733813399552/1578016005",
        "name": "Nieto",
        "profile_background_tile": false,
        "profile_text_color": "333333",
        "friends_count": 31,
        "id": 887721733813399552,
        "screen_name": "GabrielaLanieto",
        "profile_use_background_image": true,
        "description": "Chola Power, Mama de Hananpacha🐈,  Booklover y comediante frustrada 😋 #Maestria ULima Taxition&FiscalPolicy",
        "created_at": "Wed Jul 19 17:12:09 +0000 2017",
        "contributors_enabled": false,
        "url": null,
        "default_profile": true,
        "notifications": false,
        "profile_background_image_url_https": null,
        "profile_image_url": "http://pbs.twimg.com/profile_images/1186090583221309441/RvJzMJgQ_normal.jpg",
        "statuses_count": 376,
        "listed_count": 2,
        "favourites_count": 1132,
        "utc_offset": null,
        "time_zone": null,
        "verified": false,
        "location": "",
        "profile_background_image_url": null,
        "translator_type": "none",
        "entities": {
          "description": {
            "urls": []
          }
        },
        "follow_request_sent": false,
        "has_extended_profile": false,
        "default_profile_image": false,
        "is_translation_enabled": false,
        "geo_enabled": false,
        "followers_count": 54,
        "protected": false,
        "id_str": "887721733813399552",
        "profile_background_color": "F5F8FA",
        "lang": null,
        "profile_image_url_https": "https://pbs.twimg.com/profile_images/1186090583221309441/RvJzMJgQ_normal.jpg",
        "is_translator": false
      },
      "in_reply_to_status_id_str": "1213218146724777984",
      "place": null,
      "id_str": "1213550450731036672",
      "retweeted": false,
      "text": "@khabia @malditaternura @EnriqueFCHA, no puso su nombre",
      "in_reply_to_status_id": 1213218146724777984,
      "entities": {
        "hashtags": [],
        "urls": [],
        "user_mentions": [
          {
            "id_str": "301097061",
            "indices": [
              0,
              7
            ],
            "id": 301097061,
            "screen_name": "khabia",
            "name": "Liliana Amesquita"
          },
          {
            "id_str": "261955501",
            "indices": [
              8,
              23
            ],
            "id": 261955501,
            "screen_name": "malditaternura",
            "name": "beto ortiz"
          },
          {
            "id_str": "1017875140313518081",
            "indices": [
              24,
              36
            ],
            "id": 1017875140313518081,
            "screen_name": "EnriqueFCHA",
            "name": "Enrique Fernández Chacón"
          }
        ],
        "symbols": []
      },
      "favorited": false,
      "geo": null,
      "in_reply_to_user_id_str": "301097061",
      "coordinates": null,
      "retweet_count": 0,
      "in_reply_to_user_id": 301097061,
      "lang": "es",
      "in_reply_to_screen_name": "khabia"
    },
    {
      "source": "<a href=\"https://mobile.twitter.com\" rel=\"nofollow\">Twitter Web App</a>",
      "is_quote_status": false,
      "truncated": true,
      "id": 1213547084911202304,
      "metadata": {
        "result_type": "recent",
        "iso_language_code": "es"
      },
      "favorite_count": 0,
      "created_at": "Sat Jan 04 19:45:46 +0000 2020",
      "contributors": null,
      "user": {
        "profile_sidebar_border_color": "C0DEED",
        "following": false,
        "profile_sidebar_fill_color": "DDEEF6",
        "profile_link_color": "1DA1F2",
        "profile_banner_url": "https://pbs.twimg.com/profile_banners/887721733813399552/1578016005",
        "name": "Nieto",
        "profile_background_tile": false,
        "profile_text_color": "333333",
        "friends_count": 31,
        "id": 887721733813399552,
        "screen_name": "GabrielaLanieto",
        "profile_use_background_image": true,
        "description": "Chola Power, Mama de Hananpacha🐈,  Booklover y comediante frustrada 😋 #Maestria ULima Taxition&FiscalPolicy",
        "created_at": "Wed Jul 19 17:12:09 +0000 2017",
        "contributors_enabled": false,
        "url": null,
        "default_profile": true,
        "notifications": false,
        "profile_background_image_url_https": null,
        "profile_image_url": "http://pbs.twimg.com/profile_images/1186090583221309441/RvJzMJgQ_normal.jpg",
        "statuses_count": 376,
        "listed_count": 2,
        "favourites_count": 1132,
        "utc_offset": null,
        "time_zone": null,
        "verified": false,
        "location": "",
        "profile_background_image_url": null,
        "translator_type": "none",
        "entities": {
          "description": {
            "urls": []
          }
        },
        "follow_request_sent": false,
        "has_extended_profile": false,
        "default_profile_image": false,
        "is_translation_enabled": false,
        "geo_enabled": false,
        "followers_count": 54,
        "protected": false,
        "id_str": "887721733813399552",
        "profile_background_color": "F5F8FA",
        "lang": null,
        "profile_image_url_https": "https://pbs.twimg.com/profile_images/1186090583221309441/RvJzMJgQ_normal.jpg",
        "is_translator": false
      },
      "in_reply_to_status_id_str": "1213250378688536576",
      "place": null,
      "id_str": "1213547084911202304",
      "retweeted": false,
      "text": "@mafersuarezcano @malditaternura @rosamariabartra Siiiiii @EnriqueFCHA , me gustó su entrevista cuando se rio en su… https://t.co/Xn1WTfY3wW",
      "in_reply_to_status_id": 1213250378688536576,
      "entities": {
        "hashtags": [],
        "urls": [
          {
            "display_url": "twitter.com/i/web/status/1…",
            "expanded_url": "https://twitter.com/i/web/status/1213547084911202304",
            "url": "https://t.co/Xn1WTfY3wW",
            "indices": [
              117,
              140
            ]
          }
        ],
        "user_mentions": [
          {
            "id_str": "457180236",
            "indices": [
              0,
              16
            ],
            "id": 457180236,
            "screen_name": "mafersuarezcano",
            "name": "Marifer"
          },
          {
            "id_str": "261955501",
            "indices": [
              17,
              32
            ],
            "id": 261955501,
            "screen_name": "malditaternura",
            "name": "beto ortiz"
          },
          {
            "id_str": "67978697",
            "indices": [
              33,
              49
            ],
            "id": 67978697,
            "screen_name": "rosamariabartra",
            "name": "Rosa María Bartra"
          },
          {
            "id_str": "1017875140313518081",
            "indices": [
              58,
              70
            ],
            "id": 1017875140313518081,
            "screen_name": "EnriqueFCHA",
            "name": "Enrique Fernández Chacón"
          }
        ],
        "symbols": []
      },
      "favorited": false,
      "geo": null,
      "in_reply_to_user_id_str": "457180236",
      "coordinates": null,
      "retweet_count": 0,
      "in_reply_to_user_id": 457180236,
      "lang": "es",
      "in_reply_to_screen_name": "mafersuarezcano"
    },
    {
      "source": "<a href=\"http://twitter.com/download/android\" rel=\"nofollow\">Twitter for Android</a>",
      "is_quote_status": false,
      "truncated": false,
      "id": 1213528986703273985,
      "metadata": {
        "result_type": "recent",
        "iso_language_code": "es"
      },
      "retweet_count": 11,
      "created_at": "Sat Jan 04 18:33:51 +0000 2020",
      "contributors": null,
      "favorite_count": 0,
      "user": {
        "profile_sidebar_border_color": "C0DEED",
        "following": false,
        "profile_sidebar_fill_color": "DDEEF6",
        "profile_link_color": "1DA1F2",
        "profile_banner_url": "https://pbs.twimg.com/profile_banners/1144342205856792576/1577417212",
        "name": "kuaritas",
        "profile_background_tile": false,
        "profile_text_color": "333333",
        "friends_count": 859,
        "id": 1144342205856792576,
        "screen_name": "Kuaras1",
        "profile_use_background_image": true,
        "description": "apasionada a la política 💕🌹👁️",
        "created_at": "Thu Jun 27 20:30:17 +0000 2019",
        "contributors_enabled": false,
        "url": null,
        "default_profile": true,
        "notifications": false,
        "profile_background_image_url_https": null,
        "profile_image_url": "http://pbs.twimg.com/profile_images/1210401479904972801/Vkjq4oMK_normal.jpg",
        "statuses_count": 22404,
        "listed_count": 3,
        "favourites_count": 78542,
        "utc_offset": null,
        "time_zone": null,
        "verified": false,
        "location": "",
        "profile_background_image_url": null,
        "translator_type": "none",
        "entities": {
          "description": {
            "urls": []
          }
        },
        "follow_request_sent": false,
        "has_extended_profile": false,
        "default_profile_image": false,
        "is_translation_enabled": false,
        "geo_enabled": false,
        "followers_count": 1353,
        "protected": false,
        "id_str": "1144342205856792576",
        "profile_background_color": "F5F8FA",
        "lang": null,
        "profile_image_url_https": "https://pbs.twimg.com/profile_images/1210401479904972801/Vkjq4oMK_normal.jpg",
        "is_translator": false
      },
      "in_reply_to_status_id_str": null,
      "place": null,
      "retweeted_status": {
        "source": "<a href=\"http://twitter.com/download/android\" rel=\"nofollow\">Twitter for Android</a>",
        "is_quote_status": false,
        "truncated": true,
        "id": 1213446438354599937,
        "metadata": {
          "result_type": "recent",
          "iso_language_code": "es"
        },
        "favorite_count": 33,
        "created_at": "Sat Jan 04 13:05:50 +0000 2020",
        "contributors": null,
        "user": {
          "profile_sidebar_border_color": "000000",
          "following": false,
          "profile_sidebar_fill_color": "000000",
          "profile_link_color": "19CF86",
          "profile_banner_url": "https://pbs.twimg.com/profile_banners/1017875140313518081/1574901757",
          "name": "Enrique Fernández Chacón",
          "profile_background_tile": false,
          "profile_text_color": "000000",
          "friends_count": 938,
          "id": 1017875140313518081,
          "screen_name": "EnriqueFCHA",
          "profile_use_background_image": false,
          "description": "Político de toda la vida 🇵🇪\n#ConElVotoTambiénSeLucha ✊",
          "created_at": "Fri Jul 13 20:55:19 +0000 2018",
          "contributors_enabled": false,
          "url": "https://t.co/ADxvD9uedS",
          "default_profile": false,
          "notifications": false,
          "profile_background_image_url_https": "https://abs.twimg.com/images/themes/theme1/bg.png",
          "profile_image_url": "http://pbs.twimg.com/profile_images/1199851035688390656/7gFPEwlG_normal.jpg",
          "statuses_count": 3955,
          "listed_count": 21,
          "favourites_count": 8126,
          "utc_offset": null,
          "time_zone": null,
          "verified": false,
          "location": "Lima, Peru",
          "profile_background_image_url": "http://abs.twimg.com/images/themes/theme1/bg.png",
          "translator_type": "none",
          "entities": {
            "description": {
              "urls": []
            },
            "url": {
              "urls": [
                {
                  "display_url": "facebook.com/enriquecochero/",
                  "expanded_url": "https://www.facebook.com/enriquecochero/",
                  "url": "https://t.co/ADxvD9uedS",
                  "indices": [
                    0,
                    23
                  ]
                }
              ]
            }
          },
          "follow_request_sent": false,
          "has_extended_profile": false,
          "default_profile_image": false,
          "is_translation_enabled": false,
          "geo_enabled": true,
          "followers_count": 9852,
          "protected": false,
          "id_str": "1017875140313518081",
          "profile_background_color": "000000",
          "lang": null,
          "profile_image_url_https": "https://pbs.twimg.com/profile_images/1199851035688390656/7gFPEwlG_normal.jpg",
          "is_translator": false
        },
        "in_reply_to_status_id_str": null,
        "place": null,
        "id_str": "1213446438354599937",
        "lang": "es",
        "retweeted": false,
        "text": "#Elecciones2020 | Mañana 05/01 estaremos recorriendo el mercado Valle Sagrado de San Juan de Lurigancho junto al ca… https://t.co/xxQmY3akCg",
        "in_reply_to_status_id": null,
        "entities": {
          "hashtags": [
            {
              "indices": [
                0,
                15
              ],
              "text": "Elecciones2020"
            }
          ],
          "urls": [
            {
              "display_url": "twitter.com/i/web/status/1…",
              "expanded_url": "https://twitter.com/i/web/status/1213446438354599937",
              "url": "https://t.co/xxQmY3akCg",
              "indices": [
                117,
                140
              ]
            }
          ],
          "user_mentions": [],
          "symbols": []
        },
        "favorited": false,
        "geo": null,
        "in_reply_to_user_id_str": null,
        "coordinates": null,
        "retweet_count": 11,
        "in_reply_to_user_id": null,
        "possibly_sensitive": false,
        "in_reply_to_screen_name": null
      },
      "retweeted": false,
      "text": "RT @EnriqueFCHA: #Elecciones2020 | Mañana 05/01 estaremos recorriendo el mercado Valle Sagrado de San Juan de Lurigancho junto al candidato…",
      "in_reply_to_status_id": null,
      "entities": {
        "hashtags": [
          {
            "indices": [
              17,
              32
            ],
            "text": "Elecciones2020"
          }
        ],
        "urls": [],
        "user_mentions": [
          {
            "id_str": "1017875140313518081",
            "indices": [
              3,
              15
            ],
            "id": 1017875140313518081,
            "screen_name": "EnriqueFCHA",
            "name": "Enrique Fernández Chacón"
          }
        ],
        "symbols": []
      },
      "favorited": false,
      "geo": null,
      "in_reply_to_user_id_str": null,
      "coordinates": null,
      "id_str": "1213528986703273985",
      "in_reply_to_user_id": null,
      "lang": "es",
      "in_reply_to_screen_name": null
    },
    {
      "source": "<a href=\"https://mobile.twitter.com\" rel=\"nofollow\">Twitter Web App</a>",
      "is_quote_status": false,
      "truncated": false,
      "id": 1213525341295304708,
      "metadata": {
        "result_type": "recent",
        "iso_language_code": "es"
      },
      "favorite_count": 0,
      "created_at": "Sat Jan 04 18:19:22 +0000 2020",
      "contributors": null,
      "user": {
        "profile_sidebar_border_color": "C0DEED",
        "following": false,
        "profile_sidebar_fill_color": "DDEEF6",
        "profile_link_color": "1DA1F2",
        "profile_banner_url": "https://pbs.twimg.com/profile_banners/1196839239427723265/1575908374",
        "name": "Paby Cáceres",
        "profile_background_tile": false,
        "profile_text_color": "333333",
        "friends_count": 101,
        "id": 1196839239427723265,
        "screen_name": "PabyCaceres11",
        "profile_use_background_image": true,
        "description": "Abogado y migrante. Especialista en Derecho Constitucional y DDHH. Lucho contra las injusticias sociales. Candidato por el Frente Amplio en Lima con el #11",
        "created_at": "Tue Nov 19 17:15:09 +0000 2019",
        "contributors_enabled": false,
        "url": "https://t.co/4p8TljYSmA",
        "default_profile": true,
        "notifications": false,
        "profile_background_image_url_https": null,
        "profile_image_url": "http://pbs.twimg.com/profile_images/1196839388648529922/Big2hAzA_normal.jpg",
        "statuses_count": 31,
        "listed_count": 0,
        "favourites_count": 9,
        "utc_offset": null,
        "time_zone": null,
        "verified": false,
        "location": "Ate.",
        "profile_background_image_url": null,
        "translator_type": "none",
        "entities": {
          "description": {
            "urls": []
          },
          "url": {
            "urls": [
              {
                "display_url": "facebook.com/paby11",
                "expanded_url": "https://www.facebook.com/paby11",
                "url": "https://t.co/4p8TljYSmA",
                "indices": [
                  0,
                  23
                ]
              }
            ]
          }
        },
        "follow_request_sent": false,
        "has_extended_profile": false,
        "default_profile_image": false,
        "is_translation_enabled": false,
        "geo_enabled": false,
        "followers_count": 10,
        "protected": false,
        "id_str": "1196839239427723265",
        "profile_background_color": "F5F8FA",
        "lang": null,
        "profile_image_url_https": "https://pbs.twimg.com/profile_images/1196839388648529922/Big2hAzA_normal.jpg",
        "is_translator": false
      },
      "in_reply_to_status_id_str": "1213446438354599937",
      "place": null,
      "id_str": "1213525341295304708",
      "retweeted": false,
      "text": "@EnriqueFCHA ¡Allí estaremos!",
      "in_reply_to_status_id": 1213446438354599937,
      "entities": {
        "hashtags": [],
        "urls": [],
        "user_mentions": [
          {
            "id_str": "1017875140313518081",
            "indices": [
              0,
              12
            ],
            "id": 1017875140313518081,
            "screen_name": "EnriqueFCHA",
            "name": "Enrique Fernández Chacón"
          }
        ],
        "symbols": []
      },
      "favorited": false,
      "geo": null,
      "in_reply_to_user_id_str": "1017875140313518081",
      "coordinates": null,
      "retweet_count": 0,
      "in_reply_to_user_id": 1017875140313518081,
      "lang": "es",
      "in_reply_to_screen_name": "EnriqueFCHA"
    },
    {
      "source": "<a href=\"https://mobile.twitter.com\" rel=\"nofollow\">Twitter Web App</a>",
      "is_quote_status": false,
      "truncated": true,
      "id": 1213517797202046976,
      "metadata": {
        "result_type": "recent",
        "iso_language_code": "es"
      },
      "favorite_count": 0,
      "created_at": "Sat Jan 04 17:49:23 +0000 2020",
      "contributors": null,
      "user": {
        "profile_sidebar_border_color": "FFFFFF",
        "following": false,
        "profile_sidebar_fill_color": "000000",
        "profile_link_color": "BD31A1",
        "profile_banner_url": "https://pbs.twimg.com/profile_banners/14541101/1576205683",
        "name": "Farid Matuk",
        "profile_background_tile": false,
        "profile_text_color": "949494",
        "friends_count": 271,
        "id": 14541101,
        "screen_name": "matuk",
        "profile_use_background_image": true,
        "description": ": ESTUDIOS https://t.co/0FqEW0yVzs & https://t.co/A0JmKt8Nc6 / FUNCIONARIO ocho años / CONSULTOR once años / CATEDRATICO doce años",
        "created_at": "Sat Apr 26 07:11:07 +0000 2008",
        "contributors_enabled": false,
        "url": "https://t.co/oH66GabBTm",
        "default_profile": false,
        "notifications": false,
        "profile_background_image_url_https": "https://abs.twimg.com/images/themes/theme9/bg.gif",
        "profile_image_url": "http://pbs.twimg.com/profile_images/744714031655690244/v8tW2U_L_normal.jpg",
        "statuses_count": 58772,
        "listed_count": 251,
        "favourites_count": 50,
        "utc_offset": null,
        "time_zone": null,
        "verified": false,
        "location": "+51 999350650",
        "profile_background_image_url": "http://abs.twimg.com/images/themes/theme9/bg.gif",
        "translator_type": "none",
        "entities": {
          "description": {
            "urls": [
              {
                "display_url": "pucp.edu.pe",
                "expanded_url": "http://pucp.edu.pe",
                "url": "https://t.co/0FqEW0yVzs",
                "indices": [
                  11,
                  34
                ]
              },
              {
                "display_url": "uottawa.ca",
                "expanded_url": "http://uottawa.ca",
                "url": "https://t.co/A0JmKt8Nc6",
                "indices": [
                  37,
                  60
                ]
              }
            ]
          },
          "url": {
            "urls": [
              {
                "display_url": "29x55.tumblr.com",
                "expanded_url": "https://29x55.tumblr.com/",
                "url": "https://t.co/oH66GabBTm",
                "indices": [
                  0,
                  23
                ]
              }
            ]
          }
        },
        "follow_request_sent": false,
        "has_extended_profile": true,
        "default_profile_image": false,
        "is_translation_enabled": false,
        "geo_enabled": true,
        "followers_count": 30636,
        "protected": false,
        "id_str": "14541101",
        "profile_background_color": "000000",
        "lang": null,
        "profile_image_url_https": "https://pbs.twimg.com/profile_images/744714031655690244/v8tW2U_L_normal.jpg",
        "is_translator": false
      },
      "in_reply_to_status_id_str": "1213517204991422464",
      "place": null,
      "id_str": "1213517797202046976",
      "retweeted": false,
      "text": "@pepezapatal @ErickaUgarteB @EnriqueFCHA @Acuseperu Mi posición como candidato está fundamentada, hasta donde conoz… https://t.co/u1ym2PU864",
      "in_reply_to_status_id": 1213517204991422464,
      "entities": {
        "hashtags": [],
        "urls": [
          {
            "display_url": "twitter.com/i/web/status/1…",
            "expanded_url": "https://twitter.com/i/web/status/1213517797202046976",
            "url": "https://t.co/u1ym2PU864",
            "indices": [
              117,
              140
            ]
          }
        ],
        "user_mentions": [
          {
            "id_str": "1167202350",
            "indices": [
              0,
              12
            ],
            "id": 1167202350,
            "screen_name": "pepezapatal",
            "name": "Pepe Zapata"
          },
          {
            "id_str": "317983329",
            "indices": [
              13,
              27
            ],
            "id": 317983329,
            "screen_name": "ErickaUgarteB",
            "name": "Erika Ugarte B."
          },
          {
            "id_str": "1017875140313518081",
            "indices": [
              28,
              40
            ],
            "id": 1017875140313518081,
            "screen_name": "EnriqueFCHA",
            "name": "Enrique Fernández Chacón"
          },
          {
            "id_str": "55895571",
            "indices": [
              41,
              51
            ],
            "id": 55895571,
            "screen_name": "Acuseperu",
            "name": "GABRIEL BUSTAMANTE SÁNCHEZ"
          }
        ],
        "symbols": []
      },
      "favorited": false,
      "geo": null,
      "in_reply_to_user_id_str": "1167202350",
      "coordinates": null,
      "retweet_count": 0,
      "in_reply_to_user_id": 1167202350,
      "lang": "es",
      "in_reply_to_screen_name": "pepezapatal"
    },
    {
      "source": "<a href=\"http://twitter.com/download/iphone\" rel=\"nofollow\">Twitter for iPhone</a>",
      "is_quote_status": false,
      "truncated": true,
      "id": 1213517204991422464,
      "metadata": {
        "result_type": "recent",
        "iso_language_code": "es"
      },
      "favorite_count": 0,
      "created_at": "Sat Jan 04 17:47:02 +0000 2020",
      "contributors": null,
      "user": {
        "profile_sidebar_border_color": "C0DEED",
        "following": false,
        "profile_sidebar_fill_color": "DDEEF6",
        "profile_link_color": "1DA1F2",
        "profile_banner_url": "https://pbs.twimg.com/profile_banners/1167202350/1469078315",
        "name": "Pepe Zapata",
        "profile_background_tile": false,
        "profile_text_color": "333333",
        "friends_count": 495,
        "id": 1167202350,
        "screen_name": "pepezapatal",
        "profile_use_background_image": true,
        "description": "Regla de Transito Politica : Prohibido Voltear a la Derecha.",
        "created_at": "Sun Feb 10 22:31:47 +0000 2013",
        "contributors_enabled": false,
        "url": null,
        "default_profile": true,
        "notifications": false,
        "profile_background_image_url_https": "https://abs.twimg.com/images/themes/theme1/bg.png",
        "profile_image_url": "http://pbs.twimg.com/profile_images/755992729298018304/dtacWQBt_normal.jpg",
        "statuses_count": 18463,
        "listed_count": 2,
        "favourites_count": 16679,
        "utc_offset": null,
        "time_zone": null,
        "verified": false,
        "location": "",
        "profile_background_image_url": "http://abs.twimg.com/images/themes/theme1/bg.png",
        "translator_type": "none",
        "entities": {
          "description": {
            "urls": []
          }
        },
        "follow_request_sent": false,
        "has_extended_profile": false,
        "default_profile_image": false,
        "is_translation_enabled": false,
        "geo_enabled": true,
        "followers_count": 239,
        "protected": false,
        "id_str": "1167202350",
        "profile_background_color": "C0DEED",
        "lang": null,
        "profile_image_url_https": "https://pbs.twimg.com/profile_images/755992729298018304/dtacWQBt_normal.jpg",
        "is_translator": false
      },
      "in_reply_to_status_id_str": "1213514639188938752",
      "place": null,
      "id_str": "1213517204991422464",
      "retweeted": false,
      "text": "@matuk @ErickaUgarteB @EnriqueFCHA Por favor, no me escuelee. Fundamente la Propuesta en mayor detalle. Yo le he pl… https://t.co/MzvhNjozFR",
      "in_reply_to_status_id": 1213514639188938752,
      "entities": {
        "hashtags": [],
        "urls": [
          {
            "display_url": "twitter.com/i/web/status/1…",
            "expanded_url": "https://twitter.com/i/web/status/1213517204991422464",
            "url": "https://t.co/MzvhNjozFR",
            "indices": [
              117,
              140
            ]
          }
        ],
        "user_mentions": [
          {
            "id_str": "14541101",
            "indices": [
              0,
              6
            ],
            "id": 14541101,
            "screen_name": "matuk",
            "name": "Farid Matuk"
          },
          {
            "id_str": "317983329",
            "indices": [
              7,
              21
            ],
            "id": 317983329,
            "screen_name": "ErickaUgarteB",
            "name": "Erika Ugarte B."
          },
          {
            "id_str": "1017875140313518081",
            "indices": [
              22,
              34
            ],
            "id": 1017875140313518081,
            "screen_name": "EnriqueFCHA",
            "name": "Enrique Fernández Chacón"
          }
        ],
        "symbols": []
      },
      "favorited": false,
      "geo": null,
      "in_reply_to_user_id_str": "14541101",
      "coordinates": null,
      "retweet_count": 0,
      "in_reply_to_user_id": 14541101,
      "lang": "es",
      "in_reply_to_screen_name": "matuk"
    },
    {
      "source": "<a href=\"https://mobile.twitter.com\" rel=\"nofollow\">Twitter Web App</a>",
      "is_quote_status": false,
      "truncated": false,
      "id": 1213514639188938752,
      "metadata": {
        "result_type": "recent",
        "iso_language_code": "es"
      },
      "favorite_count": 0,
      "created_at": "Sat Jan 04 17:36:50 +0000 2020",
      "contributors": null,
      "user": {
        "profile_sidebar_border_color": "FFFFFF",
        "following": false,
        "profile_sidebar_fill_color": "000000",
        "profile_link_color": "BD31A1",
        "profile_banner_url": "https://pbs.twimg.com/profile_banners/14541101/1576205683",
        "name": "Farid Matuk",
        "profile_background_tile": false,
        "profile_text_color": "949494",
        "friends_count": 271,
        "id": 14541101,
        "screen_name": "matuk",
        "profile_use_background_image": true,
        "description": ": ESTUDIOS https://t.co/0FqEW0yVzs & https://t.co/A0JmKt8Nc6 / FUNCIONARIO ocho años / CONSULTOR once años / CATEDRATICO doce años",
        "created_at": "Sat Apr 26 07:11:07 +0000 2008",
        "contributors_enabled": false,
        "url": "https://t.co/oH66GabBTm",
        "default_profile": false,
        "notifications": false,
        "profile_background_image_url_https": "https://abs.twimg.com/images/themes/theme9/bg.gif",
        "profile_image_url": "http://pbs.twimg.com/profile_images/744714031655690244/v8tW2U_L_normal.jpg",
        "statuses_count": 58772,
        "listed_count": 251,
        "favourites_count": 50,
        "utc_offset": null,
        "time_zone": null,
        "verified": false,
        "location": "+51 999350650",
        "profile_background_image_url": "http://abs.twimg.com/images/themes/theme9/bg.gif",
        "translator_type": "none",
        "entities": {
          "description": {
            "urls": [
              {
                "display_url": "pucp.edu.pe",
                "expanded_url": "http://pucp.edu.pe",
                "url": "https://t.co/0FqEW0yVzs",
                "indices": [
                  11,
                  34
                ]
              },
              {
                "display_url": "uottawa.ca",
                "expanded_url": "http://uottawa.ca",
                "url": "https://t.co/A0JmKt8Nc6",
                "indices": [
                  37,
                  60
                ]
              }
            ]
          },
          "url": {
            "urls": [
              {
                "display_url": "29x55.tumblr.com",
                "expanded_url": "https://29x55.tumblr.com/",
                "url": "https://t.co/oH66GabBTm",
                "indices": [
                  0,
                  23
                ]
              }
            ]
          }
        },
        "follow_request_sent": false,
        "has_extended_profile": true,
        "default_profile_image": false,
        "is_translation_enabled": false,
        "geo_enabled": true,
        "followers_count": 30636,
        "protected": false,
        "id_str": "14541101",
        "profile_background_color": "000000",
        "lang": null,
        "profile_image_url_https": "https://pbs.twimg.com/profile_images/744714031655690244/v8tW2U_L_normal.jpg",
        "is_translator": false
      },
      "in_reply_to_status_id_str": "1213514314142961664",
      "place": null,
      "id_str": "1213514639188938752",
      "lang": "es",
      "retweeted": false,
      "text": "@pepezapatal @ErickaUgarteB @EnriqueFCHA Es lo que se indica en la propuesta 8:\nhttps://t.co/FPHh6f9xJl",
      "in_reply_to_status_id": 1213514314142961664,
      "entities": {
        "hashtags": [],
        "urls": [
          {
            "display_url": "29x55.tumblr.com/post/189813083…",
            "expanded_url": "https://29x55.tumblr.com/post/189813083733/plataforma-21-1-transparencia",
            "url": "https://t.co/FPHh6f9xJl",
            "indices": [
              80,
              103
            ]
          }
        ],
        "user_mentions": [
          {
            "id_str": "1167202350",
            "indices": [
              0,
              12
            ],
            "id": 1167202350,
            "screen_name": "pepezapatal",
            "name": "Pepe Zapata"
          },
          {
            "id_str": "317983329",
            "indices": [
              13,
              27
            ],
            "id": 317983329,
            "screen_name": "ErickaUgarteB",
            "name": "Erika Ugarte B."
          },
          {
            "id_str": "1017875140313518081",
            "indices": [
              28,
              40
            ],
            "id": 1017875140313518081,
            "screen_name": "EnriqueFCHA",
            "name": "Enrique Fernández Chacón"
          }
        ],
        "symbols": []
      },
      "favorited": false,
      "geo": null,
      "in_reply_to_user_id_str": "1167202350",
      "coordinates": null,
      "retweet_count": 0,
      "in_reply_to_user_id": 1167202350,
      "possibly_sensitive": false,
      "in_reply_to_screen_name": "pepezapatal"
    },
    {
      "source": "<a href=\"http://twitter.com/download/iphone\" rel=\"nofollow\">Twitter for iPhone</a>",
      "is_quote_status": false,
      "truncated": true,
      "id": 1213514314142961664,
      "metadata": {
        "result_type": "recent",
        "iso_language_code": "es"
      },
      "favorite_count": 0,
      "created_at": "Sat Jan 04 17:35:33 +0000 2020",
      "contributors": null,
      "user": {
        "profile_sidebar_border_color": "C0DEED",
        "following": false,
        "profile_sidebar_fill_color": "DDEEF6",
        "profile_link_color": "1DA1F2",
        "profile_banner_url": "https://pbs.twimg.com/profile_banners/1167202350/1469078315",
        "name": "Pepe Zapata",
        "profile_background_tile": false,
        "profile_text_color": "333333",
        "friends_count": 495,
        "id": 1167202350,
        "screen_name": "pepezapatal",
        "profile_use_background_image": true,
        "description": "Regla de Transito Politica : Prohibido Voltear a la Derecha.",
        "created_at": "Sun Feb 10 22:31:47 +0000 2013",
        "contributors_enabled": false,
        "url": null,
        "default_profile": true,
        "notifications": false,
        "profile_background_image_url_https": "https://abs.twimg.com/images/themes/theme1/bg.png",
        "profile_image_url": "http://pbs.twimg.com/profile_images/755992729298018304/dtacWQBt_normal.jpg",
        "statuses_count": 18463,
        "listed_count": 2,
        "favourites_count": 16679,
        "utc_offset": null,
        "time_zone": null,
        "verified": false,
        "location": "",
        "profile_background_image_url": "http://abs.twimg.com/images/themes/theme1/bg.png",
        "translator_type": "none",
        "entities": {
          "description": {
            "urls": []
          }
        },
        "follow_request_sent": false,
        "has_extended_profile": false,
        "default_profile_image": false,
        "is_translation_enabled": false,
        "geo_enabled": true,
        "followers_count": 239,
        "protected": false,
        "id_str": "1167202350",
        "profile_background_color": "C0DEED",
        "lang": null,
        "profile_image_url_https": "https://pbs.twimg.com/profile_images/755992729298018304/dtacWQBt_normal.jpg",
        "is_translator": false
      },
      "in_reply_to_status_id_str": "1213512473132838914",
      "place": null,
      "id_str": "1213514314142961664",
      "retweeted": false,
      "text": "@matuk @ErickaUgarteB @EnriqueFCHA Cada ciudadano debe ahorrar y no tocar ese dinero hasta su jubilación  pero debe… https://t.co/QfWaGAbQA7",
      "in_reply_to_status_id": 1213512473132838914,
      "entities": {
        "hashtags": [],
        "urls": [
          {
            "display_url": "twitter.com/i/web/status/1…",
            "expanded_url": "https://twitter.com/i/web/status/1213514314142961664",
            "url": "https://t.co/QfWaGAbQA7",
            "indices": [
              117,
              140
            ]
          }
        ],
        "user_mentions": [
          {
            "id_str": "14541101",
            "indices": [
              0,
              6
            ],
            "id": 14541101,
            "screen_name": "matuk",
            "name": "Farid Matuk"
          },
          {
            "id_str": "317983329",
            "indices": [
              7,
              21
            ],
            "id": 317983329,
            "screen_name": "ErickaUgarteB",
            "name": "Erika Ugarte B."
          },
          {
            "id_str": "1017875140313518081",
            "indices": [
              22,
              34
            ],
            "id": 1017875140313518081,
            "screen_name": "EnriqueFCHA",
            "name": "Enrique Fernández Chacón"
          }
        ],
        "symbols": []
      },
      "favorited": false,
      "geo": null,
      "in_reply_to_user_id_str": "14541101",
      "coordinates": null,
      "retweet_count": 0,
      "in_reply_to_user_id": 14541101,
      "lang": "es",
      "in_reply_to_screen_name": "matuk"
    },
    {
      "source": "<a href=\"http://twitter.com/download/android\" rel=\"nofollow\">Twitter for Android</a>",
      "is_quote_status": false,
      "truncated": false,
      "id": 1213513590864596994,
      "metadata": {
        "result_type": "recent",
        "iso_language_code": "es"
      },
      "retweet_count": 11,
      "created_at": "Sat Jan 04 17:32:40 +0000 2020",
      "contributors": null,
      "favorite_count": 0,
      "user": {
        "profile_sidebar_border_color": "C0DEED",
        "following": false,
        "profile_sidebar_fill_color": "DDEEF6",
        "profile_link_color": "1DA1F2",
        "follow_request_sent": false,
        "name": "ECOMIKE",
        "profile_background_tile": false,
        "profile_text_color": "333333",
        "friends_count": 367,
        "id": 741802827111075840,
        "screen_name": "EzardMartinez",
        "profile_use_background_image": true,
        "description": "Me canse de politicos corruptos!!",
        "created_at": "Sun Jun 12 01:22:30 +0000 2016",
        "contributors_enabled": false,
        "url": null,
        "default_profile": true,
        "notifications": false,
        "profile_background_image_url_https": null,
        "profile_image_url": "http://pbs.twimg.com/profile_images/1187196862467657728/eBvtlJWz_normal.jpg",
        "statuses_count": 25401,
        "listed_count": 0,
        "favourites_count": 29737,
        "utc_offset": null,
        "time_zone": null,
        "verified": false,
        "location": "",
        "profile_background_image_url": null,
        "translator_type": "none",
        "entities": {
          "description": {
            "urls": []
          }
        },
        "has_extended_profile": false,
        "default_profile_image": false,
        "is_translation_enabled": false,
        "geo_enabled": false,
        "followers_count": 327,
        "protected": false,
        "id_str": "741802827111075840",
        "profile_background_color": "F5F8FA",
        "lang": null,
        "profile_image_url_https": "https://pbs.twimg.com/profile_images/1187196862467657728/eBvtlJWz_normal.jpg",
        "is_translator": false
      },
      "in_reply_to_status_id_str": null,
      "place": null,
      "retweeted_status": {
        "source": "<a href=\"http://twitter.com/download/android\" rel=\"nofollow\">Twitter for Android</a>",
        "is_quote_status": false,
        "truncated": true,
        "id": 1213446438354599937,
        "metadata": {
          "result_type": "recent",
          "iso_language_code": "es"
        },
        "favorite_count": 33,
        "created_at": "Sat Jan 04 13:05:50 +0000 2020",
        "contributors": null,
        "user": {
          "profile_sidebar_border_color": "000000",
          "following": false,
          "profile_sidebar_fill_color": "000000",
          "profile_link_color": "19CF86",
          "profile_banner_url": "https://pbs.twimg.com/profile_banners/1017875140313518081/1574901757",
          "name": "Enrique Fernández Chacón",
          "profile_background_tile": false,
          "profile_text_color": "000000",
          "friends_count": 938,
          "id": 1017875140313518081,
          "screen_name": "EnriqueFCHA",
          "profile_use_background_image": false,
          "description": "Político de toda la vida 🇵🇪\n#ConElVotoTambiénSeLucha ✊",
          "created_at": "Fri Jul 13 20:55:19 +0000 2018",
          "contributors_enabled": false,
          "url": "https://t.co/ADxvD9uedS",
          "default_profile": false,
          "notifications": false,
          "profile_background_image_url_https": "https://abs.twimg.com/images/themes/theme1/bg.png",
          "profile_image_url": "http://pbs.twimg.com/profile_images/1199851035688390656/7gFPEwlG_normal.jpg",
          "statuses_count": 3955,
          "listed_count": 21,
          "favourites_count": 8126,
          "utc_offset": null,
          "time_zone": null,
          "verified": false,
          "location": "Lima, Peru",
          "profile_background_image_url": "http://abs.twimg.com/images/themes/theme1/bg.png",
          "translator_type": "none",
          "entities": {
            "description": {
              "urls": []
            },
            "url": {
              "urls": [
                {
                  "display_url": "facebook.com/enriquecochero/",
                  "expanded_url": "https://www.facebook.com/enriquecochero/",
                  "url": "https://t.co/ADxvD9uedS",
                  "indices": [
                    0,
                    23
                  ]
                }
              ]
            }
          },
          "follow_request_sent": false,
          "has_extended_profile": false,
          "default_profile_image": false,
          "is_translation_enabled": false,
          "geo_enabled": true,
          "followers_count": 9852,
          "protected": false,
          "id_str": "1017875140313518081",
          "profile_background_color": "000000",
          "lang": null,
          "profile_image_url_https": "https://pbs.twimg.com/profile_images/1199851035688390656/7gFPEwlG_normal.jpg",
          "is_translator": false
        },
        "in_reply_to_status_id_str": null,
        "place": null,
        "id_str": "1213446438354599937",
        "lang": "es",
        "retweeted": false,
        "text": "#Elecciones2020 | Mañana 05/01 estaremos recorriendo el mercado Valle Sagrado de San Juan de Lurigancho junto al ca… https://t.co/xxQmY3akCg",
        "in_reply_to_status_id": null,
        "entities": {
          "hashtags": [
            {
              "indices": [
                0,
                15
              ],
              "text": "Elecciones2020"
            }
          ],
          "urls": [
            {
              "display_url": "twitter.com/i/web/status/1…",
              "expanded_url": "https://twitter.com/i/web/status/1213446438354599937",
              "url": "https://t.co/xxQmY3akCg",
              "indices": [
                117,
                140
              ]
            }
          ],
          "user_mentions": [],
          "symbols": []
        },
        "favorited": false,
        "geo": null,
        "in_reply_to_user_id_str": null,
        "coordinates": null,
        "retweet_count": 11,
        "in_reply_to_user_id": null,
        "possibly_sensitive": false,
        "in_reply_to_screen_name": null
      },
      "retweeted": false,
      "text": "RT @EnriqueFCHA: #Elecciones2020 | Mañana 05/01 estaremos recorriendo el mercado Valle Sagrado de San Juan de Lurigancho junto al candidato…",
      "in_reply_to_status_id": null,
      "entities": {
        "hashtags": [
          {
            "indices": [
              17,
              32
            ],
            "text": "Elecciones2020"
          }
        ],
        "urls": [],
        "user_mentions": [
          {
            "id_str": "1017875140313518081",
            "indices": [
              3,
              15
            ],
            "id": 1017875140313518081,
            "screen_name": "EnriqueFCHA",
            "name": "Enrique Fernández Chacón"
          }
        ],
        "symbols": []
      },
      "favorited": false,
      "geo": null,
      "in_reply_to_user_id_str": null,
      "coordinates": null,
      "id_str": "1213513590864596994",
      "in_reply_to_user_id": null,
      "lang": "es",
      "in_reply_to_screen_name": null
    },
    {
      "source": "<a href=\"https://mobile.twitter.com\" rel=\"nofollow\">Twitter Web App</a>",
      "is_quote_status": false,
      "truncated": true,
      "id": 1213512473132838914,
      "metadata": {
        "result_type": "recent",
        "iso_language_code": "es"
      },
      "favorite_count": 0,
      "created_at": "Sat Jan 04 17:28:14 +0000 2020",
      "contributors": null,
      "user": {
        "profile_sidebar_border_color": "FFFFFF",
        "following": false,
        "profile_sidebar_fill_color": "000000",
        "profile_link_color": "BD31A1",
        "profile_banner_url": "https://pbs.twimg.com/profile_banners/14541101/1576205683",
        "name": "Farid Matuk",
        "profile_background_tile": false,
        "profile_text_color": "949494",
        "friends_count": 271,
        "id": 14541101,
        "screen_name": "matuk",
        "profile_use_background_image": true,
        "description": ": ESTUDIOS https://t.co/0FqEW0yVzs & https://t.co/A0JmKt8Nc6 / FUNCIONARIO ocho años / CONSULTOR once años / CATEDRATICO doce años",
        "created_at": "Sat Apr 26 07:11:07 +0000 2008",
        "contributors_enabled": false,
        "url": "https://t.co/oH66GabBTm",
        "default_profile": false,
        "notifications": false,
        "profile_background_image_url_https": "https://abs.twimg.com/images/themes/theme9/bg.gif",
        "profile_image_url": "http://pbs.twimg.com/profile_images/744714031655690244/v8tW2U_L_normal.jpg",
        "statuses_count": 58772,
        "listed_count": 251,
        "favourites_count": 50,
        "utc_offset": null,
        "time_zone": null,
        "verified": false,
        "location": "+51 999350650",
        "profile_background_image_url": "http://abs.twimg.com/images/themes/theme9/bg.gif",
        "translator_type": "none",
        "entities": {
          "description": {
            "urls": [
              {
                "display_url": "pucp.edu.pe",
                "expanded_url": "http://pucp.edu.pe",
                "url": "https://t.co/0FqEW0yVzs",
                "indices": [
                  11,
                  34
                ]
              },
              {
                "display_url": "uottawa.ca",
                "expanded_url": "http://uottawa.ca",
                "url": "https://t.co/A0JmKt8Nc6",
                "indices": [
                  37,
                  60
                ]
              }
            ]
          },
          "url": {
            "urls": [
              {
                "display_url": "29x55.tumblr.com",
                "expanded_url": "https://29x55.tumblr.com/",
                "url": "https://t.co/oH66GabBTm",
                "indices": [
                  0,
                  23
                ]
              }
            ]
          }
        },
        "follow_request_sent": false,
        "has_extended_profile": true,
        "default_profile_image": false,
        "is_translation_enabled": false,
        "geo_enabled": true,
        "followers_count": 30636,
        "protected": false,
        "id_str": "14541101",
        "profile_background_color": "000000",
        "lang": null,
        "profile_image_url_https": "https://pbs.twimg.com/profile_images/744714031655690244/v8tW2U_L_normal.jpg",
        "is_translator": false
      },
      "in_reply_to_status_id_str": "1213511584255037444",
      "place": null,
      "id_str": "1213512473132838914",
      "retweeted": false,
      "text": "@pepezapatal @ErickaUgarteB @EnriqueFCHA Por definición, la jubilación nace como un ahorro forzoso y regulado por e… https://t.co/RX2uVPxeJq",
      "in_reply_to_status_id": 1213511584255037444,
      "entities": {
        "hashtags": [],
        "urls": [
          {
            "display_url": "twitter.com/i/web/status/1…",
            "expanded_url": "https://twitter.com/i/web/status/1213512473132838914",
            "url": "https://t.co/RX2uVPxeJq",
            "indices": [
              117,
              140
            ]
          }
        ],
        "user_mentions": [
          {
            "id_str": "1167202350",
            "indices": [
              0,
              12
            ],
            "id": 1167202350,
            "screen_name": "pepezapatal",
            "name": "Pepe Zapata"
          },
          {
            "id_str": "317983329",
            "indices": [
              13,
              27
            ],
            "id": 317983329,
            "screen_name": "ErickaUgarteB",
            "name": "Erika Ugarte B."
          },
          {
            "id_str": "1017875140313518081",
            "indices": [
              28,
              40
            ],
            "id": 1017875140313518081,
            "screen_name": "EnriqueFCHA",
            "name": "Enrique Fernández Chacón"
          }
        ],
        "symbols": []
      },
      "favorited": false,
      "geo": null,
      "in_reply_to_user_id_str": "1167202350",
      "coordinates": null,
      "retweet_count": 0,
      "in_reply_to_user_id": 1167202350,
      "lang": "es",
      "in_reply_to_screen_name": "pepezapatal"
    },
    {
      "source": "<a href=\"http://twitter.com/download/iphone\" rel=\"nofollow\">Twitter for iPhone</a>",
      "is_quote_status": false,
      "truncated": true,
      "id": 1213511584255037444,
      "metadata": {
        "result_type": "recent",
        "iso_language_code": "es"
      },
      "favorite_count": 0,
      "created_at": "Sat Jan 04 17:24:42 +0000 2020",
      "contributors": null,
      "user": {
        "profile_sidebar_border_color": "C0DEED",
        "following": false,
        "profile_sidebar_fill_color": "DDEEF6",
        "profile_link_color": "1DA1F2",
        "profile_banner_url": "https://pbs.twimg.com/profile_banners/1167202350/1469078315",
        "name": "Pepe Zapata",
        "profile_background_tile": false,
        "profile_text_color": "333333",
        "friends_count": 495,
        "id": 1167202350,
        "screen_name": "pepezapatal",
        "profile_use_background_image": true,
        "description": "Regla de Transito Politica : Prohibido Voltear a la Derecha.",
        "created_at": "Sun Feb 10 22:31:47 +0000 2013",
        "contributors_enabled": false,
        "url": null,
        "default_profile": true,
        "notifications": false,
        "profile_background_image_url_https": "https://abs.twimg.com/images/themes/theme1/bg.png",
        "profile_image_url": "http://pbs.twimg.com/profile_images/755992729298018304/dtacWQBt_normal.jpg",
        "statuses_count": 18463,
        "listed_count": 2,
        "favourites_count": 16679,
        "utc_offset": null,
        "time_zone": null,
        "verified": false,
        "location": "",
        "profile_background_image_url": "http://abs.twimg.com/images/themes/theme1/bg.png",
        "translator_type": "none",
        "entities": {
          "description": {
            "urls": []
          }
        },
        "follow_request_sent": false,
        "has_extended_profile": false,
        "default_profile_image": false,
        "is_translation_enabled": false,
        "geo_enabled": true,
        "followers_count": 239,
        "protected": false,
        "id_str": "1167202350",
        "profile_background_color": "C0DEED",
        "lang": null,
        "profile_image_url_https": "https://pbs.twimg.com/profile_images/755992729298018304/dtacWQBt_normal.jpg",
        "is_translator": false
      },
      "in_reply_to_status_id_str": "1212900763330076672",
      "place": null,
      "id_str": "1213511584255037444",
      "lang": "es",
      "retweeted": false,
      "text": "@matuk @ErickaUgarteB @EnriqueFCHA Propuesta de mi Colega Sanmarquino, sobre la ONP.\nInsisto que vuestra Propuesta… https://t.co/5O5Buiy7Ge",
      "in_reply_to_status_id": 1212900763330076672,
      "entities": {
        "hashtags": [],
        "urls": [
          {
            "display_url": "twitter.com/i/web/status/1…",
            "expanded_url": "https://twitter.com/i/web/status/1213511584255037444",
            "url": "https://t.co/5O5Buiy7Ge",
            "indices": [
              116,
              139
            ]
          }
        ],
        "user_mentions": [
          {
            "id_str": "14541101",
            "indices": [
              0,
              6
            ],
            "id": 14541101,
            "screen_name": "matuk",
            "name": "Farid Matuk"
          },
          {
            "id_str": "317983329",
            "indices": [
              7,
              21
            ],
            "id": 317983329,
            "screen_name": "ErickaUgarteB",
            "name": "Erika Ugarte B."
          },
          {
            "id_str": "1017875140313518081",
            "indices": [
              22,
              34
            ],
            "id": 1017875140313518081,
            "screen_name": "EnriqueFCHA",
            "name": "Enrique Fernández Chacón"
          }
        ],
        "symbols": []
      },
      "favorited": false,
      "geo": null,
      "in_reply_to_user_id_str": "1167202350",
      "coordinates": null,
      "retweet_count": 0,
      "in_reply_to_user_id": 1167202350,
      "possibly_sensitive": false,
      "in_reply_to_screen_name": "pepezapatal"
    },
    {
      "source": "<a href=\"http://twitter.com/download/android\" rel=\"nofollow\">Twitter for Android</a>",
      "is_quote_status": false,
      "truncated": true,
      "id": 1213496537353015297,
      "metadata": {
        "result_type": "recent",
        "iso_language_code": "es"
      },
      "favorite_count": 0,
      "created_at": "Sat Jan 04 16:24:54 +0000 2020",
      "contributors": null,
      "user": {
        "profile_sidebar_border_color": "F0A830",
        "following": false,
        "profile_sidebar_fill_color": "78C0A8",
        "profile_link_color": "CE7834",
        "profile_banner_url": "https://pbs.twimg.com/profile_banners/288455139/1546396109",
        "name": "provinciana 💚💜",
        "profile_background_tile": true,
        "profile_text_color": "5E412F",
        "friends_count": 577,
        "id": 288455139,
        "screen_name": "littlepipedream",
        "profile_use_background_image": true,
        "description": "lo personal es político.\nen continua deconstrucción.",
        "created_at": "Tue Apr 26 21:51:47 +0000 2011",
        "contributors_enabled": false,
        "url": null,
        "default_profile": false,
        "notifications": false,
        "profile_background_image_url_https": "https://abs.twimg.com/images/themes/theme5/bg.gif",
        "profile_image_url": "http://pbs.twimg.com/profile_images/1208415873645645824/I4nFlm2F_normal.jpg",
        "statuses_count": 7734,
        "listed_count": 1,
        "favourites_count": 83225,
        "utc_offset": null,
        "time_zone": null,
        "verified": false,
        "location": "Lima",
        "profile_background_image_url": "http://abs.twimg.com/images/themes/theme5/bg.gif",
        "translator_type": "none",
        "entities": {
          "description": {
            "urls": []
          }
        },
        "follow_request_sent": false,
        "has_extended_profile": false,
        "default_profile_image": false,
        "is_translation_enabled": false,
        "geo_enabled": true,
        "followers_count": 553,
        "protected": false,
        "id_str": "288455139",
        "profile_background_color": "FCEBB6",
        "lang": null,
        "profile_image_url_https": "https://pbs.twimg.com/profile_images/1208415873645645824/I4nFlm2F_normal.jpg",
        "is_translator": false
      },
      "in_reply_to_status_id_str": null,
      "place": null,
      "id_str": "1213496537353015297",
      "retweeted": false,
      "text": "¿Alguien sabe dónde puedo leer las propuestas consolidadas de @FrenteAmplioPe para estas elecciones extraordinarias… https://t.co/g1FEXL53Nb",
      "in_reply_to_status_id": null,
      "entities": {
        "hashtags": [],
        "urls": [
          {
            "display_url": "twitter.com/i/web/status/1…",
            "expanded_url": "https://twitter.com/i/web/status/1213496537353015297",
            "url": "https://t.co/g1FEXL53Nb",
            "indices": [
              117,
              140
            ]
          }
        ],
        "user_mentions": [
          {
            "id_str": "944253031767519233",
            "indices": [
              62,
              77
            ],
            "id": 944253031767519233,
            "screen_name": "FrenteAmplioPe",
            "name": "Frente Amplio Perú"
          }
        ],
        "symbols": []
      },
      "favorited": false,
      "geo": null,
      "in_reply_to_user_id_str": null,
      "coordinates": null,
      "retweet_count": 0,
      "in_reply_to_user_id": null,
      "lang": "es",
      "in_reply_to_screen_name": null
    },
    {
      "source": "<a href=\"http://twitter.com/download/android\" rel=\"nofollow\">Twitter for Android</a>",
      "is_quote_status": false,
      "truncated": true,
      "id": 1213475364321796098,
      "metadata": {
        "result_type": "recent",
        "iso_language_code": "es"
      },
      "favorite_count": 0,
      "created_at": "Sat Jan 04 15:00:46 +0000 2020",
      "contributors": null,
      "user": {
        "profile_sidebar_border_color": "C0DEED",
        "following": false,
        "profile_sidebar_fill_color": "DDEEF6",
        "profile_link_color": "1DA1F2",
        "follow_request_sent": false,
        "name": "Lolo Cosqui",
        "profile_background_tile": false,
        "profile_text_color": "333333",
        "friends_count": 53,
        "id": 1190651318509195267,
        "screen_name": "lolocosqui",
        "profile_use_background_image": true,
        "description": "se enojó limón",
        "created_at": "Sat Nov 02 15:27:54 +0000 2019",
        "contributors_enabled": false,
        "url": null,
        "default_profile": true,
        "notifications": false,
        "profile_background_image_url_https": null,
        "profile_image_url": "http://pbs.twimg.com/profile_images/1207524278855520257/-xPw0d3j_normal.jpg",
        "statuses_count": 119,
        "listed_count": 0,
        "favourites_count": 231,
        "utc_offset": null,
        "time_zone": null,
        "verified": false,
        "location": "",
        "profile_background_image_url": null,
        "translator_type": "none",
        "entities": {
          "description": {
            "urls": []
          }
        },
        "has_extended_profile": false,
        "default_profile_image": false,
        "is_translation_enabled": false,
        "geo_enabled": false,
        "followers_count": 7,
        "protected": false,
        "id_str": "1190651318509195267",
        "profile_background_color": "F5F8FA",
        "lang": null,
        "profile_image_url_https": "https://pbs.twimg.com/profile_images/1207524278855520257/-xPw0d3j_normal.jpg",
        "is_translator": false
      },
      "in_reply_to_status_id_str": "1212769885065023489",
      "place": null,
      "id_str": "1213475364321796098",
      "retweeted": false,
      "text": "@oropesa555 @EnriqueFCHA @Rossana_Enciso @DanielUrresti1 no le crea a Daniel Urresti pues... no te das cuenta que t… https://t.co/7IXPAsFbXy",
      "in_reply_to_status_id": 1212769885065023489,
      "entities": {
        "hashtags": [],
        "urls": [
          {
            "display_url": "twitter.com/i/web/status/1…",
            "expanded_url": "https://twitter.com/i/web/status/1213475364321796098",
            "url": "https://t.co/7IXPAsFbXy",
            "indices": [
              117,
              140
            ]
          }
        ],
        "user_mentions": [
          {
            "id_str": "1924297754",
            "indices": [
              0,
              11
            ],
            "id": 1924297754,
            "screen_name": "oropesa555",
            "name": "Jesus Linares"
          },
          {
            "id_str": "1017875140313518081",
            "indices": [
              12,
              24
            ],
            "id": 1017875140313518081,
            "screen_name": "EnriqueFCHA",
            "name": "Enrique Fernández Chacón"
          },
          {
            "id_str": "587163558",
            "indices": [
              25,
              40
            ],
            "id": 587163558,
            "screen_name": "Rossana_Enciso",
            "name": "Rossana. E"
          },
          {
            "id_str": "2416088899",
            "indices": [
              41,
              56
            ],
            "id": 2416088899,
            "screen_name": "DanielUrresti1",
            "name": "Daniel Urresti"
          }
        ],
        "symbols": []
      },
      "favorited": false,
      "geo": null,
      "in_reply_to_user_id_str": "1924297754",
      "coordinates": null,
      "retweet_count": 0,
      "in_reply_to_user_id": 1924297754,
      "lang": "es",
      "in_reply_to_screen_name": "oropesa555"
    },
    {
      "source": "<a href=\"http://twitter.com/download/android\" rel=\"nofollow\">Twitter for Android</a>",
      "is_quote_status": false,
      "truncated": false,
      "id": 1213474478660956161,
      "metadata": {
        "result_type": "recent",
        "iso_language_code": "es"
      },
      "retweet_count": 11,
      "created_at": "Sat Jan 04 14:57:15 +0000 2020",
      "contributors": null,
      "favorite_count": 0,
      "user": {
        "profile_sidebar_border_color": "C0DEED",
        "following": false,
        "profile_sidebar_fill_color": "DDEEF6",
        "profile_link_color": "1DA1F2",
        "profile_banner_url": "https://pbs.twimg.com/profile_banners/1193731188617334784/1575332106",
        "name": "taylor.rojo",
        "profile_background_tile": false,
        "profile_text_color": "333333",
        "friends_count": 93,
        "id": 1193731188617334784,
        "screen_name": "taylorrojo1",
        "profile_use_background_image": true,
        "description": "la lucha por un mundo mejor",
        "created_at": "Mon Nov 11 03:24:46 +0000 2019",
        "contributors_enabled": false,
        "url": null,
        "default_profile": true,
        "notifications": false,
        "profile_background_image_url_https": null,
        "profile_image_url": "http://pbs.twimg.com/profile_images/1193731878676783104/Fza3vPMi_normal.jpg",
        "statuses_count": 177,
        "listed_count": 0,
        "favourites_count": 415,
        "utc_offset": null,
        "time_zone": null,
        "verified": false,
        "location": "",
        "profile_background_image_url": null,
        "translator_type": "none",
        "entities": {
          "description": {
            "urls": []
          }
        },
        "follow_request_sent": false,
        "has_extended_profile": true,
        "default_profile_image": false,
        "is_translation_enabled": false,
        "geo_enabled": false,
        "followers_count": 18,
        "protected": false,
        "id_str": "1193731188617334784",
        "profile_background_color": "F5F8FA",
        "lang": null,
        "profile_image_url_https": "https://pbs.twimg.com/profile_images/1193731878676783104/Fza3vPMi_normal.jpg",
        "is_translator": false
      },
      "in_reply_to_status_id_str": null,
      "place": null,
      "retweeted_status": {
        "source": "<a href=\"http://twitter.com/download/android\" rel=\"nofollow\">Twitter for Android</a>",
        "is_quote_status": false,
        "truncated": true,
        "id": 1213446438354599937,
        "metadata": {
          "result_type": "recent",
          "iso_language_code": "es"
        },
        "favorite_count": 33,
        "created_at": "Sat Jan 04 13:05:50 +0000 2020",
        "contributors": null,
        "user": {
          "profile_sidebar_border_color": "000000",
          "following": false,
          "profile_sidebar_fill_color": "000000",
          "profile_link_color": "19CF86",
          "profile_banner_url": "https://pbs.twimg.com/profile_banners/1017875140313518081/1574901757",
          "name": "Enrique Fernández Chacón",
          "profile_background_tile": false,
          "profile_text_color": "000000",
          "friends_count": 938,
          "id": 1017875140313518081,
          "screen_name": "EnriqueFCHA",
          "profile_use_background_image": false,
          "description": "Político de toda la vida 🇵🇪\n#ConElVotoTambiénSeLucha ✊",
          "created_at": "Fri Jul 13 20:55:19 +0000 2018",
          "contributors_enabled": false,
          "url": "https://t.co/ADxvD9uedS",
          "default_profile": false,
          "notifications": false,
          "profile_background_image_url_https": "https://abs.twimg.com/images/themes/theme1/bg.png",
          "profile_image_url": "http://pbs.twimg.com/profile_images/1199851035688390656/7gFPEwlG_normal.jpg",
          "statuses_count": 3955,
          "listed_count": 21,
          "favourites_count": 8126,
          "utc_offset": null,
          "time_zone": null,
          "verified": false,
          "location": "Lima, Peru",
          "profile_background_image_url": "http://abs.twimg.com/images/themes/theme1/bg.png",
          "translator_type": "none",
          "entities": {
            "description": {
              "urls": []
            },
            "url": {
              "urls": [
                {
                  "display_url": "facebook.com/enriquecochero/",
                  "expanded_url": "https://www.facebook.com/enriquecochero/",
                  "url": "https://t.co/ADxvD9uedS",
                  "indices": [
                    0,
                    23
                  ]
                }
              ]
            }
          },
          "follow_request_sent": false,
          "has_extended_profile": false,
          "default_profile_image": false,
          "is_translation_enabled": false,
          "geo_enabled": true,
          "followers_count": 9852,
          "protected": false,
          "id_str": "1017875140313518081",
          "profile_background_color": "000000",
          "lang": null,
          "profile_image_url_https": "https://pbs.twimg.com/profile_images/1199851035688390656/7gFPEwlG_normal.jpg",
          "is_translator": false
        },
        "in_reply_to_status_id_str": null,
        "place": null,
        "id_str": "1213446438354599937",
        "lang": "es",
        "retweeted": false,
        "text": "#Elecciones2020 | Mañana 05/01 estaremos recorriendo el mercado Valle Sagrado de San Juan de Lurigancho junto al ca… https://t.co/xxQmY3akCg",
        "in_reply_to_status_id": null,
        "entities": {
          "hashtags": [
            {
              "indices": [
                0,
                15
              ],
              "text": "Elecciones2020"
            }
          ],
          "urls": [
            {
              "display_url": "twitter.com/i/web/status/1…",
              "expanded_url": "https://twitter.com/i/web/status/1213446438354599937",
              "url": "https://t.co/xxQmY3akCg",
              "indices": [
                117,
                140
              ]
            }
          ],
          "user_mentions": [],
          "symbols": []
        },
        "favorited": false,
        "geo": null,
        "in_reply_to_user_id_str": null,
        "coordinates": null,
        "retweet_count": 11,
        "in_reply_to_user_id": null,
        "possibly_sensitive": false,
        "in_reply_to_screen_name": null
      },
      "retweeted": false,
      "text": "RT @EnriqueFCHA: #Elecciones2020 | Mañana 05/01 estaremos recorriendo el mercado Valle Sagrado de San Juan de Lurigancho junto al candidato…",
      "in_reply_to_status_id": null,
      "entities": {
        "hashtags": [
          {
            "indices": [
              17,
              32
            ],
            "text": "Elecciones2020"
          }
        ],
        "urls": [],
        "user_mentions": [
          {
            "id_str": "1017875140313518081",
            "indices": [
              3,
              15
            ],
            "id": 1017875140313518081,
            "screen_name": "EnriqueFCHA",
            "name": "Enrique Fernández Chacón"
          }
        ],
        "symbols": []
      },
      "favorited": false,
      "geo": null,
      "in_reply_to_user_id_str": null,
      "coordinates": null,
      "id_str": "1213474478660956161",
      "in_reply_to_user_id": null,
      "lang": "es",
      "in_reply_to_screen_name": null
    },
    {
      "source": "<a href=\"http://twitter.com/download/iphone\" rel=\"nofollow\">Twitter for iPhone</a>",
      "is_quote_status": false,
      "truncated": false,
      "id": 1213474070760710144,
      "metadata": {
        "result_type": "recent",
        "iso_language_code": "es"
      },
      "retweet_count": 11,
      "created_at": "Sat Jan 04 14:55:38 +0000 2020",
      "contributors": null,
      "favorite_count": 0,
      "user": {
        "profile_sidebar_border_color": "000000",
        "following": false,
        "profile_sidebar_fill_color": "000000",
        "profile_link_color": "E81C4F",
        "profile_banner_url": "https://pbs.twimg.com/profile_banners/41196395/1521233242",
        "name": "Claudio Zapata",
        "profile_background_tile": false,
        "profile_text_color": "000000",
        "friends_count": 730,
        "id": 41196395,
        "screen_name": "zapatavive",
        "profile_use_background_image": false,
        "description": "Economista y político peruano, todavía cree que la izquierda es liberal. Interesado en asuntos públicos y problemas urbanos. Militante del Frente Amplio",
        "created_at": "Tue May 19 20:03:00 +0000 2009",
        "contributors_enabled": false,
        "url": "https://t.co/XvOFF67nnt",
        "default_profile": false,
        "notifications": false,
        "profile_background_image_url_https": "https://abs.twimg.com/images/themes/theme1/bg.png",
        "profile_image_url": "http://pbs.twimg.com/profile_images/1184894177127084032/ITQnSkkJ_normal.jpg",
        "statuses_count": 3309,
        "listed_count": 6,
        "favourites_count": 4287,
        "utc_offset": null,
        "time_zone": null,
        "verified": false,
        "location": "Piura, Peru",
        "profile_background_image_url": "http://abs.twimg.com/images/themes/theme1/bg.png",
        "translator_type": "none",
        "entities": {
          "description": {
            "urls": []
          },
          "url": {
            "urls": [
              {
                "display_url": "zapataclaudio.blogspot.com",
                "expanded_url": "http://zapataclaudio.blogspot.com",
                "url": "https://t.co/XvOFF67nnt",
                "indices": [
                  0,
                  23
                ]
              }
            ]
          }
        },
        "follow_request_sent": false,
        "has_extended_profile": true,
        "default_profile_image": false,
        "is_translation_enabled": false,
        "geo_enabled": false,
        "followers_count": 683,
        "protected": false,
        "id_str": "41196395",
        "profile_background_color": "000000",
        "lang": null,
        "profile_image_url_https": "https://pbs.twimg.com/profile_images/1184894177127084032/ITQnSkkJ_normal.jpg",
        "is_translator": false
      },
      "in_reply_to_status_id_str": null,
      "place": null,
      "retweeted_status": {
        "source": "<a href=\"http://twitter.com/download/android\" rel=\"nofollow\">Twitter for Android</a>",
        "is_quote_status": false,
        "truncated": true,
        "id": 1213446438354599937,
        "metadata": {
          "result_type": "recent",
          "iso_language_code": "es"
        },
        "favorite_count": 33,
        "created_at": "Sat Jan 04 13:05:50 +0000 2020",
        "contributors": null,
        "user": {
          "profile_sidebar_border_color": "000000",
          "following": false,
          "profile_sidebar_fill_color": "000000",
          "profile_link_color": "19CF86",
          "profile_banner_url": "https://pbs.twimg.com/profile_banners/1017875140313518081/1574901757",
          "name": "Enrique Fernández Chacón",
          "profile_background_tile": false,
          "profile_text_color": "000000",
          "friends_count": 938,
          "id": 1017875140313518081,
          "screen_name": "EnriqueFCHA",
          "profile_use_background_image": false,
          "description": "Político de toda la vida 🇵🇪\n#ConElVotoTambiénSeLucha ✊",
          "created_at": "Fri Jul 13 20:55:19 +0000 2018",
          "contributors_enabled": false,
          "url": "https://t.co/ADxvD9uedS",
          "default_profile": false,
          "notifications": false,
          "profile_background_image_url_https": "https://abs.twimg.com/images/themes/theme1/bg.png",
          "profile_image_url": "http://pbs.twimg.com/profile_images/1199851035688390656/7gFPEwlG_normal.jpg",
          "statuses_count": 3955,
          "listed_count": 21,
          "favourites_count": 8126,
          "utc_offset": null,
          "time_zone": null,
          "verified": false,
          "location": "Lima, Peru",
          "profile_background_image_url": "http://abs.twimg.com/images/themes/theme1/bg.png",
          "translator_type": "none",
          "entities": {
            "description": {
              "urls": []
            },
            "url": {
              "urls": [
                {
                  "display_url": "facebook.com/enriquecochero/",
                  "expanded_url": "https://www.facebook.com/enriquecochero/",
                  "url": "https://t.co/ADxvD9uedS",
                  "indices": [
                    0,
                    23
                  ]
                }
              ]
            }
          },
          "follow_request_sent": false,
          "has_extended_profile": false,
          "default_profile_image": false,
          "is_translation_enabled": false,
          "geo_enabled": true,
          "followers_count": 9852,
          "protected": false,
          "id_str": "1017875140313518081",
          "profile_background_color": "000000",
          "lang": null,
          "profile_image_url_https": "https://pbs.twimg.com/profile_images/1199851035688390656/7gFPEwlG_normal.jpg",
          "is_translator": false
        },
        "in_reply_to_status_id_str": null,
        "place": null,
        "id_str": "1213446438354599937",
        "lang": "es",
        "retweeted": false,
        "text": "#Elecciones2020 | Mañana 05/01 estaremos recorriendo el mercado Valle Sagrado de San Juan de Lurigancho junto al ca… https://t.co/xxQmY3akCg",
        "in_reply_to_status_id": null,
        "entities": {
          "hashtags": [
            {
              "indices": [
                0,
                15
              ],
              "text": "Elecciones2020"
            }
          ],
          "urls": [
            {
              "display_url": "twitter.com/i/web/status/1…",
              "expanded_url": "https://twitter.com/i/web/status/1213446438354599937",
              "url": "https://t.co/xxQmY3akCg",
              "indices": [
                117,
                140
              ]
            }
          ],
          "user_mentions": [],
          "symbols": []
        },
        "favorited": false,
        "geo": null,
        "in_reply_to_user_id_str": null,
        "coordinates": null,
        "retweet_count": 11,
        "in_reply_to_user_id": null,
        "possibly_sensitive": false,
        "in_reply_to_screen_name": null
      },
      "retweeted": false,
      "text": "RT @EnriqueFCHA: #Elecciones2020 | Mañana 05/01 estaremos recorriendo el mercado Valle Sagrado de San Juan de Lurigancho junto al candidato…",
      "in_reply_to_status_id": null,
      "entities": {
        "hashtags": [
          {
            "indices": [
              17,
              32
            ],
            "text": "Elecciones2020"
          }
        ],
        "urls": [],
        "user_mentions": [
          {
            "id_str": "1017875140313518081",
            "indices": [
              3,
              15
            ],
            "id": 1017875140313518081,
            "screen_name": "EnriqueFCHA",
            "name": "Enrique Fernández Chacón"
          }
        ],
        "symbols": []
      },
      "favorited": false,
      "geo": null,
      "in_reply_to_user_id_str": null,
      "coordinates": null,
      "id_str": "1213474070760710144",
      "in_reply_to_user_id": null,
      "lang": "es",
      "in_reply_to_screen_name": null
    }
  ],
  "request_date": "2020-01-04-15:01:34"
}