{
  "request_date": "2019-12-08-19:09:38",
  "data": [
    {
      "favorite_count": 0,
      "is_quote_status": false,
      "retweet_count": 1,
      "in_reply_to_screen_name": null,
      "user": {
        "statuses_count": 34244,
        "notifications": false,
        "location": "",
        "geo_enabled": true,
        "friends_count": 1648,
        "profile_image_url_https": "https://pbs.twimg.com/profile_images/1096273142786355200/vQnpl7b5_normal.jpg",
        "profile_background_color": "C0DEED",
        "following": false,
        "id": 3359702860,
        "time_zone": null,
        "protected": false,
        "profile_image_url": "http://pbs.twimg.com/profile_images/1096273142786355200/vQnpl7b5_normal.jpg",
        "profile_sidebar_border_color": "C0DEED",
        "translator_type": "none",
        "verified": false,
        "profile_background_image_url": "http://abs.twimg.com/images/themes/theme1/bg.png",
        "utc_offset": null,
        "entities": {
          "description": {
            "urls": []
          }
        },
        "followers_count": 159,
        "profile_banner_url": "https://pbs.twimg.com/profile_banners/3359702860/1478605182",
        "profile_link_color": "1DA1F2",
        "id_str": "3359702860",
        "url": null,
        "is_translation_enabled": false,
        "screen_name": "Lindalclclc",
        "listed_count": 2,
        "profile_text_color": "333333",
        "created_at": "Sun Jul 05 00:56:24 +0000 2015",
        "has_extended_profile": false,
        "description": "",
        "favourites_count": 66944,
        "profile_background_image_url_https": "https://abs.twimg.com/images/themes/theme1/bg.png",
        "lang": null,
        "default_profile_image": false,
        "is_translator": false,
        "name": "Por un mundo mejor",
        "profile_use_background_image": true,
        "contributors_enabled": false,
        "default_profile": true,
        "profile_sidebar_fill_color": "DDEEF6",
        "follow_request_sent": false,
        "profile_background_tile": false
      },
      "source": "<a href=\"http://twitter.com/download/android\" rel=\"nofollow\">Twitter for Android</a>",
      "id": 1203473726601347072,
      "favorited": false,
      "contributors": null,
      "in_reply_to_user_id": null,
      "entities": {
        "symbols": [],
        "user_mentions": [
          {
            "id": 1080544932526518272,
            "id_str": "1080544932526518272",
            "screen_name": "VelizAltamirano",
            "indices": [
              3,
              19
            ],
            "name": "Oswaldo Véliz Altamirano"
          },
          {
            "id": 134936054,
            "id_str": "134936054",
            "screen_name": "Jose_Antony_CG",
            "indices": [
              21,
              36
            ],
            "name": "José Antony Cossío Guillén 1⃣3⃣"
          },
          {
            "id": 2825527759,
            "id_str": "2825527759",
            "screen_name": "ElinaresmM",
            "indices": [
              37,
              48
            ],
            "name": "Ernesto Linares Mascaro"
          }
        ],
        "urls": [],
        "hashtags": []
      },
      "retweeted_status": {
        "favorite_count": 3,
        "is_quote_status": false,
        "retweet_count": 1,
        "in_reply_to_screen_name": "Jose_Antony_CG",
        "user": {
          "statuses_count": 3298,
          "notifications": false,
          "location": "",
          "geo_enabled": true,
          "friends_count": 2215,
          "profile_image_url_https": "https://pbs.twimg.com/profile_images/1097629376412303360/7dqNRuOg_normal.jpg",
          "profile_background_color": "F5F8FA",
          "following": false,
          "id": 1080544932526518272,
          "time_zone": null,
          "protected": false,
          "profile_image_url": "http://pbs.twimg.com/profile_images/1097629376412303360/7dqNRuOg_normal.jpg",
          "profile_sidebar_border_color": "C0DEED",
          "translator_type": "none",
          "verified": false,
          "profile_background_image_url": null,
          "utc_offset": null,
          "entities": {
            "description": {
              "urls": []
            }
          },
          "followers_count": 537,
          "profile_link_color": "1DA1F2",
          "id_str": "1080544932526518272",
          "url": null,
          "is_translation_enabled": false,
          "screen_name": "VelizAltamirano",
          "listed_count": 0,
          "profile_text_color": "333333",
          "created_at": "Wed Jan 02 19:22:42 +0000 2019",
          "has_extended_profile": false,
          "description": "",
          "favourites_count": 27922,
          "profile_background_image_url_https": null,
          "lang": null,
          "default_profile_image": false,
          "is_translator": false,
          "name": "Oswaldo Véliz Altamirano",
          "profile_use_background_image": true,
          "contributors_enabled": false,
          "default_profile": true,
          "profile_sidebar_fill_color": "DDEEF6",
          "follow_request_sent": false,
          "profile_background_tile": false
        },
        "source": "<a href=\"http://twitter.com/download/android\" rel=\"nofollow\">Twitter for Android</a>",
        "id": 1203385114111225856,
        "favorited": false,
        "in_reply_to_user_id": 134936054,
        "entities": {
          "symbols": [],
          "user_mentions": [
            {
              "id": 134936054,
              "id_str": "134936054",
              "screen_name": "Jose_Antony_CG",
              "indices": [
                0,
                15
              ],
              "name": "José Antony Cossío Guillén 1⃣3⃣"
            },
            {
              "id": 2825527759,
              "id_str": "2825527759",
              "screen_name": "ElinaresmM",
              "indices": [
                16,
                27
              ],
              "name": "Ernesto Linares Mascaro"
            }
          ],
          "urls": [],
          "hashtags": []
        },
        "contributors": null,
        "id_str": "1203385114111225856",
        "truncated": false,
        "in_reply_to_status_id_str": "1203202990833831937",
        "created_at": "Sat Dec 07 18:45:43 +0000 2019",
        "in_reply_to_user_id_str": "134936054",
        "coordinates": null,
        "lang": "es",
        "in_reply_to_status_id": 1203202990833831937,
        "metadata": {
          "result_type": "recent",
          "iso_language_code": "es"
        },
        "geo": null,
        "retweeted": false,
        "text": "@Jose_Antony_CG @ElinaresmM No esos parásitos son de los misios q se volvieron millonarios con sus latrocinios, pero no billonarios.",
        "place": null
      },
      "id_str": "1203473726601347072",
      "truncated": false,
      "in_reply_to_status_id_str": null,
      "created_at": "Sun Dec 08 00:37:50 +0000 2019",
      "in_reply_to_user_id_str": null,
      "coordinates": null,
      "lang": "es",
      "in_reply_to_status_id": null,
      "metadata": {
        "result_type": "recent",
        "iso_language_code": "es"
      },
      "geo": null,
      "retweeted": false,
      "text": "RT @VelizAltamirano: @Jose_Antony_CG @ElinaresmM No esos parásitos son de los misios q se volvieron millonarios con sus latrocinios, pero n…",
      "place": null
    },
    {
      "favorite_count": 3,
      "is_quote_status": false,
      "retweet_count": 1,
      "in_reply_to_screen_name": "Jose_Antony_CG",
      "user": {
        "statuses_count": 3298,
        "notifications": false,
        "location": "",
        "geo_enabled": true,
        "friends_count": 2215,
        "profile_image_url_https": "https://pbs.twimg.com/profile_images/1097629376412303360/7dqNRuOg_normal.jpg",
        "profile_background_color": "F5F8FA",
        "following": false,
        "id": 1080544932526518272,
        "time_zone": null,
        "protected": false,
        "profile_image_url": "http://pbs.twimg.com/profile_images/1097629376412303360/7dqNRuOg_normal.jpg",
        "profile_sidebar_border_color": "C0DEED",
        "translator_type": "none",
        "verified": false,
        "profile_background_image_url": null,
        "utc_offset": null,
        "entities": {
          "description": {
            "urls": []
          }
        },
        "followers_count": 537,
        "profile_link_color": "1DA1F2",
        "id_str": "1080544932526518272",
        "url": null,
        "is_translation_enabled": false,
        "screen_name": "VelizAltamirano",
        "listed_count": 0,
        "profile_text_color": "333333",
        "created_at": "Wed Jan 02 19:22:42 +0000 2019",
        "has_extended_profile": false,
        "description": "",
        "favourites_count": 27922,
        "profile_background_image_url_https": null,
        "lang": null,
        "default_profile_image": false,
        "is_translator": false,
        "name": "Oswaldo Véliz Altamirano",
        "profile_use_background_image": true,
        "contributors_enabled": false,
        "default_profile": true,
        "profile_sidebar_fill_color": "DDEEF6",
        "follow_request_sent": false,
        "profile_background_tile": false
      },
      "source": "<a href=\"http://twitter.com/download/android\" rel=\"nofollow\">Twitter for Android</a>",
      "id": 1203385114111225856,
      "favorited": false,
      "in_reply_to_user_id": 134936054,
      "entities": {
        "symbols": [],
        "user_mentions": [
          {
            "id": 134936054,
            "id_str": "134936054",
            "screen_name": "Jose_Antony_CG",
            "indices": [
              0,
              15
            ],
            "name": "José Antony Cossío Guillén 1⃣3⃣"
          },
          {
            "id": 2825527759,
            "id_str": "2825527759",
            "screen_name": "ElinaresmM",
            "indices": [
              16,
              27
            ],
            "name": "Ernesto Linares Mascaro"
          }
        ],
        "urls": [],
        "hashtags": []
      },
      "contributors": null,
      "id_str": "1203385114111225856",
      "truncated": false,
      "in_reply_to_status_id_str": "1203202990833831937",
      "created_at": "Sat Dec 07 18:45:43 +0000 2019",
      "in_reply_to_user_id_str": "134936054",
      "coordinates": null,
      "lang": "es",
      "in_reply_to_status_id": 1203202990833831937,
      "metadata": {
        "result_type": "recent",
        "iso_language_code": "es"
      },
      "geo": null,
      "retweeted": false,
      "text": "@Jose_Antony_CG @ElinaresmM No esos parásitos son de los misios q se volvieron millonarios con sus latrocinios, pero no billonarios.",
      "place": null
    },
    {
      "favorite_count": 0,
      "is_quote_status": false,
      "retweet_count": 1,
      "in_reply_to_screen_name": null,
      "user": {
        "statuses_count": 1491,
        "notifications": false,
        "location": "",
        "geo_enabled": false,
        "friends_count": 290,
        "profile_image_url_https": "https://abs.twimg.com/sticky/default_profile_images/default_profile_normal.png",
        "profile_background_color": "F5F8FA",
        "following": false,
        "id": 1058428594911887360,
        "time_zone": null,
        "protected": false,
        "profile_image_url": "http://abs.twimg.com/sticky/default_profile_images/default_profile_normal.png",
        "profile_sidebar_border_color": "C0DEED",
        "translator_type": "none",
        "verified": false,
        "profile_background_image_url": null,
        "utc_offset": null,
        "entities": {
          "description": {
            "urls": []
          }
        },
        "followers_count": 64,
        "profile_link_color": "1DA1F2",
        "id_str": "1058428594911887360",
        "url": null,
        "is_translation_enabled": false,
        "screen_name": "JosefinaElias12",
        "listed_count": 0,
        "profile_text_color": "333333",
        "created_at": "Fri Nov 02 18:40:16 +0000 2018",
        "has_extended_profile": false,
        "description": "",
        "favourites_count": 14988,
        "profile_background_image_url_https": null,
        "lang": null,
        "default_profile_image": true,
        "is_translator": false,
        "name": "Josefina Elias",
        "profile_use_background_image": true,
        "contributors_enabled": false,
        "default_profile": true,
        "profile_sidebar_fill_color": "DDEEF6",
        "follow_request_sent": false,
        "profile_background_tile": false
      },
      "source": "<a href=\"http://twitter.com/download/android\" rel=\"nofollow\">Twitter for Android</a>",
      "id": 1203292520114995200,
      "favorited": false,
      "contributors": null,
      "in_reply_to_user_id": null,
      "entities": {
        "symbols": [],
        "user_mentions": [
          {
            "id": 134936054,
            "id_str": "134936054",
            "screen_name": "Jose_Antony_CG",
            "indices": [
              3,
              18
            ],
            "name": "José Antony Cossío Guillén 1⃣3⃣"
          },
          {
            "id": 737101530084614144,
            "id_str": "737101530084614144",
            "screen_name": "guiber_marcelo",
            "indices": [
              20,
              35
            ],
            "name": "Guiber Marcelo"
          }
        ],
        "urls": [],
        "hashtags": []
      },
      "retweeted_status": {
        "favorite_count": 2,
        "is_quote_status": false,
        "retweet_count": 1,
        "in_reply_to_screen_name": "guiber_marcelo",
        "user": {
          "statuses_count": 27715,
          "notifications": false,
          "location": "SMP - Lima",
          "geo_enabled": true,
          "friends_count": 275,
          "profile_image_url_https": "https://pbs.twimg.com/profile_images/1203123371128610816/2vwm0Nje_normal.jpg",
          "profile_background_color": "000000",
          "following": false,
          "id": 134936054,
          "time_zone": null,
          "protected": false,
          "profile_image_url": "http://pbs.twimg.com/profile_images/1203123371128610816/2vwm0Nje_normal.jpg",
          "profile_sidebar_border_color": "000000",
          "translator_type": "none",
          "verified": false,
          "profile_background_image_url": "http://abs.twimg.com/images/themes/theme14/bg.gif",
          "utc_offset": null,
          "entities": {
            "url": {
              "urls": [
                {
                  "url": "https://t.co/x78GBrPcYn",
                  "display_url": "facebook.com/Libredemente",
                  "expanded_url": "http://www.facebook.com/Libredemente",
                  "indices": [
                    0,
                    23
                  ]
                }
              ]
            },
            "description": {
              "urls": []
            }
          },
          "followers_count": 389,
          "profile_banner_url": "https://pbs.twimg.com/profile_banners/134936054/1575681942",
          "profile_link_color": "1B95E0",
          "id_str": "134936054",
          "url": "https://t.co/x78GBrPcYn",
          "is_translation_enabled": false,
          "screen_name": "Jose_Antony_CG",
          "listed_count": 7,
          "profile_text_color": "000000",
          "created_at": "Mon Apr 19 22:05:22 +0000 2010",
          "has_extended_profile": true,
          "description": "☆ Candidato al Congreso con el N° 13     \n☆ Militante del partido CONTIGO\n☆ Profesor de Historia y Geografía\n☆ Whatsapp: 991910777 - 969504222",
          "favourites_count": 79030,
          "profile_background_image_url_https": "https://abs.twimg.com/images/themes/theme14/bg.gif",
          "lang": null,
          "default_profile_image": false,
          "is_translator": false,
          "name": "José Antony Cossío Guillén 1⃣3⃣",
          "profile_use_background_image": false,
          "contributors_enabled": false,
          "default_profile": false,
          "profile_sidebar_fill_color": "000000",
          "follow_request_sent": false,
          "profile_background_tile": false
        },
        "source": "<a href=\"http://twitter.com/download/android\" rel=\"nofollow\">Twitter for Android</a>",
        "id": 1202713064472223749,
        "favorited": false,
        "in_reply_to_user_id": 737101530084614144,
        "entities": {
          "symbols": [],
          "user_mentions": [
            {
              "id": 737101530084614144,
              "id_str": "737101530084614144",
              "screen_name": "guiber_marcelo",
              "indices": [
                0,
                15
              ],
              "name": "Guiber Marcelo"
            }
          ],
          "urls": [
            {
              "url": "https://t.co/y71p556Em5",
              "display_url": "twitter.com/i/web/status/1…",
              "expanded_url": "https://twitter.com/i/web/status/1202713064472223749",
              "indices": [
                116,
                139
              ]
            }
          ],
          "hashtags": []
        },
        "contributors": null,
        "id_str": "1202713064472223749",
        "truncated": true,
        "in_reply_to_status_id_str": "1194155953781956608",
        "created_at": "Thu Dec 05 22:15:14 +0000 2019",
        "in_reply_to_user_id_str": "737101530084614144",
        "coordinates": null,
        "lang": "es",
        "in_reply_to_status_id": 1194155953781956608,
        "metadata": {
          "result_type": "recent",
          "iso_language_code": "es"
        },
        "geo": null,
        "possibly_sensitive": false,
        "retweeted": false,
        "text": "@guiber_marcelo La mayoría de esas exigencias YA ESTAN EN LA DECLARACIÓN JURADA PRESENTADA AL JNE. \nPuedes revisar… https://t.co/y71p556Em5",
        "place": null
      },
      "id_str": "1203292520114995200",
      "truncated": false,
      "in_reply_to_status_id_str": null,
      "created_at": "Sat Dec 07 12:37:47 +0000 2019",
      "in_reply_to_user_id_str": null,
      "coordinates": null,
      "lang": "es",
      "in_reply_to_status_id": null,
      "metadata": {
        "result_type": "recent",
        "iso_language_code": "es"
      },
      "geo": null,
      "retweeted": false,
      "text": "RT @Jose_Antony_CG: @guiber_marcelo La mayoría de esas exigencias YA ESTAN EN LA DECLARACIÓN JURADA PRESENTADA AL JNE. \nPuedes revisar las…",
      "place": null
    },
    {
      "favorite_count": 0,
      "is_quote_status": false,
      "retweet_count": 2,
      "in_reply_to_screen_name": null,
      "user": {
        "statuses_count": 1491,
        "notifications": false,
        "location": "",
        "geo_enabled": false,
        "friends_count": 290,
        "profile_image_url_https": "https://abs.twimg.com/sticky/default_profile_images/default_profile_normal.png",
        "profile_background_color": "F5F8FA",
        "following": false,
        "id": 1058428594911887360,
        "time_zone": null,
        "protected": false,
        "profile_image_url": "http://abs.twimg.com/sticky/default_profile_images/default_profile_normal.png",
        "profile_sidebar_border_color": "C0DEED",
        "translator_type": "none",
        "verified": false,
        "profile_background_image_url": null,
        "utc_offset": null,
        "entities": {
          "description": {
            "urls": []
          }
        },
        "followers_count": 64,
        "profile_link_color": "1DA1F2",
        "id_str": "1058428594911887360",
        "url": null,
        "is_translation_enabled": false,
        "screen_name": "JosefinaElias12",
        "listed_count": 0,
        "profile_text_color": "333333",
        "created_at": "Fri Nov 02 18:40:16 +0000 2018",
        "has_extended_profile": false,
        "description": "",
        "favourites_count": 14988,
        "profile_background_image_url_https": null,
        "lang": null,
        "default_profile_image": true,
        "is_translator": false,
        "name": "Josefina Elias",
        "profile_use_background_image": true,
        "contributors_enabled": false,
        "default_profile": true,
        "profile_sidebar_fill_color": "DDEEF6",
        "follow_request_sent": false,
        "profile_background_tile": false
      },
      "source": "<a href=\"http://twitter.com/download/android\" rel=\"nofollow\">Twitter for Android</a>",
      "id": 1203292468810276865,
      "favorited": false,
      "contributors": null,
      "in_reply_to_user_id": null,
      "entities": {
        "symbols": [],
        "user_mentions": [
          {
            "id": 737101530084614144,
            "id_str": "737101530084614144",
            "screen_name": "guiber_marcelo",
            "indices": [
              3,
              18
            ],
            "name": "Guiber Marcelo"
          },
          {
            "id": 134936054,
            "id_str": "134936054",
            "screen_name": "Jose_Antony_CG",
            "indices": [
              20,
              35
            ],
            "name": "José Antony Cossío Guillén 1⃣3⃣"
          }
        ],
        "urls": [],
        "hashtags": []
      },
      "retweeted_status": {
        "favorite_count": 4,
        "is_quote_status": false,
        "retweet_count": 2,
        "in_reply_to_screen_name": "Jose_Antony_CG",
        "user": {
          "statuses_count": 31103,
          "notifications": false,
          "location": "Lima, Peru",
          "geo_enabled": false,
          "friends_count": 2002,
          "profile_image_url_https": "https://pbs.twimg.com/profile_images/833185314982211584/MznqjejZ_normal.jpg",
          "profile_background_color": "F5F8FA",
          "following": true,
          "id": 737101530084614144,
          "time_zone": null,
          "protected": false,
          "profile_image_url": "http://pbs.twimg.com/profile_images/833185314982211584/MznqjejZ_normal.jpg",
          "profile_sidebar_border_color": "C0DEED",
          "translator_type": "none",
          "verified": false,
          "profile_background_image_url": null,
          "utc_offset": null,
          "entities": {
            "description": {
              "urls": []
            }
          },
          "followers_count": 1452,
          "profile_banner_url": "https://pbs.twimg.com/profile_banners/737101530084614144/1471722636",
          "profile_link_color": "1DA1F2",
          "id_str": "737101530084614144",
          "url": null,
          "is_translation_enabled": false,
          "screen_name": "guiber_marcelo",
          "listed_count": 0,
          "profile_text_color": "333333",
          "created_at": "Mon May 30 02:01:14 +0000 2016",
          "has_extended_profile": false,
          "description": "Quiero un Perú progresando y unido.\nIng Ind sin CIP 1973 UNMSM\nEmpresario que no contrata con el estado.\nNi de izquierdas, derechas y ultras de ningún extremo.",
          "favourites_count": 12201,
          "profile_background_image_url_https": null,
          "lang": null,
          "default_profile_image": false,
          "is_translator": false,
          "name": "Guiber Marcelo",
          "profile_use_background_image": true,
          "contributors_enabled": false,
          "default_profile": true,
          "profile_sidebar_fill_color": "DDEEF6",
          "follow_request_sent": false,
          "profile_background_tile": false
        },
        "source": "<a href=\"http://twitter.com/download/android\" rel=\"nofollow\">Twitter for Android</a>",
        "id": 1202717118770352134,
        "favorited": false,
        "in_reply_to_user_id": 134936054,
        "entities": {
          "symbols": [],
          "user_mentions": [
            {
              "id": 134936054,
              "id_str": "134936054",
              "screen_name": "Jose_Antony_CG",
              "indices": [
                0,
                15
              ],
              "name": "José Antony Cossío Guillén 1⃣3⃣"
            }
          ],
          "urls": [],
          "hashtags": []
        },
        "contributors": null,
        "id_str": "1202717118770352134",
        "truncated": false,
        "in_reply_to_status_id_str": "1202716570444869632",
        "created_at": "Thu Dec 05 22:31:21 +0000 2019",
        "in_reply_to_user_id_str": "134936054",
        "coordinates": null,
        "lang": "es",
        "in_reply_to_status_id": 1202716570444869632,
        "metadata": {
          "result_type": "recent",
          "iso_language_code": "es"
        },
        "geo": null,
        "retweeted": false,
        "text": "@Jose_Antony_CG Por favor puedes enviarme un mensaje\nGracias",
        "place": null
      },
      "id_str": "1203292468810276865",
      "truncated": false,
      "in_reply_to_status_id_str": null,
      "created_at": "Sat Dec 07 12:37:35 +0000 2019",
      "in_reply_to_user_id_str": null,
      "coordinates": null,
      "lang": "es",
      "in_reply_to_status_id": null,
      "metadata": {
        "result_type": "recent",
        "iso_language_code": "es"
      },
      "geo": null,
      "retweeted": false,
      "text": "RT @guiber_marcelo: @Jose_Antony_CG Por favor puedes enviarme un mensaje\nGracias",
      "place": null
    },
    {
      "favorite_count": 0,
      "is_quote_status": false,
      "retweet_count": 4,
      "in_reply_to_screen_name": null,
      "user": {
        "statuses_count": 1491,
        "notifications": false,
        "location": "",
        "geo_enabled": false,
        "friends_count": 290,
        "profile_image_url_https": "https://abs.twimg.com/sticky/default_profile_images/default_profile_normal.png",
        "profile_background_color": "F5F8FA",
        "following": false,
        "id": 1058428594911887360,
        "time_zone": null,
        "protected": false,
        "profile_image_url": "http://abs.twimg.com/sticky/default_profile_images/default_profile_normal.png",
        "profile_sidebar_border_color": "C0DEED",
        "translator_type": "none",
        "verified": false,
        "profile_background_image_url": null,
        "utc_offset": null,
        "entities": {
          "description": {
            "urls": []
          }
        },
        "followers_count": 64,
        "profile_link_color": "1DA1F2",
        "id_str": "1058428594911887360",
        "url": null,
        "is_translation_enabled": false,
        "screen_name": "JosefinaElias12",
        "listed_count": 0,
        "profile_text_color": "333333",
        "created_at": "Fri Nov 02 18:40:16 +0000 2018",
        "has_extended_profile": false,
        "description": "",
        "favourites_count": 14988,
        "profile_background_image_url_https": null,
        "lang": null,
        "default_profile_image": true,
        "is_translator": false,
        "name": "Josefina Elias",
        "profile_use_background_image": true,
        "contributors_enabled": false,
        "default_profile": true,
        "profile_sidebar_fill_color": "DDEEF6",
        "follow_request_sent": false,
        "profile_background_tile": false
      },
      "source": "<a href=\"http://twitter.com/download/android\" rel=\"nofollow\">Twitter for Android</a>",
      "id": 1203292453664636934,
      "favorited": false,
      "contributors": null,
      "in_reply_to_user_id": null,
      "entities": {
        "symbols": [],
        "user_mentions": [
          {
            "id": 134936054,
            "id_str": "134936054",
            "screen_name": "Jose_Antony_CG",
            "indices": [
              3,
              18
            ],
            "name": "José Antony Cossío Guillén 1⃣3⃣"
          },
          {
            "id": 737101530084614144,
            "id_str": "737101530084614144",
            "screen_name": "guiber_marcelo",
            "indices": [
              20,
              35
            ],
            "name": "Guiber Marcelo"
          }
        ],
        "urls": [],
        "hashtags": []
      },
      "retweeted_status": {
        "favorite_count": 3,
        "is_quote_status": false,
        "retweet_count": 4,
        "in_reply_to_screen_name": "guiber_marcelo",
        "user": {
          "statuses_count": 27715,
          "notifications": false,
          "location": "SMP - Lima",
          "geo_enabled": true,
          "friends_count": 275,
          "profile_image_url_https": "https://pbs.twimg.com/profile_images/1203123371128610816/2vwm0Nje_normal.jpg",
          "profile_background_color": "000000",
          "following": false,
          "id": 134936054,
          "time_zone": null,
          "protected": false,
          "profile_image_url": "http://pbs.twimg.com/profile_images/1203123371128610816/2vwm0Nje_normal.jpg",
          "profile_sidebar_border_color": "000000",
          "translator_type": "none",
          "verified": false,
          "profile_background_image_url": "http://abs.twimg.com/images/themes/theme14/bg.gif",
          "utc_offset": null,
          "entities": {
            "url": {
              "urls": [
                {
                  "url": "https://t.co/x78GBrPcYn",
                  "display_url": "facebook.com/Libredemente",
                  "expanded_url": "http://www.facebook.com/Libredemente",
                  "indices": [
                    0,
                    23
                  ]
                }
              ]
            },
            "description": {
              "urls": []
            }
          },
          "followers_count": 389,
          "profile_banner_url": "https://pbs.twimg.com/profile_banners/134936054/1575681942",
          "profile_link_color": "1B95E0",
          "id_str": "134936054",
          "url": "https://t.co/x78GBrPcYn",
          "is_translation_enabled": false,
          "screen_name": "Jose_Antony_CG",
          "listed_count": 7,
          "profile_text_color": "000000",
          "created_at": "Mon Apr 19 22:05:22 +0000 2010",
          "has_extended_profile": true,
          "description": "☆ Candidato al Congreso con el N° 13     \n☆ Militante del partido CONTIGO\n☆ Profesor de Historia y Geografía\n☆ Whatsapp: 991910777 - 969504222",
          "favourites_count": 79030,
          "profile_background_image_url_https": "https://abs.twimg.com/images/themes/theme14/bg.gif",
          "lang": null,
          "default_profile_image": false,
          "is_translator": false,
          "name": "José Antony Cossío Guillén 1⃣3⃣",
          "profile_use_background_image": false,
          "contributors_enabled": false,
          "default_profile": false,
          "profile_sidebar_fill_color": "000000",
          "follow_request_sent": false,
          "profile_background_tile": false
        },
        "source": "<a href=\"http://twitter.com/download/android\" rel=\"nofollow\">Twitter for Android</a>",
        "id": 1202716570444869632,
        "favorited": false,
        "in_reply_to_user_id": 737101530084614144,
        "entities": {
          "symbols": [],
          "user_mentions": [
            {
              "id": 737101530084614144,
              "id_str": "737101530084614144",
              "screen_name": "guiber_marcelo",
              "indices": [
                0,
                15
              ],
              "name": "Guiber Marcelo"
            }
          ],
          "urls": [
            {
              "url": "https://t.co/si89GD03i7",
              "display_url": "twitter.com/i/web/status/1…",
              "expanded_url": "https://twitter.com/i/web/status/1202716570444869632",
              "indices": [
                117,
                140
              ]
            }
          ],
          "hashtags": []
        },
        "contributors": null,
        "id_str": "1202716570444869632",
        "truncated": true,
        "in_reply_to_status_id_str": "1194155953781956608",
        "created_at": "Thu Dec 05 22:29:10 +0000 2019",
        "in_reply_to_user_id_str": "737101530084614144",
        "coordinates": null,
        "lang": "es",
        "in_reply_to_status_id": 1194155953781956608,
        "metadata": {
          "result_type": "recent",
          "iso_language_code": "es"
        },
        "geo": null,
        "retweeted": false,
        "text": "@guiber_marcelo Respecto a donar 50% de ingresos, yo donaría todos los meses el 100% de mi sueldo a instituciones b… https://t.co/si89GD03i7",
        "place": null
      },
      "id_str": "1203292453664636934",
      "truncated": false,
      "in_reply_to_status_id_str": null,
      "created_at": "Sat Dec 07 12:37:31 +0000 2019",
      "in_reply_to_user_id_str": null,
      "coordinates": null,
      "lang": "es",
      "in_reply_to_status_id": null,
      "metadata": {
        "result_type": "recent",
        "iso_language_code": "es"
      },
      "geo": null,
      "retweeted": false,
      "text": "RT @Jose_Antony_CG: @guiber_marcelo Respecto a donar 50% de ingresos, yo donaría todos los meses el 100% de mi sueldo a instituciones benef…",
      "place": null
    },
    {
      "favorite_count": 0,
      "is_quote_status": false,
      "retweet_count": 4,
      "in_reply_to_screen_name": null,
      "user": {
        "statuses_count": 401364,
        "notifications": false,
        "location": "",
        "geo_enabled": true,
        "friends_count": 10534,
        "profile_image_url_https": "https://pbs.twimg.com/profile_images/506097532720939008/yAIcgi18_normal.jpeg",
        "profile_background_color": "C0DEED",
        "following": false,
        "id": 2447373036,
        "time_zone": null,
        "protected": false,
        "profile_image_url": "http://pbs.twimg.com/profile_images/506097532720939008/yAIcgi18_normal.jpeg",
        "profile_sidebar_border_color": "C0DEED",
        "translator_type": "none",
        "verified": false,
        "profile_background_image_url": "http://abs.twimg.com/images/themes/theme1/bg.png",
        "utc_offset": null,
        "entities": {
          "url": {
            "urls": [
              {
                "url": "http://t.co/PVlFzZ9xmR",
                "display_url": "page.is/luis-espinoza",
                "expanded_url": "http://page.is/luis-espinoza",
                "indices": [
                  0,
                  22
                ]
              }
            ]
          },
          "description": {
            "urls": []
          }
        },
        "followers_count": 9571,
        "profile_banner_url": "https://pbs.twimg.com/profile_banners/2447373036/1409498481",
        "profile_link_color": "1DA1F2",
        "id_str": "2447373036",
        "url": "http://t.co/PVlFzZ9xmR",
        "is_translation_enabled": false,
        "screen_name": "yoni3556_luis",
        "listed_count": 245,
        "profile_text_color": "333333",
        "created_at": "Wed Apr 16 14:48:41 +0000 2014",
        "has_extended_profile": false,
        "description": "",
        "favourites_count": 464413,
        "profile_background_image_url_https": "https://abs.twimg.com/images/themes/theme1/bg.png",
        "lang": null,
        "default_profile_image": false,
        "is_translator": false,
        "name": "Luis ESPINOZA",
        "profile_use_background_image": true,
        "contributors_enabled": false,
        "default_profile": true,
        "profile_sidebar_fill_color": "DDEEF6",
        "follow_request_sent": false,
        "profile_background_tile": false
      },
      "source": "<a href=\"http://twitter.com/download/android\" rel=\"nofollow\">Twitter for Android</a>",
      "id": 1203111862705033217,
      "favorited": false,
      "contributors": null,
      "in_reply_to_user_id": null,
      "entities": {
        "symbols": [],
        "user_mentions": [
          {
            "id": 134936054,
            "id_str": "134936054",
            "screen_name": "Jose_Antony_CG",
            "indices": [
              3,
              18
            ],
            "name": "José Antony Cossío Guillén 1⃣3⃣"
          },
          {
            "id": 737101530084614144,
            "id_str": "737101530084614144",
            "screen_name": "guiber_marcelo",
            "indices": [
              20,
              35
            ],
            "name": "Guiber Marcelo"
          }
        ],
        "urls": [],
        "hashtags": []
      },
      "retweeted_status": {
        "favorite_count": 3,
        "is_quote_status": false,
        "retweet_count": 4,
        "in_reply_to_screen_name": "guiber_marcelo",
        "user": {
          "statuses_count": 27715,
          "notifications": false,
          "location": "SMP - Lima",
          "geo_enabled": true,
          "friends_count": 275,
          "profile_image_url_https": "https://pbs.twimg.com/profile_images/1203123371128610816/2vwm0Nje_normal.jpg",
          "profile_background_color": "000000",
          "following": false,
          "id": 134936054,
          "time_zone": null,
          "protected": false,
          "profile_image_url": "http://pbs.twimg.com/profile_images/1203123371128610816/2vwm0Nje_normal.jpg",
          "profile_sidebar_border_color": "000000",
          "translator_type": "none",
          "verified": false,
          "profile_background_image_url": "http://abs.twimg.com/images/themes/theme14/bg.gif",
          "utc_offset": null,
          "entities": {
            "url": {
              "urls": [
                {
                  "url": "https://t.co/x78GBrPcYn",
                  "display_url": "facebook.com/Libredemente",
                  "expanded_url": "http://www.facebook.com/Libredemente",
                  "indices": [
                    0,
                    23
                  ]
                }
              ]
            },
            "description": {
              "urls": []
            }
          },
          "followers_count": 389,
          "profile_banner_url": "https://pbs.twimg.com/profile_banners/134936054/1575681942",
          "profile_link_color": "1B95E0",
          "id_str": "134936054",
          "url": "https://t.co/x78GBrPcYn",
          "is_translation_enabled": false,
          "screen_name": "Jose_Antony_CG",
          "listed_count": 7,
          "profile_text_color": "000000",
          "created_at": "Mon Apr 19 22:05:22 +0000 2010",
          "has_extended_profile": true,
          "description": "☆ Candidato al Congreso con el N° 13     \n☆ Militante del partido CONTIGO\n☆ Profesor de Historia y Geografía\n☆ Whatsapp: 991910777 - 969504222",
          "favourites_count": 79030,
          "profile_background_image_url_https": "https://abs.twimg.com/images/themes/theme14/bg.gif",
          "lang": null,
          "default_profile_image": false,
          "is_translator": false,
          "name": "José Antony Cossío Guillén 1⃣3⃣",
          "profile_use_background_image": false,
          "contributors_enabled": false,
          "default_profile": false,
          "profile_sidebar_fill_color": "000000",
          "follow_request_sent": false,
          "profile_background_tile": false
        },
        "source": "<a href=\"http://twitter.com/download/android\" rel=\"nofollow\">Twitter for Android</a>",
        "id": 1202716570444869632,
        "favorited": false,
        "in_reply_to_user_id": 737101530084614144,
        "entities": {
          "symbols": [],
          "user_mentions": [
            {
              "id": 737101530084614144,
              "id_str": "737101530084614144",
              "screen_name": "guiber_marcelo",
              "indices": [
                0,
                15
              ],
              "name": "Guiber Marcelo"
            }
          ],
          "urls": [
            {
              "url": "https://t.co/si89GD03i7",
              "display_url": "twitter.com/i/web/status/1…",
              "expanded_url": "https://twitter.com/i/web/status/1202716570444869632",
              "indices": [
                117,
                140
              ]
            }
          ],
          "hashtags": []
        },
        "contributors": null,
        "id_str": "1202716570444869632",
        "truncated": true,
        "in_reply_to_status_id_str": "1194155953781956608",
        "created_at": "Thu Dec 05 22:29:10 +0000 2019",
        "in_reply_to_user_id_str": "737101530084614144",
        "coordinates": null,
        "lang": "es",
        "in_reply_to_status_id": 1194155953781956608,
        "metadata": {
          "result_type": "recent",
          "iso_language_code": "es"
        },
        "geo": null,
        "retweeted": false,
        "text": "@guiber_marcelo Respecto a donar 50% de ingresos, yo donaría todos los meses el 100% de mi sueldo a instituciones b… https://t.co/si89GD03i7",
        "place": null
      },
      "id_str": "1203111862705033217",
      "truncated": false,
      "in_reply_to_status_id_str": null,
      "created_at": "Sat Dec 07 00:39:55 +0000 2019",
      "in_reply_to_user_id_str": null,
      "coordinates": null,
      "lang": "es",
      "in_reply_to_status_id": null,
      "metadata": {
        "result_type": "recent",
        "iso_language_code": "es"
      },
      "geo": null,
      "retweeted": false,
      "text": "RT @Jose_Antony_CG: @guiber_marcelo Respecto a donar 50% de ingresos, yo donaría todos los meses el 100% de mi sueldo a instituciones benef…",
      "place": null
    },
    {
      "favorite_count": 0,
      "is_quote_status": false,
      "retweet_count": 2,
      "in_reply_to_screen_name": null,
      "user": {
        "statuses_count": 401364,
        "notifications": false,
        "location": "",
        "geo_enabled": true,
        "friends_count": 10534,
        "profile_image_url_https": "https://pbs.twimg.com/profile_images/506097532720939008/yAIcgi18_normal.jpeg",
        "profile_background_color": "C0DEED",
        "following": false,
        "id": 2447373036,
        "time_zone": null,
        "protected": false,
        "profile_image_url": "http://pbs.twimg.com/profile_images/506097532720939008/yAIcgi18_normal.jpeg",
        "profile_sidebar_border_color": "C0DEED",
        "translator_type": "none",
        "verified": false,
        "profile_background_image_url": "http://abs.twimg.com/images/themes/theme1/bg.png",
        "utc_offset": null,
        "entities": {
          "url": {
            "urls": [
              {
                "url": "http://t.co/PVlFzZ9xmR",
                "display_url": "page.is/luis-espinoza",
                "expanded_url": "http://page.is/luis-espinoza",
                "indices": [
                  0,
                  22
                ]
              }
            ]
          },
          "description": {
            "urls": []
          }
        },
        "followers_count": 9571,
        "profile_banner_url": "https://pbs.twimg.com/profile_banners/2447373036/1409498481",
        "profile_link_color": "1DA1F2",
        "id_str": "2447373036",
        "url": "http://t.co/PVlFzZ9xmR",
        "is_translation_enabled": false,
        "screen_name": "yoni3556_luis",
        "listed_count": 245,
        "profile_text_color": "333333",
        "created_at": "Wed Apr 16 14:48:41 +0000 2014",
        "has_extended_profile": false,
        "description": "",
        "favourites_count": 464413,
        "profile_background_image_url_https": "https://abs.twimg.com/images/themes/theme1/bg.png",
        "lang": null,
        "default_profile_image": false,
        "is_translator": false,
        "name": "Luis ESPINOZA",
        "profile_use_background_image": true,
        "contributors_enabled": false,
        "default_profile": true,
        "profile_sidebar_fill_color": "DDEEF6",
        "follow_request_sent": false,
        "profile_background_tile": false
      },
      "source": "<a href=\"http://twitter.com/download/android\" rel=\"nofollow\">Twitter for Android</a>",
      "id": 1203111822162829312,
      "favorited": false,
      "contributors": null,
      "in_reply_to_user_id": null,
      "entities": {
        "symbols": [],
        "user_mentions": [
          {
            "id": 737101530084614144,
            "id_str": "737101530084614144",
            "screen_name": "guiber_marcelo",
            "indices": [
              3,
              18
            ],
            "name": "Guiber Marcelo"
          },
          {
            "id": 134936054,
            "id_str": "134936054",
            "screen_name": "Jose_Antony_CG",
            "indices": [
              20,
              35
            ],
            "name": "José Antony Cossío Guillén 1⃣3⃣"
          }
        ],
        "urls": [],
        "hashtags": []
      },
      "retweeted_status": {
        "favorite_count": 4,
        "is_quote_status": false,
        "retweet_count": 2,
        "in_reply_to_screen_name": "Jose_Antony_CG",
        "user": {
          "statuses_count": 31103,
          "notifications": false,
          "location": "Lima, Peru",
          "geo_enabled": false,
          "friends_count": 2002,
          "profile_image_url_https": "https://pbs.twimg.com/profile_images/833185314982211584/MznqjejZ_normal.jpg",
          "profile_background_color": "F5F8FA",
          "following": true,
          "id": 737101530084614144,
          "time_zone": null,
          "protected": false,
          "profile_image_url": "http://pbs.twimg.com/profile_images/833185314982211584/MznqjejZ_normal.jpg",
          "profile_sidebar_border_color": "C0DEED",
          "translator_type": "none",
          "verified": false,
          "profile_background_image_url": null,
          "utc_offset": null,
          "entities": {
            "description": {
              "urls": []
            }
          },
          "followers_count": 1452,
          "profile_banner_url": "https://pbs.twimg.com/profile_banners/737101530084614144/1471722636",
          "profile_link_color": "1DA1F2",
          "id_str": "737101530084614144",
          "url": null,
          "is_translation_enabled": false,
          "screen_name": "guiber_marcelo",
          "listed_count": 0,
          "profile_text_color": "333333",
          "created_at": "Mon May 30 02:01:14 +0000 2016",
          "has_extended_profile": false,
          "description": "Quiero un Perú progresando y unido.\nIng Ind sin CIP 1973 UNMSM\nEmpresario que no contrata con el estado.\nNi de izquierdas, derechas y ultras de ningún extremo.",
          "favourites_count": 12201,
          "profile_background_image_url_https": null,
          "lang": null,
          "default_profile_image": false,
          "is_translator": false,
          "name": "Guiber Marcelo",
          "profile_use_background_image": true,
          "contributors_enabled": false,
          "default_profile": true,
          "profile_sidebar_fill_color": "DDEEF6",
          "follow_request_sent": false,
          "profile_background_tile": false
        },
        "source": "<a href=\"http://twitter.com/download/android\" rel=\"nofollow\">Twitter for Android</a>",
        "id": 1202717118770352134,
        "favorited": false,
        "in_reply_to_user_id": 134936054,
        "entities": {
          "symbols": [],
          "user_mentions": [
            {
              "id": 134936054,
              "id_str": "134936054",
              "screen_name": "Jose_Antony_CG",
              "indices": [
                0,
                15
              ],
              "name": "José Antony Cossío Guillén 1⃣3⃣"
            }
          ],
          "urls": [],
          "hashtags": []
        },
        "contributors": null,
        "id_str": "1202717118770352134",
        "truncated": false,
        "in_reply_to_status_id_str": "1202716570444869632",
        "created_at": "Thu Dec 05 22:31:21 +0000 2019",
        "in_reply_to_user_id_str": "134936054",
        "coordinates": null,
        "lang": "es",
        "in_reply_to_status_id": 1202716570444869632,
        "metadata": {
          "result_type": "recent",
          "iso_language_code": "es"
        },
        "geo": null,
        "retweeted": false,
        "text": "@Jose_Antony_CG Por favor puedes enviarme un mensaje\nGracias",
        "place": null
      },
      "id_str": "1203111822162829312",
      "truncated": false,
      "in_reply_to_status_id_str": null,
      "created_at": "Sat Dec 07 00:39:45 +0000 2019",
      "in_reply_to_user_id_str": null,
      "coordinates": null,
      "lang": "es",
      "in_reply_to_status_id": null,
      "metadata": {
        "result_type": "recent",
        "iso_language_code": "es"
      },
      "geo": null,
      "retweeted": false,
      "text": "RT @guiber_marcelo: @Jose_Antony_CG Por favor puedes enviarme un mensaje\nGracias",
      "place": null
    },
    {
      "favorite_count": 0,
      "is_quote_status": false,
      "retweet_count": 0,
      "in_reply_to_screen_name": "Jose_Antony_CG",
      "user": {
        "statuses_count": 703,
        "notifications": false,
        "location": "Lima, Peru",
        "geo_enabled": true,
        "friends_count": 721,
        "profile_image_url_https": "https://pbs.twimg.com/profile_images/947631686178824192/P2XuwDgb_normal.jpg",
        "profile_background_color": "F5F8FA",
        "following": false,
        "id": 4880851986,
        "time_zone": null,
        "protected": false,
        "profile_image_url": "http://pbs.twimg.com/profile_images/947631686178824192/P2XuwDgb_normal.jpg",
        "profile_sidebar_border_color": "C0DEED",
        "translator_type": "none",
        "verified": false,
        "profile_background_image_url": null,
        "utc_offset": null,
        "entities": {
          "description": {
            "urls": []
          }
        },
        "followers_count": 67,
        "profile_banner_url": "https://pbs.twimg.com/profile_banners/4880851986/1467642105",
        "profile_link_color": "1DA1F2",
        "id_str": "4880851986",
        "url": null,
        "is_translation_enabled": false,
        "screen_name": "vrherediam",
        "listed_count": 1,
        "profile_text_color": "333333",
        "created_at": "Tue Feb 09 02:42:07 +0000 2016",
        "has_extended_profile": true,
        "description": "Indiustrial engineer/ Marketer / Business Developer / Maker /  Dreamer | rebel | hustler | thinker | challenger / explorer | wanderer | giver | fighter | prayer",
        "favourites_count": 1411,
        "profile_background_image_url_https": null,
        "lang": null,
        "default_profile_image": false,
        "is_translator": false,
        "name": "Victor Heredia",
        "profile_use_background_image": true,
        "contributors_enabled": false,
        "default_profile": true,
        "profile_sidebar_fill_color": "DDEEF6",
        "follow_request_sent": false,
        "profile_background_tile": false
      },
      "source": "<a href=\"http://twitter.com/download/iphone\" rel=\"nofollow\">Twitter for iPhone</a>",
      "id": 1203011314764992512,
      "favorited": false,
      "in_reply_to_user_id": 134936054,
      "entities": {
        "symbols": [],
        "user_mentions": [
          {
            "id": 134936054,
            "id_str": "134936054",
            "screen_name": "Jose_Antony_CG",
            "indices": [
              0,
              15
            ],
            "name": "José Antony Cossío Guillén 1⃣3⃣"
          }
        ],
        "urls": [],
        "hashtags": []
      },
      "contributors": null,
      "id_str": "1203011314764992512",
      "truncated": false,
      "in_reply_to_status_id_str": "1202993000999247872",
      "created_at": "Fri Dec 06 18:00:22 +0000 2019",
      "in_reply_to_user_id_str": "134936054",
      "coordinates": null,
      "lang": "es",
      "in_reply_to_status_id": 1202993000999247872,
      "metadata": {
        "result_type": "recent",
        "iso_language_code": "es"
      },
      "geo": null,
      "retweeted": false,
      "text": "@Jose_Antony_CG Ok queda...👍🏽",
      "place": null
    },
    {
      "favorite_count": 0,
      "is_quote_status": false,
      "retweet_count": 0,
      "in_reply_to_screen_name": "Jose_Antony_CG",
      "user": {
        "statuses_count": 29339,
        "notifications": false,
        "location": "",
        "geo_enabled": true,
        "friends_count": 1685,
        "profile_image_url_https": "https://pbs.twimg.com/profile_images/874733630416924673/FbRhnyXm_normal.jpg",
        "profile_background_color": "C0DEED",
        "following": false,
        "id": 409282507,
        "time_zone": null,
        "protected": false,
        "profile_image_url": "http://pbs.twimg.com/profile_images/874733630416924673/FbRhnyXm_normal.jpg",
        "profile_sidebar_border_color": "C0DEED",
        "translator_type": "none",
        "verified": false,
        "profile_background_image_url": "http://abs.twimg.com/images/themes/theme1/bg.png",
        "utc_offset": null,
        "entities": {
          "description": {
            "urls": []
          }
        },
        "followers_count": 379,
        "profile_banner_url": "https://pbs.twimg.com/profile_banners/409282507/1399408485",
        "profile_link_color": "1DA1F2",
        "id_str": "409282507",
        "url": null,
        "is_translation_enabled": false,
        "screen_name": "francisfremen",
        "listed_count": 11,
        "profile_text_color": "333333",
        "created_at": "Thu Nov 10 14:35:18 +0000 2011",
        "has_extended_profile": false,
        "description": "",
        "favourites_count": 44948,
        "profile_background_image_url_https": "https://abs.twimg.com/images/themes/theme1/bg.png",
        "lang": null,
        "default_profile_image": false,
        "is_translator": false,
        "name": "francis",
        "profile_use_background_image": true,
        "contributors_enabled": false,
        "default_profile": true,
        "profile_sidebar_fill_color": "DDEEF6",
        "follow_request_sent": false,
        "profile_background_tile": false
      },
      "source": "<a href=\"http://twitter.com/download/android\" rel=\"nofollow\">Twitter for Android</a>",
      "id": 1203004427747102720,
      "favorited": false,
      "in_reply_to_user_id": 134936054,
      "entities": {
        "symbols": [],
        "user_mentions": [
          {
            "id": 134936054,
            "id_str": "134936054",
            "screen_name": "Jose_Antony_CG",
            "indices": [
              0,
              15
            ],
            "name": "José Antony Cossío Guillén 1⃣3⃣"
          }
        ],
        "urls": [
          {
            "url": "https://t.co/c6jQoN92du",
            "display_url": "twitter.com/i/web/status/1…",
            "expanded_url": "https://twitter.com/i/web/status/1203004427747102720",
            "indices": [
              117,
              140
            ]
          }
        ],
        "hashtags": []
      },
      "contributors": null,
      "id_str": "1203004427747102720",
      "truncated": true,
      "in_reply_to_status_id_str": "1202998975248445440",
      "created_at": "Fri Dec 06 17:33:00 +0000 2019",
      "in_reply_to_user_id_str": "134936054",
      "coordinates": null,
      "lang": "es",
      "in_reply_to_status_id": 1202998975248445440,
      "metadata": {
        "result_type": "recent",
        "iso_language_code": "es"
      },
      "geo": null,
      "retweeted": false,
      "text": "@Jose_Antony_CG Puedes tener razón. El tema no va por ahí. El tema es más allá del voto y de tu campaña por tuiter.… https://t.co/c6jQoN92du",
      "place": null
    },
    {
      "favorite_count": 0,
      "is_quote_status": false,
      "retweet_count": 0,
      "in_reply_to_screen_name": "vrherediam",
      "user": {
        "statuses_count": 703,
        "notifications": false,
        "location": "Lima, Peru",
        "geo_enabled": true,
        "friends_count": 721,
        "profile_image_url_https": "https://pbs.twimg.com/profile_images/947631686178824192/P2XuwDgb_normal.jpg",
        "profile_background_color": "F5F8FA",
        "following": false,
        "id": 4880851986,
        "time_zone": null,
        "protected": false,
        "profile_image_url": "http://pbs.twimg.com/profile_images/947631686178824192/P2XuwDgb_normal.jpg",
        "profile_sidebar_border_color": "C0DEED",
        "translator_type": "none",
        "verified": false,
        "profile_background_image_url": null,
        "utc_offset": null,
        "entities": {
          "description": {
            "urls": []
          }
        },
        "followers_count": 67,
        "profile_banner_url": "https://pbs.twimg.com/profile_banners/4880851986/1467642105",
        "profile_link_color": "1DA1F2",
        "id_str": "4880851986",
        "url": null,
        "is_translation_enabled": false,
        "screen_name": "vrherediam",
        "listed_count": 1,
        "profile_text_color": "333333",
        "created_at": "Tue Feb 09 02:42:07 +0000 2016",
        "has_extended_profile": true,
        "description": "Indiustrial engineer/ Marketer / Business Developer / Maker /  Dreamer | rebel | hustler | thinker | challenger / explorer | wanderer | giver | fighter | prayer",
        "favourites_count": 1411,
        "profile_background_image_url_https": null,
        "lang": null,
        "default_profile_image": false,
        "is_translator": false,
        "name": "Victor Heredia",
        "profile_use_background_image": true,
        "contributors_enabled": false,
        "default_profile": true,
        "profile_sidebar_fill_color": "DDEEF6",
        "follow_request_sent": false,
        "profile_background_tile": false
      },
      "source": "<a href=\"http://twitter.com/download/iphone\" rel=\"nofollow\">Twitter for iPhone</a>",
      "id": 1202950198282137602,
      "favorited": false,
      "in_reply_to_user_id": 4880851986,
      "entities": {
        "symbols": [],
        "user_mentions": [
          {
            "id": 134936054,
            "id_str": "134936054",
            "screen_name": "Jose_Antony_CG",
            "indices": [
              0,
              15
            ],
            "name": "José Antony Cossío Guillén 1⃣3⃣"
          },
          {
            "id": 350460605,
            "id_str": "350460605",
            "screen_name": "SalvadorHeresi",
            "indices": [
              16,
              31
            ],
            "name": "Salvador Heresi"
          },
          {
            "id": 4825296327,
            "id_str": "4825296327",
            "screen_name": "MartinVizcarraC",
            "indices": [
              32,
              48
            ],
            "name": "Martín Vizcarra"
          }
        ],
        "urls": [],
        "hashtags": []
      },
      "contributors": null,
      "id_str": "1202950198282137602",
      "truncated": false,
      "in_reply_to_status_id_str": "1202949948356153345",
      "created_at": "Fri Dec 06 13:57:31 +0000 2019",
      "in_reply_to_user_id_str": "4880851986",
      "coordinates": null,
      "lang": "es",
      "in_reply_to_status_id": 1202949948356153345,
      "metadata": {
        "result_type": "recent",
        "iso_language_code": "es"
      },
      "geo": null,
      "retweeted": false,
      "text": "@Jose_Antony_CG @SalvadorHeresi @MartinVizcarraC Tendrá **",
      "place": null
    },
    {
      "favorite_count": 1,
      "is_quote_status": false,
      "retweet_count": 0,
      "in_reply_to_screen_name": "vrherediam",
      "user": {
        "statuses_count": 703,
        "notifications": false,
        "location": "Lima, Peru",
        "geo_enabled": true,
        "friends_count": 721,
        "profile_image_url_https": "https://pbs.twimg.com/profile_images/947631686178824192/P2XuwDgb_normal.jpg",
        "profile_background_color": "F5F8FA",
        "following": false,
        "id": 4880851986,
        "time_zone": null,
        "protected": false,
        "profile_image_url": "http://pbs.twimg.com/profile_images/947631686178824192/P2XuwDgb_normal.jpg",
        "profile_sidebar_border_color": "C0DEED",
        "translator_type": "none",
        "verified": false,
        "profile_background_image_url": null,
        "utc_offset": null,
        "entities": {
          "description": {
            "urls": []
          }
        },
        "followers_count": 67,
        "profile_banner_url": "https://pbs.twimg.com/profile_banners/4880851986/1467642105",
        "profile_link_color": "1DA1F2",
        "id_str": "4880851986",
        "url": null,
        "is_translation_enabled": false,
        "screen_name": "vrherediam",
        "listed_count": 1,
        "profile_text_color": "333333",
        "created_at": "Tue Feb 09 02:42:07 +0000 2016",
        "has_extended_profile": true,
        "description": "Indiustrial engineer/ Marketer / Business Developer / Maker /  Dreamer | rebel | hustler | thinker | challenger / explorer | wanderer | giver | fighter | prayer",
        "favourites_count": 1411,
        "profile_background_image_url_https": null,
        "lang": null,
        "default_profile_image": false,
        "is_translator": false,
        "name": "Victor Heredia",
        "profile_use_background_image": true,
        "contributors_enabled": false,
        "default_profile": true,
        "profile_sidebar_fill_color": "DDEEF6",
        "follow_request_sent": false,
        "profile_background_tile": false
      },
      "source": "<a href=\"http://twitter.com/download/iphone\" rel=\"nofollow\">Twitter for iPhone</a>",
      "id": 1202949948356153345,
      "favorited": false,
      "in_reply_to_user_id": 4880851986,
      "entities": {
        "symbols": [],
        "user_mentions": [
          {
            "id": 134936054,
            "id_str": "134936054",
            "screen_name": "Jose_Antony_CG",
            "indices": [
              0,
              15
            ],
            "name": "José Antony Cossío Guillén 1⃣3⃣"
          },
          {
            "id": 350460605,
            "id_str": "350460605",
            "screen_name": "SalvadorHeresi",
            "indices": [
              16,
              31
            ],
            "name": "Salvador Heresi"
          },
          {
            "id": 4825296327,
            "id_str": "4825296327",
            "screen_name": "MartinVizcarraC",
            "indices": [
              32,
              48
            ],
            "name": "Martín Vizcarra"
          }
        ],
        "urls": [
          {
            "url": "https://t.co/4CGddzL98Q",
            "display_url": "twitter.com/i/web/status/1…",
            "expanded_url": "https://twitter.com/i/web/status/1202949948356153345",
            "indices": [
              117,
              140
            ]
          }
        ],
        "hashtags": []
      },
      "contributors": null,
      "id_str": "1202949948356153345",
      "truncated": true,
      "in_reply_to_status_id_str": "1202749091706556416",
      "created_at": "Fri Dec 06 13:56:32 +0000 2019",
      "in_reply_to_user_id_str": "4880851986",
      "coordinates": null,
      "lang": "es",
      "in_reply_to_status_id": 1202749091706556416,
      "metadata": {
        "result_type": "recent",
        "iso_language_code": "es"
      },
      "geo": null,
      "retweeted": false,
      "text": "@Jose_Antony_CG @SalvadorHeresi @MartinVizcarraC Estimado, entonces queda la apuesta, cierto? Una ronda marina ...s… https://t.co/4CGddzL98Q",
      "place": null
    },
    {
      "favorite_count": 0,
      "is_quote_status": false,
      "retweet_count": 0,
      "in_reply_to_screen_name": "Jose_Antony_CG",
      "user": {
        "statuses_count": 614,
        "notifications": false,
        "location": "Los Olivos, Peru",
        "geo_enabled": false,
        "friends_count": 474,
        "profile_image_url_https": "https://pbs.twimg.com/profile_images/1050568403126226944/hbva-zcO_normal.jpg",
        "profile_background_color": "F5F8FA",
        "following": false,
        "id": 918459713527873536,
        "time_zone": null,
        "protected": false,
        "profile_image_url": "http://pbs.twimg.com/profile_images/1050568403126226944/hbva-zcO_normal.jpg",
        "profile_sidebar_border_color": "C0DEED",
        "translator_type": "none",
        "verified": false,
        "profile_background_image_url": null,
        "utc_offset": null,
        "entities": {
          "description": {
            "urls": []
          }
        },
        "followers_count": 9,
        "profile_link_color": "1DA1F2",
        "id_str": "918459713527873536",
        "url": null,
        "is_translation_enabled": false,
        "screen_name": "joseedu_honores",
        "listed_count": 0,
        "profile_text_color": "333333",
        "created_at": "Thu Oct 12 12:53:54 +0000 2017",
        "has_extended_profile": true,
        "description": "",
        "favourites_count": 495,
        "profile_background_image_url_https": null,
        "lang": null,
        "default_profile_image": false,
        "is_translator": false,
        "name": "Jose Eduardo Honores",
        "profile_use_background_image": true,
        "contributors_enabled": false,
        "default_profile": true,
        "profile_sidebar_fill_color": "DDEEF6",
        "follow_request_sent": false,
        "profile_background_tile": false
      },
      "source": "<a href=\"http://twitter.com/download/android\" rel=\"nofollow\">Twitter for Android</a>",
      "id": 1202919692047749120,
      "favorited": false,
      "in_reply_to_user_id": 134936054,
      "entities": {
        "symbols": [],
        "user_mentions": [
          {
            "id": 134936054,
            "id_str": "134936054",
            "screen_name": "Jose_Antony_CG",
            "indices": [
              0,
              15
            ],
            "name": "José Antony Cossío Guillén 1⃣3⃣"
          },
          {
            "id": 4880851986,
            "id_str": "4880851986",
            "screen_name": "vrherediam",
            "indices": [
              16,
              27
            ],
            "name": "Victor Heredia"
          }
        ],
        "urls": [],
        "hashtags": []
      },
      "contributors": null,
      "id_str": "1202919692047749120",
      "truncated": false,
      "in_reply_to_status_id_str": "1202836279429402625",
      "created_at": "Fri Dec 06 11:56:18 +0000 2019",
      "in_reply_to_user_id_str": "134936054",
      "coordinates": null,
      "lang": "es",
      "in_reply_to_status_id": 1202836279429402625,
      "metadata": {
        "result_type": "recent",
        "iso_language_code": "es"
      },
      "geo": null,
      "retweeted": false,
      "text": "@Jose_Antony_CG @vrherediam Jajajaa te apuesto un triple que no logras serlo 🤣",
      "place": null
    },
    {
      "favorite_count": 0,
      "is_quote_status": false,
      "retweet_count": 0,
      "in_reply_to_screen_name": "Jose_Antony_CG",
      "user": {
        "statuses_count": 3814,
        "notifications": false,
        "location": "",
        "geo_enabled": false,
        "friends_count": 307,
        "profile_image_url_https": "https://pbs.twimg.com/profile_images/1124853862719021056/dLIKlZg1_normal.jpg",
        "profile_background_color": "F5F8FA",
        "following": false,
        "id": 866081272178913282,
        "time_zone": null,
        "protected": false,
        "profile_image_url": "http://pbs.twimg.com/profile_images/1124853862719021056/dLIKlZg1_normal.jpg",
        "profile_sidebar_border_color": "C0DEED",
        "translator_type": "none",
        "verified": false,
        "profile_background_image_url": null,
        "utc_offset": null,
        "entities": {
          "description": {
            "urls": []
          }
        },
        "followers_count": 285,
        "profile_banner_url": "https://pbs.twimg.com/profile_banners/866081272178913282/1557021314",
        "profile_link_color": "1DA1F2",
        "id_str": "866081272178913282",
        "url": null,
        "is_translation_enabled": false,
        "screen_name": "HugoQuevedo19",
        "listed_count": 0,
        "profile_text_color": "333333",
        "created_at": "Sun May 21 00:00:41 +0000 2017",
        "has_extended_profile": true,
        "description": "Comentario claro, concreto y conciso de política, economía y deporte, a veces dirigido a la llaga.",
        "favourites_count": 10537,
        "profile_background_image_url_https": null,
        "lang": null,
        "default_profile_image": false,
        "is_translator": false,
        "name": "Hugo Quevedo",
        "profile_use_background_image": true,
        "contributors_enabled": false,
        "default_profile": true,
        "profile_sidebar_fill_color": "DDEEF6",
        "follow_request_sent": false,
        "profile_background_tile": false
      },
      "source": "<a href=\"http://twitter.com/download/android\" rel=\"nofollow\">Twitter for Android</a>",
      "id": 1202899697817419776,
      "favorited": false,
      "in_reply_to_user_id": 134936054,
      "entities": {
        "symbols": [],
        "user_mentions": [
          {
            "id": 134936054,
            "id_str": "134936054",
            "screen_name": "Jose_Antony_CG",
            "indices": [
              0,
              15
            ],
            "name": "José Antony Cossío Guillén 1⃣3⃣"
          },
          {
            "id": 737101530084614144,
            "id_str": "737101530084614144",
            "screen_name": "guiber_marcelo",
            "indices": [
              16,
              31
            ],
            "name": "Guiber Marcelo"
          }
        ],
        "urls": [],
        "hashtags": []
      },
      "contributors": null,
      "id_str": "1202899697817419776",
      "truncated": false,
      "in_reply_to_status_id_str": "1202716570444869632",
      "created_at": "Fri Dec 06 10:36:51 +0000 2019",
      "in_reply_to_user_id_str": "134936054",
      "coordinates": null,
      "lang": "es",
      "in_reply_to_status_id": 1202716570444869632,
      "metadata": {
        "result_type": "recent",
        "iso_language_code": "es"
      },
      "geo": null,
      "retweeted": false,
      "text": "@Jose_Antony_CG @guiber_marcelo Que gracioso, todo lo que hacen para ser elegidos, impresionante.",
      "place": null
    },
    {
      "favorite_count": 0,
      "is_quote_status": false,
      "retweet_count": 0,
      "in_reply_to_screen_name": "Jose_Antony_CG",
      "user": {
        "statuses_count": 4473,
        "notifications": false,
        "location": "",
        "geo_enabled": true,
        "friends_count": 464,
        "profile_image_url_https": "https://pbs.twimg.com/profile_images/1058825160311103490/tHRcZFxk_normal.jpg",
        "profile_background_color": "C0DEED",
        "following": false,
        "id": 246323330,
        "time_zone": null,
        "protected": false,
        "profile_image_url": "http://pbs.twimg.com/profile_images/1058825160311103490/tHRcZFxk_normal.jpg",
        "profile_sidebar_border_color": "C0DEED",
        "translator_type": "none",
        "verified": false,
        "profile_background_image_url": "http://abs.twimg.com/images/themes/theme1/bg.png",
        "utc_offset": null,
        "entities": {
          "description": {
            "urls": []
          }
        },
        "followers_count": 101,
        "profile_link_color": "1DA1F2",
        "id_str": "246323330",
        "url": null,
        "is_translation_enabled": false,
        "screen_name": "JGironM",
        "listed_count": 0,
        "profile_text_color": "333333",
        "created_at": "Wed Feb 02 15:45:43 +0000 2011",
        "has_extended_profile": false,
        "description": "Editor/Camarógrafo/Cobertura de Noticias",
        "favourites_count": 9260,
        "profile_background_image_url_https": "https://abs.twimg.com/images/themes/theme1/bg.png",
        "lang": null,
        "default_profile_image": false,
        "is_translator": false,
        "name": "Javier Giron",
        "profile_use_background_image": true,
        "contributors_enabled": false,
        "default_profile": true,
        "profile_sidebar_fill_color": "DDEEF6",
        "follow_request_sent": false,
        "profile_background_tile": false
      },
      "source": "<a href=\"http://twitter.com/download/iphone\" rel=\"nofollow\">Twitter for iPhone</a>",
      "id": 1202815760294387712,
      "favorited": false,
      "in_reply_to_user_id": 134936054,
      "entities": {
        "symbols": [],
        "user_mentions": [
          {
            "id": 134936054,
            "id_str": "134936054",
            "screen_name": "Jose_Antony_CG",
            "indices": [
              0,
              15
            ],
            "name": "José Antony Cossío Guillén 1⃣3⃣"
          },
          {
            "id": 130357344,
            "id_str": "130357344",
            "screen_name": "cuervond",
            "indices": [
              16,
              25
            ],
            "name": "Javier Villa-García"
          },
          {
            "id": 737101530084614144,
            "id_str": "737101530084614144",
            "screen_name": "guiber_marcelo",
            "indices": [
              26,
              41
            ],
            "name": "Guiber Marcelo"
          },
          {
            "id": 350460605,
            "id_str": "350460605",
            "screen_name": "SalvadorHeresi",
            "indices": [
              59,
              74
            ],
            "name": "Salvador Heresi"
          },
          {
            "id": 33808317,
            "id_str": "33808317",
            "screen_name": "JuanSheput",
            "indices": [
              75,
              86
            ],
            "name": "Juan Sheput"
          },
          {
            "id": 71054324,
            "id_str": "71054324",
            "screen_name": "gilbertvioleta",
            "indices": [
              87,
              102
            ],
            "name": "Gilbert Violeta"
          }
        ],
        "urls": [
          {
            "url": "https://t.co/RMOz4lTDeB",
            "display_url": "twitter.com/i/web/status/1…",
            "expanded_url": "https://twitter.com/i/web/status/1202815760294387712",
            "indices": [
              116,
              139
            ]
          }
        ],
        "hashtags": []
      },
      "contributors": null,
      "id_str": "1202815760294387712",
      "truncated": true,
      "in_reply_to_status_id_str": "1202745471040720901",
      "created_at": "Fri Dec 06 05:03:19 +0000 2019",
      "in_reply_to_user_id_str": "134936054",
      "coordinates": null,
      "lang": "es",
      "in_reply_to_status_id": 1202745471040720901,
      "metadata": {
        "result_type": "recent",
        "iso_language_code": "es"
      },
      "geo": null,
      "retweeted": false,
      "text": "@Jose_Antony_CG @cuervond @guiber_marcelo Si te refieres a @SalvadorHeresi @JuanSheput @gilbertvioleta los líderes… https://t.co/RMOz4lTDeB",
      "place": null
    },
    {
      "favorite_count": 0,
      "is_quote_status": false,
      "retweet_count": 2,
      "in_reply_to_screen_name": null,
      "user": {
        "statuses_count": 4473,
        "notifications": false,
        "location": "",
        "geo_enabled": true,
        "friends_count": 464,
        "profile_image_url_https": "https://pbs.twimg.com/profile_images/1058825160311103490/tHRcZFxk_normal.jpg",
        "profile_background_color": "C0DEED",
        "following": false,
        "id": 246323330,
        "time_zone": null,
        "protected": false,
        "profile_image_url": "http://pbs.twimg.com/profile_images/1058825160311103490/tHRcZFxk_normal.jpg",
        "profile_sidebar_border_color": "C0DEED",
        "translator_type": "none",
        "verified": false,
        "profile_background_image_url": "http://abs.twimg.com/images/themes/theme1/bg.png",
        "utc_offset": null,
        "entities": {
          "description": {
            "urls": []
          }
        },
        "followers_count": 101,
        "profile_link_color": "1DA1F2",
        "id_str": "246323330",
        "url": null,
        "is_translation_enabled": false,
        "screen_name": "JGironM",
        "listed_count": 0,
        "profile_text_color": "333333",
        "created_at": "Wed Feb 02 15:45:43 +0000 2011",
        "has_extended_profile": false,
        "description": "Editor/Camarógrafo/Cobertura de Noticias",
        "favourites_count": 9260,
        "profile_background_image_url_https": "https://abs.twimg.com/images/themes/theme1/bg.png",
        "lang": null,
        "default_profile_image": false,
        "is_translator": false,
        "name": "Javier Giron",
        "profile_use_background_image": true,
        "contributors_enabled": false,
        "default_profile": true,
        "profile_sidebar_fill_color": "DDEEF6",
        "follow_request_sent": false,
        "profile_background_tile": false
      },
      "source": "<a href=\"http://twitter.com/download/iphone\" rel=\"nofollow\">Twitter for iPhone</a>",
      "id": 1202814123177844737,
      "favorited": false,
      "contributors": null,
      "in_reply_to_user_id": null,
      "entities": {
        "symbols": [],
        "user_mentions": [
          {
            "id": 130357344,
            "id_str": "130357344",
            "screen_name": "cuervond",
            "indices": [
              3,
              12
            ],
            "name": "Javier Villa-García"
          },
          {
            "id": 134936054,
            "id_str": "134936054",
            "screen_name": "Jose_Antony_CG",
            "indices": [
              14,
              29
            ],
            "name": "José Antony Cossío Guillén 1⃣3⃣"
          },
          {
            "id": 737101530084614144,
            "id_str": "737101530084614144",
            "screen_name": "guiber_marcelo",
            "indices": [
              30,
              45
            ],
            "name": "Guiber Marcelo"
          }
        ],
        "urls": [],
        "hashtags": []
      },
      "retweeted_status": {
        "favorite_count": 2,
        "is_quote_status": false,
        "retweet_count": 2,
        "in_reply_to_screen_name": "Jose_Antony_CG",
        "user": {
          "statuses_count": 41503,
          "notifications": false,
          "location": "San Isidro, Lima, Perú",
          "geo_enabled": true,
          "friends_count": 874,
          "profile_image_url_https": "https://pbs.twimg.com/profile_images/1093565431758184448/OEkOtEAB_normal.jpg",
          "profile_background_color": "E1E823",
          "following": false,
          "id": 130357344,
          "time_zone": null,
          "protected": false,
          "profile_image_url": "http://pbs.twimg.com/profile_images/1093565431758184448/OEkOtEAB_normal.jpg",
          "profile_sidebar_border_color": "FFFFFF",
          "translator_type": "none",
          "verified": false,
          "profile_background_image_url": "http://abs.twimg.com/images/themes/theme18/bg.gif",
          "utc_offset": null,
          "entities": {
            "url": {
              "urls": [
                {
                  "url": "https://t.co/fh5deUFbIO",
                  "display_url": "fumisaninternacional.com",
                  "expanded_url": "http://www.fumisaninternacional.com",
                  "indices": [
                    0,
                    23
                  ]
                }
              ]
            },
            "description": {
              "urls": []
            }
          },
          "followers_count": 1137,
          "profile_banner_url": "https://pbs.twimg.com/profile_banners/130357344/1506137759",
          "profile_link_color": "038543",
          "id_str": "130357344",
          "url": "https://t.co/fh5deUFbIO",
          "is_translation_enabled": false,
          "screen_name": "cuervond",
          "listed_count": 4,
          "profile_text_color": "333333",
          "created_at": "Wed Apr 07 02:15:57 +0000 2010",
          "has_extended_profile": false,
          "description": "Hello, hello, hello.... Is there anybody in there?",
          "favourites_count": 66753,
          "profile_background_image_url_https": "https://abs.twimg.com/images/themes/theme18/bg.gif",
          "lang": null,
          "default_profile_image": false,
          "is_translator": false,
          "name": "Javier Villa-García",
          "profile_use_background_image": true,
          "contributors_enabled": false,
          "default_profile": false,
          "profile_sidebar_fill_color": "DDEEF6",
          "follow_request_sent": false,
          "profile_background_tile": true
        },
        "source": "<a href=\"http://twitter.com/download/iphone\" rel=\"nofollow\">Twitter for iPhone</a>",
        "id": 1202764238059659264,
        "favorited": false,
        "in_reply_to_user_id": 134936054,
        "entities": {
          "symbols": [],
          "user_mentions": [
            {
              "id": 134936054,
              "id_str": "134936054",
              "screen_name": "Jose_Antony_CG",
              "indices": [
                0,
                15
              ],
              "name": "José Antony Cossío Guillén 1⃣3⃣"
            },
            {
              "id": 737101530084614144,
              "id_str": "737101530084614144",
              "screen_name": "guiber_marcelo",
              "indices": [
                16,
                31
              ],
              "name": "Guiber Marcelo"
            }
          ],
          "urls": [],
          "hashtags": []
        },
        "contributors": null,
        "id_str": "1202764238059659264",
        "truncated": false,
        "in_reply_to_status_id_str": "1202745471040720901",
        "created_at": "Fri Dec 06 01:38:35 +0000 2019",
        "in_reply_to_user_id_str": "134936054",
        "coordinates": null,
        "lang": "es",
        "in_reply_to_status_id": 1202745471040720901,
        "metadata": {
          "result_type": "recent",
          "iso_language_code": "es"
        },
        "geo": null,
        "retweeted": false,
        "text": "@Jose_Antony_CG @guiber_marcelo Acabas de describir a Heresi y a Sheput, los “líderes” de esa banda de indefinidos. \nMejor no sigas.",
        "place": null
      },
      "id_str": "1202814123177844737",
      "truncated": false,
      "in_reply_to_status_id_str": null,
      "created_at": "Fri Dec 06 04:56:48 +0000 2019",
      "in_reply_to_user_id_str": null,
      "coordinates": null,
      "lang": "es",
      "in_reply_to_status_id": null,
      "metadata": {
        "result_type": "recent",
        "iso_language_code": "es"
      },
      "geo": null,
      "retweeted": false,
      "text": "RT @cuervond: @Jose_Antony_CG @guiber_marcelo Acabas de describir a Heresi y a Sheput, los “líderes” de esa banda de indefinidos. \nMejor no…",
      "place": null
    }
  ]
}