{
  "data": [
    {
      "in_reply_to_user_id_str": "136366644",
      "is_quote_status": false,
      "geo": null,
      "favorited": false,
      "in_reply_to_user_id": 136366644,
      "text": "@steefsc @RossanaCribill3 @hectorbecerrilr @partidomorado @JNE_Peru @CIDH @ACTransparencia @cnddhh @ideeleradio… https://t.co/Kn5wby2TbZ",
      "created_at": "Thu Jan 16 01:20:45 +0000 2020",
      "metadata": {
        "result_type": "recent",
        "iso_language_code": "es"
      },
      "in_reply_to_status_id_str": "1217612267262554112",
      "truncated": true,
      "favorite_count": 0,
      "coordinates": null,
      "in_reply_to_status_id": 1217612267262554112,
      "source": "<a href=\"http://twitter.com/download/android\" rel=\"nofollow\">Twitter for Android</a>",
      "lang": "es",
      "id_str": "1217617651553505282",
      "entities": {
        "urls": [
          {
            "url": "https://t.co/Kn5wby2TbZ",
            "indices": [
              113,
              136
            ],
            "display_url": "twitter.com/i/web/status/1…",
            "expanded_url": "https://twitter.com/i/web/status/1217617651553505282"
          }
        ],
        "symbols": [],
        "hashtags": [],
        "user_mentions": [
          {
            "id_str": "136366644",
            "name": "Steef Sheen",
            "indices": [
              0,
              8
            ],
            "id": 136366644,
            "screen_name": "steefsc"
          },
          {
            "id_str": "861590198760681472",
            "name": "Rossana Cribillero",
            "indices": [
              9,
              25
            ],
            "id": 861590198760681472,
            "screen_name": "RossanaCribill3"
          },
          {
            "id_str": "525822471",
            "name": "HÉCTOR BECERRIL R.",
            "indices": [
              26,
              42
            ],
            "id": 525822471,
            "screen_name": "hectorbecerrilr"
          },
          {
            "id_str": "2800369406",
            "name": "Partido Morado",
            "indices": [
              43,
              57
            ],
            "id": 2800369406,
            "screen_name": "partidomorado"
          },
          {
            "id_str": "160355694",
            "name": "JNE Perú",
            "indices": [
              58,
              67
            ],
            "id": 160355694,
            "screen_name": "JNE_Peru"
          },
          {
            "id_str": "60954521",
            "name": "CIDH - IACHR",
            "indices": [
              68,
              73
            ],
            "id": 60954521,
            "screen_name": "CIDH"
          },
          {
            "id_str": "69351861",
            "name": "Transparencia",
            "indices": [
              74,
              90
            ],
            "id": 69351861,
            "screen_name": "ACTransparencia"
          },
          {
            "id_str": "68487390",
            "name": "CNDDHH 🇵🇪",
            "indices": [
              91,
              98
            ],
            "id": 68487390,
            "screen_name": "cnddhh"
          },
          {
            "id_str": "54044060",
            "name": "Ideeleradio",
            "indices": [
              99,
              111
            ],
            "id": 54044060,
            "screen_name": "ideeleradio"
          }
        ]
      },
      "contributors": null,
      "retweet_count": 0,
      "in_reply_to_screen_name": "steefsc",
      "retweeted": false,
      "place": null,
      "user": {
        "profile_background_image_url": null,
        "is_translation_enabled": false,
        "profile_image_url": "http://pbs.twimg.com/profile_images/1217159769603047426/D8QrJCK0_normal.jpg",
        "profile_background_tile": false,
        "default_profile_image": false,
        "utc_offset": null,
        "geo_enabled": false,
        "name": "peruano al 100%",
        "location": "",
        "profile_sidebar_fill_color": "DDEEF6",
        "protected": false,
        "created_at": "Fri Oct 11 03:00:12 +0000 2019",
        "profile_sidebar_border_color": "C0DEED",
        "has_extended_profile": false,
        "profile_background_image_url_https": null,
        "notifications": false,
        "profile_background_color": "F5F8FA",
        "description": "",
        "translator_type": "none",
        "statuses_count": 125,
        "profile_link_color": "1DA1F2",
        "friends_count": 177,
        "contributors_enabled": false,
        "followers_count": 5,
        "screen_name": "TonyP32023048",
        "following": false,
        "lang": null,
        "id_str": "1182490973114421249",
        "entities": {
          "description": {
            "urls": []
          }
        },
        "is_translator": false,
        "default_profile": true,
        "profile_use_background_image": true,
        "profile_image_url_https": "https://pbs.twimg.com/profile_images/1217159769603047426/D8QrJCK0_normal.jpg",
        "follow_request_sent": false,
        "verified": false,
        "url": null,
        "profile_text_color": "333333",
        "listed_count": 0,
        "time_zone": null,
        "favourites_count": 298,
        "id": 1182490973114421249
      },
      "id": 1217617651553505282
    },
    {
      "in_reply_to_user_id_str": null,
      "is_quote_status": false,
      "geo": null,
      "favorited": false,
      "in_reply_to_user_id": null,
      "text": "RT @rayfull6: Daniel Olivares, candidato por el @partidomorado es dueño de la empresa COPILOTO SAC, cobro de los gobiernos de Humala, PPK,…",
      "created_at": "Thu Jan 16 01:19:50 +0000 2020",
      "metadata": {
        "result_type": "recent",
        "iso_language_code": "es"
      },
      "in_reply_to_status_id_str": null,
      "favorite_count": 0,
      "truncated": false,
      "source": "<a href=\"http://twitter.com/download/android\" rel=\"nofollow\">Twitter for Android</a>",
      "coordinates": null,
      "in_reply_to_status_id": null,
      "lang": "es",
      "id_str": "1217617423962079232",
      "entities": {
        "urls": [],
        "symbols": [],
        "hashtags": [],
        "user_mentions": [
          {
            "id_str": "739477832854872069",
            "name": "ray",
            "indices": [
              3,
              12
            ],
            "id": 739477832854872069,
            "screen_name": "rayfull6"
          },
          {
            "id_str": "2800369406",
            "name": "Partido Morado",
            "indices": [
              48,
              62
            ],
            "id": 2800369406,
            "screen_name": "partidomorado"
          }
        ]
      },
      "contributors": null,
      "retweet_count": 229,
      "in_reply_to_screen_name": null,
      "retweeted": false,
      "retweeted_status": {
        "in_reply_to_user_id_str": null,
        "is_quote_status": false,
        "geo": null,
        "favorited": false,
        "in_reply_to_user_id": null,
        "text": "Daniel Olivares, candidato por el @partidomorado es dueño de la empresa COPILOTO SAC, cobro de los gobiernos de Hum… https://t.co/FDNGuGCviq",
        "created_at": "Mon Jan 13 21:35:47 +0000 2020",
        "metadata": {
          "result_type": "recent",
          "iso_language_code": "es"
        },
        "in_reply_to_status_id_str": null,
        "truncated": true,
        "favorite_count": 297,
        "coordinates": null,
        "in_reply_to_status_id": null,
        "source": "<a href=\"https://mobile.twitter.com\" rel=\"nofollow\">Twitter Web App</a>",
        "lang": "es",
        "id_str": "1216836263145353216",
        "entities": {
          "urls": [
            {
              "url": "https://t.co/FDNGuGCviq",
              "indices": [
                117,
                140
              ],
              "display_url": "twitter.com/i/web/status/1…",
              "expanded_url": "https://twitter.com/i/web/status/1216836263145353216"
            }
          ],
          "symbols": [],
          "hashtags": [],
          "user_mentions": [
            {
              "id_str": "2800369406",
              "name": "Partido Morado",
              "indices": [
                34,
                48
              ],
              "id": 2800369406,
              "screen_name": "partidomorado"
            }
          ]
        },
        "contributors": null,
        "retweet_count": 229,
        "in_reply_to_screen_name": null,
        "retweeted": false,
        "possibly_sensitive": false,
        "place": null,
        "user": {
          "profile_background_image_url": null,
          "is_translation_enabled": false,
          "profile_image_url": "http://pbs.twimg.com/profile_images/1125108760291287040/0NQjkFea_normal.png",
          "profile_background_tile": false,
          "default_profile_image": false,
          "utc_offset": null,
          "geo_enabled": false,
          "name": "ray",
          "location": "",
          "profile_sidebar_fill_color": "DDEEF6",
          "protected": false,
          "created_at": "Sun Jun 05 15:23:49 +0000 2016",
          "profile_sidebar_border_color": "C0DEED",
          "has_extended_profile": false,
          "profile_background_image_url_https": null,
          "notifications": false,
          "profile_background_color": "F5F8FA",
          "description": "",
          "translator_type": "none",
          "statuses_count": 5834,
          "profile_link_color": "1DA1F2",
          "friends_count": 904,
          "contributors_enabled": false,
          "followers_count": 392,
          "screen_name": "rayfull6",
          "profile_banner_url": "https://pbs.twimg.com/profile_banners/739477832854872069/1557082175",
          "following": false,
          "lang": null,
          "id_str": "739477832854872069",
          "entities": {
            "description": {
              "urls": []
            }
          },
          "is_translator": false,
          "default_profile": true,
          "profile_use_background_image": true,
          "profile_image_url_https": "https://pbs.twimg.com/profile_images/1125108760291287040/0NQjkFea_normal.png",
          "follow_request_sent": false,
          "verified": false,
          "url": null,
          "profile_text_color": "333333",
          "listed_count": 1,
          "time_zone": null,
          "favourites_count": 13084,
          "id": 739477832854872069
        },
        "id": 1216836263145353216
      },
      "place": null,
      "user": {
        "profile_background_image_url": "http://abs.twimg.com/images/themes/theme1/bg.png",
        "is_translation_enabled": false,
        "profile_image_url": "http://pbs.twimg.com/profile_images/869038716039331840/kXoJ4-CD_normal.jpg",
        "profile_background_tile": false,
        "default_profile_image": false,
        "utc_offset": null,
        "geo_enabled": true,
        "name": "Martin Palacios",
        "location": "Trujillo, Peru",
        "profile_sidebar_fill_color": "DDEEF6",
        "protected": false,
        "created_at": "Fri Jul 03 17:45:49 +0000 2009",
        "profile_sidebar_border_color": "C0DEED",
        "has_extended_profile": false,
        "profile_background_image_url_https": "https://abs.twimg.com/images/themes/theme1/bg.png",
        "notifications": false,
        "profile_background_color": "C0DEED",
        "description": "Huamachuquino de pura cepa, aprista, aliancista y taurino.",
        "translator_type": "none",
        "statuses_count": 55878,
        "profile_link_color": "1DA1F2",
        "friends_count": 763,
        "contributors_enabled": false,
        "followers_count": 545,
        "screen_name": "mpalaciosm",
        "profile_banner_url": "https://pbs.twimg.com/profile_banners/53448391/1411530601",
        "following": false,
        "lang": null,
        "id_str": "53448391",
        "entities": {
          "description": {
            "urls": []
          }
        },
        "is_translator": false,
        "default_profile": true,
        "profile_use_background_image": true,
        "profile_image_url_https": "https://pbs.twimg.com/profile_images/869038716039331840/kXoJ4-CD_normal.jpg",
        "follow_request_sent": false,
        "verified": false,
        "url": null,
        "profile_text_color": "333333",
        "listed_count": 7,
        "time_zone": null,
        "favourites_count": 12972,
        "id": 53448391
      },
      "id": 1217617423962079232
    },
    {
      "in_reply_to_user_id_str": "136366644",
      "is_quote_status": false,
      "geo": null,
      "favorited": false,
      "in_reply_to_user_id": 136366644,
      "text": "@steefsc @RossanaCribill3 @hectorbecerrilr @partidomorado @JNE_Peru @CIDH @ACTransparencia @cnddhh @ideeleradio… https://t.co/UskNIUD8UC",
      "created_at": "Thu Jan 16 01:19:37 +0000 2020",
      "metadata": {
        "result_type": "recent",
        "iso_language_code": "es"
      },
      "in_reply_to_status_id_str": "1217613502875082752",
      "truncated": true,
      "favorite_count": 0,
      "coordinates": null,
      "in_reply_to_status_id": 1217613502875082752,
      "source": "<a href=\"http://twitter.com/download/android\" rel=\"nofollow\">Twitter for Android</a>",
      "lang": "es",
      "id_str": "1217617368232448000",
      "entities": {
        "urls": [
          {
            "url": "https://t.co/UskNIUD8UC",
            "indices": [
              113,
              136
            ],
            "display_url": "twitter.com/i/web/status/1…",
            "expanded_url": "https://twitter.com/i/web/status/1217617368232448000"
          }
        ],
        "symbols": [],
        "hashtags": [],
        "user_mentions": [
          {
            "id_str": "136366644",
            "name": "Steef Sheen",
            "indices": [
              0,
              8
            ],
            "id": 136366644,
            "screen_name": "steefsc"
          },
          {
            "id_str": "861590198760681472",
            "name": "Rossana Cribillero",
            "indices": [
              9,
              25
            ],
            "id": 861590198760681472,
            "screen_name": "RossanaCribill3"
          },
          {
            "id_str": "525822471",
            "name": "HÉCTOR BECERRIL R.",
            "indices": [
              26,
              42
            ],
            "id": 525822471,
            "screen_name": "hectorbecerrilr"
          },
          {
            "id_str": "2800369406",
            "name": "Partido Morado",
            "indices": [
              43,
              57
            ],
            "id": 2800369406,
            "screen_name": "partidomorado"
          },
          {
            "id_str": "160355694",
            "name": "JNE Perú",
            "indices": [
              58,
              67
            ],
            "id": 160355694,
            "screen_name": "JNE_Peru"
          },
          {
            "id_str": "60954521",
            "name": "CIDH - IACHR",
            "indices": [
              68,
              73
            ],
            "id": 60954521,
            "screen_name": "CIDH"
          },
          {
            "id_str": "69351861",
            "name": "Transparencia",
            "indices": [
              74,
              90
            ],
            "id": 69351861,
            "screen_name": "ACTransparencia"
          },
          {
            "id_str": "68487390",
            "name": "CNDDHH 🇵🇪",
            "indices": [
              91,
              98
            ],
            "id": 68487390,
            "screen_name": "cnddhh"
          },
          {
            "id_str": "54044060",
            "name": "Ideeleradio",
            "indices": [
              99,
              111
            ],
            "id": 54044060,
            "screen_name": "ideeleradio"
          }
        ]
      },
      "contributors": null,
      "retweet_count": 0,
      "in_reply_to_screen_name": "steefsc",
      "retweeted": false,
      "place": null,
      "user": {
        "profile_background_image_url": null,
        "is_translation_enabled": false,
        "profile_image_url": "http://pbs.twimg.com/profile_images/1217159769603047426/D8QrJCK0_normal.jpg",
        "profile_background_tile": false,
        "default_profile_image": false,
        "utc_offset": null,
        "geo_enabled": false,
        "name": "peruano al 100%",
        "location": "",
        "profile_sidebar_fill_color": "DDEEF6",
        "protected": false,
        "created_at": "Fri Oct 11 03:00:12 +0000 2019",
        "profile_sidebar_border_color": "C0DEED",
        "has_extended_profile": false,
        "profile_background_image_url_https": null,
        "notifications": false,
        "profile_background_color": "F5F8FA",
        "description": "",
        "translator_type": "none",
        "statuses_count": 125,
        "profile_link_color": "1DA1F2",
        "friends_count": 177,
        "contributors_enabled": false,
        "followers_count": 5,
        "screen_name": "TonyP32023048",
        "following": false,
        "lang": null,
        "id_str": "1182490973114421249",
        "entities": {
          "description": {
            "urls": []
          }
        },
        "is_translator": false,
        "default_profile": true,
        "profile_use_background_image": true,
        "profile_image_url_https": "https://pbs.twimg.com/profile_images/1217159769603047426/D8QrJCK0_normal.jpg",
        "follow_request_sent": false,
        "verified": false,
        "url": null,
        "profile_text_color": "333333",
        "listed_count": 0,
        "time_zone": null,
        "favourites_count": 298,
        "id": 1182490973114421249
      },
      "id": 1217617368232448000
    },
    {
      "in_reply_to_user_id_str": "516592477",
      "is_quote_status": false,
      "geo": null,
      "favorited": false,
      "in_reply_to_user_id": 516592477,
      "text": "@Dmorazevallos @partidomorado Espero que las investigaciones encuentren suficiente evidencia para acusar de forma c… https://t.co/kEZeNlji6v",
      "created_at": "Thu Jan 16 01:19:13 +0000 2020",
      "metadata": {
        "result_type": "recent",
        "iso_language_code": "es"
      },
      "in_reply_to_status_id_str": "1217581662441213952",
      "truncated": true,
      "favorite_count": 0,
      "coordinates": null,
      "in_reply_to_status_id": 1217581662441213952,
      "source": "<a href=\"http://twitter.com/download/iphone\" rel=\"nofollow\">Twitter for iPhone</a>",
      "lang": "es",
      "id_str": "1217617267581734912",
      "entities": {
        "urls": [
          {
            "url": "https://t.co/kEZeNlji6v",
            "indices": [
              117,
              140
            ],
            "display_url": "twitter.com/i/web/status/1…",
            "expanded_url": "https://twitter.com/i/web/status/1217617267581734912"
          }
        ],
        "symbols": [],
        "hashtags": [],
        "user_mentions": [
          {
            "id_str": "516592477",
            "name": "Daniel Mora Zevallos",
            "indices": [
              0,
              14
            ],
            "id": 516592477,
            "screen_name": "Dmorazevallos"
          },
          {
            "id_str": "2800369406",
            "name": "Partido Morado",
            "indices": [
              15,
              29
            ],
            "id": 2800369406,
            "screen_name": "partidomorado"
          }
        ]
      },
      "contributors": null,
      "retweet_count": 0,
      "in_reply_to_screen_name": "Dmorazevallos",
      "retweeted": false,
      "place": null,
      "user": {
        "profile_background_image_url": "http://abs.twimg.com/images/themes/theme1/bg.png",
        "is_translation_enabled": false,
        "profile_image_url": "http://pbs.twimg.com/profile_images/244161887/Juan_en_Cuzco_normal.jpg",
        "profile_background_tile": false,
        "default_profile_image": false,
        "utc_offset": null,
        "geo_enabled": false,
        "name": "Juan M. Sanchez",
        "location": "Lima, PER",
        "profile_sidebar_fill_color": "DDEEF6",
        "protected": false,
        "created_at": "Mon Jun 01 16:01:22 +0000 2009",
        "profile_sidebar_border_color": "C0DEED",
        "has_extended_profile": false,
        "profile_background_image_url_https": "https://abs.twimg.com/images/themes/theme1/bg.png",
        "notifications": false,
        "profile_background_color": "C0DEED",
        "description": "Puede que hoy sea mejor que ayer pero nunca mejor que mañana...",
        "translator_type": "none",
        "statuses_count": 10126,
        "profile_link_color": "1DA1F2",
        "friends_count": 242,
        "contributors_enabled": false,
        "followers_count": 147,
        "screen_name": "juanmsanchez",
        "profile_banner_url": "https://pbs.twimg.com/profile_banners/43909610/1415461338",
        "following": false,
        "lang": null,
        "id_str": "43909610",
        "entities": {
          "description": {
            "urls": []
          }
        },
        "is_translator": false,
        "default_profile": true,
        "profile_use_background_image": true,
        "profile_image_url_https": "https://pbs.twimg.com/profile_images/244161887/Juan_en_Cuzco_normal.jpg",
        "follow_request_sent": false,
        "verified": false,
        "url": null,
        "profile_text_color": "333333",
        "listed_count": 8,
        "time_zone": null,
        "favourites_count": 4501,
        "id": 43909610
      },
      "id": 1217617267581734912
    },
    {
      "in_reply_to_user_id_str": null,
      "is_quote_status": false,
      "geo": null,
      "favorited": false,
      "in_reply_to_user_id": null,
      "text": "RT @Dmorazevallos: NO MÁS Engaños,\nNO MÁS Universidades estafa.\nNO MÁS Lobbies empresariales\ncon la EDUCACIÓN.\n#LaEducaciónSeRespeta\n☛ Link…",
      "created_at": "Thu Jan 16 01:18:50 +0000 2020",
      "metadata": {
        "result_type": "recent",
        "iso_language_code": "es"
      },
      "in_reply_to_status_id_str": null,
      "favorite_count": 0,
      "truncated": false,
      "source": "<a href=\"http://twitter.com/download/iphone\" rel=\"nofollow\">Twitter for iPhone</a>",
      "coordinates": null,
      "in_reply_to_status_id": null,
      "lang": "es",
      "id_str": "1217617170328363009",
      "entities": {
        "urls": [],
        "symbols": [],
        "hashtags": [
          {
            "text": "LaEducaciónSeRespeta",
            "indices": [
              111,
              132
            ]
          }
        ],
        "user_mentions": [
          {
            "id_str": "516592477",
            "name": "Daniel Mora Zevallos",
            "indices": [
              3,
              17
            ],
            "id": 516592477,
            "screen_name": "Dmorazevallos"
          }
        ]
      },
      "contributors": null,
      "retweet_count": 50,
      "in_reply_to_screen_name": null,
      "retweeted": false,
      "retweeted_status": {
        "in_reply_to_user_id_str": null,
        "is_quote_status": false,
        "geo": null,
        "favorited": false,
        "in_reply_to_user_id": null,
        "text": "NO MÁS Engaños,\nNO MÁS Universidades estafa.\nNO MÁS Lobbies empresariales\ncon la EDUCACIÓN.\n#LaEducaciónSeRespeta\n☛… https://t.co/SWdAnxYGvJ",
        "created_at": "Wed Jan 15 22:57:44 +0000 2020",
        "metadata": {
          "result_type": "recent",
          "iso_language_code": "es"
        },
        "in_reply_to_status_id_str": null,
        "truncated": true,
        "favorite_count": 164,
        "coordinates": null,
        "in_reply_to_status_id": null,
        "source": "<a href=\"http://twitter.com/download/iphone\" rel=\"nofollow\">Twitter for iPhone</a>",
        "lang": "es",
        "id_str": "1217581662441213952",
        "entities": {
          "urls": [
            {
              "url": "https://t.co/SWdAnxYGvJ",
              "indices": [
                117,
                140
              ],
              "display_url": "twitter.com/i/web/status/1…",
              "expanded_url": "https://twitter.com/i/web/status/1217581662441213952"
            }
          ],
          "symbols": [],
          "hashtags": [
            {
              "text": "LaEducaciónSeRespeta",
              "indices": [
                92,
                113
              ]
            }
          ],
          "user_mentions": []
        },
        "contributors": null,
        "retweet_count": 50,
        "in_reply_to_screen_name": null,
        "retweeted": false,
        "possibly_sensitive": false,
        "place": null,
        "user": {
          "profile_background_image_url": "http://abs.twimg.com/images/themes/theme15/bg.png",
          "is_translation_enabled": false,
          "profile_image_url": "http://pbs.twimg.com/profile_images/1197582476094238720/3WeMvi1W_normal.jpg",
          "profile_background_tile": false,
          "default_profile_image": false,
          "utc_offset": null,
          "geo_enabled": true,
          "name": "Daniel Mora Zevallos",
          "location": "Lima, Peru",
          "profile_sidebar_fill_color": "C0DFEC",
          "protected": false,
          "created_at": "Tue Mar 06 15:03:41 +0000 2012",
          "profile_sidebar_border_color": "A8C7F7",
          "has_extended_profile": false,
          "profile_background_image_url_https": "https://abs.twimg.com/images/themes/theme15/bg.png",
          "notifications": false,
          "profile_background_color": "022330",
          "description": "Candidato al Congreso por el Partido Morado con el número 3 #SegundoPisoDeLaCalidadEducativa #UnEquipoDeVerdad",
          "translator_type": "none",
          "statuses_count": 29700,
          "profile_link_color": "0084B4",
          "friends_count": 706,
          "contributors_enabled": false,
          "followers_count": 39134,
          "screen_name": "Dmorazevallos",
          "profile_banner_url": "https://pbs.twimg.com/profile_banners/516592477/1574360888",
          "following": false,
          "lang": null,
          "id_str": "516592477",
          "entities": {
            "description": {
              "urls": []
            }
          },
          "is_translator": false,
          "default_profile": false,
          "profile_use_background_image": true,
          "profile_image_url_https": "https://pbs.twimg.com/profile_images/1197582476094238720/3WeMvi1W_normal.jpg",
          "follow_request_sent": false,
          "verified": false,
          "url": null,
          "profile_text_color": "333333",
          "listed_count": 163,
          "time_zone": null,
          "favourites_count": 24626,
          "id": 516592477
        },
        "id": 1217581662441213952
      },
      "place": null,
      "user": {
        "profile_background_image_url": "http://abs.twimg.com/images/themes/theme1/bg.png",
        "is_translation_enabled": false,
        "profile_image_url": "http://pbs.twimg.com/profile_images/244161887/Juan_en_Cuzco_normal.jpg",
        "profile_background_tile": false,
        "default_profile_image": false,
        "utc_offset": null,
        "geo_enabled": false,
        "name": "Juan M. Sanchez",
        "location": "Lima, PER",
        "profile_sidebar_fill_color": "DDEEF6",
        "protected": false,
        "created_at": "Mon Jun 01 16:01:22 +0000 2009",
        "profile_sidebar_border_color": "C0DEED",
        "has_extended_profile": false,
        "profile_background_image_url_https": "https://abs.twimg.com/images/themes/theme1/bg.png",
        "notifications": false,
        "profile_background_color": "C0DEED",
        "description": "Puede que hoy sea mejor que ayer pero nunca mejor que mañana...",
        "translator_type": "none",
        "statuses_count": 10126,
        "profile_link_color": "1DA1F2",
        "friends_count": 242,
        "contributors_enabled": false,
        "followers_count": 147,
        "screen_name": "juanmsanchez",
        "profile_banner_url": "https://pbs.twimg.com/profile_banners/43909610/1415461338",
        "following": false,
        "lang": null,
        "id_str": "43909610",
        "entities": {
          "description": {
            "urls": []
          }
        },
        "is_translator": false,
        "default_profile": true,
        "profile_use_background_image": true,
        "profile_image_url_https": "https://pbs.twimg.com/profile_images/244161887/Juan_en_Cuzco_normal.jpg",
        "follow_request_sent": false,
        "verified": false,
        "url": null,
        "profile_text_color": "333333",
        "listed_count": 8,
        "time_zone": null,
        "favourites_count": 4501,
        "id": 43909610
      },
      "id": 1217617170328363009
    },
    {
      "in_reply_to_user_id_str": null,
      "is_quote_status": false,
      "geo": null,
      "favorited": false,
      "in_reply_to_user_id": null,
      "text": "RT @danaloby: Gente miserable como esta @ursula_moscoso del  @partidomorado q dice babosadas.\nNO PUEDE LLEGAR AL @congresoperu \nNo respetan…",
      "created_at": "Thu Jan 16 01:18:15 +0000 2020",
      "metadata": {
        "result_type": "recent",
        "iso_language_code": "es"
      },
      "in_reply_to_status_id_str": null,
      "favorite_count": 0,
      "truncated": false,
      "source": "<a href=\"https://mobile.twitter.com\" rel=\"nofollow\">Twitter Web App</a>",
      "coordinates": null,
      "in_reply_to_status_id": null,
      "lang": "es",
      "id_str": "1217617025939443713",
      "entities": {
        "urls": [],
        "symbols": [],
        "hashtags": [],
        "user_mentions": [
          {
            "id_str": "1686066284",
            "name": "Dan Aloby💯%🇵🇪",
            "indices": [
              3,
              12
            ],
            "id": 1686066284,
            "screen_name": "danaloby"
          },
          {
            "id_str": "875548606778019840",
            "name": "Ursula Moscoso🇵🇪",
            "indices": [
              40,
              55
            ],
            "id": 875548606778019840,
            "screen_name": "ursula_moscoso"
          },
          {
            "id_str": "2800369406",
            "name": "Partido Morado",
            "indices": [
              61,
              75
            ],
            "id": 2800369406,
            "screen_name": "partidomorado"
          },
          {
            "id_str": "78889373",
            "name": "Congreso del Perú",
            "indices": [
              113,
              126
            ],
            "id": 78889373,
            "screen_name": "congresoperu"
          }
        ]
      },
      "contributors": null,
      "retweet_count": 39,
      "in_reply_to_screen_name": null,
      "retweeted": false,
      "retweeted_status": {
        "in_reply_to_user_id_str": null,
        "is_quote_status": false,
        "geo": null,
        "favorited": false,
        "in_reply_to_user_id": null,
        "text": "Gente miserable como esta @ursula_moscoso del  @partidomorado q dice babosadas.\nNO PUEDE LLEGAR AL @congresoperu \nN… https://t.co/47hkcNYrPT",
        "created_at": "Mon Jan 13 12:00:00 +0000 2020",
        "metadata": {
          "result_type": "recent",
          "iso_language_code": "es"
        },
        "in_reply_to_status_id_str": null,
        "truncated": true,
        "favorite_count": 94,
        "coordinates": null,
        "in_reply_to_status_id": null,
        "source": "<a href=\"https://studio.twitter.com\" rel=\"nofollow\">Twitter Media Studio</a>",
        "lang": "es",
        "id_str": "1216691361279164416",
        "entities": {
          "urls": [
            {
              "url": "https://t.co/47hkcNYrPT",
              "indices": [
                117,
                140
              ],
              "display_url": "twitter.com/i/web/status/1…",
              "expanded_url": "https://twitter.com/i/web/status/1216691361279164416"
            }
          ],
          "symbols": [],
          "hashtags": [],
          "user_mentions": [
            {
              "id_str": "875548606778019840",
              "name": "Ursula Moscoso🇵🇪",
              "indices": [
                26,
                41
              ],
              "id": 875548606778019840,
              "screen_name": "ursula_moscoso"
            },
            {
              "id_str": "2800369406",
              "name": "Partido Morado",
              "indices": [
                47,
                61
              ],
              "id": 2800369406,
              "screen_name": "partidomorado"
            },
            {
              "id_str": "78889373",
              "name": "Congreso del Perú",
              "indices": [
                99,
                112
              ],
              "id": 78889373,
              "screen_name": "congresoperu"
            }
          ]
        },
        "contributors": null,
        "retweet_count": 39,
        "in_reply_to_screen_name": null,
        "retweeted": false,
        "possibly_sensitive": false,
        "place": null,
        "user": {
          "profile_background_image_url": "http://abs.twimg.com/images/themes/theme1/bg.png",
          "is_translation_enabled": false,
          "profile_image_url": "http://pbs.twimg.com/profile_images/1157116085004582912/SoJ8G591_normal.jpg",
          "profile_background_tile": false,
          "default_profile_image": false,
          "utc_offset": null,
          "geo_enabled": true,
          "name": "Dan Aloby💯%🇵🇪",
          "location": "",
          "profile_sidebar_fill_color": "000000",
          "protected": false,
          "created_at": "Tue Aug 20 15:31:46 +0000 2013",
          "profile_sidebar_border_color": "000000",
          "has_extended_profile": false,
          "profile_background_image_url_https": "https://abs.twimg.com/images/themes/theme1/bg.png",
          "notifications": false,
          "profile_background_color": "000000",
          "description": "No odio la izquierda, la DETESTO. El comunismo  es la peor 💩💩 Trabajo para tener darme mis lujitos 🌎🏕👞🍺💳",
          "translator_type": "none",
          "statuses_count": 14449,
          "profile_link_color": "FF691F",
          "friends_count": 1968,
          "contributors_enabled": false,
          "followers_count": 2862,
          "screen_name": "danaloby",
          "profile_banner_url": "https://pbs.twimg.com/profile_banners/1686066284/1569708555",
          "following": false,
          "lang": null,
          "id_str": "1686066284",
          "entities": {
            "url": {
              "urls": [
                {
                  "url": "https://t.co/beanHt86Ck",
                  "indices": [
                    0,
                    23
                  ],
                  "display_url": "hagamosunperumejor.blogspot.com",
                  "expanded_url": "http://www.hagamosunperumejor.blogspot.com"
                }
              ]
            },
            "description": {
              "urls": []
            }
          },
          "is_translator": false,
          "default_profile": false,
          "profile_use_background_image": false,
          "profile_image_url_https": "https://pbs.twimg.com/profile_images/1157116085004582912/SoJ8G591_normal.jpg",
          "follow_request_sent": false,
          "verified": false,
          "url": "https://t.co/beanHt86Ck",
          "profile_text_color": "000000",
          "listed_count": 2,
          "time_zone": null,
          "favourites_count": 8655,
          "id": 1686066284
        },
        "id": 1216691361279164416
      },
      "place": null,
      "user": {
        "profile_background_image_url": "http://abs.twimg.com/images/themes/theme1/bg.png",
        "is_translation_enabled": false,
        "profile_image_url": "http://pbs.twimg.com/profile_images/1408530758/fotos_celular_4_julio_2010_001_normal.jpg",
        "profile_background_tile": false,
        "default_profile_image": false,
        "utc_offset": null,
        "geo_enabled": false,
        "name": "Sebastian Facundo",
        "location": "(De Otro Mundo)",
        "profile_sidebar_fill_color": "DDEEF6",
        "protected": false,
        "created_at": "Sat Mar 26 14:53:58 +0000 2011",
        "profile_sidebar_border_color": "C0DEED",
        "has_extended_profile": false,
        "profile_background_image_url_https": "https://abs.twimg.com/images/themes/theme1/bg.png",
        "notifications": false,
        "profile_background_color": "C0DEED",
        "description": "God above all. \nComentarista veraz,objetivo,imparcial. (Al menos lo intento o trato de serlo)",
        "translator_type": "none",
        "statuses_count": 129862,
        "profile_link_color": "1DA1F2",
        "friends_count": 3404,
        "contributors_enabled": false,
        "followers_count": 4629,
        "screen_name": "SebFacundo",
        "following": false,
        "lang": null,
        "id_str": "272450313",
        "entities": {
          "description": {
            "urls": []
          }
        },
        "is_translator": false,
        "default_profile": true,
        "profile_use_background_image": true,
        "profile_image_url_https": "https://pbs.twimg.com/profile_images/1408530758/fotos_celular_4_julio_2010_001_normal.jpg",
        "follow_request_sent": false,
        "verified": false,
        "url": null,
        "profile_text_color": "333333",
        "listed_count": 24,
        "time_zone": null,
        "favourites_count": 279235,
        "id": 272450313
      },
      "id": 1217617025939443713
    },
    {
      "in_reply_to_user_id_str": null,
      "is_quote_status": false,
      "geo": null,
      "favorited": false,
      "in_reply_to_user_id": null,
      "text": "RT @Dmorazevallos: NO MÁS Engaños,\nNO MÁS Universidades estafa.\nNO MÁS Lobbies empresariales\ncon la EDUCACIÓN.\n#LaEducaciónSeRespeta\n☛ Link…",
      "created_at": "Thu Jan 16 01:17:45 +0000 2020",
      "metadata": {
        "result_type": "recent",
        "iso_language_code": "es"
      },
      "in_reply_to_status_id_str": null,
      "favorite_count": 0,
      "truncated": false,
      "source": "<a href=\"http://twitter.com/download/android\" rel=\"nofollow\">Twitter for Android</a>",
      "coordinates": null,
      "in_reply_to_status_id": null,
      "lang": "es",
      "id_str": "1217616899984576512",
      "entities": {
        "urls": [],
        "symbols": [],
        "hashtags": [
          {
            "text": "LaEducaciónSeRespeta",
            "indices": [
              111,
              132
            ]
          }
        ],
        "user_mentions": [
          {
            "id_str": "516592477",
            "name": "Daniel Mora Zevallos",
            "indices": [
              3,
              17
            ],
            "id": 516592477,
            "screen_name": "Dmorazevallos"
          }
        ]
      },
      "contributors": null,
      "retweet_count": 50,
      "in_reply_to_screen_name": null,
      "retweeted": false,
      "retweeted_status": {
        "in_reply_to_user_id_str": null,
        "is_quote_status": false,
        "geo": null,
        "favorited": false,
        "in_reply_to_user_id": null,
        "text": "NO MÁS Engaños,\nNO MÁS Universidades estafa.\nNO MÁS Lobbies empresariales\ncon la EDUCACIÓN.\n#LaEducaciónSeRespeta\n☛… https://t.co/SWdAnxYGvJ",
        "created_at": "Wed Jan 15 22:57:44 +0000 2020",
        "metadata": {
          "result_type": "recent",
          "iso_language_code": "es"
        },
        "in_reply_to_status_id_str": null,
        "truncated": true,
        "favorite_count": 164,
        "coordinates": null,
        "in_reply_to_status_id": null,
        "source": "<a href=\"http://twitter.com/download/iphone\" rel=\"nofollow\">Twitter for iPhone</a>",
        "lang": "es",
        "id_str": "1217581662441213952",
        "entities": {
          "urls": [
            {
              "url": "https://t.co/SWdAnxYGvJ",
              "indices": [
                117,
                140
              ],
              "display_url": "twitter.com/i/web/status/1…",
              "expanded_url": "https://twitter.com/i/web/status/1217581662441213952"
            }
          ],
          "symbols": [],
          "hashtags": [
            {
              "text": "LaEducaciónSeRespeta",
              "indices": [
                92,
                113
              ]
            }
          ],
          "user_mentions": []
        },
        "contributors": null,
        "retweet_count": 50,
        "in_reply_to_screen_name": null,
        "retweeted": false,
        "possibly_sensitive": false,
        "place": null,
        "user": {
          "profile_background_image_url": "http://abs.twimg.com/images/themes/theme15/bg.png",
          "is_translation_enabled": false,
          "profile_image_url": "http://pbs.twimg.com/profile_images/1197582476094238720/3WeMvi1W_normal.jpg",
          "profile_background_tile": false,
          "default_profile_image": false,
          "utc_offset": null,
          "geo_enabled": true,
          "name": "Daniel Mora Zevallos",
          "location": "Lima, Peru",
          "profile_sidebar_fill_color": "C0DFEC",
          "protected": false,
          "created_at": "Tue Mar 06 15:03:41 +0000 2012",
          "profile_sidebar_border_color": "A8C7F7",
          "has_extended_profile": false,
          "profile_background_image_url_https": "https://abs.twimg.com/images/themes/theme15/bg.png",
          "notifications": false,
          "profile_background_color": "022330",
          "description": "Candidato al Congreso por el Partido Morado con el número 3 #SegundoPisoDeLaCalidadEducativa #UnEquipoDeVerdad",
          "translator_type": "none",
          "statuses_count": 29700,
          "profile_link_color": "0084B4",
          "friends_count": 706,
          "contributors_enabled": false,
          "followers_count": 39134,
          "screen_name": "Dmorazevallos",
          "profile_banner_url": "https://pbs.twimg.com/profile_banners/516592477/1574360888",
          "following": false,
          "lang": null,
          "id_str": "516592477",
          "entities": {
            "description": {
              "urls": []
            }
          },
          "is_translator": false,
          "default_profile": false,
          "profile_use_background_image": true,
          "profile_image_url_https": "https://pbs.twimg.com/profile_images/1197582476094238720/3WeMvi1W_normal.jpg",
          "follow_request_sent": false,
          "verified": false,
          "url": null,
          "profile_text_color": "333333",
          "listed_count": 163,
          "time_zone": null,
          "favourites_count": 24626,
          "id": 516592477
        },
        "id": 1217581662441213952
      },
      "place": null,
      "user": {
        "profile_background_image_url": "http://abs.twimg.com/images/themes/theme4/bg.gif",
        "is_translation_enabled": false,
        "profile_image_url": "http://pbs.twimg.com/profile_images/648240486847807488/hcFoCjN1_normal.jpg",
        "profile_background_tile": false,
        "default_profile_image": false,
        "utc_offset": null,
        "geo_enabled": true,
        "name": "Pedro LG",
        "location": "Lima - Perú",
        "profile_sidebar_fill_color": "95E8EC",
        "protected": false,
        "created_at": "Sun Apr 03 20:55:50 +0000 2011",
        "profile_sidebar_border_color": "5ED4DC",
        "has_extended_profile": false,
        "profile_background_image_url_https": "https://abs.twimg.com/images/themes/theme4/bg.gif",
        "notifications": false,
        "profile_background_color": "0099B9",
        "description": "Periodista, poeta y escritor.",
        "translator_type": "none",
        "statuses_count": 26530,
        "profile_link_color": "0099B9",
        "friends_count": 186,
        "contributors_enabled": false,
        "followers_count": 181,
        "screen_name": "pedrolopezganvi",
        "following": false,
        "lang": null,
        "id_str": "276668466",
        "entities": {
          "url": {
            "urls": [
              {
                "url": "http://t.co/bK45rZdrbQ",
                "indices": [
                  0,
                  22
                ],
                "display_url": "pedrolopezganvini.blogspot.com",
                "expanded_url": "http://pedrolopezganvini.blogspot.com"
              }
            ]
          },
          "description": {
            "urls": []
          }
        },
        "is_translator": false,
        "default_profile": false,
        "profile_use_background_image": true,
        "profile_image_url_https": "https://pbs.twimg.com/profile_images/648240486847807488/hcFoCjN1_normal.jpg",
        "follow_request_sent": false,
        "verified": false,
        "url": "http://t.co/bK45rZdrbQ",
        "profile_text_color": "3C3940",
        "listed_count": 3,
        "time_zone": null,
        "favourites_count": 18926,
        "id": 276668466
      },
      "id": 1217616899984576512
    },
    {
      "in_reply_to_user_id_str": "136366644",
      "is_quote_status": false,
      "geo": null,
      "favorited": false,
      "in_reply_to_user_id": 136366644,
      "text": "@steefsc @RossanaCribill3 @hectorbecerrilr @partidomorado @JNE_Peru @CIDH @ACTransparencia @cnddhh @ideeleradio… https://t.co/0pr8cT8F2x",
      "created_at": "Thu Jan 16 01:16:24 +0000 2020",
      "metadata": {
        "result_type": "recent",
        "iso_language_code": "es"
      },
      "in_reply_to_status_id_str": "1217615426143821824",
      "truncated": true,
      "favorite_count": 0,
      "coordinates": null,
      "in_reply_to_status_id": 1217615426143821824,
      "source": "<a href=\"http://twitter.com/download/android\" rel=\"nofollow\">Twitter for Android</a>",
      "lang": "es",
      "id_str": "1217616560195547138",
      "entities": {
        "urls": [
          {
            "url": "https://t.co/0pr8cT8F2x",
            "indices": [
              113,
              136
            ],
            "display_url": "twitter.com/i/web/status/1…",
            "expanded_url": "https://twitter.com/i/web/status/1217616560195547138"
          }
        ],
        "symbols": [],
        "hashtags": [],
        "user_mentions": [
          {
            "id_str": "136366644",
            "name": "Steef Sheen",
            "indices": [
              0,
              8
            ],
            "id": 136366644,
            "screen_name": "steefsc"
          },
          {
            "id_str": "861590198760681472",
            "name": "Rossana Cribillero",
            "indices": [
              9,
              25
            ],
            "id": 861590198760681472,
            "screen_name": "RossanaCribill3"
          },
          {
            "id_str": "525822471",
            "name": "HÉCTOR BECERRIL R.",
            "indices": [
              26,
              42
            ],
            "id": 525822471,
            "screen_name": "hectorbecerrilr"
          },
          {
            "id_str": "2800369406",
            "name": "Partido Morado",
            "indices": [
              43,
              57
            ],
            "id": 2800369406,
            "screen_name": "partidomorado"
          },
          {
            "id_str": "160355694",
            "name": "JNE Perú",
            "indices": [
              58,
              67
            ],
            "id": 160355694,
            "screen_name": "JNE_Peru"
          },
          {
            "id_str": "60954521",
            "name": "CIDH - IACHR",
            "indices": [
              68,
              73
            ],
            "id": 60954521,
            "screen_name": "CIDH"
          },
          {
            "id_str": "69351861",
            "name": "Transparencia",
            "indices": [
              74,
              90
            ],
            "id": 69351861,
            "screen_name": "ACTransparencia"
          },
          {
            "id_str": "68487390",
            "name": "CNDDHH 🇵🇪",
            "indices": [
              91,
              98
            ],
            "id": 68487390,
            "screen_name": "cnddhh"
          },
          {
            "id_str": "54044060",
            "name": "Ideeleradio",
            "indices": [
              99,
              111
            ],
            "id": 54044060,
            "screen_name": "ideeleradio"
          }
        ]
      },
      "contributors": null,
      "retweet_count": 0,
      "in_reply_to_screen_name": "steefsc",
      "retweeted": false,
      "place": null,
      "user": {
        "profile_background_image_url": null,
        "is_translation_enabled": false,
        "profile_image_url": "http://pbs.twimg.com/profile_images/1217159769603047426/D8QrJCK0_normal.jpg",
        "profile_background_tile": false,
        "default_profile_image": false,
        "utc_offset": null,
        "geo_enabled": false,
        "name": "peruano al 100%",
        "location": "",
        "profile_sidebar_fill_color": "DDEEF6",
        "protected": false,
        "created_at": "Fri Oct 11 03:00:12 +0000 2019",
        "profile_sidebar_border_color": "C0DEED",
        "has_extended_profile": false,
        "profile_background_image_url_https": null,
        "notifications": false,
        "profile_background_color": "F5F8FA",
        "description": "",
        "translator_type": "none",
        "statuses_count": 125,
        "profile_link_color": "1DA1F2",
        "friends_count": 177,
        "contributors_enabled": false,
        "followers_count": 5,
        "screen_name": "TonyP32023048",
        "following": false,
        "lang": null,
        "id_str": "1182490973114421249",
        "entities": {
          "description": {
            "urls": []
          }
        },
        "is_translator": false,
        "default_profile": true,
        "profile_use_background_image": true,
        "profile_image_url_https": "https://pbs.twimg.com/profile_images/1217159769603047426/D8QrJCK0_normal.jpg",
        "follow_request_sent": false,
        "verified": false,
        "url": null,
        "profile_text_color": "333333",
        "listed_count": 0,
        "time_zone": null,
        "favourites_count": 298,
        "id": 1182490973114421249
      },
      "id": 1217616560195547138
    },
    {
      "in_reply_to_user_id_str": null,
      "is_quote_status": false,
      "geo": null,
      "favorited": false,
      "in_reply_to_user_id": null,
      "text": "RT @Pulmon_de_Susan: Rosa María Bartra es tendencia porque le dicen “loca.”\n\nOjo! Se lo dicen los operadores y trolls de @AlbertoBelaunde y…",
      "created_at": "Thu Jan 16 01:15:29 +0000 2020",
      "metadata": {
        "result_type": "recent",
        "iso_language_code": "es"
      },
      "in_reply_to_status_id_str": null,
      "favorite_count": 0,
      "truncated": false,
      "source": "<a href=\"http://twitter.com/download/android\" rel=\"nofollow\">Twitter for Android</a>",
      "coordinates": null,
      "in_reply_to_status_id": null,
      "lang": "es",
      "id_str": "1217616326149144576",
      "entities": {
        "urls": [],
        "symbols": [],
        "hashtags": [],
        "user_mentions": [
          {
            "id_str": "281376868",
            "name": "El Pulmon de Susan",
            "indices": [
              3,
              19
            ],
            "id": 281376868,
            "screen_name": "Pulmon_de_Susan"
          },
          {
            "id_str": "16077528",
            "name": "Alberto de Belaunde 🇵🇪",
            "indices": [
              121,
              137
            ],
            "id": 16077528,
            "screen_name": "AlbertoBelaunde"
          }
        ]
      },
      "contributors": null,
      "retweet_count": 16,
      "in_reply_to_screen_name": null,
      "retweeted": false,
      "retweeted_status": {
        "in_reply_to_user_id_str": null,
        "is_quote_status": false,
        "geo": null,
        "favorited": false,
        "in_reply_to_user_id": null,
        "text": "Rosa María Bartra es tendencia porque le dicen “loca.”\n\nOjo! Se lo dicen los operadores y trolls de… https://t.co/0nufMPljqZ",
        "created_at": "Wed Jan 15 23:10:45 +0000 2020",
        "metadata": {
          "result_type": "recent",
          "iso_language_code": "es"
        },
        "in_reply_to_status_id_str": null,
        "truncated": true,
        "favorite_count": 62,
        "coordinates": null,
        "in_reply_to_status_id": null,
        "source": "<a href=\"http://twitter.com/download/iphone\" rel=\"nofollow\">Twitter for iPhone</a>",
        "lang": "es",
        "id_str": "1217584937089433600",
        "entities": {
          "urls": [
            {
              "url": "https://t.co/0nufMPljqZ",
              "indices": [
                101,
                124
              ],
              "display_url": "twitter.com/i/web/status/1…",
              "expanded_url": "https://twitter.com/i/web/status/1217584937089433600"
            }
          ],
          "symbols": [],
          "hashtags": [],
          "user_mentions": []
        },
        "contributors": null,
        "retweet_count": 16,
        "in_reply_to_screen_name": null,
        "retweeted": false,
        "place": null,
        "user": {
          "profile_background_image_url": "http://abs.twimg.com/images/themes/theme14/bg.gif",
          "is_translation_enabled": false,
          "profile_image_url": "http://pbs.twimg.com/profile_images/864327236660363264/xiK7sXxl_normal.jpg",
          "profile_background_tile": true,
          "default_profile_image": false,
          "utc_offset": null,
          "geo_enabled": true,
          "name": "El Pulmon de Susan",
          "location": "#DeusVult",
          "profile_sidebar_fill_color": "EFEFEF",
          "protected": false,
          "created_at": "Wed Apr 13 05:16:53 +0000 2011",
          "profile_sidebar_border_color": "FFFFFF",
          "has_extended_profile": false,
          "profile_background_image_url_https": "https://abs.twimg.com/images/themes/theme14/bg.gif",
          "notifications": false,
          "profile_background_color": "131516",
          "description": "I'm Santiago Labarte. All things USA/Peru. Spanglish. #CholoIlustrado. Conservatarian. #1A #2A. #PeriodismoDePeriodistas. \"El Estado Es Un MAL Necesario.\"",
          "translator_type": "none",
          "statuses_count": 139528,
          "profile_link_color": "ABB8C2",
          "friends_count": 2905,
          "contributors_enabled": false,
          "followers_count": 19695,
          "screen_name": "Pulmon_de_Susan",
          "profile_banner_url": "https://pbs.twimg.com/profile_banners/281376868/1574432884",
          "following": false,
          "lang": null,
          "id_str": "281376868",
          "entities": {
            "description": {
              "urls": []
            }
          },
          "is_translator": false,
          "default_profile": false,
          "profile_use_background_image": true,
          "profile_image_url_https": "https://pbs.twimg.com/profile_images/864327236660363264/xiK7sXxl_normal.jpg",
          "follow_request_sent": false,
          "verified": false,
          "url": null,
          "profile_text_color": "333333",
          "listed_count": 101,
          "time_zone": null,
          "favourites_count": 1805,
          "id": 281376868
        },
        "id": 1217584937089433600
      },
      "place": null,
      "user": {
        "profile_background_image_url": null,
        "is_translation_enabled": false,
        "profile_image_url": "http://pbs.twimg.com/profile_images/1142987718659661825/JxgoS54I_normal.jpg",
        "profile_background_tile": false,
        "default_profile_image": false,
        "utc_offset": null,
        "geo_enabled": true,
        "name": "Pancita de Aguacate🥑",
        "location": "",
        "profile_sidebar_fill_color": "DDEEF6",
        "protected": false,
        "created_at": "Mon Jun 24 01:17:38 +0000 2019",
        "profile_sidebar_border_color": "C0DEED",
        "has_extended_profile": false,
        "profile_background_image_url_https": null,
        "notifications": false,
        "profile_background_color": "F5F8FA",
        "description": "🥑",
        "translator_type": "none",
        "statuses_count": 1620,
        "profile_link_color": "1DA1F2",
        "friends_count": 64,
        "contributors_enabled": false,
        "followers_count": 42,
        "screen_name": "PancitadeAguaca",
        "profile_banner_url": "https://pbs.twimg.com/profile_banners/1142964968129728512/1561344499",
        "following": false,
        "lang": null,
        "id_str": "1142964968129728512",
        "entities": {
          "description": {
            "urls": []
          }
        },
        "is_translator": false,
        "default_profile": true,
        "profile_use_background_image": true,
        "profile_image_url_https": "https://pbs.twimg.com/profile_images/1142987718659661825/JxgoS54I_normal.jpg",
        "follow_request_sent": false,
        "verified": false,
        "url": null,
        "profile_text_color": "333333",
        "listed_count": 0,
        "time_zone": null,
        "favourites_count": 7628,
        "id": 1142964968129728512
      },
      "id": 1217616326149144576
    },
    {
      "in_reply_to_user_id_str": "1182490973114421249",
      "is_quote_status": false,
      "geo": null,
      "favorited": false,
      "in_reply_to_user_id": 1182490973114421249,
      "text": "@TonyP32023048 @RossanaCribill3 @hectorbecerrilr @partidomorado @JNE_Peru @CIDH @ACTransparencia @cnddhh… https://t.co/5AT4n3gGB1",
      "created_at": "Thu Jan 16 01:15:17 +0000 2020",
      "metadata": {
        "result_type": "recent",
        "iso_language_code": "es"
      },
      "in_reply_to_status_id_str": "1217596433144127489",
      "truncated": true,
      "favorite_count": 0,
      "coordinates": null,
      "in_reply_to_status_id": 1217596433144127489,
      "source": "<a href=\"https://mobile.twitter.com\" rel=\"nofollow\">Twitter Web App</a>",
      "lang": "es",
      "id_str": "1217616278128644098",
      "entities": {
        "urls": [
          {
            "url": "https://t.co/5AT4n3gGB1",
            "indices": [
              106,
              129
            ],
            "display_url": "twitter.com/i/web/status/1…",
            "expanded_url": "https://twitter.com/i/web/status/1217616278128644098"
          }
        ],
        "symbols": [],
        "hashtags": [],
        "user_mentions": [
          {
            "id_str": "1182490973114421249",
            "name": "peruano al 100%",
            "indices": [
              0,
              14
            ],
            "id": 1182490973114421249,
            "screen_name": "TonyP32023048"
          },
          {
            "id_str": "861590198760681472",
            "name": "Rossana Cribillero",
            "indices": [
              15,
              31
            ],
            "id": 861590198760681472,
            "screen_name": "RossanaCribill3"
          },
          {
            "id_str": "525822471",
            "name": "HÉCTOR BECERRIL R.",
            "indices": [
              32,
              48
            ],
            "id": 525822471,
            "screen_name": "hectorbecerrilr"
          },
          {
            "id_str": "2800369406",
            "name": "Partido Morado",
            "indices": [
              49,
              63
            ],
            "id": 2800369406,
            "screen_name": "partidomorado"
          },
          {
            "id_str": "160355694",
            "name": "JNE Perú",
            "indices": [
              64,
              73
            ],
            "id": 160355694,
            "screen_name": "JNE_Peru"
          },
          {
            "id_str": "60954521",
            "name": "CIDH - IACHR",
            "indices": [
              74,
              79
            ],
            "id": 60954521,
            "screen_name": "CIDH"
          },
          {
            "id_str": "69351861",
            "name": "Transparencia",
            "indices": [
              80,
              96
            ],
            "id": 69351861,
            "screen_name": "ACTransparencia"
          },
          {
            "id_str": "68487390",
            "name": "CNDDHH 🇵🇪",
            "indices": [
              97,
              104
            ],
            "id": 68487390,
            "screen_name": "cnddhh"
          }
        ]
      },
      "contributors": null,
      "retweet_count": 0,
      "in_reply_to_screen_name": "TonyP32023048",
      "retweeted": false,
      "place": null,
      "user": {
        "profile_background_image_url": "http://abs.twimg.com/images/themes/theme1/bg.png",
        "is_translation_enabled": false,
        "profile_image_url": "http://pbs.twimg.com/profile_images/1016008183/foto1_normal.jpg",
        "profile_background_tile": false,
        "default_profile_image": false,
        "utc_offset": null,
        "geo_enabled": false,
        "name": "Steef Sheen",
        "location": "Arequipa, Arequipa",
        "profile_sidebar_fill_color": "DDEEF6",
        "protected": false,
        "created_at": "Fri Apr 23 18:54:10 +0000 2010",
        "profile_sidebar_border_color": "C0DEED",
        "has_extended_profile": false,
        "profile_background_image_url_https": "https://abs.twimg.com/images/themes/theme1/bg.png",
        "notifications": false,
        "profile_background_color": "C0DEED",
        "description": "Arequipeño de corazón, hincha de mi SC y de la Juve.",
        "translator_type": "none",
        "statuses_count": 180,
        "profile_link_color": "1DA1F2",
        "friends_count": 87,
        "contributors_enabled": false,
        "followers_count": 34,
        "screen_name": "steefsc",
        "profile_banner_url": "https://pbs.twimg.com/profile_banners/136366644/1360076816",
        "following": false,
        "lang": null,
        "id_str": "136366644",
        "entities": {
          "description": {
            "urls": []
          }
        },
        "is_translator": false,
        "default_profile": true,
        "profile_use_background_image": true,
        "profile_image_url_https": "https://pbs.twimg.com/profile_images/1016008183/foto1_normal.jpg",
        "follow_request_sent": false,
        "verified": false,
        "url": null,
        "profile_text_color": "333333",
        "listed_count": 2,
        "time_zone": null,
        "favourites_count": 191,
        "id": 136366644
      },
      "id": 1217616278128644098
    },
    {
      "in_reply_to_user_id_str": null,
      "is_quote_status": false,
      "geo": null,
      "favorited": false,
      "in_reply_to_user_id": null,
      "text": "RT @rayfull6: Daniel Olivares, candidato por el @partidomorado es dueño de la empresa COPILOTO SAC, cobro de los gobiernos de Humala, PPK,…",
      "created_at": "Thu Jan 16 01:12:03 +0000 2020",
      "metadata": {
        "result_type": "recent",
        "iso_language_code": "es"
      },
      "in_reply_to_status_id_str": null,
      "favorite_count": 0,
      "truncated": false,
      "source": "<a href=\"http://twitter.com/download/android\" rel=\"nofollow\">Twitter for Android</a>",
      "coordinates": null,
      "in_reply_to_status_id": null,
      "lang": "es",
      "id_str": "1217615464299401216",
      "entities": {
        "urls": [],
        "symbols": [],
        "hashtags": [],
        "user_mentions": [
          {
            "id_str": "739477832854872069",
            "name": "ray",
            "indices": [
              3,
              12
            ],
            "id": 739477832854872069,
            "screen_name": "rayfull6"
          },
          {
            "id_str": "2800369406",
            "name": "Partido Morado",
            "indices": [
              48,
              62
            ],
            "id": 2800369406,
            "screen_name": "partidomorado"
          }
        ]
      },
      "contributors": null,
      "retweet_count": 229,
      "in_reply_to_screen_name": null,
      "retweeted": false,
      "retweeted_status": {
        "in_reply_to_user_id_str": null,
        "is_quote_status": false,
        "geo": null,
        "favorited": false,
        "in_reply_to_user_id": null,
        "text": "Daniel Olivares, candidato por el @partidomorado es dueño de la empresa COPILOTO SAC, cobro de los gobiernos de Hum… https://t.co/FDNGuGCviq",
        "created_at": "Mon Jan 13 21:35:47 +0000 2020",
        "metadata": {
          "result_type": "recent",
          "iso_language_code": "es"
        },
        "in_reply_to_status_id_str": null,
        "truncated": true,
        "favorite_count": 297,
        "coordinates": null,
        "in_reply_to_status_id": null,
        "source": "<a href=\"https://mobile.twitter.com\" rel=\"nofollow\">Twitter Web App</a>",
        "lang": "es",
        "id_str": "1216836263145353216",
        "entities": {
          "urls": [
            {
              "url": "https://t.co/FDNGuGCviq",
              "indices": [
                117,
                140
              ],
              "display_url": "twitter.com/i/web/status/1…",
              "expanded_url": "https://twitter.com/i/web/status/1216836263145353216"
            }
          ],
          "symbols": [],
          "hashtags": [],
          "user_mentions": [
            {
              "id_str": "2800369406",
              "name": "Partido Morado",
              "indices": [
                34,
                48
              ],
              "id": 2800369406,
              "screen_name": "partidomorado"
            }
          ]
        },
        "contributors": null,
        "retweet_count": 229,
        "in_reply_to_screen_name": null,
        "retweeted": false,
        "possibly_sensitive": false,
        "place": null,
        "user": {
          "profile_background_image_url": null,
          "is_translation_enabled": false,
          "profile_image_url": "http://pbs.twimg.com/profile_images/1125108760291287040/0NQjkFea_normal.png",
          "profile_background_tile": false,
          "default_profile_image": false,
          "utc_offset": null,
          "geo_enabled": false,
          "name": "ray",
          "location": "",
          "profile_sidebar_fill_color": "DDEEF6",
          "protected": false,
          "created_at": "Sun Jun 05 15:23:49 +0000 2016",
          "profile_sidebar_border_color": "C0DEED",
          "has_extended_profile": false,
          "profile_background_image_url_https": null,
          "notifications": false,
          "profile_background_color": "F5F8FA",
          "description": "",
          "translator_type": "none",
          "statuses_count": 5834,
          "profile_link_color": "1DA1F2",
          "friends_count": 904,
          "contributors_enabled": false,
          "followers_count": 392,
          "screen_name": "rayfull6",
          "profile_banner_url": "https://pbs.twimg.com/profile_banners/739477832854872069/1557082175",
          "following": false,
          "lang": null,
          "id_str": "739477832854872069",
          "entities": {
            "description": {
              "urls": []
            }
          },
          "is_translator": false,
          "default_profile": true,
          "profile_use_background_image": true,
          "profile_image_url_https": "https://pbs.twimg.com/profile_images/1125108760291287040/0NQjkFea_normal.png",
          "follow_request_sent": false,
          "verified": false,
          "url": null,
          "profile_text_color": "333333",
          "listed_count": 1,
          "time_zone": null,
          "favourites_count": 13084,
          "id": 739477832854872069
        },
        "id": 1216836263145353216
      },
      "place": null,
      "user": {
        "profile_background_image_url": "http://abs.twimg.com/images/themes/theme18/bg.gif",
        "is_translation_enabled": false,
        "profile_image_url": "http://pbs.twimg.com/profile_images/665198136810479616/4YNJR4rK_normal.jpg",
        "profile_background_tile": false,
        "default_profile_image": false,
        "utc_offset": null,
        "geo_enabled": true,
        "name": "Cesar Sandoval Pozo",
        "location": "Trujillo- Lima",
        "profile_sidebar_fill_color": "F6F6F6",
        "protected": false,
        "created_at": "Wed Dec 28 22:03:07 +0000 2011",
        "profile_sidebar_border_color": "EEEEEE",
        "has_extended_profile": false,
        "profile_background_image_url_https": "https://abs.twimg.com/images/themes/theme18/bg.gif",
        "notifications": false,
        "profile_background_color": "ACDED6",
        "description": "Abogado,Est.Maestria . Diplomatura en La PUCP. post grado U.continental- Univ.ALCALA(España)diplomado PCM. Dip.CAEN. Seminario en Washigton DC. Escritor",
        "translator_type": "none",
        "statuses_count": 13483,
        "profile_link_color": "038543",
        "friends_count": 3318,
        "contributors_enabled": false,
        "followers_count": 1338,
        "screen_name": "CesarSandovalP",
        "following": false,
        "lang": null,
        "id_str": "449228754",
        "entities": {
          "description": {
            "urls": []
          }
        },
        "is_translator": false,
        "default_profile": false,
        "profile_use_background_image": true,
        "profile_image_url_https": "https://pbs.twimg.com/profile_images/665198136810479616/4YNJR4rK_normal.jpg",
        "follow_request_sent": false,
        "verified": false,
        "url": null,
        "profile_text_color": "333333",
        "listed_count": 8,
        "time_zone": null,
        "favourites_count": 6322,
        "id": 449228754
      },
      "id": 1217615464299401216
    },
    {
      "in_reply_to_user_id_str": "1182490973114421249",
      "is_quote_status": false,
      "geo": null,
      "favorited": false,
      "in_reply_to_user_id": 1182490973114421249,
      "text": "@TonyP32023048 @RossanaCribill3 @hectorbecerrilr @partidomorado @JNE_Peru @CIDH @ACTransparencia @cnddhh… https://t.co/nxE1MqBl0u",
      "created_at": "Thu Jan 16 01:11:54 +0000 2020",
      "metadata": {
        "result_type": "recent",
        "iso_language_code": "es"
      },
      "in_reply_to_status_id_str": "1217595783081603073",
      "truncated": true,
      "favorite_count": 0,
      "coordinates": null,
      "in_reply_to_status_id": 1217595783081603073,
      "source": "<a href=\"https://mobile.twitter.com\" rel=\"nofollow\">Twitter Web App</a>",
      "lang": "es",
      "id_str": "1217615426143821824",
      "entities": {
        "urls": [
          {
            "url": "https://t.co/nxE1MqBl0u",
            "indices": [
              106,
              129
            ],
            "display_url": "twitter.com/i/web/status/1…",
            "expanded_url": "https://twitter.com/i/web/status/1217615426143821824"
          }
        ],
        "symbols": [],
        "hashtags": [],
        "user_mentions": [
          {
            "id_str": "1182490973114421249",
            "name": "peruano al 100%",
            "indices": [
              0,
              14
            ],
            "id": 1182490973114421249,
            "screen_name": "TonyP32023048"
          },
          {
            "id_str": "861590198760681472",
            "name": "Rossana Cribillero",
            "indices": [
              15,
              31
            ],
            "id": 861590198760681472,
            "screen_name": "RossanaCribill3"
          },
          {
            "id_str": "525822471",
            "name": "HÉCTOR BECERRIL R.",
            "indices": [
              32,
              48
            ],
            "id": 525822471,
            "screen_name": "hectorbecerrilr"
          },
          {
            "id_str": "2800369406",
            "name": "Partido Morado",
            "indices": [
              49,
              63
            ],
            "id": 2800369406,
            "screen_name": "partidomorado"
          },
          {
            "id_str": "160355694",
            "name": "JNE Perú",
            "indices": [
              64,
              73
            ],
            "id": 160355694,
            "screen_name": "JNE_Peru"
          },
          {
            "id_str": "60954521",
            "name": "CIDH - IACHR",
            "indices": [
              74,
              79
            ],
            "id": 60954521,
            "screen_name": "CIDH"
          },
          {
            "id_str": "69351861",
            "name": "Transparencia",
            "indices": [
              80,
              96
            ],
            "id": 69351861,
            "screen_name": "ACTransparencia"
          },
          {
            "id_str": "68487390",
            "name": "CNDDHH 🇵🇪",
            "indices": [
              97,
              104
            ],
            "id": 68487390,
            "screen_name": "cnddhh"
          }
        ]
      },
      "contributors": null,
      "retweet_count": 0,
      "in_reply_to_screen_name": "TonyP32023048",
      "retweeted": false,
      "place": null,
      "user": {
        "profile_background_image_url": "http://abs.twimg.com/images/themes/theme1/bg.png",
        "is_translation_enabled": false,
        "profile_image_url": "http://pbs.twimg.com/profile_images/1016008183/foto1_normal.jpg",
        "profile_background_tile": false,
        "default_profile_image": false,
        "utc_offset": null,
        "geo_enabled": false,
        "name": "Steef Sheen",
        "location": "Arequipa, Arequipa",
        "profile_sidebar_fill_color": "DDEEF6",
        "protected": false,
        "created_at": "Fri Apr 23 18:54:10 +0000 2010",
        "profile_sidebar_border_color": "C0DEED",
        "has_extended_profile": false,
        "profile_background_image_url_https": "https://abs.twimg.com/images/themes/theme1/bg.png",
        "notifications": false,
        "profile_background_color": "C0DEED",
        "description": "Arequipeño de corazón, hincha de mi SC y de la Juve.",
        "translator_type": "none",
        "statuses_count": 180,
        "profile_link_color": "1DA1F2",
        "friends_count": 87,
        "contributors_enabled": false,
        "followers_count": 34,
        "screen_name": "steefsc",
        "profile_banner_url": "https://pbs.twimg.com/profile_banners/136366644/1360076816",
        "following": false,
        "lang": null,
        "id_str": "136366644",
        "entities": {
          "description": {
            "urls": []
          }
        },
        "is_translator": false,
        "default_profile": true,
        "profile_use_background_image": true,
        "profile_image_url_https": "https://pbs.twimg.com/profile_images/1016008183/foto1_normal.jpg",
        "follow_request_sent": false,
        "verified": false,
        "url": null,
        "profile_text_color": "333333",
        "listed_count": 2,
        "time_zone": null,
        "favourites_count": 191,
        "id": 136366644
      },
      "id": 1217615426143821824
    },
    {
      "in_reply_to_user_id_str": null,
      "is_quote_status": false,
      "geo": null,
      "favorited": false,
      "in_reply_to_user_id": null,
      "text": "RT @SirGregGallegos: @acaboelsilencio @partidomorado Francisco Sagasti: #1 de la lista del @partidomorado, jefe de campaña y admirador de l…",
      "created_at": "Thu Jan 16 01:11:20 +0000 2020",
      "metadata": {
        "result_type": "recent",
        "iso_language_code": "es"
      },
      "in_reply_to_status_id_str": null,
      "favorite_count": 0,
      "truncated": false,
      "source": "<a href=\"http://twitter.com/download/android\" rel=\"nofollow\">Twitter for Android</a>",
      "coordinates": null,
      "in_reply_to_status_id": null,
      "lang": "es",
      "id_str": "1217615282245701632",
      "entities": {
        "urls": [],
        "symbols": [],
        "hashtags": [],
        "user_mentions": [
          {
            "id_str": "1141844012304932864",
            "name": "Gregory Gallegos",
            "indices": [
              3,
              19
            ],
            "id": 1141844012304932864,
            "screen_name": "SirGregGallegos"
          },
          {
            "id_str": "1029154953661739008",
            "name": "Se Acabó El Silencio - Derecho PUCP",
            "indices": [
              21,
              37
            ],
            "id": 1029154953661739008,
            "screen_name": "acaboelsilencio"
          },
          {
            "id_str": "2800369406",
            "name": "Partido Morado",
            "indices": [
              38,
              52
            ],
            "id": 2800369406,
            "screen_name": "partidomorado"
          },
          {
            "id_str": "2800369406",
            "name": "Partido Morado",
            "indices": [
              91,
              105
            ],
            "id": 2800369406,
            "screen_name": "partidomorado"
          }
        ]
      },
      "contributors": null,
      "retweet_count": 9,
      "in_reply_to_screen_name": null,
      "retweeted": false,
      "retweeted_status": {
        "in_reply_to_user_id_str": "1029154953661739008",
        "is_quote_status": false,
        "geo": null,
        "favorited": false,
        "in_reply_to_user_id": 1029154953661739008,
        "text": "@acaboelsilencio @partidomorado Francisco Sagasti: #1 de la lista del @partidomorado, jefe de campaña y admirador d… https://t.co/nRVFoz1Qal",
        "created_at": "Wed Jan 15 17:47:38 +0000 2020",
        "metadata": {
          "result_type": "recent",
          "iso_language_code": "es"
        },
        "in_reply_to_status_id_str": "1217288429270130694",
        "truncated": true,
        "favorite_count": 18,
        "coordinates": null,
        "in_reply_to_status_id": 1217288429270130694,
        "source": "<a href=\"http://twitter.com/download/android\" rel=\"nofollow\">Twitter for Android</a>",
        "lang": "es",
        "id_str": "1217503621484548097",
        "entities": {
          "urls": [
            {
              "url": "https://t.co/nRVFoz1Qal",
              "indices": [
                117,
                140
              ],
              "display_url": "twitter.com/i/web/status/1…",
              "expanded_url": "https://twitter.com/i/web/status/1217503621484548097"
            }
          ],
          "symbols": [],
          "hashtags": [],
          "user_mentions": [
            {
              "id_str": "1029154953661739008",
              "name": "Se Acabó El Silencio - Derecho PUCP",
              "indices": [
                0,
                16
              ],
              "id": 1029154953661739008,
              "screen_name": "acaboelsilencio"
            },
            {
              "id_str": "2800369406",
              "name": "Partido Morado",
              "indices": [
                17,
                31
              ],
              "id": 2800369406,
              "screen_name": "partidomorado"
            },
            {
              "id_str": "2800369406",
              "name": "Partido Morado",
              "indices": [
                70,
                84
              ],
              "id": 2800369406,
              "screen_name": "partidomorado"
            }
          ]
        },
        "contributors": null,
        "retweet_count": 9,
        "in_reply_to_screen_name": "acaboelsilencio",
        "retweeted": false,
        "possibly_sensitive": false,
        "place": null,
        "user": {
          "profile_background_image_url": null,
          "is_translation_enabled": false,
          "profile_image_url": "http://pbs.twimg.com/profile_images/1141844306493431808/5n3sRI-7_normal.jpg",
          "profile_background_tile": false,
          "default_profile_image": false,
          "utc_offset": null,
          "geo_enabled": false,
          "name": "Gregory Gallegos",
          "location": "",
          "profile_sidebar_fill_color": "DDEEF6",
          "protected": false,
          "created_at": "Thu Jun 20 23:03:21 +0000 2019",
          "profile_sidebar_border_color": "C0DEED",
          "has_extended_profile": false,
          "profile_background_image_url_https": null,
          "notifications": false,
          "profile_background_color": "F5F8FA",
          "description": "🎖Héroes Comandos Chavín de Huántar. 💪👊💯",
          "translator_type": "none",
          "statuses_count": 507,
          "profile_link_color": "1DA1F2",
          "friends_count": 219,
          "contributors_enabled": false,
          "followers_count": 122,
          "screen_name": "SirGregGallegos",
          "profile_banner_url": "https://pbs.twimg.com/profile_banners/1141844012304932864/1561079009",
          "following": false,
          "lang": null,
          "id_str": "1141844012304932864",
          "entities": {
            "description": {
              "urls": []
            }
          },
          "is_translator": false,
          "default_profile": true,
          "profile_use_background_image": true,
          "profile_image_url_https": "https://pbs.twimg.com/profile_images/1141844306493431808/5n3sRI-7_normal.jpg",
          "follow_request_sent": false,
          "verified": false,
          "url": null,
          "profile_text_color": "333333",
          "listed_count": 0,
          "time_zone": null,
          "favourites_count": 1711,
          "id": 1141844012304932864
        },
        "id": 1217503621484548097
      },
      "place": null,
      "user": {
        "profile_background_image_url": null,
        "is_translation_enabled": false,
        "profile_image_url": "http://pbs.twimg.com/profile_images/1142987718659661825/JxgoS54I_normal.jpg",
        "profile_background_tile": false,
        "default_profile_image": false,
        "utc_offset": null,
        "geo_enabled": true,
        "name": "Pancita de Aguacate🥑",
        "location": "",
        "profile_sidebar_fill_color": "DDEEF6",
        "protected": false,
        "created_at": "Mon Jun 24 01:17:38 +0000 2019",
        "profile_sidebar_border_color": "C0DEED",
        "has_extended_profile": false,
        "profile_background_image_url_https": null,
        "notifications": false,
        "profile_background_color": "F5F8FA",
        "description": "🥑",
        "translator_type": "none",
        "statuses_count": 1620,
        "profile_link_color": "1DA1F2",
        "friends_count": 64,
        "contributors_enabled": false,
        "followers_count": 42,
        "screen_name": "PancitadeAguaca",
        "profile_banner_url": "https://pbs.twimg.com/profile_banners/1142964968129728512/1561344499",
        "following": false,
        "lang": null,
        "id_str": "1142964968129728512",
        "entities": {
          "description": {
            "urls": []
          }
        },
        "is_translator": false,
        "default_profile": true,
        "profile_use_background_image": true,
        "profile_image_url_https": "https://pbs.twimg.com/profile_images/1142987718659661825/JxgoS54I_normal.jpg",
        "follow_request_sent": false,
        "verified": false,
        "url": null,
        "profile_text_color": "333333",
        "listed_count": 0,
        "time_zone": null,
        "favourites_count": 7628,
        "id": 1142964968129728512
      },
      "id": 1217615282245701632
    },
    {
      "in_reply_to_user_id_str": "1064597573653200897",
      "is_quote_status": false,
      "geo": null,
      "favorited": false,
      "in_reply_to_user_id": 1064597573653200897,
      "text": "@gcrmtt_ @SirGregGallegos @milagrosmedita @acaboelsilencio @partidomorado @julioguzmanperu @LaResistenciaR2… https://t.co/hY8GYLB8Vq",
      "created_at": "Thu Jan 16 01:10:40 +0000 2020",
      "metadata": {
        "result_type": "recent",
        "iso_language_code": "es"
      },
      "in_reply_to_status_id_str": "1217610647560650752",
      "truncated": true,
      "favorite_count": 1,
      "coordinates": null,
      "in_reply_to_status_id": 1217610647560650752,
      "source": "<a href=\"http://twitter.com/download/android\" rel=\"nofollow\">Twitter for Android</a>",
      "lang": "es",
      "id_str": "1217615117510172673",
      "entities": {
        "urls": [
          {
            "url": "https://t.co/hY8GYLB8Vq",
            "indices": [
              109,
              132
            ],
            "display_url": "twitter.com/i/web/status/1…",
            "expanded_url": "https://twitter.com/i/web/status/1217615117510172673"
          }
        ],
        "symbols": [],
        "hashtags": [],
        "user_mentions": [
          {
            "id_str": "1064597573653200897",
            "name": "sech 🥱",
            "indices": [
              0,
              8
            ],
            "id": 1064597573653200897,
            "screen_name": "gcrmtt_"
          },
          {
            "id_str": "1141844012304932864",
            "name": "Gregory Gallegos",
            "indices": [
              9,
              25
            ],
            "id": 1141844012304932864,
            "screen_name": "SirGregGallegos"
          },
          {
            "id_str": "346281180",
            "name": "Milagros Torres Sales🇵🇪",
            "indices": [
              26,
              41
            ],
            "id": 346281180,
            "screen_name": "milagrosmedita"
          },
          {
            "id_str": "1029154953661739008",
            "name": "Se Acabó El Silencio - Derecho PUCP",
            "indices": [
              42,
              58
            ],
            "id": 1029154953661739008,
            "screen_name": "acaboelsilencio"
          },
          {
            "id_str": "2800369406",
            "name": "Partido Morado",
            "indices": [
              59,
              73
            ],
            "id": 2800369406,
            "screen_name": "partidomorado"
          },
          {
            "id_str": "3044790214",
            "name": "Julio Guzmán",
            "indices": [
              74,
              90
            ],
            "id": 3044790214,
            "screen_name": "julioguzmanperu"
          },
          {
            "id_str": "1156735493037547521",
            "name": "#LaResistenciaReporteros",
            "indices": [
              91,
              107
            ],
            "id": 1156735493037547521,
            "screen_name": "LaResistenciaR2"
          }
        ]
      },
      "contributors": null,
      "retweet_count": 0,
      "in_reply_to_screen_name": "gcrmtt_",
      "retweeted": false,
      "place": null,
      "user": {
        "profile_background_image_url": null,
        "is_translation_enabled": false,
        "profile_image_url": "http://pbs.twimg.com/profile_images/1150231724627861506/tyMVn88P_normal.jpg",
        "profile_background_tile": false,
        "default_profile_image": false,
        "utc_offset": null,
        "geo_enabled": false,
        "name": "lobous153@gmail.com",
        "location": "Lima, Peru",
        "profile_sidebar_fill_color": "DDEEF6",
        "protected": false,
        "created_at": "Fri Jun 01 01:59:14 +0000 2018",
        "profile_sidebar_border_color": "C0DEED",
        "has_extended_profile": true,
        "profile_background_image_url_https": null,
        "notifications": false,
        "profile_background_color": "F5F8FA",
        "description": "Peruano🛂",
        "translator_type": "none",
        "statuses_count": 7562,
        "profile_link_color": "1DA1F2",
        "friends_count": 60,
        "contributors_enabled": false,
        "followers_count": 20,
        "screen_name": "lobous153",
        "profile_banner_url": "https://pbs.twimg.com/profile_banners/1002368944043220992/1563071070",
        "following": false,
        "lang": null,
        "id_str": "1002368944043220992",
        "entities": {
          "description": {
            "urls": []
          }
        },
        "is_translator": false,
        "default_profile": true,
        "profile_use_background_image": true,
        "profile_image_url_https": "https://pbs.twimg.com/profile_images/1150231724627861506/tyMVn88P_normal.jpg",
        "follow_request_sent": false,
        "verified": false,
        "url": null,
        "profile_text_color": "333333",
        "listed_count": 0,
        "time_zone": null,
        "favourites_count": 255,
        "id": 1002368944043220992
      },
      "id": 1217615117510172673
    },
    {
      "in_reply_to_user_id_str": null,
      "is_quote_status": false,
      "geo": null,
      "favorited": false,
      "in_reply_to_user_id": null,
      "text": "RT @Pulmon_de_Susan: Rosa María Bartra es tendencia porque le dicen “loca.”\n\nOjo! Se lo dicen los operadores y trolls de @AlbertoBelaunde y…",
      "created_at": "Thu Jan 16 01:09:03 +0000 2020",
      "metadata": {
        "result_type": "recent",
        "iso_language_code": "es"
      },
      "in_reply_to_status_id_str": null,
      "favorite_count": 0,
      "truncated": false,
      "source": "<a href=\"http://twitter.com/download/android\" rel=\"nofollow\">Twitter for Android</a>",
      "coordinates": null,
      "in_reply_to_status_id": null,
      "lang": "es",
      "id_str": "1217614709681205248",
      "entities": {
        "urls": [],
        "symbols": [],
        "hashtags": [],
        "user_mentions": [
          {
            "id_str": "281376868",
            "name": "El Pulmon de Susan",
            "indices": [
              3,
              19
            ],
            "id": 281376868,
            "screen_name": "Pulmon_de_Susan"
          },
          {
            "id_str": "16077528",
            "name": "Alberto de Belaunde 🇵🇪",
            "indices": [
              121,
              137
            ],
            "id": 16077528,
            "screen_name": "AlbertoBelaunde"
          }
        ]
      },
      "contributors": null,
      "retweet_count": 16,
      "in_reply_to_screen_name": null,
      "retweeted": false,
      "retweeted_status": {
        "in_reply_to_user_id_str": null,
        "is_quote_status": false,
        "geo": null,
        "favorited": false,
        "in_reply_to_user_id": null,
        "text": "Rosa María Bartra es tendencia porque le dicen “loca.”\n\nOjo! Se lo dicen los operadores y trolls de… https://t.co/0nufMPljqZ",
        "created_at": "Wed Jan 15 23:10:45 +0000 2020",
        "metadata": {
          "result_type": "recent",
          "iso_language_code": "es"
        },
        "in_reply_to_status_id_str": null,
        "truncated": true,
        "favorite_count": 62,
        "coordinates": null,
        "in_reply_to_status_id": null,
        "source": "<a href=\"http://twitter.com/download/iphone\" rel=\"nofollow\">Twitter for iPhone</a>",
        "lang": "es",
        "id_str": "1217584937089433600",
        "entities": {
          "urls": [
            {
              "url": "https://t.co/0nufMPljqZ",
              "indices": [
                101,
                124
              ],
              "display_url": "twitter.com/i/web/status/1…",
              "expanded_url": "https://twitter.com/i/web/status/1217584937089433600"
            }
          ],
          "symbols": [],
          "hashtags": [],
          "user_mentions": []
        },
        "contributors": null,
        "retweet_count": 16,
        "in_reply_to_screen_name": null,
        "retweeted": false,
        "place": null,
        "user": {
          "profile_background_image_url": "http://abs.twimg.com/images/themes/theme14/bg.gif",
          "is_translation_enabled": false,
          "profile_image_url": "http://pbs.twimg.com/profile_images/864327236660363264/xiK7sXxl_normal.jpg",
          "profile_background_tile": true,
          "default_profile_image": false,
          "utc_offset": null,
          "geo_enabled": true,
          "name": "El Pulmon de Susan",
          "location": "#DeusVult",
          "profile_sidebar_fill_color": "EFEFEF",
          "protected": false,
          "created_at": "Wed Apr 13 05:16:53 +0000 2011",
          "profile_sidebar_border_color": "FFFFFF",
          "has_extended_profile": false,
          "profile_background_image_url_https": "https://abs.twimg.com/images/themes/theme14/bg.gif",
          "notifications": false,
          "profile_background_color": "131516",
          "description": "I'm Santiago Labarte. All things USA/Peru. Spanglish. #CholoIlustrado. Conservatarian. #1A #2A. #PeriodismoDePeriodistas. \"El Estado Es Un MAL Necesario.\"",
          "translator_type": "none",
          "statuses_count": 139528,
          "profile_link_color": "ABB8C2",
          "friends_count": 2905,
          "contributors_enabled": false,
          "followers_count": 19695,
          "screen_name": "Pulmon_de_Susan",
          "profile_banner_url": "https://pbs.twimg.com/profile_banners/281376868/1574432884",
          "following": false,
          "lang": null,
          "id_str": "281376868",
          "entities": {
            "description": {
              "urls": []
            }
          },
          "is_translator": false,
          "default_profile": false,
          "profile_use_background_image": true,
          "profile_image_url_https": "https://pbs.twimg.com/profile_images/864327236660363264/xiK7sXxl_normal.jpg",
          "follow_request_sent": false,
          "verified": false,
          "url": null,
          "profile_text_color": "333333",
          "listed_count": 101,
          "time_zone": null,
          "favourites_count": 1805,
          "id": 281376868
        },
        "id": 1217584937089433600
      },
      "place": null,
      "user": {
        "profile_background_image_url": "http://abs.twimg.com/images/themes/theme1/bg.png",
        "is_translation_enabled": false,
        "profile_image_url": "http://pbs.twimg.com/profile_images/491334400001323008/Tuef_kXg_normal.jpeg",
        "profile_background_tile": false,
        "default_profile_image": false,
        "utc_offset": null,
        "geo_enabled": true,
        "name": "claudio sáenz f.",
        "location": "Iquitos-Perú-Río Amazonas",
        "profile_sidebar_fill_color": "DDEEF6",
        "protected": false,
        "created_at": "Sun Mar 30 10:33:13 +0000 2014",
        "profile_sidebar_border_color": "C0DEED",
        "has_extended_profile": false,
        "profile_background_image_url_https": "https://abs.twimg.com/images/themes/theme1/bg.png",
        "notifications": false,
        "profile_background_color": "C0DEED",
        "description": "",
        "translator_type": "none",
        "statuses_count": 95215,
        "profile_link_color": "1DA1F2",
        "friends_count": 69,
        "contributors_enabled": false,
        "followers_count": 371,
        "screen_name": "ClaudioSenz",
        "profile_banner_url": "https://pbs.twimg.com/profile_banners/2446802800/1405978316",
        "following": false,
        "lang": null,
        "id_str": "2446802800",
        "entities": {
          "description": {
            "urls": []
          }
        },
        "is_translator": false,
        "default_profile": true,
        "profile_use_background_image": true,
        "profile_image_url_https": "https://pbs.twimg.com/profile_images/491334400001323008/Tuef_kXg_normal.jpeg",
        "follow_request_sent": false,
        "verified": false,
        "url": null,
        "profile_text_color": "333333",
        "listed_count": 2,
        "time_zone": null,
        "favourites_count": 124593,
        "id": 2446802800
      },
      "id": 1217614709681205248
    }
  ],
  "request_date": "2020-01-15-20:21:41"
}