{
  "data": [
    {
      "in_reply_to_user_id_str": null,
      "metadata": {
        "iso_language_code": "es",
        "result_type": "recent"
      },
      "id_str": "1202752602380918784",
      "in_reply_to_user_id": null,
      "is_quote_status": false,
      "lang": "es",
      "user": {
        "time_zone": null,
        "name": "Noticia Peru",
        "id": 1026586165502197766,
        "statuses_count": 2873,
        "translator_type": "none",
        "profile_sidebar_border_color": "000000",
        "id_str": "1026586165502197766",
        "profile_background_image_url": "http://abs.twimg.com/images/themes/theme1/bg.png",
        "follow_request_sent": false,
        "listed_count": 0,
        "profile_background_image_url_https": "https://abs.twimg.com/images/themes/theme1/bg.png",
        "notifications": false,
        "lang": null,
        "profile_text_color": "000000",
        "profile_image_url_https": "https://pbs.twimg.com/profile_images/1026586396142784512/jqStufRo_normal.png",
        "favourites_count": 319,
        "url": null,
        "description": "Noticia Perú es un canal #Digital que tiene el fin de informar a travez de Transmisión #envivo por @Youtube 🇵🇪",
        "has_extended_profile": true,
        "geo_enabled": false,
        "protected": false,
        "screen_name": "NP_NoticiasPeru",
        "profile_use_background_image": false,
        "profile_image_url": "http://pbs.twimg.com/profile_images/1026586396142784512/jqStufRo_normal.png",
        "verified": false,
        "profile_background_tile": false,
        "following": false,
        "followers_count": 52,
        "utc_offset": null,
        "location": "Perú",
        "is_translator": false,
        "entities": {
          "description": {
            "urls": []
          }
        },
        "friends_count": 137,
        "created_at": "Mon Aug 06 21:49:49 +0000 2018",
        "is_translation_enabled": false,
        "profile_link_color": "E81C4F",
        "default_profile_image": false,
        "contributors_enabled": false,
        "profile_banner_url": "https://pbs.twimg.com/profile_banners/1026586165502197766/1536439041",
        "profile_background_color": "000000",
        "default_profile": false,
        "profile_sidebar_fill_color": "000000"
      },
      "retweet_count": 0,
      "in_reply_to_status_id": null,
      "favorited": false,
      "contributors": null,
      "place": null,
      "text": "[ESTAMOS EN VIVO] \nDebate Electoral 2020 \n@alexandraamesb ( #SomosPerú) y #Karencraff ( @ppcv )\n\n@larepublica_pe… https://t.co/SMzABgQBKA",
      "retweeted": false,
      "truncated": true,
      "in_reply_to_status_id_str": null,
      "id": 1202752602380918784,
      "in_reply_to_screen_name": null,
      "entities": {
        "symbols": [],
        "hashtags": [
          {
            "text": "SomosPerú",
            "indices": [
              60,
              70
            ]
          },
          {
            "text": "Karencraff",
            "indices": [
              74,
              85
            ]
          }
        ],
        "urls": [
          {
            "expanded_url": "https://twitter.com/i/web/status/1202752602380918784",
            "indices": [
              114,
              137
            ],
            "url": "https://t.co/SMzABgQBKA",
            "display_url": "twitter.com/i/web/status/1…"
          }
        ],
        "user_mentions": [
          {
            "name": "ALEXANDRA AMES B.",
            "id_str": "124725350",
            "screen_name": "alexandraamesb",
            "indices": [
              42,
              57
            ],
            "id": 124725350
          },
          {
            "name": "Partido Popular CV",
            "id_str": "59749870",
            "screen_name": "ppcv",
            "indices": [
              88,
              93
            ],
            "id": 59749870
          },
          {
            "name": "Diario La República",
            "id_str": "66746614",
            "screen_name": "larepublica_pe",
            "indices": [
              97,
              112
            ],
            "id": 66746614
          }
        ]
      },
      "geo": null,
      "created_at": "Fri Dec 06 00:52:21 +0000 2019",
      "coordinates": null,
      "source": "<a href=\"https://mobile.twitter.com\" rel=\"nofollow\">Twitter Web App</a>",
      "favorite_count": 0,
      "possibly_sensitive": true
    }
  ],
  "request_date": "2019-12-08-10:04:03"
}