{
  "request_date": "2019-12-31-02:42:43",
  "data": [
    {
      "in_reply_to_screen_name": "veryangee",
      "place": null,
      "lang": "es",
      "entities": {
        "symbols": [],
        "hashtags": [],
        "urls": [],
        "user_mentions": [
          {
            "indices": [
              0,
              10
            ],
            "name": "Angela Villón",
            "id": 179459111,
            "screen_name": "veryangee",
            "id_str": "179459111"
          }
        ]
      },
      "retweet_count": 0,
      "contributors": null,
      "source": "<a href=\"http://twitter.com/download/android\" rel=\"nofollow\">Twitter for Android</a>",
      "created_at": "Sat Dec 28 20:55:29 +0000 2019",
      "id": 1211027916521390082,
      "metadata": {
        "iso_language_code": "es",
        "result_type": "recent"
      },
      "coordinates": null,
      "favorited": false,
      "user": {
        "screen_name": "PabloPe71505525",
        "verified": false,
        "description": "sincero",
        "name": "Pablo Pedro",
        "lang": null,
        "entities": {
          "description": {
            "urls": []
          }
        },
        "contributors_enabled": false,
        "follow_request_sent": false,
        "following": false,
        "profile_image_url": "http://pbs.twimg.com/profile_images/1202422512119881730/x_IQYz4F_normal.jpg",
        "location": "",
        "profile_image_url_https": "https://pbs.twimg.com/profile_images/1202422512119881730/x_IQYz4F_normal.jpg",
        "protected": false,
        "favourites_count": 20,
        "profile_use_background_image": true,
        "url": null,
        "created_at": "Thu Dec 05 02:59:09 +0000 2019",
        "id": 1202422048879980545,
        "default_profile": true,
        "notifications": false,
        "is_translator": false,
        "profile_sidebar_fill_color": "DDEEF6",
        "geo_enabled": false,
        "utc_offset": null,
        "has_extended_profile": false,
        "friends_count": 109,
        "listed_count": 0,
        "profile_background_tile": false,
        "statuses_count": 71,
        "translator_type": "none",
        "time_zone": null,
        "is_translation_enabled": false,
        "profile_background_color": "F5F8FA",
        "default_profile_image": false,
        "id_str": "1202422048879980545",
        "profile_sidebar_border_color": "C0DEED",
        "followers_count": 4,
        "profile_text_color": "333333",
        "profile_background_image_url": null,
        "profile_background_image_url_https": null,
        "profile_link_color": "1DA1F2"
      },
      "in_reply_to_user_id": 179459111,
      "favorite_count": 0,
      "in_reply_to_status_id_str": "1210975226919559170",
      "is_quote_status": false,
      "truncated": false,
      "in_reply_to_status_id": 1210975226919559170,
      "text": "@veryangee Imbox se puede",
      "id_str": "1211027916521390082",
      "geo": null,
      "retweeted": false,
      "in_reply_to_user_id_str": "179459111"
    },
    {
      "in_reply_to_screen_name": null,
      "place": null,
      "lang": "es",
      "entities": {
        "symbols": [],
        "hashtags": [],
        "urls": [
          {
            "indices": [
              85,
              108
            ],
            "url": "https://t.co/rSXOvKdVrs",
            "expanded_url": "https://diariocorreo.pe/politica/frente-amplio-futura-bancada-denunciara-a-olaechea-y-araoz-noticia/",
            "display_url": "diariocorreo.pe/politica/frent…"
          }
        ],
        "user_mentions": [
          {
            "indices": [
              3,
              13
            ],
            "name": "Angela Villón",
            "id": 179459111,
            "screen_name": "veryangee",
            "id_str": "179459111"
          }
        ]
      },
      "retweet_count": 5,
      "contributors": null,
      "source": "<a href=\"http://twitter.com/download/android\" rel=\"nofollow\">Twitter for Android</a>",
      "created_at": "Thu Dec 26 21:10:42 +0000 2019",
      "id": 1210306970202320896,
      "metadata": {
        "iso_language_code": "es",
        "result_type": "recent"
      },
      "retweeted_status": {
        "in_reply_to_screen_name": null,
        "place": null,
        "lang": "es",
        "entities": {
          "symbols": [],
          "hashtags": [],
          "urls": [
            {
              "indices": [
                70,
                93
              ],
              "url": "https://t.co/rSXOvKdVrs",
              "expanded_url": "https://diariocorreo.pe/politica/frente-amplio-futura-bancada-denunciara-a-olaechea-y-araoz-noticia/",
              "display_url": "diariocorreo.pe/politica/frent…"
            }
          ],
          "user_mentions": []
        },
        "retweet_count": 5,
        "contributors": null,
        "source": "<a href=\"http://www.facebook.com/twitter\" rel=\"nofollow\">Facebook</a>",
        "created_at": "Thu Dec 26 19:26:12 +0000 2019",
        "id": 1210280668837625857,
        "metadata": {
          "iso_language_code": "es",
          "result_type": "recent"
        },
        "coordinates": null,
        "possibly_sensitive": false,
        "favorited": false,
        "user": {
          "screen_name": "veryangee",
          "verified": false,
          "description": "Soy sentimental,luchadora,perseverante y a la vez revolucionaria,gozo de ser mujer con defectos y virtudes y solo quiero de la vida SER FELIZ",
          "name": "Angela Villón",
          "lang": null,
          "entities": {
            "description": {
              "urls": []
            }
          },
          "contributors_enabled": false,
          "profile_banner_url": "https://pbs.twimg.com/profile_banners/179459111/1456376674",
          "follow_request_sent": false,
          "following": false,
          "profile_image_url": "http://pbs.twimg.com/profile_images/1197930410581336064/BhZwuU9H_normal.jpg",
          "location": "Lima",
          "profile_image_url_https": "https://pbs.twimg.com/profile_images/1197930410581336064/BhZwuU9H_normal.jpg",
          "protected": false,
          "favourites_count": 1111,
          "profile_use_background_image": true,
          "url": null,
          "created_at": "Tue Aug 17 10:11:27 +0000 2010",
          "id": 179459111,
          "default_profile": false,
          "notifications": false,
          "is_translator": false,
          "profile_sidebar_fill_color": "FFF7CC",
          "geo_enabled": true,
          "utc_offset": null,
          "has_extended_profile": false,
          "friends_count": 515,
          "listed_count": 8,
          "profile_background_tile": false,
          "statuses_count": 4129,
          "translator_type": "none",
          "time_zone": null,
          "is_translation_enabled": false,
          "profile_background_color": "BADFCD",
          "default_profile_image": false,
          "id_str": "179459111",
          "profile_sidebar_border_color": "F2E195",
          "followers_count": 1380,
          "profile_text_color": "0C3E53",
          "profile_background_image_url": "http://abs.twimg.com/images/themes/theme12/bg.gif",
          "profile_background_image_url_https": "https://abs.twimg.com/images/themes/theme12/bg.gif",
          "profile_link_color": "FF0000"
        },
        "in_reply_to_user_id": null,
        "favorite_count": 9,
        "in_reply_to_status_id_str": null,
        "is_quote_status": false,
        "truncated": false,
        "in_reply_to_status_id": null,
        "text": "La justicia es la justicia, puede tardar pero llega tarde o temprano. https://t.co/rSXOvKdVrs",
        "id_str": "1210280668837625857",
        "geo": null,
        "retweeted": false,
        "in_reply_to_user_id_str": null
      },
      "coordinates": null,
      "possibly_sensitive": false,
      "favorited": false,
      "user": {
        "screen_name": "yovannyacaro21",
        "verified": false,
        "description": "VAMOS PA'LANTE",
        "name": "YOVANNY ACARO CRUZ",
        "lang": null,
        "entities": {
          "description": {
            "urls": []
          }
        },
        "contributors_enabled": false,
        "follow_request_sent": false,
        "following": false,
        "profile_image_url": "http://pbs.twimg.com/profile_images/378800000051872421/5fac7ced2fda02fdfd3788c8b2b6bc51_normal.jpeg",
        "location": "TALARA-PERU",
        "profile_image_url_https": "https://pbs.twimg.com/profile_images/378800000051872421/5fac7ced2fda02fdfd3788c8b2b6bc51_normal.jpeg",
        "protected": false,
        "favourites_count": 31139,
        "profile_use_background_image": true,
        "url": null,
        "created_at": "Wed May 08 14:07:51 +0000 2013",
        "id": 1412952338,
        "default_profile": true,
        "notifications": false,
        "is_translator": false,
        "profile_sidebar_fill_color": "DDEEF6",
        "geo_enabled": false,
        "utc_offset": null,
        "has_extended_profile": false,
        "friends_count": 155,
        "listed_count": 0,
        "profile_background_tile": false,
        "statuses_count": 22234,
        "translator_type": "none",
        "time_zone": null,
        "is_translation_enabled": false,
        "profile_background_color": "C0DEED",
        "default_profile_image": false,
        "id_str": "1412952338",
        "profile_sidebar_border_color": "C0DEED",
        "followers_count": 140,
        "profile_text_color": "333333",
        "profile_background_image_url": "http://abs.twimg.com/images/themes/theme1/bg.png",
        "profile_background_image_url_https": "https://abs.twimg.com/images/themes/theme1/bg.png",
        "profile_link_color": "1DA1F2"
      },
      "in_reply_to_user_id": null,
      "favorite_count": 0,
      "in_reply_to_status_id_str": null,
      "is_quote_status": false,
      "truncated": false,
      "in_reply_to_status_id": null,
      "text": "RT @veryangee: La justicia es la justicia, puede tardar pero llega tarde o temprano. https://t.co/rSXOvKdVrs",
      "id_str": "1210306970202320896",
      "geo": null,
      "retweeted": false,
      "in_reply_to_user_id_str": null
    },
    {
      "in_reply_to_screen_name": null,
      "place": null,
      "lang": "es",
      "entities": {
        "symbols": [],
        "hashtags": [],
        "urls": [
          {
            "indices": [
              85,
              108
            ],
            "url": "https://t.co/rSXOvKdVrs",
            "expanded_url": "https://diariocorreo.pe/politica/frente-amplio-futura-bancada-denunciara-a-olaechea-y-araoz-noticia/",
            "display_url": "diariocorreo.pe/politica/frent…"
          }
        ],
        "user_mentions": [
          {
            "indices": [
              3,
              13
            ],
            "name": "Angela Villón",
            "id": 179459111,
            "screen_name": "veryangee",
            "id_str": "179459111"
          }
        ]
      },
      "retweet_count": 5,
      "contributors": null,
      "source": "<a href=\"https://mobile.twitter.com\" rel=\"nofollow\">Twitter Web App</a>",
      "created_at": "Thu Dec 26 19:44:44 +0000 2019",
      "id": 1210285333373489152,
      "metadata": {
        "iso_language_code": "es",
        "result_type": "recent"
      },
      "retweeted_status": {
        "in_reply_to_screen_name": null,
        "place": null,
        "lang": "es",
        "entities": {
          "symbols": [],
          "hashtags": [],
          "urls": [
            {
              "indices": [
                70,
                93
              ],
              "url": "https://t.co/rSXOvKdVrs",
              "expanded_url": "https://diariocorreo.pe/politica/frente-amplio-futura-bancada-denunciara-a-olaechea-y-araoz-noticia/",
              "display_url": "diariocorreo.pe/politica/frent…"
            }
          ],
          "user_mentions": []
        },
        "retweet_count": 5,
        "contributors": null,
        "source": "<a href=\"http://www.facebook.com/twitter\" rel=\"nofollow\">Facebook</a>",
        "created_at": "Thu Dec 26 19:26:12 +0000 2019",
        "id": 1210280668837625857,
        "metadata": {
          "iso_language_code": "es",
          "result_type": "recent"
        },
        "coordinates": null,
        "possibly_sensitive": false,
        "favorited": false,
        "user": {
          "screen_name": "veryangee",
          "verified": false,
          "description": "Soy sentimental,luchadora,perseverante y a la vez revolucionaria,gozo de ser mujer con defectos y virtudes y solo quiero de la vida SER FELIZ",
          "name": "Angela Villón",
          "lang": null,
          "entities": {
            "description": {
              "urls": []
            }
          },
          "contributors_enabled": false,
          "profile_banner_url": "https://pbs.twimg.com/profile_banners/179459111/1456376674",
          "follow_request_sent": false,
          "following": false,
          "profile_image_url": "http://pbs.twimg.com/profile_images/1197930410581336064/BhZwuU9H_normal.jpg",
          "location": "Lima",
          "profile_image_url_https": "https://pbs.twimg.com/profile_images/1197930410581336064/BhZwuU9H_normal.jpg",
          "protected": false,
          "favourites_count": 1111,
          "profile_use_background_image": true,
          "url": null,
          "created_at": "Tue Aug 17 10:11:27 +0000 2010",
          "id": 179459111,
          "default_profile": false,
          "notifications": false,
          "is_translator": false,
          "profile_sidebar_fill_color": "FFF7CC",
          "geo_enabled": true,
          "utc_offset": null,
          "has_extended_profile": false,
          "friends_count": 515,
          "listed_count": 8,
          "profile_background_tile": false,
          "statuses_count": 4129,
          "translator_type": "none",
          "time_zone": null,
          "is_translation_enabled": false,
          "profile_background_color": "BADFCD",
          "default_profile_image": false,
          "id_str": "179459111",
          "profile_sidebar_border_color": "F2E195",
          "followers_count": 1380,
          "profile_text_color": "0C3E53",
          "profile_background_image_url": "http://abs.twimg.com/images/themes/theme12/bg.gif",
          "profile_background_image_url_https": "https://abs.twimg.com/images/themes/theme12/bg.gif",
          "profile_link_color": "FF0000"
        },
        "in_reply_to_user_id": null,
        "favorite_count": 9,
        "in_reply_to_status_id_str": null,
        "is_quote_status": false,
        "truncated": false,
        "in_reply_to_status_id": null,
        "text": "La justicia es la justicia, puede tardar pero llega tarde o temprano. https://t.co/rSXOvKdVrs",
        "id_str": "1210280668837625857",
        "geo": null,
        "retweeted": false,
        "in_reply_to_user_id_str": null
      },
      "coordinates": null,
      "possibly_sensitive": false,
      "favorited": false,
      "user": {
        "screen_name": "danielvalle98",
        "verified": false,
        "description": "Biologo",
        "name": "Daniel Valle Basto",
        "lang": null,
        "entities": {
          "description": {
            "urls": []
          }
        },
        "contributors_enabled": false,
        "profile_banner_url": "https://pbs.twimg.com/profile_banners/396842251/1577055375",
        "follow_request_sent": false,
        "following": false,
        "profile_image_url": "http://pbs.twimg.com/profile_images/1021451873193283585/4cVkSHCQ_normal.jpg",
        "location": "",
        "profile_image_url_https": "https://pbs.twimg.com/profile_images/1021451873193283585/4cVkSHCQ_normal.jpg",
        "protected": false,
        "favourites_count": 48167,
        "profile_use_background_image": true,
        "url": null,
        "created_at": "Sun Oct 23 21:06:57 +0000 2011",
        "id": 396842251,
        "default_profile": true,
        "notifications": false,
        "is_translator": false,
        "profile_sidebar_fill_color": "DDEEF6",
        "geo_enabled": true,
        "utc_offset": null,
        "has_extended_profile": false,
        "friends_count": 760,
        "listed_count": 20,
        "profile_background_tile": false,
        "statuses_count": 37599,
        "translator_type": "none",
        "time_zone": null,
        "is_translation_enabled": false,
        "profile_background_color": "C0DEED",
        "default_profile_image": false,
        "id_str": "396842251",
        "profile_sidebar_border_color": "C0DEED",
        "followers_count": 664,
        "profile_text_color": "333333",
        "profile_background_image_url": "http://abs.twimg.com/images/themes/theme1/bg.png",
        "profile_background_image_url_https": "https://abs.twimg.com/images/themes/theme1/bg.png",
        "profile_link_color": "1DA1F2"
      },
      "in_reply_to_user_id": null,
      "favorite_count": 0,
      "in_reply_to_status_id_str": null,
      "is_quote_status": false,
      "truncated": false,
      "in_reply_to_status_id": null,
      "text": "RT @veryangee: La justicia es la justicia, puede tardar pero llega tarde o temprano. https://t.co/rSXOvKdVrs",
      "id_str": "1210285333373489152",
      "geo": null,
      "retweeted": false,
      "in_reply_to_user_id_str": null
    },
    {
      "in_reply_to_screen_name": null,
      "place": null,
      "lang": "es",
      "entities": {
        "symbols": [],
        "hashtags": [],
        "urls": [
          {
            "indices": [
              85,
              108
            ],
            "url": "https://t.co/rSXOvKdVrs",
            "expanded_url": "https://diariocorreo.pe/politica/frente-amplio-futura-bancada-denunciara-a-olaechea-y-araoz-noticia/",
            "display_url": "diariocorreo.pe/politica/frent…"
          }
        ],
        "user_mentions": [
          {
            "indices": [
              3,
              13
            ],
            "name": "Angela Villón",
            "id": 179459111,
            "screen_name": "veryangee",
            "id_str": "179459111"
          }
        ]
      },
      "retweet_count": 5,
      "contributors": null,
      "source": "<a href=\"http://twitter.com/#!/download/ipad\" rel=\"nofollow\">Twitter for iPad</a>",
      "created_at": "Thu Dec 26 19:32:52 +0000 2019",
      "id": 1210282348945821698,
      "metadata": {
        "iso_language_code": "es",
        "result_type": "recent"
      },
      "retweeted_status": {
        "in_reply_to_screen_name": null,
        "place": null,
        "lang": "es",
        "entities": {
          "symbols": [],
          "hashtags": [],
          "urls": [
            {
              "indices": [
                70,
                93
              ],
              "url": "https://t.co/rSXOvKdVrs",
              "expanded_url": "https://diariocorreo.pe/politica/frente-amplio-futura-bancada-denunciara-a-olaechea-y-araoz-noticia/",
              "display_url": "diariocorreo.pe/politica/frent…"
            }
          ],
          "user_mentions": []
        },
        "retweet_count": 5,
        "contributors": null,
        "source": "<a href=\"http://www.facebook.com/twitter\" rel=\"nofollow\">Facebook</a>",
        "created_at": "Thu Dec 26 19:26:12 +0000 2019",
        "id": 1210280668837625857,
        "metadata": {
          "iso_language_code": "es",
          "result_type": "recent"
        },
        "coordinates": null,
        "possibly_sensitive": false,
        "favorited": false,
        "user": {
          "screen_name": "veryangee",
          "verified": false,
          "description": "Soy sentimental,luchadora,perseverante y a la vez revolucionaria,gozo de ser mujer con defectos y virtudes y solo quiero de la vida SER FELIZ",
          "name": "Angela Villón",
          "lang": null,
          "entities": {
            "description": {
              "urls": []
            }
          },
          "contributors_enabled": false,
          "profile_banner_url": "https://pbs.twimg.com/profile_banners/179459111/1456376674",
          "follow_request_sent": false,
          "following": false,
          "profile_image_url": "http://pbs.twimg.com/profile_images/1197930410581336064/BhZwuU9H_normal.jpg",
          "location": "Lima",
          "profile_image_url_https": "https://pbs.twimg.com/profile_images/1197930410581336064/BhZwuU9H_normal.jpg",
          "protected": false,
          "favourites_count": 1111,
          "profile_use_background_image": true,
          "url": null,
          "created_at": "Tue Aug 17 10:11:27 +0000 2010",
          "id": 179459111,
          "default_profile": false,
          "notifications": false,
          "is_translator": false,
          "profile_sidebar_fill_color": "FFF7CC",
          "geo_enabled": true,
          "utc_offset": null,
          "has_extended_profile": false,
          "friends_count": 515,
          "listed_count": 8,
          "profile_background_tile": false,
          "statuses_count": 4129,
          "translator_type": "none",
          "time_zone": null,
          "is_translation_enabled": false,
          "profile_background_color": "BADFCD",
          "default_profile_image": false,
          "id_str": "179459111",
          "profile_sidebar_border_color": "F2E195",
          "followers_count": 1380,
          "profile_text_color": "0C3E53",
          "profile_background_image_url": "http://abs.twimg.com/images/themes/theme12/bg.gif",
          "profile_background_image_url_https": "https://abs.twimg.com/images/themes/theme12/bg.gif",
          "profile_link_color": "FF0000"
        },
        "in_reply_to_user_id": null,
        "favorite_count": 9,
        "in_reply_to_status_id_str": null,
        "is_quote_status": false,
        "truncated": false,
        "in_reply_to_status_id": null,
        "text": "La justicia es la justicia, puede tardar pero llega tarde o temprano. https://t.co/rSXOvKdVrs",
        "id_str": "1210280668837625857",
        "geo": null,
        "retweeted": false,
        "in_reply_to_user_id_str": null
      },
      "coordinates": null,
      "possibly_sensitive": true,
      "favorited": false,
      "user": {
        "screen_name": "lucarvictor",
        "verified": false,
        "description": "No acepto que digan: \"No importa que robe, pero hace obra\". No a la corrupción. No a la violencia de género. No al maltrato a los animales.",
        "name": "VictorLucar",
        "lang": null,
        "entities": {
          "description": {
            "urls": []
          }
        },
        "contributors_enabled": false,
        "profile_banner_url": "https://pbs.twimg.com/profile_banners/306449659/1458780652",
        "follow_request_sent": false,
        "following": false,
        "profile_image_url": "http://pbs.twimg.com/profile_images/1145375123014397952/zHkn8Vx2_normal.jpg",
        "location": "Lima - Perú",
        "profile_image_url_https": "https://pbs.twimg.com/profile_images/1145375123014397952/zHkn8Vx2_normal.jpg",
        "protected": false,
        "favourites_count": 57669,
        "profile_use_background_image": true,
        "url": null,
        "created_at": "Fri May 27 22:18:34 +0000 2011",
        "id": 306449659,
        "default_profile": true,
        "notifications": false,
        "is_translator": false,
        "profile_sidebar_fill_color": "DDEEF6",
        "geo_enabled": true,
        "utc_offset": null,
        "has_extended_profile": false,
        "friends_count": 763,
        "listed_count": 9,
        "profile_background_tile": false,
        "statuses_count": 43638,
        "translator_type": "none",
        "time_zone": null,
        "is_translation_enabled": false,
        "profile_background_color": "C0DEED",
        "default_profile_image": false,
        "id_str": "306449659",
        "profile_sidebar_border_color": "C0DEED",
        "followers_count": 1808,
        "profile_text_color": "333333",
        "profile_background_image_url": "http://abs.twimg.com/images/themes/theme1/bg.png",
        "profile_background_image_url_https": "https://abs.twimg.com/images/themes/theme1/bg.png",
        "profile_link_color": "1DA1F2"
      },
      "in_reply_to_user_id": null,
      "favorite_count": 0,
      "in_reply_to_status_id_str": null,
      "is_quote_status": false,
      "truncated": false,
      "in_reply_to_status_id": null,
      "text": "RT @veryangee: La justicia es la justicia, puede tardar pero llega tarde o temprano. https://t.co/rSXOvKdVrs",
      "id_str": "1210282348945821698",
      "geo": null,
      "retweeted": false,
      "in_reply_to_user_id_str": null
    },
    {
      "in_reply_to_screen_name": null,
      "place": null,
      "lang": "es",
      "entities": {
        "symbols": [],
        "hashtags": [],
        "urls": [
          {
            "indices": [
              85,
              108
            ],
            "url": "https://t.co/rSXOvKdVrs",
            "expanded_url": "https://diariocorreo.pe/politica/frente-amplio-futura-bancada-denunciara-a-olaechea-y-araoz-noticia/",
            "display_url": "diariocorreo.pe/politica/frent…"
          }
        ],
        "user_mentions": [
          {
            "indices": [
              3,
              13
            ],
            "name": "Angela Villón",
            "id": 179459111,
            "screen_name": "veryangee",
            "id_str": "179459111"
          }
        ]
      },
      "retweet_count": 5,
      "contributors": null,
      "source": "<a href=\"https://mobile.twitter.com\" rel=\"nofollow\">Twitter Web App</a>",
      "created_at": "Thu Dec 26 19:29:01 +0000 2019",
      "id": 1210281381554638848,
      "metadata": {
        "iso_language_code": "es",
        "result_type": "recent"
      },
      "retweeted_status": {
        "in_reply_to_screen_name": null,
        "place": null,
        "lang": "es",
        "entities": {
          "symbols": [],
          "hashtags": [],
          "urls": [
            {
              "indices": [
                70,
                93
              ],
              "url": "https://t.co/rSXOvKdVrs",
              "expanded_url": "https://diariocorreo.pe/politica/frente-amplio-futura-bancada-denunciara-a-olaechea-y-araoz-noticia/",
              "display_url": "diariocorreo.pe/politica/frent…"
            }
          ],
          "user_mentions": []
        },
        "retweet_count": 5,
        "contributors": null,
        "source": "<a href=\"http://www.facebook.com/twitter\" rel=\"nofollow\">Facebook</a>",
        "created_at": "Thu Dec 26 19:26:12 +0000 2019",
        "id": 1210280668837625857,
        "metadata": {
          "iso_language_code": "es",
          "result_type": "recent"
        },
        "coordinates": null,
        "possibly_sensitive": false,
        "favorited": false,
        "user": {
          "screen_name": "veryangee",
          "verified": false,
          "description": "Soy sentimental,luchadora,perseverante y a la vez revolucionaria,gozo de ser mujer con defectos y virtudes y solo quiero de la vida SER FELIZ",
          "name": "Angela Villón",
          "lang": null,
          "entities": {
            "description": {
              "urls": []
            }
          },
          "contributors_enabled": false,
          "profile_banner_url": "https://pbs.twimg.com/profile_banners/179459111/1456376674",
          "follow_request_sent": false,
          "following": false,
          "profile_image_url": "http://pbs.twimg.com/profile_images/1197930410581336064/BhZwuU9H_normal.jpg",
          "location": "Lima",
          "profile_image_url_https": "https://pbs.twimg.com/profile_images/1197930410581336064/BhZwuU9H_normal.jpg",
          "protected": false,
          "favourites_count": 1111,
          "profile_use_background_image": true,
          "url": null,
          "created_at": "Tue Aug 17 10:11:27 +0000 2010",
          "id": 179459111,
          "default_profile": false,
          "notifications": false,
          "is_translator": false,
          "profile_sidebar_fill_color": "FFF7CC",
          "geo_enabled": true,
          "utc_offset": null,
          "has_extended_profile": false,
          "friends_count": 515,
          "listed_count": 8,
          "profile_background_tile": false,
          "statuses_count": 4129,
          "translator_type": "none",
          "time_zone": null,
          "is_translation_enabled": false,
          "profile_background_color": "BADFCD",
          "default_profile_image": false,
          "id_str": "179459111",
          "profile_sidebar_border_color": "F2E195",
          "followers_count": 1380,
          "profile_text_color": "0C3E53",
          "profile_background_image_url": "http://abs.twimg.com/images/themes/theme12/bg.gif",
          "profile_background_image_url_https": "https://abs.twimg.com/images/themes/theme12/bg.gif",
          "profile_link_color": "FF0000"
        },
        "in_reply_to_user_id": null,
        "favorite_count": 9,
        "in_reply_to_status_id_str": null,
        "is_quote_status": false,
        "truncated": false,
        "in_reply_to_status_id": null,
        "text": "La justicia es la justicia, puede tardar pero llega tarde o temprano. https://t.co/rSXOvKdVrs",
        "id_str": "1210280668837625857",
        "geo": null,
        "retweeted": false,
        "in_reply_to_user_id_str": null
      },
      "coordinates": null,
      "possibly_sensitive": false,
      "favorited": false,
      "user": {
        "screen_name": "MadameTempestad",
        "verified": false,
        "description": "Alianza Lima 💜💜💜\nDisléxica \nPelirroja bamba",
        "name": "Pamela 🇵🇪",
        "lang": null,
        "entities": {
          "description": {
            "urls": []
          }
        },
        "contributors_enabled": false,
        "profile_banner_url": "https://pbs.twimg.com/profile_banners/20282000/1561899624",
        "follow_request_sent": false,
        "following": false,
        "profile_image_url": "http://pbs.twimg.com/profile_images/1168525834182938625/6JZpKQjn_normal.jpg",
        "location": "Lima",
        "profile_image_url_https": "https://pbs.twimg.com/profile_images/1168525834182938625/6JZpKQjn_normal.jpg",
        "protected": false,
        "favourites_count": 137087,
        "profile_use_background_image": false,
        "url": null,
        "created_at": "Fri Feb 06 23:26:25 +0000 2009",
        "id": 20282000,
        "default_profile": false,
        "notifications": false,
        "is_translator": false,
        "profile_sidebar_fill_color": "000000",
        "geo_enabled": true,
        "utc_offset": null,
        "has_extended_profile": false,
        "friends_count": 675,
        "listed_count": 14,
        "profile_background_tile": false,
        "statuses_count": 92898,
        "translator_type": "none",
        "time_zone": null,
        "is_translation_enabled": false,
        "profile_background_color": "000000",
        "default_profile_image": false,
        "id_str": "20282000",
        "profile_sidebar_border_color": "000000",
        "followers_count": 1863,
        "profile_text_color": "000000",
        "profile_background_image_url": "http://abs.twimg.com/images/themes/theme1/bg.png",
        "profile_background_image_url_https": "https://abs.twimg.com/images/themes/theme1/bg.png",
        "profile_link_color": "F58EA8"
      },
      "in_reply_to_user_id": null,
      "favorite_count": 0,
      "in_reply_to_status_id_str": null,
      "is_quote_status": false,
      "truncated": false,
      "in_reply_to_status_id": null,
      "text": "RT @veryangee: La justicia es la justicia, puede tardar pero llega tarde o temprano. https://t.co/rSXOvKdVrs",
      "id_str": "1210281381554638848",
      "geo": null,
      "retweeted": false,
      "in_reply_to_user_id_str": null
    },
    {
      "in_reply_to_screen_name": "veryangee",
      "place": null,
      "lang": "es",
      "entities": {
        "symbols": [],
        "hashtags": [],
        "urls": [],
        "user_mentions": [
          {
            "indices": [
              0,
              10
            ],
            "name": "Angela Villón",
            "id": 179459111,
            "screen_name": "veryangee",
            "id_str": "179459111"
          }
        ]
      },
      "retweet_count": 0,
      "contributors": null,
      "source": "<a href=\"http://twitter.com/download/android\" rel=\"nofollow\">Twitter for Android</a>",
      "created_at": "Thu Dec 26 12:27:20 +0000 2019",
      "id": 1210175258910740481,
      "metadata": {
        "iso_language_code": "es",
        "result_type": "recent"
      },
      "coordinates": null,
      "favorited": false,
      "user": {
        "screen_name": "PabloPe71505525",
        "verified": false,
        "description": "sincero",
        "name": "Pablo Pedro",
        "lang": null,
        "entities": {
          "description": {
            "urls": []
          }
        },
        "contributors_enabled": false,
        "follow_request_sent": false,
        "following": false,
        "profile_image_url": "http://pbs.twimg.com/profile_images/1202422512119881730/x_IQYz4F_normal.jpg",
        "location": "",
        "profile_image_url_https": "https://pbs.twimg.com/profile_images/1202422512119881730/x_IQYz4F_normal.jpg",
        "protected": false,
        "favourites_count": 20,
        "profile_use_background_image": true,
        "url": null,
        "created_at": "Thu Dec 05 02:59:09 +0000 2019",
        "id": 1202422048879980545,
        "default_profile": true,
        "notifications": false,
        "is_translator": false,
        "profile_sidebar_fill_color": "DDEEF6",
        "geo_enabled": false,
        "utc_offset": null,
        "has_extended_profile": false,
        "friends_count": 109,
        "listed_count": 0,
        "profile_background_tile": false,
        "statuses_count": 71,
        "translator_type": "none",
        "time_zone": null,
        "is_translation_enabled": false,
        "profile_background_color": "F5F8FA",
        "default_profile_image": false,
        "id_str": "1202422048879980545",
        "profile_sidebar_border_color": "C0DEED",
        "followers_count": 4,
        "profile_text_color": "333333",
        "profile_background_image_url": null,
        "profile_background_image_url_https": null,
        "profile_link_color": "1DA1F2"
      },
      "in_reply_to_user_id": 179459111,
      "favorite_count": 0,
      "in_reply_to_status_id_str": "1210152835171733504",
      "is_quote_status": false,
      "truncated": false,
      "in_reply_to_status_id": 1210152835171733504,
      "text": "@veryangee Feliz navidad angela",
      "id_str": "1210175258910740481",
      "geo": null,
      "retweeted": false,
      "in_reply_to_user_id_str": "179459111"
    }
  ]
}