{
  "data": [
    {
      "in_reply_to_user_id_str": null,
      "metadata": {
        "iso_language_code": "es",
        "result_type": "recent"
      },
      "retweeted_status": {
        "in_reply_to_user_id_str": "134936054",
        "metadata": {
          "iso_language_code": "es",
          "result_type": "recent"
        },
        "id_str": "1203385114111225856",
        "in_reply_to_user_id": 134936054,
        "is_quote_status": false,
        "lang": "es",
        "user": {
          "time_zone": null,
          "name": "Oswaldo Véliz Altamirano",
          "id": 1080544932526518272,
          "statuses_count": 3283,
          "translator_type": "none",
          "profile_sidebar_border_color": "C0DEED",
          "id_str": "1080544932526518272",
          "profile_background_image_url": null,
          "follow_request_sent": false,
          "listed_count": 0,
          "profile_background_image_url_https": null,
          "notifications": false,
          "lang": null,
          "profile_text_color": "333333",
          "profile_image_url_https": "https://pbs.twimg.com/profile_images/1097629376412303360/7dqNRuOg_normal.jpg",
          "favourites_count": 27843,
          "url": null,
          "description": "",
          "has_extended_profile": false,
          "geo_enabled": true,
          "protected": false,
          "screen_name": "VelizAltamirano",
          "profile_use_background_image": true,
          "profile_image_url": "http://pbs.twimg.com/profile_images/1097629376412303360/7dqNRuOg_normal.jpg",
          "verified": false,
          "profile_background_tile": false,
          "following": false,
          "followers_count": 538,
          "utc_offset": null,
          "location": "",
          "is_translator": false,
          "entities": {
            "description": {
              "urls": []
            }
          },
          "friends_count": 2215,
          "created_at": "Wed Jan 02 19:22:42 +0000 2019",
          "is_translation_enabled": false,
          "profile_link_color": "1DA1F2",
          "default_profile_image": false,
          "contributors_enabled": false,
          "profile_background_color": "F5F8FA",
          "default_profile": true,
          "profile_sidebar_fill_color": "DDEEF6"
        },
        "retweet_count": 0,
        "in_reply_to_status_id": 1203202990833831937,
        "favorited": false,
        "contributors": null,
        "place": null,
        "text": "@Jose_Antony_CG @ElinaresmM No esos parásitos son de los misios q se volvieron millonarios con sus latrocinios, pero no billonarios.",
        "retweeted": false,
        "truncated": false,
        "in_reply_to_status_id_str": "1203202990833831937",
        "id": 1203385114111225856,
        "in_reply_to_screen_name": "Jose_Antony_CG",
        "entities": {
          "symbols": [],
          "hashtags": [],
          "urls": [],
          "user_mentions": [
            {
              "name": "José Antony Cossío Guillén 1⃣3⃣",
              "id_str": "134936054",
              "screen_name": "Jose_Antony_CG",
              "indices": [
                0,
                15
              ],
              "id": 134936054
            },
            {
              "name": "Ernesto Linares Mascaro",
              "id_str": "2825527759",
              "screen_name": "ElinaresmM",
              "indices": [
                16,
                27
              ],
              "id": 2825527759
            }
          ]
        },
        "geo": null,
        "created_at": "Sat Dec 07 18:45:43 +0000 2019",
        "coordinates": null,
        "source": "<a href=\"http://twitter.com/download/android\" rel=\"nofollow\">Twitter for Android</a>",
        "favorite_count": 2
      },
      "id_str": "1203473726601347072",
      "in_reply_to_user_id": null,
      "is_quote_status": false,
      "lang": "es",
      "user": {
        "time_zone": null,
        "name": "Por un mundo mejor",
        "id": 3359702860,
        "statuses_count": 34195,
        "translator_type": "none",
        "profile_sidebar_border_color": "C0DEED",
        "id_str": "3359702860",
        "profile_background_image_url": "http://abs.twimg.com/images/themes/theme1/bg.png",
        "follow_request_sent": false,
        "listed_count": 2,
        "profile_background_image_url_https": "https://abs.twimg.com/images/themes/theme1/bg.png",
        "notifications": false,
        "lang": null,
        "profile_text_color": "333333",
        "profile_image_url_https": "https://pbs.twimg.com/profile_images/1096273142786355200/vQnpl7b5_normal.jpg",
        "favourites_count": 66847,
        "url": null,
        "description": "",
        "has_extended_profile": false,
        "geo_enabled": true,
        "protected": false,
        "screen_name": "Lindalclclc",
        "profile_use_background_image": true,
        "profile_image_url": "http://pbs.twimg.com/profile_images/1096273142786355200/vQnpl7b5_normal.jpg",
        "verified": false,
        "profile_background_tile": false,
        "following": false,
        "followers_count": 158,
        "utc_offset": null,
        "location": "",
        "is_translator": false,
        "entities": {
          "description": {
            "urls": []
          }
        },
        "friends_count": 1647,
        "created_at": "Sun Jul 05 00:56:24 +0000 2015",
        "is_translation_enabled": false,
        "profile_link_color": "1DA1F2",
        "default_profile_image": false,
        "contributors_enabled": false,
        "profile_banner_url": "https://pbs.twimg.com/profile_banners/3359702860/1478605182",
        "profile_background_color": "C0DEED",
        "default_profile": true,
        "profile_sidebar_fill_color": "DDEEF6"
      },
      "retweet_count": 0,
      "in_reply_to_status_id": null,
      "favorited": false,
      "contributors": null,
      "place": null,
      "text": "RT @VelizAltamirano: @Jose_Antony_CG @ElinaresmM No esos parásitos son de los misios q se volvieron millonarios con sus latrocinios, pero n…",
      "retweeted": false,
      "truncated": false,
      "in_reply_to_status_id_str": null,
      "id": 1203473726601347072,
      "in_reply_to_screen_name": null,
      "entities": {
        "symbols": [],
        "hashtags": [],
        "urls": [],
        "user_mentions": [
          {
            "name": "Oswaldo Véliz Altamirano",
            "id_str": "1080544932526518272",
            "screen_name": "VelizAltamirano",
            "indices": [
              3,
              19
            ],
            "id": 1080544932526518272
          },
          {
            "name": "José Antony Cossío Guillén 1⃣3⃣",
            "id_str": "134936054",
            "screen_name": "Jose_Antony_CG",
            "indices": [
              21,
              36
            ],
            "id": 134936054
          },
          {
            "name": "Ernesto Linares Mascaro",
            "id_str": "2825527759",
            "screen_name": "ElinaresmM",
            "indices": [
              37,
              48
            ],
            "id": 2825527759
          }
        ]
      },
      "geo": null,
      "created_at": "Sun Dec 08 00:37:50 +0000 2019",
      "coordinates": null,
      "source": "<a href=\"http://twitter.com/download/android\" rel=\"nofollow\">Twitter for Android</a>",
      "favorite_count": 0
    },
    {
      "in_reply_to_user_id_str": "134936054",
      "metadata": {
        "iso_language_code": "es",
        "result_type": "recent"
      },
      "id_str": "1203385114111225856",
      "in_reply_to_user_id": 134936054,
      "is_quote_status": false,
      "lang": "es",
      "user": {
        "time_zone": null,
        "name": "Oswaldo Véliz Altamirano",
        "id": 1080544932526518272,
        "statuses_count": 3283,
        "translator_type": "none",
        "profile_sidebar_border_color": "C0DEED",
        "id_str": "1080544932526518272",
        "profile_background_image_url": null,
        "follow_request_sent": false,
        "listed_count": 0,
        "profile_background_image_url_https": null,
        "notifications": false,
        "lang": null,
        "profile_text_color": "333333",
        "profile_image_url_https": "https://pbs.twimg.com/profile_images/1097629376412303360/7dqNRuOg_normal.jpg",
        "favourites_count": 27843,
        "url": null,
        "description": "",
        "has_extended_profile": false,
        "geo_enabled": true,
        "protected": false,
        "screen_name": "VelizAltamirano",
        "profile_use_background_image": true,
        "profile_image_url": "http://pbs.twimg.com/profile_images/1097629376412303360/7dqNRuOg_normal.jpg",
        "verified": false,
        "profile_background_tile": false,
        "following": false,
        "followers_count": 538,
        "utc_offset": null,
        "location": "",
        "is_translator": false,
        "entities": {
          "description": {
            "urls": []
          }
        },
        "friends_count": 2215,
        "created_at": "Wed Jan 02 19:22:42 +0000 2019",
        "is_translation_enabled": false,
        "profile_link_color": "1DA1F2",
        "default_profile_image": false,
        "contributors_enabled": false,
        "profile_background_color": "F5F8FA",
        "default_profile": true,
        "profile_sidebar_fill_color": "DDEEF6"
      },
      "retweet_count": 0,
      "in_reply_to_status_id": 1203202990833831937,
      "favorited": false,
      "contributors": null,
      "place": null,
      "text": "@Jose_Antony_CG @ElinaresmM No esos parásitos son de los misios q se volvieron millonarios con sus latrocinios, pero no billonarios.",
      "retweeted": false,
      "truncated": false,
      "in_reply_to_status_id_str": "1203202990833831937",
      "id": 1203385114111225856,
      "in_reply_to_screen_name": "Jose_Antony_CG",
      "entities": {
        "symbols": [],
        "hashtags": [],
        "urls": [],
        "user_mentions": [
          {
            "name": "José Antony Cossío Guillén 1⃣3⃣",
            "id_str": "134936054",
            "screen_name": "Jose_Antony_CG",
            "indices": [
              0,
              15
            ],
            "id": 134936054
          },
          {
            "name": "Ernesto Linares Mascaro",
            "id_str": "2825527759",
            "screen_name": "ElinaresmM",
            "indices": [
              16,
              27
            ],
            "id": 2825527759
          }
        ]
      },
      "geo": null,
      "created_at": "Sat Dec 07 18:45:43 +0000 2019",
      "coordinates": null,
      "source": "<a href=\"http://twitter.com/download/android\" rel=\"nofollow\">Twitter for Android</a>",
      "favorite_count": 2
    },
    {
      "in_reply_to_user_id_str": null,
      "metadata": {
        "iso_language_code": "es",
        "result_type": "recent"
      },
      "retweeted_status": {
        "in_reply_to_user_id_str": "737101530084614144",
        "metadata": {
          "iso_language_code": "es",
          "result_type": "recent"
        },
        "id_str": "1202713064472223749",
        "in_reply_to_user_id": 737101530084614144,
        "is_quote_status": false,
        "lang": "es",
        "user": {
          "time_zone": null,
          "name": "José Antony Cossío Guillén 1⃣3⃣",
          "id": 134936054,
          "statuses_count": 27713,
          "translator_type": "none",
          "profile_sidebar_border_color": "000000",
          "id_str": "134936054",
          "profile_background_image_url": "http://abs.twimg.com/images/themes/theme14/bg.gif",
          "follow_request_sent": false,
          "listed_count": 7,
          "profile_background_image_url_https": "https://abs.twimg.com/images/themes/theme14/bg.gif",
          "notifications": false,
          "lang": null,
          "profile_text_color": "000000",
          "profile_image_url_https": "https://pbs.twimg.com/profile_images/1203123371128610816/2vwm0Nje_normal.jpg",
          "favourites_count": 78980,
          "url": "https://t.co/x78GBrPcYn",
          "description": "☆ Candidato al Congreso con el N° 13     \n☆ Militante del partido CONTIGO\n☆ Profesor de Historia y Geografía\n☆ Whatsapp: 991910777 - 969504222",
          "has_extended_profile": true,
          "geo_enabled": true,
          "protected": false,
          "screen_name": "Jose_Antony_CG",
          "profile_use_background_image": false,
          "profile_image_url": "http://pbs.twimg.com/profile_images/1203123371128610816/2vwm0Nje_normal.jpg",
          "verified": false,
          "profile_background_tile": false,
          "following": false,
          "followers_count": 389,
          "utc_offset": null,
          "location": "SMP - Lima",
          "is_translator": false,
          "entities": {
            "url": {
              "urls": [
                {
                  "expanded_url": "http://www.facebook.com/Libredemente",
                  "indices": [
                    0,
                    23
                  ],
                  "url": "https://t.co/x78GBrPcYn",
                  "display_url": "facebook.com/Libredemente"
                }
              ]
            },
            "description": {
              "urls": []
            }
          },
          "friends_count": 275,
          "created_at": "Mon Apr 19 22:05:22 +0000 2010",
          "is_translation_enabled": false,
          "profile_link_color": "1B95E0",
          "default_profile_image": false,
          "contributors_enabled": false,
          "profile_banner_url": "https://pbs.twimg.com/profile_banners/134936054/1575681942",
          "profile_background_color": "000000",
          "default_profile": false,
          "profile_sidebar_fill_color": "000000"
        },
        "retweet_count": 1,
        "in_reply_to_status_id": 1194155953781956608,
        "favorited": false,
        "contributors": null,
        "place": null,
        "text": "@guiber_marcelo La mayoría de esas exigencias YA ESTAN EN LA DECLARACIÓN JURADA PRESENTADA AL JNE. \nPuedes revisar… https://t.co/y71p556Em5",
        "retweeted": false,
        "truncated": true,
        "in_reply_to_status_id_str": "1194155953781956608",
        "id": 1202713064472223749,
        "in_reply_to_screen_name": "guiber_marcelo",
        "entities": {
          "symbols": [],
          "hashtags": [],
          "urls": [
            {
              "expanded_url": "https://twitter.com/i/web/status/1202713064472223749",
              "indices": [
                116,
                139
              ],
              "url": "https://t.co/y71p556Em5",
              "display_url": "twitter.com/i/web/status/1…"
            }
          ],
          "user_mentions": [
            {
              "name": "Guiber Marcelo",
              "id_str": "737101530084614144",
              "screen_name": "guiber_marcelo",
              "indices": [
                0,
                15
              ],
              "id": 737101530084614144
            }
          ]
        },
        "geo": null,
        "created_at": "Thu Dec 05 22:15:14 +0000 2019",
        "coordinates": null,
        "source": "<a href=\"http://twitter.com/download/android\" rel=\"nofollow\">Twitter for Android</a>",
        "favorite_count": 2,
        "possibly_sensitive": false
      },
      "id_str": "1203292520114995200",
      "in_reply_to_user_id": null,
      "is_quote_status": false,
      "lang": "es",
      "user": {
        "time_zone": null,
        "name": "Josefina Elias",
        "id": 1058428594911887360,
        "statuses_count": 1452,
        "translator_type": "none",
        "profile_sidebar_border_color": "C0DEED",
        "id_str": "1058428594911887360",
        "profile_background_image_url": null,
        "follow_request_sent": false,
        "listed_count": 0,
        "profile_background_image_url_https": null,
        "notifications": false,
        "lang": null,
        "profile_text_color": "333333",
        "profile_image_url_https": "https://abs.twimg.com/sticky/default_profile_images/default_profile_normal.png",
        "favourites_count": 14792,
        "url": null,
        "description": "",
        "has_extended_profile": false,
        "geo_enabled": false,
        "protected": false,
        "screen_name": "JosefinaElias12",
        "profile_use_background_image": true,
        "profile_image_url": "http://abs.twimg.com/sticky/default_profile_images/default_profile_normal.png",
        "verified": false,
        "profile_background_tile": false,
        "following": false,
        "followers_count": 64,
        "utc_offset": null,
        "location": "",
        "is_translator": false,
        "entities": {
          "description": {
            "urls": []
          }
        },
        "friends_count": 282,
        "created_at": "Fri Nov 02 18:40:16 +0000 2018",
        "is_translation_enabled": false,
        "profile_link_color": "1DA1F2",
        "default_profile_image": true,
        "contributors_enabled": false,
        "profile_background_color": "F5F8FA",
        "default_profile": true,
        "profile_sidebar_fill_color": "DDEEF6"
      },
      "retweet_count": 1,
      "in_reply_to_status_id": null,
      "favorited": false,
      "contributors": null,
      "place": null,
      "text": "RT @Jose_Antony_CG: @guiber_marcelo La mayoría de esas exigencias YA ESTAN EN LA DECLARACIÓN JURADA PRESENTADA AL JNE. \nPuedes revisar las…",
      "retweeted": false,
      "truncated": false,
      "in_reply_to_status_id_str": null,
      "id": 1203292520114995200,
      "in_reply_to_screen_name": null,
      "entities": {
        "symbols": [],
        "hashtags": [],
        "urls": [],
        "user_mentions": [
          {
            "name": "José Antony Cossío Guillén 1⃣3⃣",
            "id_str": "134936054",
            "screen_name": "Jose_Antony_CG",
            "indices": [
              3,
              18
            ],
            "id": 134936054
          },
          {
            "name": "Guiber Marcelo",
            "id_str": "737101530084614144",
            "screen_name": "guiber_marcelo",
            "indices": [
              20,
              35
            ],
            "id": 737101530084614144
          }
        ]
      },
      "geo": null,
      "created_at": "Sat Dec 07 12:37:47 +0000 2019",
      "coordinates": null,
      "source": "<a href=\"http://twitter.com/download/android\" rel=\"nofollow\">Twitter for Android</a>",
      "favorite_count": 0
    },
    {
      "in_reply_to_user_id_str": null,
      "metadata": {
        "iso_language_code": "es",
        "result_type": "recent"
      },
      "retweeted_status": {
        "in_reply_to_user_id_str": "134936054",
        "metadata": {
          "iso_language_code": "es",
          "result_type": "recent"
        },
        "id_str": "1202717118770352134",
        "in_reply_to_user_id": 134936054,
        "is_quote_status": false,
        "lang": "es",
        "user": {
          "time_zone": null,
          "name": "Guiber Marcelo",
          "id": 737101530084614144,
          "statuses_count": 31042,
          "translator_type": "none",
          "profile_sidebar_border_color": "C0DEED",
          "id_str": "737101530084614144",
          "profile_background_image_url": null,
          "follow_request_sent": false,
          "listed_count": 0,
          "profile_background_image_url_https": null,
          "notifications": false,
          "lang": null,
          "profile_text_color": "333333",
          "profile_image_url_https": "https://pbs.twimg.com/profile_images/833185314982211584/MznqjejZ_normal.jpg",
          "favourites_count": 12164,
          "url": null,
          "description": "Quiero un Perú progresando y unido.\nIng Ind sin CIP 1973 UNMSM\nEmpresario que no contrata con el estado.\nNi de izquierdas, derechas y ultras de ningún extremo.",
          "has_extended_profile": false,
          "geo_enabled": false,
          "protected": false,
          "screen_name": "guiber_marcelo",
          "profile_use_background_image": true,
          "profile_image_url": "http://pbs.twimg.com/profile_images/833185314982211584/MznqjejZ_normal.jpg",
          "verified": false,
          "profile_background_tile": false,
          "following": true,
          "followers_count": 1443,
          "utc_offset": null,
          "location": "Lima, Peru",
          "is_translator": false,
          "entities": {
            "description": {
              "urls": []
            }
          },
          "friends_count": 1985,
          "created_at": "Mon May 30 02:01:14 +0000 2016",
          "is_translation_enabled": false,
          "profile_link_color": "1DA1F2",
          "default_profile_image": false,
          "contributors_enabled": false,
          "profile_banner_url": "https://pbs.twimg.com/profile_banners/737101530084614144/1471722636",
          "profile_background_color": "F5F8FA",
          "default_profile": true,
          "profile_sidebar_fill_color": "DDEEF6"
        },
        "retweet_count": 2,
        "in_reply_to_status_id": 1202716570444869632,
        "favorited": false,
        "contributors": null,
        "place": null,
        "text": "@Jose_Antony_CG Por favor puedes enviarme un mensaje\nGracias",
        "retweeted": false,
        "truncated": false,
        "in_reply_to_status_id_str": "1202716570444869632",
        "id": 1202717118770352134,
        "in_reply_to_screen_name": "Jose_Antony_CG",
        "entities": {
          "symbols": [],
          "hashtags": [],
          "urls": [],
          "user_mentions": [
            {
              "name": "José Antony Cossío Guillén 1⃣3⃣",
              "id_str": "134936054",
              "screen_name": "Jose_Antony_CG",
              "indices": [
                0,
                15
              ],
              "id": 134936054
            }
          ]
        },
        "geo": null,
        "created_at": "Thu Dec 05 22:31:21 +0000 2019",
        "coordinates": null,
        "source": "<a href=\"http://twitter.com/download/android\" rel=\"nofollow\">Twitter for Android</a>",
        "favorite_count": 4
      },
      "id_str": "1203292468810276865",
      "in_reply_to_user_id": null,
      "is_quote_status": false,
      "lang": "es",
      "user": {
        "time_zone": null,
        "name": "Josefina Elias",
        "id": 1058428594911887360,
        "statuses_count": 1452,
        "translator_type": "none",
        "profile_sidebar_border_color": "C0DEED",
        "id_str": "1058428594911887360",
        "profile_background_image_url": null,
        "follow_request_sent": false,
        "listed_count": 0,
        "profile_background_image_url_https": null,
        "notifications": false,
        "lang": null,
        "profile_text_color": "333333",
        "profile_image_url_https": "https://abs.twimg.com/sticky/default_profile_images/default_profile_normal.png",
        "favourites_count": 14792,
        "url": null,
        "description": "",
        "has_extended_profile": false,
        "geo_enabled": false,
        "protected": false,
        "screen_name": "JosefinaElias12",
        "profile_use_background_image": true,
        "profile_image_url": "http://abs.twimg.com/sticky/default_profile_images/default_profile_normal.png",
        "verified": false,
        "profile_background_tile": false,
        "following": false,
        "followers_count": 64,
        "utc_offset": null,
        "location": "",
        "is_translator": false,
        "entities": {
          "description": {
            "urls": []
          }
        },
        "friends_count": 282,
        "created_at": "Fri Nov 02 18:40:16 +0000 2018",
        "is_translation_enabled": false,
        "profile_link_color": "1DA1F2",
        "default_profile_image": true,
        "contributors_enabled": false,
        "profile_background_color": "F5F8FA",
        "default_profile": true,
        "profile_sidebar_fill_color": "DDEEF6"
      },
      "retweet_count": 2,
      "in_reply_to_status_id": null,
      "favorited": false,
      "contributors": null,
      "place": null,
      "text": "RT @guiber_marcelo: @Jose_Antony_CG Por favor puedes enviarme un mensaje\nGracias",
      "retweeted": false,
      "truncated": false,
      "in_reply_to_status_id_str": null,
      "id": 1203292468810276865,
      "in_reply_to_screen_name": null,
      "entities": {
        "symbols": [],
        "hashtags": [],
        "urls": [],
        "user_mentions": [
          {
            "name": "Guiber Marcelo",
            "id_str": "737101530084614144",
            "screen_name": "guiber_marcelo",
            "indices": [
              3,
              18
            ],
            "id": 737101530084614144
          },
          {
            "name": "José Antony Cossío Guillén 1⃣3⃣",
            "id_str": "134936054",
            "screen_name": "Jose_Antony_CG",
            "indices": [
              20,
              35
            ],
            "id": 134936054
          }
        ]
      },
      "geo": null,
      "created_at": "Sat Dec 07 12:37:35 +0000 2019",
      "coordinates": null,
      "source": "<a href=\"http://twitter.com/download/android\" rel=\"nofollow\">Twitter for Android</a>",
      "favorite_count": 0
    },
    {
      "in_reply_to_user_id_str": null,
      "metadata": {
        "iso_language_code": "es",
        "result_type": "recent"
      },
      "retweeted_status": {
        "in_reply_to_user_id_str": "737101530084614144",
        "metadata": {
          "iso_language_code": "es",
          "result_type": "recent"
        },
        "id_str": "1202716570444869632",
        "in_reply_to_user_id": 737101530084614144,
        "is_quote_status": false,
        "lang": "es",
        "user": {
          "time_zone": null,
          "name": "José Antony Cossío Guillén 1⃣3⃣",
          "id": 134936054,
          "statuses_count": 27713,
          "translator_type": "none",
          "profile_sidebar_border_color": "000000",
          "id_str": "134936054",
          "profile_background_image_url": "http://abs.twimg.com/images/themes/theme14/bg.gif",
          "follow_request_sent": false,
          "listed_count": 7,
          "profile_background_image_url_https": "https://abs.twimg.com/images/themes/theme14/bg.gif",
          "notifications": false,
          "lang": null,
          "profile_text_color": "000000",
          "profile_image_url_https": "https://pbs.twimg.com/profile_images/1203123371128610816/2vwm0Nje_normal.jpg",
          "favourites_count": 78980,
          "url": "https://t.co/x78GBrPcYn",
          "description": "☆ Candidato al Congreso con el N° 13     \n☆ Militante del partido CONTIGO\n☆ Profesor de Historia y Geografía\n☆ Whatsapp: 991910777 - 969504222",
          "has_extended_profile": true,
          "geo_enabled": true,
          "protected": false,
          "screen_name": "Jose_Antony_CG",
          "profile_use_background_image": false,
          "profile_image_url": "http://pbs.twimg.com/profile_images/1203123371128610816/2vwm0Nje_normal.jpg",
          "verified": false,
          "profile_background_tile": false,
          "following": false,
          "followers_count": 389,
          "utc_offset": null,
          "location": "SMP - Lima",
          "is_translator": false,
          "entities": {
            "url": {
              "urls": [
                {
                  "expanded_url": "http://www.facebook.com/Libredemente",
                  "indices": [
                    0,
                    23
                  ],
                  "url": "https://t.co/x78GBrPcYn",
                  "display_url": "facebook.com/Libredemente"
                }
              ]
            },
            "description": {
              "urls": []
            }
          },
          "friends_count": 275,
          "created_at": "Mon Apr 19 22:05:22 +0000 2010",
          "is_translation_enabled": false,
          "profile_link_color": "1B95E0",
          "default_profile_image": false,
          "contributors_enabled": false,
          "profile_banner_url": "https://pbs.twimg.com/profile_banners/134936054/1575681942",
          "profile_background_color": "000000",
          "default_profile": false,
          "profile_sidebar_fill_color": "000000"
        },
        "retweet_count": 4,
        "in_reply_to_status_id": 1194155953781956608,
        "favorited": false,
        "contributors": null,
        "place": null,
        "text": "@guiber_marcelo Respecto a donar 50% de ingresos, yo donaría todos los meses el 100% de mi sueldo a instituciones b… https://t.co/si89GD03i7",
        "retweeted": false,
        "truncated": true,
        "in_reply_to_status_id_str": "1194155953781956608",
        "id": 1202716570444869632,
        "in_reply_to_screen_name": "guiber_marcelo",
        "entities": {
          "symbols": [],
          "hashtags": [],
          "urls": [
            {
              "expanded_url": "https://twitter.com/i/web/status/1202716570444869632",
              "indices": [
                117,
                140
              ],
              "url": "https://t.co/si89GD03i7",
              "display_url": "twitter.com/i/web/status/1…"
            }
          ],
          "user_mentions": [
            {
              "name": "Guiber Marcelo",
              "id_str": "737101530084614144",
              "screen_name": "guiber_marcelo",
              "indices": [
                0,
                15
              ],
              "id": 737101530084614144
            }
          ]
        },
        "geo": null,
        "created_at": "Thu Dec 05 22:29:10 +0000 2019",
        "coordinates": null,
        "source": "<a href=\"http://twitter.com/download/android\" rel=\"nofollow\">Twitter for Android</a>",
        "favorite_count": 3
      },
      "id_str": "1203292453664636934",
      "in_reply_to_user_id": null,
      "is_quote_status": false,
      "lang": "es",
      "user": {
        "time_zone": null,
        "name": "Josefina Elias",
        "id": 1058428594911887360,
        "statuses_count": 1452,
        "translator_type": "none",
        "profile_sidebar_border_color": "C0DEED",
        "id_str": "1058428594911887360",
        "profile_background_image_url": null,
        "follow_request_sent": false,
        "listed_count": 0,
        "profile_background_image_url_https": null,
        "notifications": false,
        "lang": null,
        "profile_text_color": "333333",
        "profile_image_url_https": "https://abs.twimg.com/sticky/default_profile_images/default_profile_normal.png",
        "favourites_count": 14792,
        "url": null,
        "description": "",
        "has_extended_profile": false,
        "geo_enabled": false,
        "protected": false,
        "screen_name": "JosefinaElias12",
        "profile_use_background_image": true,
        "profile_image_url": "http://abs.twimg.com/sticky/default_profile_images/default_profile_normal.png",
        "verified": false,
        "profile_background_tile": false,
        "following": false,
        "followers_count": 64,
        "utc_offset": null,
        "location": "",
        "is_translator": false,
        "entities": {
          "description": {
            "urls": []
          }
        },
        "friends_count": 282,
        "created_at": "Fri Nov 02 18:40:16 +0000 2018",
        "is_translation_enabled": false,
        "profile_link_color": "1DA1F2",
        "default_profile_image": true,
        "contributors_enabled": false,
        "profile_background_color": "F5F8FA",
        "default_profile": true,
        "profile_sidebar_fill_color": "DDEEF6"
      },
      "retweet_count": 4,
      "in_reply_to_status_id": null,
      "favorited": false,
      "contributors": null,
      "place": null,
      "text": "RT @Jose_Antony_CG: @guiber_marcelo Respecto a donar 50% de ingresos, yo donaría todos los meses el 100% de mi sueldo a instituciones benef…",
      "retweeted": false,
      "truncated": false,
      "in_reply_to_status_id_str": null,
      "id": 1203292453664636934,
      "in_reply_to_screen_name": null,
      "entities": {
        "symbols": [],
        "hashtags": [],
        "urls": [],
        "user_mentions": [
          {
            "name": "José Antony Cossío Guillén 1⃣3⃣",
            "id_str": "134936054",
            "screen_name": "Jose_Antony_CG",
            "indices": [
              3,
              18
            ],
            "id": 134936054
          },
          {
            "name": "Guiber Marcelo",
            "id_str": "737101530084614144",
            "screen_name": "guiber_marcelo",
            "indices": [
              20,
              35
            ],
            "id": 737101530084614144
          }
        ]
      },
      "geo": null,
      "created_at": "Sat Dec 07 12:37:31 +0000 2019",
      "coordinates": null,
      "source": "<a href=\"http://twitter.com/download/android\" rel=\"nofollow\">Twitter for Android</a>",
      "favorite_count": 0
    },
    {
      "in_reply_to_user_id_str": null,
      "metadata": {
        "iso_language_code": "es",
        "result_type": "recent"
      },
      "retweeted_status": {
        "in_reply_to_user_id_str": "737101530084614144",
        "metadata": {
          "iso_language_code": "es",
          "result_type": "recent"
        },
        "id_str": "1202716570444869632",
        "in_reply_to_user_id": 737101530084614144,
        "is_quote_status": false,
        "lang": "es",
        "user": {
          "time_zone": null,
          "name": "José Antony Cossío Guillén 1⃣3⃣",
          "id": 134936054,
          "statuses_count": 27713,
          "translator_type": "none",
          "profile_sidebar_border_color": "000000",
          "id_str": "134936054",
          "profile_background_image_url": "http://abs.twimg.com/images/themes/theme14/bg.gif",
          "follow_request_sent": false,
          "listed_count": 7,
          "profile_background_image_url_https": "https://abs.twimg.com/images/themes/theme14/bg.gif",
          "notifications": false,
          "lang": null,
          "profile_text_color": "000000",
          "profile_image_url_https": "https://pbs.twimg.com/profile_images/1203123371128610816/2vwm0Nje_normal.jpg",
          "favourites_count": 78980,
          "url": "https://t.co/x78GBrPcYn",
          "description": "☆ Candidato al Congreso con el N° 13     \n☆ Militante del partido CONTIGO\n☆ Profesor de Historia y Geografía\n☆ Whatsapp: 991910777 - 969504222",
          "has_extended_profile": true,
          "geo_enabled": true,
          "protected": false,
          "screen_name": "Jose_Antony_CG",
          "profile_use_background_image": false,
          "profile_image_url": "http://pbs.twimg.com/profile_images/1203123371128610816/2vwm0Nje_normal.jpg",
          "verified": false,
          "profile_background_tile": false,
          "following": false,
          "followers_count": 389,
          "utc_offset": null,
          "location": "SMP - Lima",
          "is_translator": false,
          "entities": {
            "url": {
              "urls": [
                {
                  "expanded_url": "http://www.facebook.com/Libredemente",
                  "indices": [
                    0,
                    23
                  ],
                  "url": "https://t.co/x78GBrPcYn",
                  "display_url": "facebook.com/Libredemente"
                }
              ]
            },
            "description": {
              "urls": []
            }
          },
          "friends_count": 275,
          "created_at": "Mon Apr 19 22:05:22 +0000 2010",
          "is_translation_enabled": false,
          "profile_link_color": "1B95E0",
          "default_profile_image": false,
          "contributors_enabled": false,
          "profile_banner_url": "https://pbs.twimg.com/profile_banners/134936054/1575681942",
          "profile_background_color": "000000",
          "default_profile": false,
          "profile_sidebar_fill_color": "000000"
        },
        "retweet_count": 4,
        "in_reply_to_status_id": 1194155953781956608,
        "favorited": false,
        "contributors": null,
        "place": null,
        "text": "@guiber_marcelo Respecto a donar 50% de ingresos, yo donaría todos los meses el 100% de mi sueldo a instituciones b… https://t.co/si89GD03i7",
        "retweeted": false,
        "truncated": true,
        "in_reply_to_status_id_str": "1194155953781956608",
        "id": 1202716570444869632,
        "in_reply_to_screen_name": "guiber_marcelo",
        "entities": {
          "symbols": [],
          "hashtags": [],
          "urls": [
            {
              "expanded_url": "https://twitter.com/i/web/status/1202716570444869632",
              "indices": [
                117,
                140
              ],
              "url": "https://t.co/si89GD03i7",
              "display_url": "twitter.com/i/web/status/1…"
            }
          ],
          "user_mentions": [
            {
              "name": "Guiber Marcelo",
              "id_str": "737101530084614144",
              "screen_name": "guiber_marcelo",
              "indices": [
                0,
                15
              ],
              "id": 737101530084614144
            }
          ]
        },
        "geo": null,
        "created_at": "Thu Dec 05 22:29:10 +0000 2019",
        "coordinates": null,
        "source": "<a href=\"http://twitter.com/download/android\" rel=\"nofollow\">Twitter for Android</a>",
        "favorite_count": 3
      },
      "id_str": "1203111862705033217",
      "in_reply_to_user_id": null,
      "is_quote_status": false,
      "lang": "es",
      "user": {
        "time_zone": null,
        "name": "Luis ESPINOZA",
        "id": 2447373036,
        "statuses_count": 401195,
        "translator_type": "none",
        "profile_sidebar_border_color": "C0DEED",
        "id_str": "2447373036",
        "profile_background_image_url": "http://abs.twimg.com/images/themes/theme1/bg.png",
        "follow_request_sent": false,
        "listed_count": 245,
        "profile_background_image_url_https": "https://abs.twimg.com/images/themes/theme1/bg.png",
        "notifications": false,
        "lang": null,
        "profile_text_color": "333333",
        "profile_image_url_https": "https://pbs.twimg.com/profile_images/506097532720939008/yAIcgi18_normal.jpeg",
        "favourites_count": 464099,
        "url": "http://t.co/PVlFzZ9xmR",
        "description": "",
        "has_extended_profile": false,
        "geo_enabled": true,
        "protected": false,
        "screen_name": "yoni3556_luis",
        "profile_use_background_image": true,
        "profile_image_url": "http://pbs.twimg.com/profile_images/506097532720939008/yAIcgi18_normal.jpeg",
        "verified": false,
        "profile_background_tile": false,
        "following": false,
        "followers_count": 9577,
        "utc_offset": null,
        "location": "",
        "is_translator": false,
        "entities": {
          "url": {
            "urls": [
              {
                "expanded_url": "http://page.is/luis-espinoza",
                "indices": [
                  0,
                  22
                ],
                "url": "http://t.co/PVlFzZ9xmR",
                "display_url": "page.is/luis-espinoza"
              }
            ]
          },
          "description": {
            "urls": []
          }
        },
        "friends_count": 10536,
        "created_at": "Wed Apr 16 14:48:41 +0000 2014",
        "is_translation_enabled": false,
        "profile_link_color": "1DA1F2",
        "default_profile_image": false,
        "contributors_enabled": false,
        "profile_banner_url": "https://pbs.twimg.com/profile_banners/2447373036/1409498481",
        "profile_background_color": "C0DEED",
        "default_profile": true,
        "profile_sidebar_fill_color": "DDEEF6"
      },
      "retweet_count": 4,
      "in_reply_to_status_id": null,
      "favorited": false,
      "contributors": null,
      "place": null,
      "text": "RT @Jose_Antony_CG: @guiber_marcelo Respecto a donar 50% de ingresos, yo donaría todos los meses el 100% de mi sueldo a instituciones benef…",
      "retweeted": false,
      "truncated": false,
      "in_reply_to_status_id_str": null,
      "id": 1203111862705033217,
      "in_reply_to_screen_name": null,
      "entities": {
        "symbols": [],
        "hashtags": [],
        "urls": [],
        "user_mentions": [
          {
            "name": "José Antony Cossío Guillén 1⃣3⃣",
            "id_str": "134936054",
            "screen_name": "Jose_Antony_CG",
            "indices": [
              3,
              18
            ],
            "id": 134936054
          },
          {
            "name": "Guiber Marcelo",
            "id_str": "737101530084614144",
            "screen_name": "guiber_marcelo",
            "indices": [
              20,
              35
            ],
            "id": 737101530084614144
          }
        ]
      },
      "geo": null,
      "created_at": "Sat Dec 07 00:39:55 +0000 2019",
      "coordinates": null,
      "source": "<a href=\"http://twitter.com/download/android\" rel=\"nofollow\">Twitter for Android</a>",
      "favorite_count": 0
    },
    {
      "in_reply_to_user_id_str": null,
      "metadata": {
        "iso_language_code": "es",
        "result_type": "recent"
      },
      "retweeted_status": {
        "in_reply_to_user_id_str": "134936054",
        "metadata": {
          "iso_language_code": "es",
          "result_type": "recent"
        },
        "id_str": "1202717118770352134",
        "in_reply_to_user_id": 134936054,
        "is_quote_status": false,
        "lang": "es",
        "user": {
          "time_zone": null,
          "name": "Guiber Marcelo",
          "id": 737101530084614144,
          "statuses_count": 31042,
          "translator_type": "none",
          "profile_sidebar_border_color": "C0DEED",
          "id_str": "737101530084614144",
          "profile_background_image_url": null,
          "follow_request_sent": false,
          "listed_count": 0,
          "profile_background_image_url_https": null,
          "notifications": false,
          "lang": null,
          "profile_text_color": "333333",
          "profile_image_url_https": "https://pbs.twimg.com/profile_images/833185314982211584/MznqjejZ_normal.jpg",
          "favourites_count": 12164,
          "url": null,
          "description": "Quiero un Perú progresando y unido.\nIng Ind sin CIP 1973 UNMSM\nEmpresario que no contrata con el estado.\nNi de izquierdas, derechas y ultras de ningún extremo.",
          "has_extended_profile": false,
          "geo_enabled": false,
          "protected": false,
          "screen_name": "guiber_marcelo",
          "profile_use_background_image": true,
          "profile_image_url": "http://pbs.twimg.com/profile_images/833185314982211584/MznqjejZ_normal.jpg",
          "verified": false,
          "profile_background_tile": false,
          "following": true,
          "followers_count": 1443,
          "utc_offset": null,
          "location": "Lima, Peru",
          "is_translator": false,
          "entities": {
            "description": {
              "urls": []
            }
          },
          "friends_count": 1985,
          "created_at": "Mon May 30 02:01:14 +0000 2016",
          "is_translation_enabled": false,
          "profile_link_color": "1DA1F2",
          "default_profile_image": false,
          "contributors_enabled": false,
          "profile_banner_url": "https://pbs.twimg.com/profile_banners/737101530084614144/1471722636",
          "profile_background_color": "F5F8FA",
          "default_profile": true,
          "profile_sidebar_fill_color": "DDEEF6"
        },
        "retweet_count": 2,
        "in_reply_to_status_id": 1202716570444869632,
        "favorited": false,
        "contributors": null,
        "place": null,
        "text": "@Jose_Antony_CG Por favor puedes enviarme un mensaje\nGracias",
        "retweeted": false,
        "truncated": false,
        "in_reply_to_status_id_str": "1202716570444869632",
        "id": 1202717118770352134,
        "in_reply_to_screen_name": "Jose_Antony_CG",
        "entities": {
          "symbols": [],
          "hashtags": [],
          "urls": [],
          "user_mentions": [
            {
              "name": "José Antony Cossío Guillén 1⃣3⃣",
              "id_str": "134936054",
              "screen_name": "Jose_Antony_CG",
              "indices": [
                0,
                15
              ],
              "id": 134936054
            }
          ]
        },
        "geo": null,
        "created_at": "Thu Dec 05 22:31:21 +0000 2019",
        "coordinates": null,
        "source": "<a href=\"http://twitter.com/download/android\" rel=\"nofollow\">Twitter for Android</a>",
        "favorite_count": 4
      },
      "id_str": "1203111822162829312",
      "in_reply_to_user_id": null,
      "is_quote_status": false,
      "lang": "es",
      "user": {
        "time_zone": null,
        "name": "Luis ESPINOZA",
        "id": 2447373036,
        "statuses_count": 401195,
        "translator_type": "none",
        "profile_sidebar_border_color": "C0DEED",
        "id_str": "2447373036",
        "profile_background_image_url": "http://abs.twimg.com/images/themes/theme1/bg.png",
        "follow_request_sent": false,
        "listed_count": 245,
        "profile_background_image_url_https": "https://abs.twimg.com/images/themes/theme1/bg.png",
        "notifications": false,
        "lang": null,
        "profile_text_color": "333333",
        "profile_image_url_https": "https://pbs.twimg.com/profile_images/506097532720939008/yAIcgi18_normal.jpeg",
        "favourites_count": 464099,
        "url": "http://t.co/PVlFzZ9xmR",
        "description": "",
        "has_extended_profile": false,
        "geo_enabled": true,
        "protected": false,
        "screen_name": "yoni3556_luis",
        "profile_use_background_image": true,
        "profile_image_url": "http://pbs.twimg.com/profile_images/506097532720939008/yAIcgi18_normal.jpeg",
        "verified": false,
        "profile_background_tile": false,
        "following": false,
        "followers_count": 9577,
        "utc_offset": null,
        "location": "",
        "is_translator": false,
        "entities": {
          "url": {
            "urls": [
              {
                "expanded_url": "http://page.is/luis-espinoza",
                "indices": [
                  0,
                  22
                ],
                "url": "http://t.co/PVlFzZ9xmR",
                "display_url": "page.is/luis-espinoza"
              }
            ]
          },
          "description": {
            "urls": []
          }
        },
        "friends_count": 10536,
        "created_at": "Wed Apr 16 14:48:41 +0000 2014",
        "is_translation_enabled": false,
        "profile_link_color": "1DA1F2",
        "default_profile_image": false,
        "contributors_enabled": false,
        "profile_banner_url": "https://pbs.twimg.com/profile_banners/2447373036/1409498481",
        "profile_background_color": "C0DEED",
        "default_profile": true,
        "profile_sidebar_fill_color": "DDEEF6"
      },
      "retweet_count": 2,
      "in_reply_to_status_id": null,
      "favorited": false,
      "contributors": null,
      "place": null,
      "text": "RT @guiber_marcelo: @Jose_Antony_CG Por favor puedes enviarme un mensaje\nGracias",
      "retweeted": false,
      "truncated": false,
      "in_reply_to_status_id_str": null,
      "id": 1203111822162829312,
      "in_reply_to_screen_name": null,
      "entities": {
        "symbols": [],
        "hashtags": [],
        "urls": [],
        "user_mentions": [
          {
            "name": "Guiber Marcelo",
            "id_str": "737101530084614144",
            "screen_name": "guiber_marcelo",
            "indices": [
              3,
              18
            ],
            "id": 737101530084614144
          },
          {
            "name": "José Antony Cossío Guillén 1⃣3⃣",
            "id_str": "134936054",
            "screen_name": "Jose_Antony_CG",
            "indices": [
              20,
              35
            ],
            "id": 134936054
          }
        ]
      },
      "geo": null,
      "created_at": "Sat Dec 07 00:39:45 +0000 2019",
      "coordinates": null,
      "source": "<a href=\"http://twitter.com/download/android\" rel=\"nofollow\">Twitter for Android</a>",
      "favorite_count": 0
    },
    {
      "in_reply_to_user_id_str": "134936054",
      "metadata": {
        "iso_language_code": "es",
        "result_type": "recent"
      },
      "id_str": "1203011314764992512",
      "in_reply_to_user_id": 134936054,
      "is_quote_status": false,
      "lang": "es",
      "user": {
        "time_zone": null,
        "name": "Victor Heredia",
        "id": 4880851986,
        "statuses_count": 695,
        "translator_type": "none",
        "profile_sidebar_border_color": "C0DEED",
        "id_str": "4880851986",
        "profile_background_image_url": null,
        "follow_request_sent": false,
        "listed_count": 1,
        "profile_background_image_url_https": null,
        "notifications": false,
        "lang": null,
        "profile_text_color": "333333",
        "profile_image_url_https": "https://pbs.twimg.com/profile_images/947631686178824192/P2XuwDgb_normal.jpg",
        "favourites_count": 1407,
        "url": null,
        "description": "Indiustrial engineer/ Marketer / Business Developer / Maker /  Dreamer | rebel | hustler | thinker | challenger / explorer | wanderer | giver | fighter | prayer",
        "has_extended_profile": true,
        "geo_enabled": true,
        "protected": false,
        "screen_name": "vrherediam",
        "profile_use_background_image": true,
        "profile_image_url": "http://pbs.twimg.com/profile_images/947631686178824192/P2XuwDgb_normal.jpg",
        "verified": false,
        "profile_background_tile": false,
        "following": false,
        "followers_count": 67,
        "utc_offset": null,
        "location": "Lima, Peru",
        "is_translator": false,
        "entities": {
          "description": {
            "urls": []
          }
        },
        "friends_count": 721,
        "created_at": "Tue Feb 09 02:42:07 +0000 2016",
        "is_translation_enabled": false,
        "profile_link_color": "1DA1F2",
        "default_profile_image": false,
        "contributors_enabled": false,
        "profile_banner_url": "https://pbs.twimg.com/profile_banners/4880851986/1467642105",
        "profile_background_color": "F5F8FA",
        "default_profile": true,
        "profile_sidebar_fill_color": "DDEEF6"
      },
      "retweet_count": 0,
      "in_reply_to_status_id": 1202993000999247872,
      "favorited": false,
      "contributors": null,
      "place": null,
      "text": "@Jose_Antony_CG Ok queda...👍🏽",
      "retweeted": false,
      "truncated": false,
      "in_reply_to_status_id_str": "1202993000999247872",
      "id": 1203011314764992512,
      "in_reply_to_screen_name": "Jose_Antony_CG",
      "entities": {
        "symbols": [],
        "hashtags": [],
        "urls": [],
        "user_mentions": [
          {
            "name": "José Antony Cossío Guillén 1⃣3⃣",
            "id_str": "134936054",
            "screen_name": "Jose_Antony_CG",
            "indices": [
              0,
              15
            ],
            "id": 134936054
          }
        ]
      },
      "geo": null,
      "created_at": "Fri Dec 06 18:00:22 +0000 2019",
      "coordinates": null,
      "source": "<a href=\"http://twitter.com/download/iphone\" rel=\"nofollow\">Twitter for iPhone</a>",
      "favorite_count": 0
    },
    {
      "in_reply_to_user_id_str": "134936054",
      "metadata": {
        "iso_language_code": "es",
        "result_type": "recent"
      },
      "id_str": "1203004427747102720",
      "in_reply_to_user_id": 134936054,
      "is_quote_status": false,
      "lang": "es",
      "user": {
        "time_zone": null,
        "name": "francis",
        "id": 409282507,
        "statuses_count": 29339,
        "translator_type": "none",
        "profile_sidebar_border_color": "C0DEED",
        "id_str": "409282507",
        "profile_background_image_url": "http://abs.twimg.com/images/themes/theme1/bg.png",
        "follow_request_sent": false,
        "listed_count": 11,
        "profile_background_image_url_https": "https://abs.twimg.com/images/themes/theme1/bg.png",
        "notifications": false,
        "lang": null,
        "profile_text_color": "333333",
        "profile_image_url_https": "https://pbs.twimg.com/profile_images/874733630416924673/FbRhnyXm_normal.jpg",
        "favourites_count": 44947,
        "url": null,
        "description": "",
        "has_extended_profile": false,
        "geo_enabled": true,
        "protected": false,
        "screen_name": "francisfremen",
        "profile_use_background_image": true,
        "profile_image_url": "http://pbs.twimg.com/profile_images/874733630416924673/FbRhnyXm_normal.jpg",
        "verified": false,
        "profile_background_tile": false,
        "following": false,
        "followers_count": 382,
        "utc_offset": null,
        "location": "",
        "is_translator": false,
        "entities": {
          "description": {
            "urls": []
          }
        },
        "friends_count": 1685,
        "created_at": "Thu Nov 10 14:35:18 +0000 2011",
        "is_translation_enabled": false,
        "profile_link_color": "1DA1F2",
        "default_profile_image": false,
        "contributors_enabled": false,
        "profile_banner_url": "https://pbs.twimg.com/profile_banners/409282507/1399408485",
        "profile_background_color": "C0DEED",
        "default_profile": true,
        "profile_sidebar_fill_color": "DDEEF6"
      },
      "retweet_count": 0,
      "in_reply_to_status_id": 1202998975248445440,
      "favorited": false,
      "contributors": null,
      "place": null,
      "text": "@Jose_Antony_CG Puedes tener razón. El tema no va por ahí. El tema es más allá del voto y de tu campaña por tuiter.… https://t.co/c6jQoN92du",
      "retweeted": false,
      "truncated": true,
      "in_reply_to_status_id_str": "1202998975248445440",
      "id": 1203004427747102720,
      "in_reply_to_screen_name": "Jose_Antony_CG",
      "entities": {
        "symbols": [],
        "hashtags": [],
        "urls": [
          {
            "expanded_url": "https://twitter.com/i/web/status/1203004427747102720",
            "indices": [
              117,
              140
            ],
            "url": "https://t.co/c6jQoN92du",
            "display_url": "twitter.com/i/web/status/1…"
          }
        ],
        "user_mentions": [
          {
            "name": "José Antony Cossío Guillén 1⃣3⃣",
            "id_str": "134936054",
            "screen_name": "Jose_Antony_CG",
            "indices": [
              0,
              15
            ],
            "id": 134936054
          }
        ]
      },
      "geo": null,
      "created_at": "Fri Dec 06 17:33:00 +0000 2019",
      "coordinates": null,
      "source": "<a href=\"http://twitter.com/download/android\" rel=\"nofollow\">Twitter for Android</a>",
      "favorite_count": 0
    },
    {
      "in_reply_to_user_id_str": "4880851986",
      "metadata": {
        "iso_language_code": "es",
        "result_type": "recent"
      },
      "id_str": "1202950198282137602",
      "in_reply_to_user_id": 4880851986,
      "is_quote_status": false,
      "lang": "es",
      "user": {
        "time_zone": null,
        "name": "Victor Heredia",
        "id": 4880851986,
        "statuses_count": 695,
        "translator_type": "none",
        "profile_sidebar_border_color": "C0DEED",
        "id_str": "4880851986",
        "profile_background_image_url": null,
        "follow_request_sent": false,
        "listed_count": 1,
        "profile_background_image_url_https": null,
        "notifications": false,
        "lang": null,
        "profile_text_color": "333333",
        "profile_image_url_https": "https://pbs.twimg.com/profile_images/947631686178824192/P2XuwDgb_normal.jpg",
        "favourites_count": 1407,
        "url": null,
        "description": "Indiustrial engineer/ Marketer / Business Developer / Maker /  Dreamer | rebel | hustler | thinker | challenger / explorer | wanderer | giver | fighter | prayer",
        "has_extended_profile": true,
        "geo_enabled": true,
        "protected": false,
        "screen_name": "vrherediam",
        "profile_use_background_image": true,
        "profile_image_url": "http://pbs.twimg.com/profile_images/947631686178824192/P2XuwDgb_normal.jpg",
        "verified": false,
        "profile_background_tile": false,
        "following": false,
        "followers_count": 67,
        "utc_offset": null,
        "location": "Lima, Peru",
        "is_translator": false,
        "entities": {
          "description": {
            "urls": []
          }
        },
        "friends_count": 721,
        "created_at": "Tue Feb 09 02:42:07 +0000 2016",
        "is_translation_enabled": false,
        "profile_link_color": "1DA1F2",
        "default_profile_image": false,
        "contributors_enabled": false,
        "profile_banner_url": "https://pbs.twimg.com/profile_banners/4880851986/1467642105",
        "profile_background_color": "F5F8FA",
        "default_profile": true,
        "profile_sidebar_fill_color": "DDEEF6"
      },
      "retweet_count": 0,
      "in_reply_to_status_id": 1202949948356153345,
      "favorited": false,
      "contributors": null,
      "place": null,
      "text": "@Jose_Antony_CG @SalvadorHeresi @MartinVizcarraC Tendrá **",
      "retweeted": false,
      "truncated": false,
      "in_reply_to_status_id_str": "1202949948356153345",
      "id": 1202950198282137602,
      "in_reply_to_screen_name": "vrherediam",
      "entities": {
        "symbols": [],
        "hashtags": [],
        "urls": [],
        "user_mentions": [
          {
            "name": "José Antony Cossío Guillén 1⃣3⃣",
            "id_str": "134936054",
            "screen_name": "Jose_Antony_CG",
            "indices": [
              0,
              15
            ],
            "id": 134936054
          },
          {
            "name": "Salvador Heresi",
            "id_str": "350460605",
            "screen_name": "SalvadorHeresi",
            "indices": [
              16,
              31
            ],
            "id": 350460605
          },
          {
            "name": "Martín Vizcarra",
            "id_str": "4825296327",
            "screen_name": "MartinVizcarraC",
            "indices": [
              32,
              48
            ],
            "id": 4825296327
          }
        ]
      },
      "geo": null,
      "created_at": "Fri Dec 06 13:57:31 +0000 2019",
      "coordinates": null,
      "source": "<a href=\"http://twitter.com/download/iphone\" rel=\"nofollow\">Twitter for iPhone</a>",
      "favorite_count": 0
    },
    {
      "in_reply_to_user_id_str": "4880851986",
      "metadata": {
        "iso_language_code": "es",
        "result_type": "recent"
      },
      "id_str": "1202949948356153345",
      "in_reply_to_user_id": 4880851986,
      "is_quote_status": false,
      "lang": "es",
      "user": {
        "time_zone": null,
        "name": "Victor Heredia",
        "id": 4880851986,
        "statuses_count": 695,
        "translator_type": "none",
        "profile_sidebar_border_color": "C0DEED",
        "id_str": "4880851986",
        "profile_background_image_url": null,
        "follow_request_sent": false,
        "listed_count": 1,
        "profile_background_image_url_https": null,
        "notifications": false,
        "lang": null,
        "profile_text_color": "333333",
        "profile_image_url_https": "https://pbs.twimg.com/profile_images/947631686178824192/P2XuwDgb_normal.jpg",
        "favourites_count": 1407,
        "url": null,
        "description": "Indiustrial engineer/ Marketer / Business Developer / Maker /  Dreamer | rebel | hustler | thinker | challenger / explorer | wanderer | giver | fighter | prayer",
        "has_extended_profile": true,
        "geo_enabled": true,
        "protected": false,
        "screen_name": "vrherediam",
        "profile_use_background_image": true,
        "profile_image_url": "http://pbs.twimg.com/profile_images/947631686178824192/P2XuwDgb_normal.jpg",
        "verified": false,
        "profile_background_tile": false,
        "following": false,
        "followers_count": 67,
        "utc_offset": null,
        "location": "Lima, Peru",
        "is_translator": false,
        "entities": {
          "description": {
            "urls": []
          }
        },
        "friends_count": 721,
        "created_at": "Tue Feb 09 02:42:07 +0000 2016",
        "is_translation_enabled": false,
        "profile_link_color": "1DA1F2",
        "default_profile_image": false,
        "contributors_enabled": false,
        "profile_banner_url": "https://pbs.twimg.com/profile_banners/4880851986/1467642105",
        "profile_background_color": "F5F8FA",
        "default_profile": true,
        "profile_sidebar_fill_color": "DDEEF6"
      },
      "retweet_count": 0,
      "in_reply_to_status_id": 1202749091706556416,
      "favorited": false,
      "contributors": null,
      "place": null,
      "text": "@Jose_Antony_CG @SalvadorHeresi @MartinVizcarraC Estimado, entonces queda la apuesta, cierto? Una ronda marina ...s… https://t.co/4CGddzL98Q",
      "retweeted": false,
      "truncated": true,
      "in_reply_to_status_id_str": "1202749091706556416",
      "id": 1202949948356153345,
      "in_reply_to_screen_name": "vrherediam",
      "entities": {
        "symbols": [],
        "hashtags": [],
        "urls": [
          {
            "expanded_url": "https://twitter.com/i/web/status/1202949948356153345",
            "indices": [
              117,
              140
            ],
            "url": "https://t.co/4CGddzL98Q",
            "display_url": "twitter.com/i/web/status/1…"
          }
        ],
        "user_mentions": [
          {
            "name": "José Antony Cossío Guillén 1⃣3⃣",
            "id_str": "134936054",
            "screen_name": "Jose_Antony_CG",
            "indices": [
              0,
              15
            ],
            "id": 134936054
          },
          {
            "name": "Salvador Heresi",
            "id_str": "350460605",
            "screen_name": "SalvadorHeresi",
            "indices": [
              16,
              31
            ],
            "id": 350460605
          },
          {
            "name": "Martín Vizcarra",
            "id_str": "4825296327",
            "screen_name": "MartinVizcarraC",
            "indices": [
              32,
              48
            ],
            "id": 4825296327
          }
        ]
      },
      "geo": null,
      "created_at": "Fri Dec 06 13:56:32 +0000 2019",
      "coordinates": null,
      "source": "<a href=\"http://twitter.com/download/iphone\" rel=\"nofollow\">Twitter for iPhone</a>",
      "favorite_count": 1
    },
    {
      "in_reply_to_user_id_str": "134936054",
      "metadata": {
        "iso_language_code": "es",
        "result_type": "recent"
      },
      "id_str": "1202919692047749120",
      "in_reply_to_user_id": 134936054,
      "is_quote_status": false,
      "lang": "es",
      "user": {
        "time_zone": null,
        "name": "Jose Eduardo Honores",
        "id": 918459713527873536,
        "statuses_count": 613,
        "translator_type": "none",
        "profile_sidebar_border_color": "C0DEED",
        "id_str": "918459713527873536",
        "profile_background_image_url": null,
        "follow_request_sent": false,
        "listed_count": 0,
        "profile_background_image_url_https": null,
        "notifications": false,
        "lang": null,
        "profile_text_color": "333333",
        "profile_image_url_https": "https://pbs.twimg.com/profile_images/1050568403126226944/hbva-zcO_normal.jpg",
        "favourites_count": 495,
        "url": null,
        "description": "",
        "has_extended_profile": true,
        "geo_enabled": false,
        "protected": false,
        "screen_name": "joseedu_honores",
        "profile_use_background_image": true,
        "profile_image_url": "http://pbs.twimg.com/profile_images/1050568403126226944/hbva-zcO_normal.jpg",
        "verified": false,
        "profile_background_tile": false,
        "following": false,
        "followers_count": 9,
        "utc_offset": null,
        "location": "Los Olivos, Peru",
        "is_translator": false,
        "entities": {
          "description": {
            "urls": []
          }
        },
        "friends_count": 474,
        "created_at": "Thu Oct 12 12:53:54 +0000 2017",
        "is_translation_enabled": false,
        "profile_link_color": "1DA1F2",
        "default_profile_image": false,
        "contributors_enabled": false,
        "profile_background_color": "F5F8FA",
        "default_profile": true,
        "profile_sidebar_fill_color": "DDEEF6"
      },
      "retweet_count": 0,
      "in_reply_to_status_id": 1202836279429402625,
      "favorited": false,
      "contributors": null,
      "place": null,
      "text": "@Jose_Antony_CG @vrherediam Jajajaa te apuesto un triple que no logras serlo 🤣",
      "retweeted": false,
      "truncated": false,
      "in_reply_to_status_id_str": "1202836279429402625",
      "id": 1202919692047749120,
      "in_reply_to_screen_name": "Jose_Antony_CG",
      "entities": {
        "symbols": [],
        "hashtags": [],
        "urls": [],
        "user_mentions": [
          {
            "name": "José Antony Cossío Guillén 1⃣3⃣",
            "id_str": "134936054",
            "screen_name": "Jose_Antony_CG",
            "indices": [
              0,
              15
            ],
            "id": 134936054
          },
          {
            "name": "Victor Heredia",
            "id_str": "4880851986",
            "screen_name": "vrherediam",
            "indices": [
              16,
              27
            ],
            "id": 4880851986
          }
        ]
      },
      "geo": null,
      "created_at": "Fri Dec 06 11:56:18 +0000 2019",
      "coordinates": null,
      "source": "<a href=\"http://twitter.com/download/android\" rel=\"nofollow\">Twitter for Android</a>",
      "favorite_count": 0
    },
    {
      "in_reply_to_user_id_str": "134936054",
      "metadata": {
        "iso_language_code": "es",
        "result_type": "recent"
      },
      "id_str": "1202899697817419776",
      "in_reply_to_user_id": 134936054,
      "is_quote_status": false,
      "lang": "es",
      "user": {
        "time_zone": null,
        "name": "Hugo Quevedo",
        "id": 866081272178913282,
        "statuses_count": 3780,
        "translator_type": "none",
        "profile_sidebar_border_color": "C0DEED",
        "id_str": "866081272178913282",
        "profile_background_image_url": null,
        "follow_request_sent": false,
        "listed_count": 0,
        "profile_background_image_url_https": null,
        "notifications": false,
        "lang": null,
        "profile_text_color": "333333",
        "profile_image_url_https": "https://pbs.twimg.com/profile_images/1124853862719021056/dLIKlZg1_normal.jpg",
        "favourites_count": 10423,
        "url": null,
        "description": "Comentario claro, concreto y conciso de política, economía y deporte, a veces dirigido a la llaga.",
        "has_extended_profile": true,
        "geo_enabled": false,
        "protected": false,
        "screen_name": "HugoQuevedo19",
        "profile_use_background_image": true,
        "profile_image_url": "http://pbs.twimg.com/profile_images/1124853862719021056/dLIKlZg1_normal.jpg",
        "verified": false,
        "profile_background_tile": false,
        "following": false,
        "followers_count": 284,
        "utc_offset": null,
        "location": "",
        "is_translator": false,
        "entities": {
          "description": {
            "urls": []
          }
        },
        "friends_count": 303,
        "created_at": "Sun May 21 00:00:41 +0000 2017",
        "is_translation_enabled": false,
        "profile_link_color": "1DA1F2",
        "default_profile_image": false,
        "contributors_enabled": false,
        "profile_banner_url": "https://pbs.twimg.com/profile_banners/866081272178913282/1557021314",
        "profile_background_color": "F5F8FA",
        "default_profile": true,
        "profile_sidebar_fill_color": "DDEEF6"
      },
      "retweet_count": 0,
      "in_reply_to_status_id": 1202716570444869632,
      "favorited": false,
      "contributors": null,
      "place": null,
      "text": "@Jose_Antony_CG @guiber_marcelo Que gracioso, todo lo que hacen para ser elegidos, impresionante.",
      "retweeted": false,
      "truncated": false,
      "in_reply_to_status_id_str": "1202716570444869632",
      "id": 1202899697817419776,
      "in_reply_to_screen_name": "Jose_Antony_CG",
      "entities": {
        "symbols": [],
        "hashtags": [],
        "urls": [],
        "user_mentions": [
          {
            "name": "José Antony Cossío Guillén 1⃣3⃣",
            "id_str": "134936054",
            "screen_name": "Jose_Antony_CG",
            "indices": [
              0,
              15
            ],
            "id": 134936054
          },
          {
            "name": "Guiber Marcelo",
            "id_str": "737101530084614144",
            "screen_name": "guiber_marcelo",
            "indices": [
              16,
              31
            ],
            "id": 737101530084614144
          }
        ]
      },
      "geo": null,
      "created_at": "Fri Dec 06 10:36:51 +0000 2019",
      "coordinates": null,
      "source": "<a href=\"http://twitter.com/download/android\" rel=\"nofollow\">Twitter for Android</a>",
      "favorite_count": 0
    },
    {
      "in_reply_to_user_id_str": "134936054",
      "metadata": {
        "iso_language_code": "es",
        "result_type": "recent"
      },
      "id_str": "1202815760294387712",
      "in_reply_to_user_id": 134936054,
      "is_quote_status": false,
      "lang": "es",
      "user": {
        "time_zone": null,
        "name": "Javier Giron",
        "id": 246323330,
        "statuses_count": 4459,
        "translator_type": "none",
        "profile_sidebar_border_color": "C0DEED",
        "id_str": "246323330",
        "profile_background_image_url": "http://abs.twimg.com/images/themes/theme1/bg.png",
        "follow_request_sent": false,
        "listed_count": 0,
        "profile_background_image_url_https": "https://abs.twimg.com/images/themes/theme1/bg.png",
        "notifications": false,
        "lang": null,
        "profile_text_color": "333333",
        "profile_image_url_https": "https://pbs.twimg.com/profile_images/1058825160311103490/tHRcZFxk_normal.jpg",
        "favourites_count": 9236,
        "url": null,
        "description": "Editor/Camarógrafo/Cobertura de Noticias",
        "has_extended_profile": false,
        "geo_enabled": true,
        "protected": false,
        "screen_name": "JGironM",
        "profile_use_background_image": true,
        "profile_image_url": "http://pbs.twimg.com/profile_images/1058825160311103490/tHRcZFxk_normal.jpg",
        "verified": false,
        "profile_background_tile": false,
        "following": false,
        "followers_count": 102,
        "utc_offset": null,
        "location": "",
        "is_translator": false,
        "entities": {
          "description": {
            "urls": []
          }
        },
        "friends_count": 463,
        "created_at": "Wed Feb 02 15:45:43 +0000 2011",
        "is_translation_enabled": false,
        "profile_link_color": "1DA1F2",
        "default_profile_image": false,
        "contributors_enabled": false,
        "profile_background_color": "C0DEED",
        "default_profile": true,
        "profile_sidebar_fill_color": "DDEEF6"
      },
      "retweet_count": 0,
      "in_reply_to_status_id": 1202745471040720901,
      "favorited": false,
      "contributors": null,
      "place": null,
      "text": "@Jose_Antony_CG @cuervond @guiber_marcelo Si te refieres a @SalvadorHeresi @JuanSheput @gilbertvioleta los líderes… https://t.co/RMOz4lTDeB",
      "retweeted": false,
      "truncated": true,
      "in_reply_to_status_id_str": "1202745471040720901",
      "id": 1202815760294387712,
      "in_reply_to_screen_name": "Jose_Antony_CG",
      "entities": {
        "symbols": [],
        "hashtags": [],
        "urls": [
          {
            "expanded_url": "https://twitter.com/i/web/status/1202815760294387712",
            "indices": [
              116,
              139
            ],
            "url": "https://t.co/RMOz4lTDeB",
            "display_url": "twitter.com/i/web/status/1…"
          }
        ],
        "user_mentions": [
          {
            "name": "José Antony Cossío Guillén 1⃣3⃣",
            "id_str": "134936054",
            "screen_name": "Jose_Antony_CG",
            "indices": [
              0,
              15
            ],
            "id": 134936054
          },
          {
            "name": "Javier Villa-García",
            "id_str": "130357344",
            "screen_name": "cuervond",
            "indices": [
              16,
              25
            ],
            "id": 130357344
          },
          {
            "name": "Guiber Marcelo",
            "id_str": "737101530084614144",
            "screen_name": "guiber_marcelo",
            "indices": [
              26,
              41
            ],
            "id": 737101530084614144
          },
          {
            "name": "Salvador Heresi",
            "id_str": "350460605",
            "screen_name": "SalvadorHeresi",
            "indices": [
              59,
              74
            ],
            "id": 350460605
          },
          {
            "name": "Juan Sheput",
            "id_str": "33808317",
            "screen_name": "JuanSheput",
            "indices": [
              75,
              86
            ],
            "id": 33808317
          },
          {
            "name": "Gilbert Violeta",
            "id_str": "71054324",
            "screen_name": "gilbertvioleta",
            "indices": [
              87,
              102
            ],
            "id": 71054324
          }
        ]
      },
      "geo": null,
      "created_at": "Fri Dec 06 05:03:19 +0000 2019",
      "coordinates": null,
      "source": "<a href=\"http://twitter.com/download/iphone\" rel=\"nofollow\">Twitter for iPhone</a>",
      "favorite_count": 0
    },
    {
      "in_reply_to_user_id_str": null,
      "metadata": {
        "iso_language_code": "es",
        "result_type": "recent"
      },
      "retweeted_status": {
        "in_reply_to_user_id_str": "134936054",
        "metadata": {
          "iso_language_code": "es",
          "result_type": "recent"
        },
        "id_str": "1202764238059659264",
        "in_reply_to_user_id": 134936054,
        "is_quote_status": false,
        "lang": "es",
        "user": {
          "time_zone": null,
          "name": "Javier Villa-García",
          "id": 130357344,
          "statuses_count": 41498,
          "translator_type": "none",
          "profile_sidebar_border_color": "FFFFFF",
          "id_str": "130357344",
          "profile_background_image_url": "http://abs.twimg.com/images/themes/theme18/bg.gif",
          "follow_request_sent": false,
          "listed_count": 4,
          "profile_background_image_url_https": "https://abs.twimg.com/images/themes/theme18/bg.gif",
          "notifications": false,
          "lang": null,
          "profile_text_color": "333333",
          "profile_image_url_https": "https://pbs.twimg.com/profile_images/1093565431758184448/OEkOtEAB_normal.jpg",
          "favourites_count": 66736,
          "url": "https://t.co/fh5deUFbIO",
          "description": "Hello, hello, hello.... Is there anybody in there?",
          "has_extended_profile": false,
          "geo_enabled": true,
          "protected": false,
          "screen_name": "cuervond",
          "profile_use_background_image": true,
          "profile_image_url": "http://pbs.twimg.com/profile_images/1093565431758184448/OEkOtEAB_normal.jpg",
          "verified": false,
          "profile_background_tile": true,
          "following": false,
          "followers_count": 1137,
          "utc_offset": null,
          "location": "San Isidro, Lima, Perú",
          "is_translator": false,
          "entities": {
            "url": {
              "urls": [
                {
                  "expanded_url": "http://www.fumisaninternacional.com",
                  "indices": [
                    0,
                    23
                  ],
                  "url": "https://t.co/fh5deUFbIO",
                  "display_url": "fumisaninternacional.com"
                }
              ]
            },
            "description": {
              "urls": []
            }
          },
          "friends_count": 874,
          "created_at": "Wed Apr 07 02:15:57 +0000 2010",
          "is_translation_enabled": false,
          "profile_link_color": "038543",
          "default_profile_image": false,
          "contributors_enabled": false,
          "profile_banner_url": "https://pbs.twimg.com/profile_banners/130357344/1506137759",
          "profile_background_color": "E1E823",
          "default_profile": false,
          "profile_sidebar_fill_color": "DDEEF6"
        },
        "retweet_count": 2,
        "in_reply_to_status_id": 1202745471040720901,
        "favorited": false,
        "contributors": null,
        "place": null,
        "text": "@Jose_Antony_CG @guiber_marcelo Acabas de describir a Heresi y a Sheput, los “líderes” de esa banda de indefinidos. \nMejor no sigas.",
        "retweeted": false,
        "truncated": false,
        "in_reply_to_status_id_str": "1202745471040720901",
        "id": 1202764238059659264,
        "in_reply_to_screen_name": "Jose_Antony_CG",
        "entities": {
          "symbols": [],
          "hashtags": [],
          "urls": [],
          "user_mentions": [
            {
              "name": "José Antony Cossío Guillén 1⃣3⃣",
              "id_str": "134936054",
              "screen_name": "Jose_Antony_CG",
              "indices": [
                0,
                15
              ],
              "id": 134936054
            },
            {
              "name": "Guiber Marcelo",
              "id_str": "737101530084614144",
              "screen_name": "guiber_marcelo",
              "indices": [
                16,
                31
              ],
              "id": 737101530084614144
            }
          ]
        },
        "geo": null,
        "created_at": "Fri Dec 06 01:38:35 +0000 2019",
        "coordinates": null,
        "source": "<a href=\"http://twitter.com/download/iphone\" rel=\"nofollow\">Twitter for iPhone</a>",
        "favorite_count": 2
      },
      "id_str": "1202814123177844737",
      "in_reply_to_user_id": null,
      "is_quote_status": false,
      "lang": "es",
      "user": {
        "time_zone": null,
        "name": "Javier Giron",
        "id": 246323330,
        "statuses_count": 4459,
        "translator_type": "none",
        "profile_sidebar_border_color": "C0DEED",
        "id_str": "246323330",
        "profile_background_image_url": "http://abs.twimg.com/images/themes/theme1/bg.png",
        "follow_request_sent": false,
        "listed_count": 0,
        "profile_background_image_url_https": "https://abs.twimg.com/images/themes/theme1/bg.png",
        "notifications": false,
        "lang": null,
        "profile_text_color": "333333",
        "profile_image_url_https": "https://pbs.twimg.com/profile_images/1058825160311103490/tHRcZFxk_normal.jpg",
        "favourites_count": 9236,
        "url": null,
        "description": "Editor/Camarógrafo/Cobertura de Noticias",
        "has_extended_profile": false,
        "geo_enabled": true,
        "protected": false,
        "screen_name": "JGironM",
        "profile_use_background_image": true,
        "profile_image_url": "http://pbs.twimg.com/profile_images/1058825160311103490/tHRcZFxk_normal.jpg",
        "verified": false,
        "profile_background_tile": false,
        "following": false,
        "followers_count": 102,
        "utc_offset": null,
        "location": "",
        "is_translator": false,
        "entities": {
          "description": {
            "urls": []
          }
        },
        "friends_count": 463,
        "created_at": "Wed Feb 02 15:45:43 +0000 2011",
        "is_translation_enabled": false,
        "profile_link_color": "1DA1F2",
        "default_profile_image": false,
        "contributors_enabled": false,
        "profile_background_color": "C0DEED",
        "default_profile": true,
        "profile_sidebar_fill_color": "DDEEF6"
      },
      "retweet_count": 2,
      "in_reply_to_status_id": null,
      "favorited": false,
      "contributors": null,
      "place": null,
      "text": "RT @cuervond: @Jose_Antony_CG @guiber_marcelo Acabas de describir a Heresi y a Sheput, los “líderes” de esa banda de indefinidos. \nMejor no…",
      "retweeted": false,
      "truncated": false,
      "in_reply_to_status_id_str": null,
      "id": 1202814123177844737,
      "in_reply_to_screen_name": null,
      "entities": {
        "symbols": [],
        "hashtags": [],
        "urls": [],
        "user_mentions": [
          {
            "name": "Javier Villa-García",
            "id_str": "130357344",
            "screen_name": "cuervond",
            "indices": [
              3,
              12
            ],
            "id": 130357344
          },
          {
            "name": "José Antony Cossío Guillén 1⃣3⃣",
            "id_str": "134936054",
            "screen_name": "Jose_Antony_CG",
            "indices": [
              14,
              29
            ],
            "id": 134936054
          },
          {
            "name": "Guiber Marcelo",
            "id_str": "737101530084614144",
            "screen_name": "guiber_marcelo",
            "indices": [
              30,
              45
            ],
            "id": 737101530084614144
          }
        ]
      },
      "geo": null,
      "created_at": "Fri Dec 06 04:56:48 +0000 2019",
      "coordinates": null,
      "source": "<a href=\"http://twitter.com/download/iphone\" rel=\"nofollow\">Twitter for iPhone</a>",
      "favorite_count": 0
    }
  ],
  "request_date": "2019-12-07-22:16:15"
}