{
  "data": [
    {
      "source": "<a href=\"http://twitter.com/download/android\" rel=\"nofollow\">Twitter for Android</a>",
      "is_quote_status": false,
      "truncated": false,
      "id": 1213614418103287813,
      "metadata": {
        "result_type": "recent",
        "iso_language_code": "es"
      },
      "retweet_count": 5,
      "created_at": "Sun Jan 05 00:13:19 +0000 2020",
      "contributors": null,
      "favorite_count": 0,
      "user": {
        "profile_sidebar_border_color": "C0DEED",
        "following": false,
        "profile_sidebar_fill_color": "DDEEF6",
        "profile_link_color": "1DA1F2",
        "profile_banner_url": "https://pbs.twimg.com/profile_banners/396756768/1438961979",
        "name": "Tafito",
        "profile_background_tile": false,
        "profile_text_color": "333333",
        "friends_count": 2036,
        "id": 396756768,
        "screen_name": "Tafito",
        "profile_use_background_image": true,
        "description": "Nada más ni nada menos ...el equlibrio es importante. Brasil con Bolívar",
        "created_at": "Sun Oct 23 18:39:33 +0000 2011",
        "contributors_enabled": false,
        "url": null,
        "default_profile": true,
        "notifications": false,
        "profile_background_image_url_https": "https://abs.twimg.com/images/themes/theme1/bg.png",
        "profile_image_url": "http://pbs.twimg.com/profile_images/1013603640765009920/mXiJ0-3x_normal.jpg",
        "statuses_count": 124580,
        "listed_count": 41,
        "favourites_count": 10527,
        "utc_offset": null,
        "time_zone": null,
        "verified": false,
        "location": "Lima / Perú",
        "profile_background_image_url": "http://abs.twimg.com/images/themes/theme1/bg.png",
        "translator_type": "none",
        "entities": {
          "description": {
            "urls": []
          }
        },
        "follow_request_sent": false,
        "has_extended_profile": false,
        "default_profile_image": false,
        "is_translation_enabled": false,
        "geo_enabled": true,
        "followers_count": 1860,
        "protected": false,
        "id_str": "396756768",
        "profile_background_color": "C0DEED",
        "lang": null,
        "profile_image_url_https": "https://pbs.twimg.com/profile_images/1013603640765009920/mXiJ0-3x_normal.jpg",
        "is_translator": false
      },
      "in_reply_to_status_id_str": null,
      "place": null,
      "retweeted_status": {
        "source": "<a href=\"https://mobile.twitter.com\" rel=\"nofollow\">Twitter Web App</a>",
        "is_quote_status": false,
        "truncated": false,
        "id": 1213594934286139393,
        "metadata": {
          "result_type": "recent",
          "iso_language_code": "es"
        },
        "favorite_count": 28,
        "created_at": "Sat Jan 04 22:55:54 +0000 2020",
        "contributors": null,
        "user": {
          "profile_sidebar_border_color": "F0A830",
          "following": false,
          "profile_sidebar_fill_color": "78C0A8",
          "profile_link_color": "E81C4F",
          "profile_banner_url": "https://pbs.twimg.com/profile_banners/71447779/1398822695",
          "name": "cecilia blume",
          "profile_background_tile": true,
          "profile_text_color": "5E412F",
          "friends_count": 1135,
          "id": 71447779,
          "screen_name": "ceciliablume",
          "profile_use_background_image": true,
          "description": "abogada. normal nomás!",
          "created_at": "Fri Sep 04 03:57:31 +0000 2009",
          "contributors_enabled": false,
          "url": "http://t.co/0qF0Yd1ZmN",
          "default_profile": false,
          "notifications": false,
          "profile_background_image_url_https": "https://abs.twimg.com/images/themes/theme1/bg.png",
          "profile_image_url": "http://pbs.twimg.com/profile_images/780921580432027648/IaxIcAxs_normal.jpg",
          "statuses_count": 25727,
          "listed_count": 280,
          "favourites_count": 107,
          "utc_offset": null,
          "time_zone": null,
          "verified": false,
          "location": "Lima",
          "profile_background_image_url": "http://abs.twimg.com/images/themes/theme1/bg.png",
          "translator_type": "none",
          "entities": {
            "description": {
              "urls": []
            },
            "url": {
              "urls": [
                {
                  "display_url": "ceciliablume.blogspot.com",
                  "expanded_url": "http://ceciliablume.blogspot.com",
                  "url": "http://t.co/0qF0Yd1ZmN",
                  "indices": [
                    0,
                    22
                  ]
                }
              ]
            }
          },
          "follow_request_sent": false,
          "has_extended_profile": false,
          "default_profile_image": false,
          "is_translation_enabled": false,
          "geo_enabled": true,
          "followers_count": 64469,
          "protected": false,
          "id_str": "71447779",
          "profile_background_color": "FCEBB6",
          "lang": null,
          "profile_image_url_https": "https://pbs.twimg.com/profile_images/780921580432027648/IaxIcAxs_normal.jpg",
          "is_translator": false
        },
        "in_reply_to_status_id_str": "1213499191613382656",
        "place": null,
        "id_str": "1213594934286139393",
        "retweeted": false,
        "text": "@matuk no fue conflicto armado, fue terrorismo",
        "in_reply_to_status_id": 1213499191613382656,
        "entities": {
          "hashtags": [],
          "urls": [],
          "user_mentions": [
            {
              "id_str": "14541101",
              "indices": [
                0,
                6
              ],
              "id": 14541101,
              "screen_name": "matuk",
              "name": "Farid Matuk"
            }
          ],
          "symbols": []
        },
        "favorited": false,
        "geo": null,
        "in_reply_to_user_id_str": "14541101",
        "coordinates": null,
        "retweet_count": 5,
        "in_reply_to_user_id": 14541101,
        "lang": "es",
        "in_reply_to_screen_name": "matuk"
      },
      "retweeted": false,
      "text": "RT @ceciliablume: @matuk no fue conflicto armado, fue terrorismo",
      "in_reply_to_status_id": null,
      "entities": {
        "hashtags": [],
        "urls": [],
        "user_mentions": [
          {
            "id_str": "71447779",
            "indices": [
              3,
              16
            ],
            "id": 71447779,
            "screen_name": "ceciliablume",
            "name": "cecilia blume"
          },
          {
            "id_str": "14541101",
            "indices": [
              18,
              24
            ],
            "id": 14541101,
            "screen_name": "matuk",
            "name": "Farid Matuk"
          }
        ],
        "symbols": []
      },
      "favorited": false,
      "geo": null,
      "in_reply_to_user_id_str": null,
      "coordinates": null,
      "id_str": "1213614418103287813",
      "in_reply_to_user_id": null,
      "lang": "es",
      "in_reply_to_screen_name": null
    },
    {
      "source": "<a href=\"http://twitter.com/download/android\" rel=\"nofollow\">Twitter for Android</a>",
      "is_quote_status": false,
      "truncated": false,
      "id": 1213614379817676806,
      "metadata": {
        "result_type": "recent",
        "iso_language_code": "es"
      },
      "retweet_count": 1,
      "created_at": "Sun Jan 05 00:13:10 +0000 2020",
      "contributors": null,
      "favorite_count": 0,
      "user": {
        "profile_sidebar_border_color": "C0DEED",
        "following": false,
        "profile_sidebar_fill_color": "DDEEF6",
        "profile_link_color": "1DA1F2",
        "profile_banner_url": "https://pbs.twimg.com/profile_banners/396756768/1438961979",
        "name": "Tafito",
        "profile_background_tile": false,
        "profile_text_color": "333333",
        "friends_count": 2036,
        "id": 396756768,
        "screen_name": "Tafito",
        "profile_use_background_image": true,
        "description": "Nada más ni nada menos ...el equlibrio es importante. Brasil con Bolívar",
        "created_at": "Sun Oct 23 18:39:33 +0000 2011",
        "contributors_enabled": false,
        "url": null,
        "default_profile": true,
        "notifications": false,
        "profile_background_image_url_https": "https://abs.twimg.com/images/themes/theme1/bg.png",
        "profile_image_url": "http://pbs.twimg.com/profile_images/1013603640765009920/mXiJ0-3x_normal.jpg",
        "statuses_count": 124580,
        "listed_count": 41,
        "favourites_count": 10527,
        "utc_offset": null,
        "time_zone": null,
        "verified": false,
        "location": "Lima / Perú",
        "profile_background_image_url": "http://abs.twimg.com/images/themes/theme1/bg.png",
        "translator_type": "none",
        "entities": {
          "description": {
            "urls": []
          }
        },
        "follow_request_sent": false,
        "has_extended_profile": false,
        "default_profile_image": false,
        "is_translation_enabled": false,
        "geo_enabled": true,
        "followers_count": 1860,
        "protected": false,
        "id_str": "396756768",
        "profile_background_color": "C0DEED",
        "lang": null,
        "profile_image_url_https": "https://pbs.twimg.com/profile_images/1013603640765009920/mXiJ0-3x_normal.jpg",
        "is_translator": false
      },
      "in_reply_to_status_id_str": null,
      "place": null,
      "retweeted_status": {
        "source": "<a href=\"http://twitter.com/download/android\" rel=\"nofollow\">Twitter for Android</a>",
        "is_quote_status": false,
        "truncated": true,
        "id": 1213601184608653314,
        "metadata": {
          "result_type": "recent",
          "iso_language_code": "es"
        },
        "favorite_count": 1,
        "created_at": "Sat Jan 04 23:20:44 +0000 2020",
        "contributors": null,
        "user": {
          "profile_sidebar_border_color": "C0DEED",
          "following": false,
          "profile_sidebar_fill_color": "DDEEF6",
          "profile_link_color": "1DA1F2",
          "profile_banner_url": "https://pbs.twimg.com/profile_banners/841894596/1469408024",
          "name": "VICTORIA",
          "profile_background_tile": false,
          "profile_text_color": "333333",
          "friends_count": 226,
          "id": 841894596,
          "screen_name": "vickysaa75",
          "profile_use_background_image": true,
          "description": "",
          "created_at": "Sun Sep 23 15:27:07 +0000 2012",
          "contributors_enabled": false,
          "url": null,
          "default_profile": true,
          "notifications": false,
          "profile_background_image_url_https": "https://abs.twimg.com/images/themes/theme1/bg.png",
          "profile_image_url": "http://pbs.twimg.com/profile_images/757378661947408384/NKjll47E_normal.jpg",
          "statuses_count": 2383,
          "listed_count": 0,
          "favourites_count": 987,
          "utc_offset": null,
          "time_zone": null,
          "verified": false,
          "location": "",
          "profile_background_image_url": "http://abs.twimg.com/images/themes/theme1/bg.png",
          "translator_type": "none",
          "entities": {
            "description": {
              "urls": []
            }
          },
          "follow_request_sent": false,
          "has_extended_profile": false,
          "default_profile_image": false,
          "is_translation_enabled": false,
          "geo_enabled": false,
          "followers_count": 78,
          "protected": false,
          "id_str": "841894596",
          "profile_background_color": "C0DEED",
          "lang": null,
          "profile_image_url_https": "https://pbs.twimg.com/profile_images/757378661947408384/NKjll47E_normal.jpg",
          "is_translator": false
        },
        "in_reply_to_status_id_str": "1213600329872351232",
        "place": null,
        "id_str": "1213601184608653314",
        "retweeted": false,
        "text": "@matuk @ceciliablume Y no lo propondrán . El dolor del pueblo por las masacres terroristas perdurarán por siempre.… https://t.co/dVAAWC2kKD",
        "in_reply_to_status_id": 1213600329872351232,
        "entities": {
          "hashtags": [],
          "urls": [
            {
              "display_url": "twitter.com/i/web/status/1…",
              "expanded_url": "https://twitter.com/i/web/status/1213601184608653314",
              "url": "https://t.co/dVAAWC2kKD",
              "indices": [
                116,
                139
              ]
            }
          ],
          "user_mentions": [
            {
              "id_str": "14541101",
              "indices": [
                0,
                6
              ],
              "id": 14541101,
              "screen_name": "matuk",
              "name": "Farid Matuk"
            },
            {
              "id_str": "71447779",
              "indices": [
                7,
                20
              ],
              "id": 71447779,
              "screen_name": "ceciliablume",
              "name": "cecilia blume"
            }
          ],
          "symbols": []
        },
        "favorited": false,
        "geo": null,
        "in_reply_to_user_id_str": "14541101",
        "coordinates": null,
        "retweet_count": 1,
        "in_reply_to_user_id": 14541101,
        "lang": "es",
        "in_reply_to_screen_name": "matuk"
      },
      "retweeted": false,
      "text": "RT @vickysaa75: @matuk @ceciliablume Y no lo propondrán . El dolor del pueblo por las masacres terroristas perdurarán por siempre.\n#Terrori…",
      "in_reply_to_status_id": null,
      "entities": {
        "hashtags": [],
        "urls": [],
        "user_mentions": [
          {
            "id_str": "841894596",
            "indices": [
              3,
              14
            ],
            "id": 841894596,
            "screen_name": "vickysaa75",
            "name": "VICTORIA"
          },
          {
            "id_str": "14541101",
            "indices": [
              16,
              22
            ],
            "id": 14541101,
            "screen_name": "matuk",
            "name": "Farid Matuk"
          },
          {
            "id_str": "71447779",
            "indices": [
              23,
              36
            ],
            "id": 71447779,
            "screen_name": "ceciliablume",
            "name": "cecilia blume"
          }
        ],
        "symbols": []
      },
      "favorited": false,
      "geo": null,
      "in_reply_to_user_id_str": null,
      "coordinates": null,
      "id_str": "1213614379817676806",
      "in_reply_to_user_id": null,
      "lang": "es",
      "in_reply_to_screen_name": null
    },
    {
      "source": "<a href=\"https://mobile.twitter.com\" rel=\"nofollow\">Twitter Web App</a>",
      "is_quote_status": false,
      "truncated": false,
      "id": 1213614325635723264,
      "metadata": {
        "result_type": "recent",
        "iso_language_code": "es"
      },
      "favorite_count": 0,
      "created_at": "Sun Jan 05 00:12:57 +0000 2020",
      "contributors": null,
      "user": {
        "profile_sidebar_border_color": "000000",
        "following": false,
        "profile_sidebar_fill_color": "000000",
        "profile_link_color": "91D2FA",
        "follow_request_sent": false,
        "name": "Francisco Lara Monge",
        "profile_background_tile": false,
        "profile_text_color": "000000",
        "friends_count": 460,
        "id": 3112540096,
        "screen_name": "FranLaraMonge",
        "profile_use_background_image": false,
        "description": "Nasqueño, ingeniero, derechista y trotamundo",
        "created_at": "Wed Mar 25 01:58:49 +0000 2015",
        "contributors_enabled": false,
        "url": null,
        "default_profile": false,
        "notifications": false,
        "profile_background_image_url_https": "https://abs.twimg.com/images/themes/theme1/bg.png",
        "profile_image_url": "http://pbs.twimg.com/profile_images/888620862609469440/tOu8aClG_normal.jpg",
        "statuses_count": 14154,
        "listed_count": 1,
        "favourites_count": 13330,
        "utc_offset": null,
        "time_zone": null,
        "verified": false,
        "location": "El Ingenio, Nazca por supuesto",
        "profile_background_image_url": "http://abs.twimg.com/images/themes/theme1/bg.png",
        "translator_type": "none",
        "entities": {
          "description": {
            "urls": []
          }
        },
        "has_extended_profile": true,
        "default_profile_image": false,
        "is_translation_enabled": false,
        "geo_enabled": true,
        "followers_count": 208,
        "protected": false,
        "id_str": "3112540096",
        "profile_background_color": "000000",
        "lang": null,
        "profile_image_url_https": "https://pbs.twimg.com/profile_images/888620862609469440/tOu8aClG_normal.jpg",
        "is_translator": false
      },
      "in_reply_to_status_id_str": "1213471226502496257",
      "place": null,
      "id_str": "1213614325635723264",
      "retweeted": false,
      "text": "@matuk Por favor, lee bien. Ningún \"ad hominen\", @ferblog  habla de la idiotez, no del idiota.",
      "in_reply_to_status_id": 1213471226502496257,
      "entities": {
        "hashtags": [],
        "urls": [],
        "user_mentions": [
          {
            "id_str": "14541101",
            "indices": [
              0,
              6
            ],
            "id": 14541101,
            "screen_name": "matuk",
            "name": "Farid Matuk"
          },
          {
            "id_str": "54105152",
            "indices": [
              49,
              57
            ],
            "id": 54105152,
            "screen_name": "ferblog",
            "name": "Fernando Zambrano"
          }
        ],
        "symbols": []
      },
      "favorited": false,
      "geo": null,
      "in_reply_to_user_id_str": "14541101",
      "coordinates": null,
      "retweet_count": 0,
      "in_reply_to_user_id": 14541101,
      "lang": "es",
      "in_reply_to_screen_name": "matuk"
    },
    {
      "source": "<a href=\"http://twitter.com/download/android\" rel=\"nofollow\">Twitter for Android</a>",
      "is_quote_status": false,
      "truncated": false,
      "id": 1213614214767472640,
      "metadata": {
        "result_type": "recent",
        "iso_language_code": "es"
      },
      "retweet_count": 3,
      "created_at": "Sun Jan 05 00:12:31 +0000 2020",
      "contributors": null,
      "favorite_count": 0,
      "user": {
        "profile_sidebar_border_color": "C0DEED",
        "following": false,
        "profile_sidebar_fill_color": "DDEEF6",
        "profile_link_color": "1DA1F2",
        "profile_banner_url": "https://pbs.twimg.com/profile_banners/142388828/1548819406",
        "name": "Io_Gal_",
        "profile_background_tile": false,
        "profile_text_color": "333333",
        "friends_count": 878,
        "id": 142388828,
        "screen_name": "Cdte_Gal_",
        "profile_use_background_image": true,
        "description": "Médico. Natural killer y fagocito de IDL, caviares, proterrucos, rojos y parásitos afines. Juntos por un Perú sin estas lacras. Rock ochentero.",
        "created_at": "Mon May 10 19:16:20 +0000 2010",
        "contributors_enabled": false,
        "url": null,
        "default_profile": true,
        "notifications": false,
        "profile_background_image_url_https": "https://abs.twimg.com/images/themes/theme1/bg.png",
        "profile_image_url": "http://pbs.twimg.com/profile_images/1090451850459938817/1TEDQVnd_normal.jpg",
        "statuses_count": 52905,
        "listed_count": 0,
        "favourites_count": 131719,
        "utc_offset": null,
        "time_zone": null,
        "verified": false,
        "location": "Perú",
        "profile_background_image_url": "http://abs.twimg.com/images/themes/theme1/bg.png",
        "translator_type": "none",
        "entities": {
          "description": {
            "urls": []
          }
        },
        "follow_request_sent": false,
        "has_extended_profile": false,
        "default_profile_image": false,
        "is_translation_enabled": false,
        "geo_enabled": false,
        "followers_count": 849,
        "protected": false,
        "id_str": "142388828",
        "profile_background_color": "C0DEED",
        "lang": null,
        "profile_image_url_https": "https://pbs.twimg.com/profile_images/1090451850459938817/1TEDQVnd_normal.jpg",
        "is_translator": false
      },
      "in_reply_to_status_id_str": null,
      "place": null,
      "retweeted_status": {
        "source": "<a href=\"https://mobile.twitter.com\" rel=\"nofollow\">Twitter Web App</a>",
        "is_quote_status": false,
        "truncated": true,
        "id": 1213597112929153024,
        "metadata": {
          "result_type": "recent",
          "iso_language_code": "es"
        },
        "favorite_count": 9,
        "created_at": "Sat Jan 04 23:04:33 +0000 2020",
        "contributors": null,
        "user": {
          "profile_sidebar_border_color": "C0DEED",
          "following": false,
          "profile_sidebar_fill_color": "DDEEF6",
          "profile_link_color": "1DA1F2",
          "profile_banner_url": "https://pbs.twimg.com/profile_banners/1150842758854324224/1565835766",
          "name": "mecaPinedo@amexic",
          "profile_background_tile": false,
          "profile_text_color": "333333",
          "friends_count": 83,
          "id": 1150842758854324224,
          "screen_name": "MecaPinedo",
          "profile_use_background_image": true,
          "description": "I'm honest, direct and trustworthy person but don't like people who resorts to trickery to get his way.Provida.Detesto la traicion e hipocresia.Anticomunista.",
          "created_at": "Mon Jul 15 19:01:10 +0000 2019",
          "contributors_enabled": false,
          "url": null,
          "default_profile": true,
          "notifications": false,
          "profile_background_image_url_https": null,
          "profile_image_url": "http://pbs.twimg.com/profile_images/1207018549660700672/CkAHOE_N_normal.jpg",
          "statuses_count": 40703,
          "listed_count": 1,
          "favourites_count": 17587,
          "utc_offset": null,
          "time_zone": null,
          "verified": false,
          "location": "Lima, Peru",
          "profile_background_image_url": null,
          "translator_type": "none",
          "entities": {
            "description": {
              "urls": []
            }
          },
          "follow_request_sent": false,
          "has_extended_profile": true,
          "default_profile_image": false,
          "is_translation_enabled": false,
          "geo_enabled": false,
          "followers_count": 235,
          "protected": false,
          "id_str": "1150842758854324224",
          "profile_background_color": "F5F8FA",
          "lang": null,
          "profile_image_url_https": "https://pbs.twimg.com/profile_images/1207018549660700672/CkAHOE_N_normal.jpg",
          "is_translator": false
        },
        "in_reply_to_status_id_str": "1213569831905005568",
        "place": null,
        "id_str": "1213597112929153024",
        "retweeted": false,
        "text": "@Veronic01328918 @AlbertoZevallo5 @matuk @MariellaWoodman @Cdte_Gal_ @RichardMontoyaR Abimael Guzman s el asesino m… https://t.co/f8X3Rx5aEY",
        "in_reply_to_status_id": 1213569831905005568,
        "entities": {
          "hashtags": [],
          "urls": [
            {
              "display_url": "twitter.com/i/web/status/1…",
              "expanded_url": "https://twitter.com/i/web/status/1213597112929153024",
              "url": "https://t.co/f8X3Rx5aEY",
              "indices": [
                117,
                140
              ]
            }
          ],
          "user_mentions": [
            {
              "id_str": "929115237604663297",
              "indices": [
                0,
                16
              ],
              "id": 929115237604663297,
              "screen_name": "Veronic01328918",
              "name": "Veronica"
            },
            {
              "id_str": "701800489646759937",
              "indices": [
                17,
                33
              ],
              "id": 701800489646759937,
              "screen_name": "AlbertoZevallo5",
              "name": "Alberto Zevallos #ContraElGolpe"
            },
            {
              "id_str": "14541101",
              "indices": [
                34,
                40
              ],
              "id": 14541101,
              "screen_name": "matuk",
              "name": "Farid Matuk"
            },
            {
              "id_str": "316188039",
              "indices": [
                41,
                57
              ],
              "id": 316188039,
              "screen_name": "MariellaWoodman",
              "name": "Mariella 🇵🇪"
            },
            {
              "id_str": "142388828",
              "indices": [
                58,
                68
              ],
              "id": 142388828,
              "screen_name": "Cdte_Gal_",
              "name": "Io_Gal_"
            },
            {
              "id_str": "732405489384992772",
              "indices": [
                69,
                85
              ],
              "id": 732405489384992772,
              "screen_name": "RichardMontoyaR",
              "name": "Richard Montoya"
            }
          ],
          "symbols": []
        },
        "favorited": false,
        "geo": null,
        "in_reply_to_user_id_str": "929115237604663297",
        "coordinates": null,
        "retweet_count": 3,
        "in_reply_to_user_id": 929115237604663297,
        "lang": "es",
        "in_reply_to_screen_name": "Veronic01328918"
      },
      "retweeted": false,
      "text": "RT @MecaPinedo: @Veronic01328918 @AlbertoZevallo5 @matuk @MariellaWoodman @Cdte_Gal_ @RichardMontoyaR Abimael Guzman s el asesino mas grand…",
      "in_reply_to_status_id": null,
      "entities": {
        "hashtags": [],
        "urls": [],
        "user_mentions": [
          {
            "id_str": "1150842758854324224",
            "indices": [
              3,
              14
            ],
            "id": 1150842758854324224,
            "screen_name": "MecaPinedo",
            "name": "mecaPinedo@amexic"
          },
          {
            "id_str": "929115237604663297",
            "indices": [
              16,
              32
            ],
            "id": 929115237604663297,
            "screen_name": "Veronic01328918",
            "name": "Veronica"
          },
          {
            "id_str": "701800489646759937",
            "indices": [
              33,
              49
            ],
            "id": 701800489646759937,
            "screen_name": "AlbertoZevallo5",
            "name": "Alberto Zevallos #ContraElGolpe"
          },
          {
            "id_str": "14541101",
            "indices": [
              50,
              56
            ],
            "id": 14541101,
            "screen_name": "matuk",
            "name": "Farid Matuk"
          },
          {
            "id_str": "316188039",
            "indices": [
              57,
              73
            ],
            "id": 316188039,
            "screen_name": "MariellaWoodman",
            "name": "Mariella 🇵🇪"
          },
          {
            "id_str": "142388828",
            "indices": [
              74,
              84
            ],
            "id": 142388828,
            "screen_name": "Cdte_Gal_",
            "name": "Io_Gal_"
          },
          {
            "id_str": "732405489384992772",
            "indices": [
              85,
              101
            ],
            "id": 732405489384992772,
            "screen_name": "RichardMontoyaR",
            "name": "Richard Montoya"
          }
        ],
        "symbols": []
      },
      "favorited": false,
      "geo": null,
      "in_reply_to_user_id_str": null,
      "coordinates": null,
      "id_str": "1213614214767472640",
      "in_reply_to_user_id": null,
      "lang": "es",
      "in_reply_to_screen_name": null
    },
    {
      "source": "<a href=\"http://twitter.com/download/iphone\" rel=\"nofollow\">Twitter for iPhone</a>",
      "is_quote_status": false,
      "truncated": false,
      "id": 1213613881207263239,
      "metadata": {
        "result_type": "recent",
        "iso_language_code": "es"
      },
      "favorite_count": 0,
      "created_at": "Sun Jan 05 00:11:11 +0000 2020",
      "contributors": null,
      "user": {
        "profile_sidebar_border_color": "C0DEED",
        "following": false,
        "profile_sidebar_fill_color": "DDEEF6",
        "profile_link_color": "1DA1F2",
        "profile_banner_url": "https://pbs.twimg.com/profile_banners/291229690/1531938357",
        "name": "Alonso Gurmendi",
        "profile_background_tile": false,
        "profile_text_color": "333333",
        "friends_count": 3036,
        "id": 291229690,
        "screen_name": "Alonso_GD",
        "profile_use_background_image": true,
        "description": "Assistant Professor @udelpacifico (on leave) | Pursuing Ph.D. @UCLLaws | blogs @opiniojuris | Tweets in personal capacity | Español/English | IL, IHL, IHRL",
        "created_at": "Sun May 01 17:23:12 +0000 2011",
        "contributors_enabled": false,
        "url": "https://t.co/nbGRCgPJ6U",
        "default_profile": true,
        "notifications": false,
        "profile_background_image_url_https": "https://abs.twimg.com/images/themes/theme1/bg.png",
        "profile_image_url": "http://pbs.twimg.com/profile_images/970531269967626240/h3Col_Z__normal.jpg",
        "statuses_count": 34263,
        "listed_count": 97,
        "favourites_count": 26069,
        "utc_offset": null,
        "time_zone": null,
        "verified": false,
        "location": "United Kingdom",
        "profile_background_image_url": "http://abs.twimg.com/images/themes/theme1/bg.png",
        "translator_type": "none",
        "entities": {
          "description": {
            "urls": []
          },
          "url": {
            "urls": [
              {
                "display_url": "alonsogurmendi.com",
                "expanded_url": "http://alonsogurmendi.com",
                "url": "https://t.co/nbGRCgPJ6U",
                "indices": [
                  0,
                  23
                ]
              }
            ]
          }
        },
        "follow_request_sent": false,
        "has_extended_profile": false,
        "default_profile_image": false,
        "is_translation_enabled": false,
        "geo_enabled": true,
        "followers_count": 22652,
        "protected": false,
        "id_str": "291229690",
        "profile_background_color": "C0DEED",
        "lang": null,
        "profile_image_url_https": "https://pbs.twimg.com/profile_images/970531269967626240/h3Col_Z__normal.jpg",
        "is_translator": false
      },
      "in_reply_to_status_id_str": "1213594934286139393",
      "place": {
        "bounding_box": {
          "type": "Polygon",
          "coordinates": [
            [
              [
                -0.2285894,
                51.4772246
              ],
              [
                -0.1497908,
                51.4772246
              ],
              [
                -0.1497908,
                51.5303477
              ],
              [
                -0.2285894,
                51.5303477
              ]
            ]
          ]
        },
        "place_type": "city",
        "full_name": "Kensington, London",
        "attributes": {},
        "name": "Kensington",
        "country": "United Kingdom",
        "url": "https://api.twitter.com/1.1/geo/id/01c7ed8caf11e8b2.json",
        "contained_within": [],
        "id": "01c7ed8caf11e8b2",
        "country_code": "GB"
      },
      "id_str": "1213613881207263239",
      "retweeted": false,
      "text": "@ceciliablume @matuk En base a qué norma?",
      "in_reply_to_status_id": 1213594934286139393,
      "entities": {
        "hashtags": [],
        "urls": [],
        "user_mentions": [
          {
            "id_str": "71447779",
            "indices": [
              0,
              13
            ],
            "id": 71447779,
            "screen_name": "ceciliablume",
            "name": "cecilia blume"
          },
          {
            "id_str": "14541101",
            "indices": [
              14,
              20
            ],
            "id": 14541101,
            "screen_name": "matuk",
            "name": "Farid Matuk"
          }
        ],
        "symbols": []
      },
      "favorited": false,
      "geo": null,
      "in_reply_to_user_id_str": "71447779",
      "coordinates": null,
      "retweet_count": 0,
      "in_reply_to_user_id": 71447779,
      "lang": "es",
      "in_reply_to_screen_name": "ceciliablume"
    },
    {
      "source": "<a href=\"http://twitter.com/download/android\" rel=\"nofollow\">Twitter for Android</a>",
      "is_quote_status": false,
      "truncated": false,
      "id": 1213613605842771968,
      "metadata": {
        "result_type": "recent",
        "iso_language_code": "es"
      },
      "retweet_count": 47,
      "created_at": "Sun Jan 05 00:10:06 +0000 2020",
      "contributors": null,
      "favorite_count": 0,
      "user": {
        "profile_sidebar_border_color": "C0DEED",
        "following": false,
        "profile_sidebar_fill_color": "DDEEF6",
        "profile_link_color": "0084B4",
        "profile_banner_url": "https://pbs.twimg.com/profile_banners/310339730/1564701539",
        "name": "ⓊDAVID PACⓊRI",
        "profile_background_tile": false,
        "profile_text_color": "333333",
        "friends_count": 890,
        "id": 310339730,
        "screen_name": "ElCheDeivid",
        "profile_use_background_image": true,
        "description": "Egresado UNI.SJL-Lima.Ⓤ Mirando adelante, recordando el pasado como libro de advertencias. Si te gustan mis comentarios, sigueme xD.",
        "created_at": "Fri Jun 03 15:43:41 +0000 2011",
        "contributors_enabled": false,
        "url": null,
        "default_profile": false,
        "notifications": false,
        "profile_background_image_url_https": "https://abs.twimg.com/images/themes/theme1/bg.png",
        "profile_image_url": "http://pbs.twimg.com/profile_images/1157068237357514752/ZNQ8Qlwm_normal.jpg",
        "statuses_count": 35669,
        "listed_count": 0,
        "favourites_count": 79959,
        "utc_offset": null,
        "time_zone": null,
        "verified": false,
        "location": "Lima,Peru",
        "profile_background_image_url": "http://abs.twimg.com/images/themes/theme1/bg.png",
        "translator_type": "none",
        "entities": {
          "description": {
            "urls": []
          }
        },
        "follow_request_sent": false,
        "has_extended_profile": false,
        "default_profile_image": false,
        "is_translation_enabled": false,
        "geo_enabled": false,
        "followers_count": 318,
        "protected": false,
        "id_str": "310339730",
        "profile_background_color": "C0DEED",
        "lang": null,
        "profile_image_url_https": "https://pbs.twimg.com/profile_images/1157068237357514752/ZNQ8Qlwm_normal.jpg",
        "is_translator": false
      },
      "in_reply_to_status_id_str": null,
      "place": null,
      "retweeted_status": {
        "source": "<a href=\"https://mobile.twitter.com\" rel=\"nofollow\">Twitter Web App</a>",
        "is_quote_status": false,
        "truncated": true,
        "id": 1213552632750628865,
        "metadata": {
          "result_type": "recent",
          "iso_language_code": "es"
        },
        "favorite_count": 68,
        "created_at": "Sat Jan 04 20:07:49 +0000 2020",
        "contributors": null,
        "user": {
          "profile_sidebar_border_color": "FFFFFF",
          "following": false,
          "profile_sidebar_fill_color": "000000",
          "profile_link_color": "BD31A1",
          "profile_banner_url": "https://pbs.twimg.com/profile_banners/14541101/1576205683",
          "name": "Farid Matuk",
          "profile_background_tile": false,
          "profile_text_color": "949494",
          "friends_count": 271,
          "id": 14541101,
          "screen_name": "matuk",
          "profile_use_background_image": true,
          "description": ": ESTUDIOS https://t.co/0FqEW0yVzs & https://t.co/A0JmKt8Nc6 / FUNCIONARIO ocho años / CONSULTOR once años / CATEDRATICO doce años",
          "created_at": "Sat Apr 26 07:11:07 +0000 2008",
          "contributors_enabled": false,
          "url": "https://t.co/oH66GabBTm",
          "default_profile": false,
          "notifications": false,
          "profile_background_image_url_https": "https://abs.twimg.com/images/themes/theme9/bg.gif",
          "profile_image_url": "http://pbs.twimg.com/profile_images/744714031655690244/v8tW2U_L_normal.jpg",
          "statuses_count": 58814,
          "listed_count": 251,
          "favourites_count": 50,
          "utc_offset": null,
          "time_zone": null,
          "verified": false,
          "location": "+51 999350650",
          "profile_background_image_url": "http://abs.twimg.com/images/themes/theme9/bg.gif",
          "translator_type": "none",
          "entities": {
            "description": {
              "urls": [
                {
                  "display_url": "pucp.edu.pe",
                  "expanded_url": "http://pucp.edu.pe",
                  "url": "https://t.co/0FqEW0yVzs",
                  "indices": [
                    11,
                    34
                  ]
                },
                {
                  "display_url": "uottawa.ca",
                  "expanded_url": "http://uottawa.ca",
                  "url": "https://t.co/A0JmKt8Nc6",
                  "indices": [
                    37,
                    60
                  ]
                }
              ]
            },
            "url": {
              "urls": [
                {
                  "display_url": "29x55.tumblr.com",
                  "expanded_url": "https://29x55.tumblr.com/",
                  "url": "https://t.co/oH66GabBTm",
                  "indices": [
                    0,
                    23
                  ]
                }
              ]
            }
          },
          "follow_request_sent": false,
          "has_extended_profile": true,
          "default_profile_image": false,
          "is_translation_enabled": false,
          "geo_enabled": true,
          "followers_count": 30639,
          "protected": false,
          "id_str": "14541101",
          "profile_background_color": "000000",
          "lang": null,
          "profile_image_url_https": "https://pbs.twimg.com/profile_images/744714031655690244/v8tW2U_L_normal.jpg",
          "is_translator": false
        },
        "in_reply_to_status_id_str": null,
        "place": null,
        "id_str": "1213552632750628865",
        "lang": "es",
        "retweeted": false,
        "text": "#POLITICA El paisaje adjunto parece de la página de arranque de Windows 10 y está ubicado en Ayacucho.\n\nA visitarlo… https://t.co/70pt5e2RDs",
        "in_reply_to_status_id": null,
        "entities": {
          "hashtags": [
            {
              "indices": [
                0,
                9
              ],
              "text": "POLITICA"
            }
          ],
          "urls": [
            {
              "display_url": "twitter.com/i/web/status/1…",
              "expanded_url": "https://twitter.com/i/web/status/1213552632750628865",
              "url": "https://t.co/70pt5e2RDs",
              "indices": [
                117,
                140
              ]
            }
          ],
          "user_mentions": [],
          "symbols": []
        },
        "favorited": false,
        "geo": null,
        "in_reply_to_user_id_str": null,
        "coordinates": null,
        "retweet_count": 47,
        "in_reply_to_user_id": null,
        "possibly_sensitive": false,
        "in_reply_to_screen_name": null
      },
      "retweeted": false,
      "text": "RT @matuk: #POLITICA El paisaje adjunto parece de la página de arranque de Windows 10 y está ubicado en Ayacucho.\n\nA visitarlo pronto, porq…",
      "in_reply_to_status_id": null,
      "entities": {
        "hashtags": [
          {
            "indices": [
              11,
              20
            ],
            "text": "POLITICA"
          }
        ],
        "urls": [],
        "user_mentions": [
          {
            "id_str": "14541101",
            "indices": [
              3,
              9
            ],
            "id": 14541101,
            "screen_name": "matuk",
            "name": "Farid Matuk"
          }
        ],
        "symbols": []
      },
      "favorited": false,
      "geo": null,
      "in_reply_to_user_id_str": null,
      "coordinates": null,
      "id_str": "1213613605842771968",
      "in_reply_to_user_id": null,
      "lang": "es",
      "in_reply_to_screen_name": null
    },
    {
      "source": "<a href=\"http://twitter.com/download/android\" rel=\"nofollow\">Twitter for Android</a>",
      "is_quote_status": false,
      "truncated": true,
      "id": 1213613540294176774,
      "metadata": {
        "result_type": "recent",
        "iso_language_code": "es"
      },
      "favorite_count": 0,
      "created_at": "Sun Jan 05 00:09:50 +0000 2020",
      "contributors": null,
      "user": {
        "profile_sidebar_border_color": "C0DEED",
        "following": false,
        "profile_sidebar_fill_color": "DDEEF6",
        "profile_link_color": "1DA1F2",
        "profile_banner_url": "https://pbs.twimg.com/profile_banners/107235620/1504370052",
        "name": "Johnny Huillcaya O.",
        "profile_background_tile": false,
        "profile_text_color": "333333",
        "friends_count": 380,
        "id": 107235620,
        "screen_name": "Kev_HuRtIz",
        "profile_use_background_image": true,
        "description": "UNI ♥️ AL\nIntereses: Ingeniería, Investigación, Esports, Política y Educación",
        "created_at": "Thu Jan 21 23:04:25 +0000 2010",
        "contributors_enabled": false,
        "url": null,
        "default_profile": true,
        "notifications": false,
        "profile_background_image_url_https": "https://abs.twimg.com/images/themes/theme1/bg.png",
        "profile_image_url": "http://pbs.twimg.com/profile_images/1184930923462172672/3gby4DdN_normal.jpg",
        "statuses_count": 4022,
        "listed_count": 0,
        "favourites_count": 2078,
        "utc_offset": null,
        "time_zone": null,
        "verified": false,
        "location": "Lima, Peru",
        "profile_background_image_url": "http://abs.twimg.com/images/themes/theme1/bg.png",
        "translator_type": "none",
        "entities": {
          "description": {
            "urls": []
          }
        },
        "follow_request_sent": false,
        "has_extended_profile": false,
        "default_profile_image": false,
        "is_translation_enabled": false,
        "geo_enabled": false,
        "followers_count": 30,
        "protected": false,
        "id_str": "107235620",
        "profile_background_color": "C0DEED",
        "lang": null,
        "profile_image_url_https": "https://pbs.twimg.com/profile_images/1184930923462172672/3gby4DdN_normal.jpg",
        "is_translator": false
      },
      "in_reply_to_status_id_str": "1212709558415745024",
      "place": null,
      "id_str": "1213613540294176774",
      "retweeted": false,
      "text": "@matuk @dr_pons Entonces tampoco ha existido gobierno liberal de derecha en la historia de la humanidad, la corrupc… https://t.co/vomBCk9uQp",
      "in_reply_to_status_id": 1212709558415745024,
      "entities": {
        "hashtags": [],
        "urls": [
          {
            "display_url": "twitter.com/i/web/status/1…",
            "expanded_url": "https://twitter.com/i/web/status/1213613540294176774",
            "url": "https://t.co/vomBCk9uQp",
            "indices": [
              117,
              140
            ]
          }
        ],
        "user_mentions": [
          {
            "id_str": "14541101",
            "indices": [
              0,
              6
            ],
            "id": 14541101,
            "screen_name": "matuk",
            "name": "Farid Matuk"
          },
          {
            "id_str": "811658020786577408",
            "indices": [
              7,
              15
            ],
            "id": 811658020786577408,
            "screen_name": "dr_pons",
            "name": "Dr.Pons"
          }
        ],
        "symbols": []
      },
      "favorited": false,
      "geo": null,
      "in_reply_to_user_id_str": "14541101",
      "coordinates": null,
      "retweet_count": 0,
      "in_reply_to_user_id": 14541101,
      "lang": "es",
      "in_reply_to_screen_name": "matuk"
    },
    {
      "source": "<a href=\"http://twitter.com/download/android\" rel=\"nofollow\">Twitter for Android</a>",
      "is_quote_status": false,
      "truncated": false,
      "id": 1213613358596923394,
      "metadata": {
        "result_type": "recent",
        "iso_language_code": "en"
      },
      "favorite_count": 0,
      "created_at": "Sun Jan 05 00:09:07 +0000 2020",
      "contributors": null,
      "user": {
        "profile_sidebar_border_color": "C0DEED",
        "following": false,
        "profile_sidebar_fill_color": "DDEEF6",
        "profile_link_color": "0084B4",
        "profile_banner_url": "https://pbs.twimg.com/profile_banners/310339730/1564701539",
        "name": "ⓊDAVID PACⓊRI",
        "profile_background_tile": false,
        "profile_text_color": "333333",
        "friends_count": 890,
        "id": 310339730,
        "screen_name": "ElCheDeivid",
        "profile_use_background_image": true,
        "description": "Egresado UNI.SJL-Lima.Ⓤ Mirando adelante, recordando el pasado como libro de advertencias. Si te gustan mis comentarios, sigueme xD.",
        "created_at": "Fri Jun 03 15:43:41 +0000 2011",
        "contributors_enabled": false,
        "url": null,
        "default_profile": false,
        "notifications": false,
        "profile_background_image_url_https": "https://abs.twimg.com/images/themes/theme1/bg.png",
        "profile_image_url": "http://pbs.twimg.com/profile_images/1157068237357514752/ZNQ8Qlwm_normal.jpg",
        "statuses_count": 35669,
        "listed_count": 0,
        "favourites_count": 79959,
        "utc_offset": null,
        "time_zone": null,
        "verified": false,
        "location": "Lima,Peru",
        "profile_background_image_url": "http://abs.twimg.com/images/themes/theme1/bg.png",
        "translator_type": "none",
        "entities": {
          "description": {
            "urls": []
          }
        },
        "follow_request_sent": false,
        "has_extended_profile": false,
        "default_profile_image": false,
        "is_translation_enabled": false,
        "geo_enabled": false,
        "followers_count": 318,
        "protected": false,
        "id_str": "310339730",
        "profile_background_color": "C0DEED",
        "lang": null,
        "profile_image_url_https": "https://pbs.twimg.com/profile_images/1157068237357514752/ZNQ8Qlwm_normal.jpg",
        "is_translator": false
      },
      "in_reply_to_status_id_str": "1213594934286139393",
      "place": null,
      "id_str": "1213613358596923394",
      "retweeted": false,
      "text": "@ceciliablume @matuk Plop",
      "in_reply_to_status_id": 1213594934286139393,
      "entities": {
        "hashtags": [],
        "urls": [],
        "user_mentions": [
          {
            "id_str": "71447779",
            "indices": [
              0,
              13
            ],
            "id": 71447779,
            "screen_name": "ceciliablume",
            "name": "cecilia blume"
          },
          {
            "id_str": "14541101",
            "indices": [
              14,
              20
            ],
            "id": 14541101,
            "screen_name": "matuk",
            "name": "Farid Matuk"
          }
        ],
        "symbols": []
      },
      "favorited": false,
      "geo": null,
      "in_reply_to_user_id_str": "71447779",
      "coordinates": null,
      "retweet_count": 0,
      "in_reply_to_user_id": 71447779,
      "lang": "en",
      "in_reply_to_screen_name": "ceciliablume"
    },
    {
      "source": "<a href=\"http://twitter.com/download/iphone\" rel=\"nofollow\">Twitter for iPhone</a>",
      "is_quote_status": false,
      "truncated": false,
      "id": 1213613036411539456,
      "metadata": {
        "result_type": "recent",
        "iso_language_code": "es"
      },
      "favorite_count": 0,
      "created_at": "Sun Jan 05 00:07:50 +0000 2020",
      "contributors": null,
      "user": {
        "profile_sidebar_border_color": "C0DEED",
        "following": false,
        "profile_sidebar_fill_color": "DDEEF6",
        "profile_link_color": "1DA1F2",
        "follow_request_sent": false,
        "name": "Walther Belaunde",
        "profile_background_tile": false,
        "profile_text_color": "333333",
        "friends_count": 445,
        "id": 3433085416,
        "screen_name": "waltherbelaunde",
        "profile_use_background_image": true,
        "description": "",
        "created_at": "Thu Aug 20 17:14:03 +0000 2015",
        "contributors_enabled": false,
        "url": null,
        "default_profile": true,
        "notifications": false,
        "profile_background_image_url_https": "https://abs.twimg.com/images/themes/theme1/bg.png",
        "profile_image_url": "http://pbs.twimg.com/profile_images/972929274796822529/b5erS7Px_normal.jpg",
        "statuses_count": 1714,
        "listed_count": 1,
        "favourites_count": 4069,
        "utc_offset": null,
        "time_zone": null,
        "verified": false,
        "location": "",
        "profile_background_image_url": "http://abs.twimg.com/images/themes/theme1/bg.png",
        "translator_type": "none",
        "entities": {
          "description": {
            "urls": []
          }
        },
        "has_extended_profile": true,
        "default_profile_image": false,
        "is_translation_enabled": false,
        "geo_enabled": false,
        "followers_count": 164,
        "protected": false,
        "id_str": "3433085416",
        "profile_background_color": "C0DEED",
        "lang": null,
        "profile_image_url_https": "https://pbs.twimg.com/profile_images/972929274796822529/b5erS7Px_normal.jpg",
        "is_translator": false
      },
      "in_reply_to_status_id_str": "1213499191613382656",
      "place": null,
      "id_str": "1213613036411539456",
      "retweeted": false,
      "text": "@matuk TERRORISMO SANGRIENTO",
      "in_reply_to_status_id": 1213499191613382656,
      "entities": {
        "hashtags": [],
        "urls": [],
        "user_mentions": [
          {
            "id_str": "14541101",
            "indices": [
              0,
              6
            ],
            "id": 14541101,
            "screen_name": "matuk",
            "name": "Farid Matuk"
          }
        ],
        "symbols": []
      },
      "favorited": false,
      "geo": null,
      "in_reply_to_user_id_str": "14541101",
      "coordinates": null,
      "retweet_count": 0,
      "in_reply_to_user_id": 14541101,
      "lang": "es",
      "in_reply_to_screen_name": "matuk"
    },
    {
      "source": "<a href=\"https://mobile.twitter.com\" rel=\"nofollow\">Twitter Web App</a>",
      "is_quote_status": false,
      "truncated": true,
      "id": 1213612814461554691,
      "metadata": {
        "result_type": "recent",
        "iso_language_code": "es"
      },
      "favorite_count": 0,
      "created_at": "Sun Jan 05 00:06:57 +0000 2020",
      "contributors": null,
      "user": {
        "profile_sidebar_border_color": "C0DEED",
        "following": false,
        "profile_sidebar_fill_color": "DDEEF6",
        "profile_link_color": "1DA1F2",
        "follow_request_sent": false,
        "name": "LINO ARRIARAN",
        "profile_background_tile": false,
        "profile_text_color": "333333",
        "friends_count": 204,
        "id": 737825450702077952,
        "screen_name": "LRAC1957",
        "profile_use_background_image": true,
        "description": "",
        "created_at": "Wed Jun 01 01:57:50 +0000 2016",
        "contributors_enabled": false,
        "url": null,
        "default_profile": true,
        "notifications": false,
        "profile_background_image_url_https": null,
        "profile_image_url": "http://pbs.twimg.com/profile_images/1080641462600167437/6-PKz2c2_normal.jpg",
        "statuses_count": 2551,
        "listed_count": 0,
        "favourites_count": 906,
        "utc_offset": null,
        "time_zone": null,
        "verified": false,
        "location": "",
        "profile_background_image_url": null,
        "translator_type": "none",
        "entities": {
          "description": {
            "urls": []
          }
        },
        "has_extended_profile": false,
        "default_profile_image": false,
        "is_translation_enabled": false,
        "geo_enabled": false,
        "followers_count": 31,
        "protected": false,
        "id_str": "737825450702077952",
        "profile_background_color": "F5F8FA",
        "lang": null,
        "profile_image_url_https": "https://pbs.twimg.com/profile_images/1080641462600167437/6-PKz2c2_normal.jpg",
        "is_translator": false
      },
      "in_reply_to_status_id_str": "1213499191613382656",
      "place": null,
      "id_str": "1213612814461554691",
      "retweeted": false,
      "text": "@matuk Lo que hubo en el Perú en los 80s fue terrorismo puro y duro, el llamarlo \"conflicto armado interno\" lo únic… https://t.co/78zXIXvDjf",
      "in_reply_to_status_id": 1213499191613382656,
      "entities": {
        "hashtags": [],
        "urls": [
          {
            "display_url": "twitter.com/i/web/status/1…",
            "expanded_url": "https://twitter.com/i/web/status/1213612814461554691",
            "url": "https://t.co/78zXIXvDjf",
            "indices": [
              117,
              140
            ]
          }
        ],
        "user_mentions": [
          {
            "id_str": "14541101",
            "indices": [
              0,
              6
            ],
            "id": 14541101,
            "screen_name": "matuk",
            "name": "Farid Matuk"
          }
        ],
        "symbols": []
      },
      "favorited": false,
      "geo": null,
      "in_reply_to_user_id_str": "14541101",
      "coordinates": null,
      "retweet_count": 0,
      "in_reply_to_user_id": 14541101,
      "lang": "es",
      "in_reply_to_screen_name": "matuk"
    },
    {
      "source": "<a href=\"http://twitter.com/download/android\" rel=\"nofollow\">Twitter for Android</a>",
      "is_quote_status": false,
      "truncated": false,
      "id": 1213612067158147077,
      "metadata": {
        "result_type": "recent",
        "iso_language_code": "es"
      },
      "retweet_count": 47,
      "created_at": "Sun Jan 05 00:03:59 +0000 2020",
      "contributors": null,
      "favorite_count": 0,
      "user": {
        "profile_sidebar_border_color": "C0DEED",
        "following": false,
        "profile_sidebar_fill_color": "DDEEF6",
        "profile_link_color": "1DA1F2",
        "profile_banner_url": "https://pbs.twimg.com/profile_banners/810902362822873088/1512771418",
        "name": "Erich Matos",
        "profile_background_tile": false,
        "profile_text_color": "333333",
        "friends_count": 128,
        "id": 810902362822873088,
        "screen_name": "erichalimatos",
        "profile_use_background_image": true,
        "description": "😡😢😯😃😂😁",
        "created_at": "Mon Dec 19 17:39:23 +0000 2016",
        "contributors_enabled": false,
        "url": null,
        "default_profile": true,
        "notifications": false,
        "profile_background_image_url_https": null,
        "profile_image_url": "http://pbs.twimg.com/profile_images/877366721513914370/73VnsIrh_normal.jpg",
        "statuses_count": 908,
        "listed_count": 0,
        "favourites_count": 1489,
        "utc_offset": null,
        "time_zone": null,
        "verified": false,
        "location": "",
        "profile_background_image_url": null,
        "translator_type": "none",
        "entities": {
          "description": {
            "urls": []
          }
        },
        "follow_request_sent": false,
        "has_extended_profile": false,
        "default_profile_image": false,
        "is_translation_enabled": false,
        "geo_enabled": false,
        "followers_count": 44,
        "protected": false,
        "id_str": "810902362822873088",
        "profile_background_color": "F5F8FA",
        "lang": null,
        "profile_image_url_https": "https://pbs.twimg.com/profile_images/877366721513914370/73VnsIrh_normal.jpg",
        "is_translator": false
      },
      "in_reply_to_status_id_str": null,
      "place": null,
      "retweeted_status": {
        "source": "<a href=\"https://mobile.twitter.com\" rel=\"nofollow\">Twitter Web App</a>",
        "is_quote_status": false,
        "truncated": true,
        "id": 1213552632750628865,
        "metadata": {
          "result_type": "recent",
          "iso_language_code": "es"
        },
        "favorite_count": 68,
        "created_at": "Sat Jan 04 20:07:49 +0000 2020",
        "contributors": null,
        "user": {
          "profile_sidebar_border_color": "FFFFFF",
          "following": false,
          "profile_sidebar_fill_color": "000000",
          "profile_link_color": "BD31A1",
          "profile_banner_url": "https://pbs.twimg.com/profile_banners/14541101/1576205683",
          "name": "Farid Matuk",
          "profile_background_tile": false,
          "profile_text_color": "949494",
          "friends_count": 271,
          "id": 14541101,
          "screen_name": "matuk",
          "profile_use_background_image": true,
          "description": ": ESTUDIOS https://t.co/0FqEW0yVzs & https://t.co/A0JmKt8Nc6 / FUNCIONARIO ocho años / CONSULTOR once años / CATEDRATICO doce años",
          "created_at": "Sat Apr 26 07:11:07 +0000 2008",
          "contributors_enabled": false,
          "url": "https://t.co/oH66GabBTm",
          "default_profile": false,
          "notifications": false,
          "profile_background_image_url_https": "https://abs.twimg.com/images/themes/theme9/bg.gif",
          "profile_image_url": "http://pbs.twimg.com/profile_images/744714031655690244/v8tW2U_L_normal.jpg",
          "statuses_count": 58814,
          "listed_count": 251,
          "favourites_count": 50,
          "utc_offset": null,
          "time_zone": null,
          "verified": false,
          "location": "+51 999350650",
          "profile_background_image_url": "http://abs.twimg.com/images/themes/theme9/bg.gif",
          "translator_type": "none",
          "entities": {
            "description": {
              "urls": [
                {
                  "display_url": "pucp.edu.pe",
                  "expanded_url": "http://pucp.edu.pe",
                  "url": "https://t.co/0FqEW0yVzs",
                  "indices": [
                    11,
                    34
                  ]
                },
                {
                  "display_url": "uottawa.ca",
                  "expanded_url": "http://uottawa.ca",
                  "url": "https://t.co/A0JmKt8Nc6",
                  "indices": [
                    37,
                    60
                  ]
                }
              ]
            },
            "url": {
              "urls": [
                {
                  "display_url": "29x55.tumblr.com",
                  "expanded_url": "https://29x55.tumblr.com/",
                  "url": "https://t.co/oH66GabBTm",
                  "indices": [
                    0,
                    23
                  ]
                }
              ]
            }
          },
          "follow_request_sent": false,
          "has_extended_profile": true,
          "default_profile_image": false,
          "is_translation_enabled": false,
          "geo_enabled": true,
          "followers_count": 30639,
          "protected": false,
          "id_str": "14541101",
          "profile_background_color": "000000",
          "lang": null,
          "profile_image_url_https": "https://pbs.twimg.com/profile_images/744714031655690244/v8tW2U_L_normal.jpg",
          "is_translator": false
        },
        "in_reply_to_status_id_str": null,
        "place": null,
        "id_str": "1213552632750628865",
        "lang": "es",
        "retweeted": false,
        "text": "#POLITICA El paisaje adjunto parece de la página de arranque de Windows 10 y está ubicado en Ayacucho.\n\nA visitarlo… https://t.co/70pt5e2RDs",
        "in_reply_to_status_id": null,
        "entities": {
          "hashtags": [
            {
              "indices": [
                0,
                9
              ],
              "text": "POLITICA"
            }
          ],
          "urls": [
            {
              "display_url": "twitter.com/i/web/status/1…",
              "expanded_url": "https://twitter.com/i/web/status/1213552632750628865",
              "url": "https://t.co/70pt5e2RDs",
              "indices": [
                117,
                140
              ]
            }
          ],
          "user_mentions": [],
          "symbols": []
        },
        "favorited": false,
        "geo": null,
        "in_reply_to_user_id_str": null,
        "coordinates": null,
        "retweet_count": 47,
        "in_reply_to_user_id": null,
        "possibly_sensitive": false,
        "in_reply_to_screen_name": null
      },
      "retweeted": false,
      "text": "RT @matuk: #POLITICA El paisaje adjunto parece de la página de arranque de Windows 10 y está ubicado en Ayacucho.\n\nA visitarlo pronto, porq…",
      "in_reply_to_status_id": null,
      "entities": {
        "hashtags": [
          {
            "indices": [
              11,
              20
            ],
            "text": "POLITICA"
          }
        ],
        "urls": [],
        "user_mentions": [
          {
            "id_str": "14541101",
            "indices": [
              3,
              9
            ],
            "id": 14541101,
            "screen_name": "matuk",
            "name": "Farid Matuk"
          }
        ],
        "symbols": []
      },
      "favorited": false,
      "geo": null,
      "in_reply_to_user_id_str": null,
      "coordinates": null,
      "id_str": "1213612067158147077",
      "in_reply_to_user_id": null,
      "lang": "es",
      "in_reply_to_screen_name": null
    },
    {
      "source": "<a href=\"http://twitter.com/download/android\" rel=\"nofollow\">Twitter for Android</a>",
      "is_quote_status": false,
      "truncated": true,
      "id": 1213611653905956870,
      "metadata": {
        "result_type": "recent",
        "iso_language_code": "es"
      },
      "favorite_count": 0,
      "created_at": "Sun Jan 05 00:02:20 +0000 2020",
      "contributors": null,
      "user": {
        "profile_sidebar_border_color": "65B0DA",
        "following": false,
        "profile_sidebar_fill_color": "7AC3EE",
        "profile_link_color": "FF0000",
        "profile_banner_url": "https://pbs.twimg.com/profile_banners/23444736/1526177432",
        "name": "Ruth Luna",
        "profile_background_tile": true,
        "profile_text_color": "3D1957",
        "friends_count": 590,
        "id": 23444736,
        "screen_name": "Ruth_Luna",
        "profile_use_background_image": true,
        "description": "Intérprete de conferencias, coach neurolingüistico, consultora sistémica.\n\nConference Interpreter, Neurolinguistic Coach, Systemic Consultant.",
        "created_at": "Mon Mar 09 15:02:52 +0000 2009",
        "contributors_enabled": false,
        "url": null,
        "default_profile": false,
        "notifications": false,
        "profile_background_image_url_https": "https://abs.twimg.com/images/themes/theme10/bg.gif",
        "profile_image_url": "http://pbs.twimg.com/profile_images/995486411976560640/pSDgDDVZ_normal.jpg",
        "statuses_count": 1308,
        "listed_count": 5,
        "favourites_count": 1386,
        "utc_offset": null,
        "time_zone": null,
        "verified": false,
        "location": "Lima, Peru",
        "profile_background_image_url": "http://abs.twimg.com/images/themes/theme10/bg.gif",
        "translator_type": "none",
        "entities": {
          "description": {
            "urls": []
          }
        },
        "follow_request_sent": false,
        "has_extended_profile": false,
        "default_profile_image": false,
        "is_translation_enabled": false,
        "geo_enabled": false,
        "followers_count": 139,
        "protected": false,
        "id_str": "23444736",
        "profile_background_color": "642D8B",
        "lang": null,
        "profile_image_url_https": "https://pbs.twimg.com/profile_images/995486411976560640/pSDgDDVZ_normal.jpg",
        "is_translator": false
      },
      "in_reply_to_status_id_str": "1213600329872351232",
      "place": null,
      "id_str": "1213611653905956870",
      "retweeted": false,
      "text": "@matuk @ceciliablume Tengo entendido que esa nomenclatura (conflicto armado interno) es la que corresponde utilizar… https://t.co/Tv79k25RPH",
      "in_reply_to_status_id": 1213600329872351232,
      "entities": {
        "hashtags": [],
        "urls": [
          {
            "display_url": "twitter.com/i/web/status/1…",
            "expanded_url": "https://twitter.com/i/web/status/1213611653905956870",
            "url": "https://t.co/Tv79k25RPH",
            "indices": [
              117,
              140
            ]
          }
        ],
        "user_mentions": [
          {
            "id_str": "14541101",
            "indices": [
              0,
              6
            ],
            "id": 14541101,
            "screen_name": "matuk",
            "name": "Farid Matuk"
          },
          {
            "id_str": "71447779",
            "indices": [
              7,
              20
            ],
            "id": 71447779,
            "screen_name": "ceciliablume",
            "name": "cecilia blume"
          }
        ],
        "symbols": []
      },
      "favorited": false,
      "geo": null,
      "in_reply_to_user_id_str": "14541101",
      "coordinates": null,
      "retweet_count": 0,
      "in_reply_to_user_id": 14541101,
      "lang": "es",
      "in_reply_to_screen_name": "matuk"
    },
    {
      "source": "<a href=\"https://mobile.twitter.com\" rel=\"nofollow\">Twitter Web App</a>",
      "is_quote_status": false,
      "truncated": false,
      "id": 1213610280523124737,
      "metadata": {
        "result_type": "recent",
        "iso_language_code": "es"
      },
      "favorite_count": 1,
      "created_at": "Sat Jan 04 23:56:53 +0000 2020",
      "contributors": null,
      "user": {
        "profile_sidebar_border_color": "C0DEED",
        "following": false,
        "profile_sidebar_fill_color": "DDEEF6",
        "profile_link_color": "981CEB",
        "profile_banner_url": "https://pbs.twimg.com/profile_banners/1356064890/1505515280",
        "name": "Mary Sáenz",
        "profile_background_tile": false,
        "profile_text_color": "333333",
        "friends_count": 1486,
        "id": 1356064890,
        "screen_name": "MarySaenz_P",
        "profile_use_background_image": true,
        "description": "Directora La Yema del Gusto y de Semana del Chilcano. Lecturera. Deaf 🤘",
        "created_at": "Tue Apr 16 05:07:31 +0000 2013",
        "contributors_enabled": false,
        "url": "https://t.co/ac95tT4pH2",
        "default_profile": false,
        "notifications": false,
        "profile_background_image_url_https": "https://abs.twimg.com/images/themes/theme1/bg.png",
        "profile_image_url": "http://pbs.twimg.com/profile_images/1164255017563492352/PEu0H2XL_normal.jpg",
        "statuses_count": 21441,
        "listed_count": 17,
        "favourites_count": 12323,
        "utc_offset": null,
        "time_zone": null,
        "verified": false,
        "location": "Lima",
        "profile_background_image_url": "http://abs.twimg.com/images/themes/theme1/bg.png",
        "translator_type": "none",
        "entities": {
          "description": {
            "urls": []
          },
          "url": {
            "urls": [
              {
                "display_url": "layemadelgusto.com",
                "expanded_url": "http://www.layemadelgusto.com",
                "url": "https://t.co/ac95tT4pH2",
                "indices": [
                  0,
                  23
                ]
              }
            ]
          }
        },
        "follow_request_sent": false,
        "has_extended_profile": true,
        "default_profile_image": false,
        "is_translation_enabled": false,
        "geo_enabled": true,
        "followers_count": 1058,
        "protected": false,
        "id_str": "1356064890",
        "profile_background_color": "C0DEED",
        "lang": null,
        "profile_image_url_https": "https://pbs.twimg.com/profile_images/1164255017563492352/PEu0H2XL_normal.jpg",
        "is_translator": false
      },
      "in_reply_to_status_id_str": "1213608810910244865",
      "place": null,
      "id_str": "1213610280523124737",
      "retweeted": false,
      "text": "@holguin_luna @matuk @Fabianasd @LiliaMati @srotta Ellos tienen que hacer la aclaración. Si el presentó el documento respectivo, ni modo.",
      "in_reply_to_status_id": 1213608810910244865,
      "entities": {
        "hashtags": [],
        "urls": [],
        "user_mentions": [
          {
            "id_str": "423021061",
            "indices": [
              0,
              13
            ],
            "id": 423021061,
            "screen_name": "holguin_luna",
            "name": "Manuel Holguin"
          },
          {
            "id_str": "14541101",
            "indices": [
              14,
              20
            ],
            "id": 14541101,
            "screen_name": "matuk",
            "name": "Farid Matuk"
          },
          {
            "id_str": "249895999",
            "indices": [
              21,
              31
            ],
            "id": 249895999,
            "screen_name": "Fabianasd",
            "name": "Fabiana Sánchez Di Natale"
          },
          {
            "id_str": "43967749",
            "indices": [
              32,
              42
            ],
            "id": 43967749,
            "screen_name": "LiliaMati",
            "name": "Lilia Ramírez Varela"
          },
          {
            "id_str": "237299421",
            "indices": [
              43,
              50
            ],
            "id": 237299421,
            "screen_name": "srotta",
            "name": "Samuel Rotta"
          }
        ],
        "symbols": []
      },
      "favorited": false,
      "geo": null,
      "in_reply_to_user_id_str": "423021061",
      "coordinates": null,
      "retweet_count": 0,
      "in_reply_to_user_id": 423021061,
      "lang": "es",
      "in_reply_to_screen_name": "holguin_luna"
    },
    {
      "source": "<a href=\"http://twitter.com/download/android\" rel=\"nofollow\">Twitter for Android</a>",
      "is_quote_status": false,
      "truncated": false,
      "id": 1213610240119365632,
      "metadata": {
        "result_type": "recent",
        "iso_language_code": "es"
      },
      "favorite_count": 0,
      "created_at": "Sat Jan 04 23:56:43 +0000 2020",
      "contributors": null,
      "user": {
        "profile_sidebar_border_color": "A8C7F7",
        "following": false,
        "profile_sidebar_fill_color": "C0DFEC",
        "profile_link_color": "0084B4",
        "profile_banner_url": "https://pbs.twimg.com/profile_banners/133918126/1567906900",
        "name": "Cristian",
        "profile_background_tile": false,
        "profile_text_color": "333333",
        "friends_count": 749,
        "id": 133918126,
        "screen_name": "csaidm777",
        "profile_use_background_image": true,
        "description": "Viajero por naturaleza, tecnología por profesión .Fundador de ECO ADVENTURE, Fundador La  PÓLVORA. Fundador de LAN PERU.\nChef en S&T Máncora.",
        "created_at": "Sat Apr 17 00:30:11 +0000 2010",
        "contributors_enabled": false,
        "url": "https://t.co/zWUh1O58m2",
        "default_profile": false,
        "notifications": false,
        "profile_background_image_url_https": "https://abs.twimg.com/images/themes/theme15/bg.png",
        "profile_image_url": "http://pbs.twimg.com/profile_images/869878917/DSC_00551_normal.JPG",
        "statuses_count": 3460,
        "listed_count": 4,
        "favourites_count": 1486,
        "utc_offset": null,
        "time_zone": null,
        "verified": false,
        "location": "Máncora",
        "profile_background_image_url": "http://abs.twimg.com/images/themes/theme15/bg.png",
        "translator_type": "none",
        "entities": {
          "description": {
            "urls": []
          },
          "url": {
            "urls": [
              {
                "display_url": "fasterseal.com",
                "expanded_url": "http://www.fasterseal.com",
                "url": "https://t.co/zWUh1O58m2",
                "indices": [
                  0,
                  23
                ]
              }
            ]
          }
        },
        "follow_request_sent": false,
        "has_extended_profile": true,
        "default_profile_image": false,
        "is_translation_enabled": false,
        "geo_enabled": true,
        "followers_count": 560,
        "protected": false,
        "id_str": "133918126",
        "profile_background_color": "022330",
        "lang": null,
        "profile_image_url_https": "https://pbs.twimg.com/profile_images/869878917/DSC_00551_normal.JPG",
        "is_translator": false
      },
      "in_reply_to_status_id_str": "1212709558415745024",
      "place": null,
      "id_str": "1213610240119365632",
      "retweeted": false,
      "text": "@matuk @dr_pons No te pases de imbécil",
      "in_reply_to_status_id": 1212709558415745024,
      "entities": {
        "hashtags": [],
        "urls": [],
        "user_mentions": [
          {
            "id_str": "14541101",
            "indices": [
              0,
              6
            ],
            "id": 14541101,
            "screen_name": "matuk",
            "name": "Farid Matuk"
          },
          {
            "id_str": "811658020786577408",
            "indices": [
              7,
              15
            ],
            "id": 811658020786577408,
            "screen_name": "dr_pons",
            "name": "Dr.Pons"
          }
        ],
        "symbols": []
      },
      "favorited": false,
      "geo": null,
      "in_reply_to_user_id_str": "14541101",
      "coordinates": null,
      "retweet_count": 0,
      "in_reply_to_user_id": 14541101,
      "lang": "es",
      "in_reply_to_screen_name": "matuk"
    },
    {
      "source": "<a href=\"http://twitter.com/download/iphone\" rel=\"nofollow\">Twitter for iPhone</a>",
      "is_quote_status": false,
      "truncated": false,
      "id": 1213610140643053569,
      "metadata": {
        "result_type": "recent",
        "iso_language_code": "es"
      },
      "retweet_count": 5,
      "created_at": "Sat Jan 04 23:56:19 +0000 2020",
      "contributors": null,
      "favorite_count": 0,
      "user": {
        "profile_sidebar_border_color": "000000",
        "following": false,
        "profile_sidebar_fill_color": "95E8EC",
        "profile_link_color": "0050B8",
        "profile_banner_url": "https://pbs.twimg.com/profile_banners/368144740/1567186501",
        "name": "Zakkoff",
        "profile_background_tile": true,
        "profile_text_color": "3C3940",
        "friends_count": 392,
        "id": 368144740,
        "screen_name": "Zakkoff",
        "profile_use_background_image": true,
        "description": "Tengo problemas de memoria. Recuerdo demasiado. Soy diestro.",
        "created_at": "Mon Sep 05 04:48:22 +0000 2011",
        "contributors_enabled": false,
        "url": null,
        "default_profile": false,
        "notifications": false,
        "profile_background_image_url_https": "https://abs.twimg.com/images/themes/theme4/bg.gif",
        "profile_image_url": "http://pbs.twimg.com/profile_images/1167488631780651009/5M8bSfzS_normal.jpg",
        "statuses_count": 73022,
        "listed_count": 26,
        "favourites_count": 38103,
        "utc_offset": null,
        "time_zone": null,
        "verified": false,
        "location": "Distrito Federal, México",
        "profile_background_image_url": "http://abs.twimg.com/images/themes/theme4/bg.gif",
        "translator_type": "none",
        "entities": {
          "description": {
            "urls": []
          }
        },
        "follow_request_sent": false,
        "has_extended_profile": true,
        "default_profile_image": false,
        "is_translation_enabled": false,
        "geo_enabled": true,
        "followers_count": 3736,
        "protected": false,
        "id_str": "368144740",
        "profile_background_color": "0099B9",
        "lang": null,
        "profile_image_url_https": "https://pbs.twimg.com/profile_images/1167488631780651009/5M8bSfzS_normal.jpg",
        "is_translator": false
      },
      "in_reply_to_status_id_str": null,
      "place": null,
      "retweeted_status": {
        "source": "<a href=\"https://mobile.twitter.com\" rel=\"nofollow\">Twitter Web App</a>",
        "is_quote_status": false,
        "truncated": false,
        "id": 1213594934286139393,
        "metadata": {
          "result_type": "recent",
          "iso_language_code": "es"
        },
        "favorite_count": 28,
        "created_at": "Sat Jan 04 22:55:54 +0000 2020",
        "contributors": null,
        "user": {
          "profile_sidebar_border_color": "F0A830",
          "following": false,
          "profile_sidebar_fill_color": "78C0A8",
          "profile_link_color": "E81C4F",
          "profile_banner_url": "https://pbs.twimg.com/profile_banners/71447779/1398822695",
          "name": "cecilia blume",
          "profile_background_tile": true,
          "profile_text_color": "5E412F",
          "friends_count": 1135,
          "id": 71447779,
          "screen_name": "ceciliablume",
          "profile_use_background_image": true,
          "description": "abogada. normal nomás!",
          "created_at": "Fri Sep 04 03:57:31 +0000 2009",
          "contributors_enabled": false,
          "url": "http://t.co/0qF0Yd1ZmN",
          "default_profile": false,
          "notifications": false,
          "profile_background_image_url_https": "https://abs.twimg.com/images/themes/theme1/bg.png",
          "profile_image_url": "http://pbs.twimg.com/profile_images/780921580432027648/IaxIcAxs_normal.jpg",
          "statuses_count": 25727,
          "listed_count": 280,
          "favourites_count": 107,
          "utc_offset": null,
          "time_zone": null,
          "verified": false,
          "location": "Lima",
          "profile_background_image_url": "http://abs.twimg.com/images/themes/theme1/bg.png",
          "translator_type": "none",
          "entities": {
            "description": {
              "urls": []
            },
            "url": {
              "urls": [
                {
                  "display_url": "ceciliablume.blogspot.com",
                  "expanded_url": "http://ceciliablume.blogspot.com",
                  "url": "http://t.co/0qF0Yd1ZmN",
                  "indices": [
                    0,
                    22
                  ]
                }
              ]
            }
          },
          "follow_request_sent": false,
          "has_extended_profile": false,
          "default_profile_image": false,
          "is_translation_enabled": false,
          "geo_enabled": true,
          "followers_count": 64469,
          "protected": false,
          "id_str": "71447779",
          "profile_background_color": "FCEBB6",
          "lang": null,
          "profile_image_url_https": "https://pbs.twimg.com/profile_images/780921580432027648/IaxIcAxs_normal.jpg",
          "is_translator": false
        },
        "in_reply_to_status_id_str": "1213499191613382656",
        "place": null,
        "id_str": "1213594934286139393",
        "retweeted": false,
        "text": "@matuk no fue conflicto armado, fue terrorismo",
        "in_reply_to_status_id": 1213499191613382656,
        "entities": {
          "hashtags": [],
          "urls": [],
          "user_mentions": [
            {
              "id_str": "14541101",
              "indices": [
                0,
                6
              ],
              "id": 14541101,
              "screen_name": "matuk",
              "name": "Farid Matuk"
            }
          ],
          "symbols": []
        },
        "favorited": false,
        "geo": null,
        "in_reply_to_user_id_str": "14541101",
        "coordinates": null,
        "retweet_count": 5,
        "in_reply_to_user_id": 14541101,
        "lang": "es",
        "in_reply_to_screen_name": "matuk"
      },
      "retweeted": false,
      "text": "RT @ceciliablume: @matuk no fue conflicto armado, fue terrorismo",
      "in_reply_to_status_id": null,
      "entities": {
        "hashtags": [],
        "urls": [],
        "user_mentions": [
          {
            "id_str": "71447779",
            "indices": [
              3,
              16
            ],
            "id": 71447779,
            "screen_name": "ceciliablume",
            "name": "cecilia blume"
          },
          {
            "id_str": "14541101",
            "indices": [
              18,
              24
            ],
            "id": 14541101,
            "screen_name": "matuk",
            "name": "Farid Matuk"
          }
        ],
        "symbols": []
      },
      "favorited": false,
      "geo": null,
      "in_reply_to_user_id_str": null,
      "coordinates": null,
      "id_str": "1213610140643053569",
      "in_reply_to_user_id": null,
      "lang": "es",
      "in_reply_to_screen_name": null
    }
  ],
  "request_date": "2020-01-04-19:16:44"
}