{
  "data": [
    {
      "in_reply_to_user_id_str": "376372261",
      "metadata": {
        "iso_language_code": "es",
        "result_type": "recent"
      },
      "id_str": "1203735674479763456",
      "in_reply_to_user_id": 376372261,
      "is_quote_status": false,
      "lang": "es",
      "user": {
        "time_zone": null,
        "name": "Renzo Gustavo",
        "id": 54389386,
        "statuses_count": 2283,
        "translator_type": "none",
        "profile_sidebar_border_color": "FFFFFF",
        "id_str": "54389386",
        "profile_background_image_url": "http://abs.twimg.com/images/themes/theme14/bg.gif",
        "follow_request_sent": false,
        "listed_count": 0,
        "profile_background_image_url_https": "https://abs.twimg.com/images/themes/theme14/bg.gif",
        "notifications": false,
        "lang": null,
        "profile_text_color": "333333",
        "profile_image_url_https": "https://pbs.twimg.com/profile_images/300830336/aa_normal.jpg",
        "favourites_count": 14393,
        "url": null,
        "description": "Arriba ,abajo,  echa Muni carajo! . . . Y el que diga q no, la ....",
        "has_extended_profile": true,
        "geo_enabled": false,
        "protected": false,
        "screen_name": "RenzoSkunk",
        "profile_use_background_image": true,
        "profile_image_url": "http://pbs.twimg.com/profile_images/300830336/aa_normal.jpg",
        "verified": false,
        "profile_background_tile": true,
        "following": false,
        "followers_count": 60,
        "utc_offset": null,
        "location": "",
        "is_translator": false,
        "entities": {
          "description": {
            "urls": []
          }
        },
        "friends_count": 287,
        "created_at": "Tue Jul 07 00:31:09 +0000 2009",
        "is_translation_enabled": false,
        "profile_link_color": "19CF86",
        "default_profile_image": false,
        "contributors_enabled": false,
        "profile_banner_url": "https://pbs.twimg.com/profile_banners/54389386/1529944964",
        "profile_background_color": "131516",
        "default_profile": false,
        "profile_sidebar_fill_color": "EFEFEF"
      },
      "retweet_count": 0,
      "in_reply_to_status_id": 1203499440994209794,
      "favorited": false,
      "contributors": null,
      "place": null,
      "text": "@aleskrause @CONTIGO_pe Ahora no jóven.",
      "retweeted": false,
      "truncated": false,
      "in_reply_to_status_id_str": "1203499440994209794",
      "id": 1203735674479763456,
      "in_reply_to_screen_name": "aleskrause",
      "entities": {
        "symbols": [],
        "hashtags": [],
        "urls": [],
        "user_mentions": [
          {
            "name": "Contigo 20",
            "id_str": "376372261",
            "screen_name": "aleskrause",
            "indices": [
              0,
              11
            ],
            "id": 376372261
          },
          {
            "name": "Partido Político CONTIGO 🇵🇪",
            "id_str": "3093249670",
            "screen_name": "CONTIGO_pe",
            "indices": [
              12,
              23
            ],
            "id": 3093249670
          }
        ]
      },
      "geo": null,
      "created_at": "Sun Dec 08 17:58:43 +0000 2019",
      "coordinates": null,
      "source": "<a href=\"http://twitter.com/download/android\" rel=\"nofollow\">Twitter for Android</a>",
      "favorite_count": 0
    },
    {
      "in_reply_to_user_id_str": "376372261",
      "metadata": {
        "iso_language_code": "es",
        "result_type": "recent"
      },
      "id_str": "1203732412611670021",
      "in_reply_to_user_id": 376372261,
      "is_quote_status": false,
      "lang": "es",
      "user": {
        "time_zone": null,
        "name": "Fernando Fernandez",
        "id": 869974043268665349,
        "statuses_count": 1911,
        "translator_type": "none",
        "profile_sidebar_border_color": "C0DEED",
        "id_str": "869974043268665349",
        "profile_background_image_url": null,
        "follow_request_sent": false,
        "listed_count": 0,
        "profile_background_image_url_https": null,
        "notifications": false,
        "lang": null,
        "profile_text_color": "333333",
        "profile_image_url_https": "https://pbs.twimg.com/profile_images/1076897078083751939/ZroZNaRy_normal.jpg",
        "favourites_count": 663,
        "url": "https://t.co/KmmXRAGQoW",
        "description": "Abogado, Maestría en Derecho Empresarial, Maestria en Persona Matrimonio y Familia, Diplomado...Católico, Conservador y Pro Vida hasta la muerte",
        "has_extended_profile": false,
        "geo_enabled": false,
        "protected": false,
        "screen_name": "Fernando302923",
        "profile_use_background_image": true,
        "profile_image_url": "http://pbs.twimg.com/profile_images/1076897078083751939/ZroZNaRy_normal.jpg",
        "verified": false,
        "profile_background_tile": false,
        "following": false,
        "followers_count": 208,
        "utc_offset": null,
        "location": "Lima, Peru",
        "is_translator": false,
        "entities": {
          "url": {
            "urls": [
              {
                "expanded_url": "http://vidavivaperu.org",
                "indices": [
                  0,
                  23
                ],
                "url": "https://t.co/KmmXRAGQoW",
                "display_url": "vidavivaperu.org"
              }
            ]
          },
          "description": {
            "urls": []
          }
        },
        "friends_count": 186,
        "created_at": "Wed May 31 17:49:10 +0000 2017",
        "is_translation_enabled": false,
        "profile_link_color": "1DA1F2",
        "default_profile_image": false,
        "contributors_enabled": false,
        "profile_background_color": "F5F8FA",
        "default_profile": true,
        "profile_sidebar_fill_color": "DDEEF6"
      },
      "retweet_count": 0,
      "in_reply_to_status_id": 1203499440994209794,
      "favorited": false,
      "contributors": null,
      "place": null,
      "text": "@aleskrause @CONTIGO_pe ¿Cuál es tu posicion sobre el ABORTO y el MATRIMONIO GAY?",
      "retweeted": false,
      "truncated": false,
      "in_reply_to_status_id_str": "1203499440994209794",
      "id": 1203732412611670021,
      "in_reply_to_screen_name": "aleskrause",
      "entities": {
        "symbols": [],
        "hashtags": [],
        "urls": [],
        "user_mentions": [
          {
            "name": "Contigo 20",
            "id_str": "376372261",
            "screen_name": "aleskrause",
            "indices": [
              0,
              11
            ],
            "id": 376372261
          },
          {
            "name": "Partido Político CONTIGO 🇵🇪",
            "id_str": "3093249670",
            "screen_name": "CONTIGO_pe",
            "indices": [
              12,
              23
            ],
            "id": 3093249670
          }
        ]
      },
      "geo": null,
      "created_at": "Sun Dec 08 17:45:46 +0000 2019",
      "coordinates": null,
      "source": "<a href=\"http://twitter.com/download/android\" rel=\"nofollow\">Twitter for Android</a>",
      "favorite_count": 0
    },
    {
      "in_reply_to_user_id_str": null,
      "metadata": {
        "iso_language_code": "es",
        "result_type": "recent"
      },
      "id_str": "1203729829130113025",
      "in_reply_to_user_id": null,
      "is_quote_status": false,
      "lang": "es",
      "user": {
        "time_zone": null,
        "name": "Sandra Salinas",
        "id": 882380604,
        "statuses_count": 1929,
        "translator_type": "none",
        "profile_sidebar_border_color": "CC3366",
        "id_str": "882380604",
        "profile_background_image_url": "http://abs.twimg.com/images/themes/theme11/bg.gif",
        "follow_request_sent": false,
        "listed_count": 2,
        "profile_background_image_url_https": "https://abs.twimg.com/images/themes/theme11/bg.gif",
        "notifications": false,
        "lang": null,
        "profile_text_color": "362720",
        "profile_image_url_https": "https://pbs.twimg.com/profile_images/1195861538785177605/bffungz8_normal.jpg",
        "favourites_count": 2250,
        "url": null,
        "description": "Licenciada en Derecho y Ciencias Políticas, especialista en Derechos Humanos",
        "has_extended_profile": false,
        "geo_enabled": false,
        "protected": false,
        "screen_name": "Sandra_SalinasG",
        "profile_use_background_image": true,
        "profile_image_url": "http://pbs.twimg.com/profile_images/1195861538785177605/bffungz8_normal.jpg",
        "verified": false,
        "profile_background_tile": true,
        "following": false,
        "followers_count": 187,
        "utc_offset": null,
        "location": "PERÚ",
        "is_translator": false,
        "entities": {
          "description": {
            "urls": []
          }
        },
        "friends_count": 345,
        "created_at": "Mon Oct 15 14:05:34 +0000 2012",
        "is_translation_enabled": false,
        "profile_link_color": "B40B43",
        "default_profile_image": false,
        "contributors_enabled": false,
        "profile_banner_url": "https://pbs.twimg.com/profile_banners/882380604/1574162250",
        "profile_background_color": "FF6699",
        "default_profile": false,
        "profile_sidebar_fill_color": "E5507E"
      },
      "retweet_count": 0,
      "in_reply_to_status_id": null,
      "favorited": false,
      "contributors": null,
      "place": null,
      "text": "Grato encuentro con Peruanos que por décadas vivieron fuera del Perú 🇵🇪 se lo duro que es migrar y lo complicado qu… https://t.co/zuFea2TVWK",
      "retweeted": false,
      "truncated": true,
      "in_reply_to_status_id_str": null,
      "id": 1203729829130113025,
      "in_reply_to_screen_name": null,
      "entities": {
        "symbols": [],
        "hashtags": [],
        "urls": [
          {
            "expanded_url": "https://twitter.com/i/web/status/1203729829130113025",
            "indices": [
              117,
              140
            ],
            "url": "https://t.co/zuFea2TVWK",
            "display_url": "twitter.com/i/web/status/1…"
          }
        ],
        "user_mentions": []
      },
      "geo": null,
      "created_at": "Sun Dec 08 17:35:30 +0000 2019",
      "coordinates": null,
      "source": "<a href=\"http://twitter.com/download/iphone\" rel=\"nofollow\">Twitter for iPhone</a>",
      "favorite_count": 0,
      "possibly_sensitive": false
    },
    {
      "in_reply_to_user_id_str": "376372261",
      "metadata": {
        "iso_language_code": "es",
        "result_type": "recent"
      },
      "id_str": "1203729222923116545",
      "in_reply_to_user_id": 376372261,
      "is_quote_status": false,
      "lang": "es",
      "user": {
        "time_zone": null,
        "name": "Eddy Cordova",
        "id": 2560306171,
        "statuses_count": 4454,
        "translator_type": "none",
        "profile_sidebar_border_color": "C0DEED",
        "id_str": "2560306171",
        "profile_background_image_url": "http://abs.twimg.com/images/themes/theme1/bg.png",
        "follow_request_sent": false,
        "listed_count": 0,
        "profile_background_image_url_https": "https://abs.twimg.com/images/themes/theme1/bg.png",
        "notifications": false,
        "lang": null,
        "profile_text_color": "333333",
        "profile_image_url_https": "https://pbs.twimg.com/profile_images/476539544469118976/gRPnfQLk_normal.jpeg",
        "favourites_count": 14822,
        "url": null,
        "description": "",
        "has_extended_profile": true,
        "geo_enabled": false,
        "protected": false,
        "screen_name": "eddycordova22",
        "profile_use_background_image": true,
        "profile_image_url": "http://pbs.twimg.com/profile_images/476539544469118976/gRPnfQLk_normal.jpeg",
        "verified": false,
        "profile_background_tile": false,
        "following": false,
        "followers_count": 59,
        "utc_offset": null,
        "location": "San miguel, lima, Peru",
        "is_translator": false,
        "entities": {
          "description": {
            "urls": []
          }
        },
        "friends_count": 80,
        "created_at": "Wed Jun 11 01:35:04 +0000 2014",
        "is_translation_enabled": false,
        "profile_link_color": "1DA1F2",
        "default_profile_image": false,
        "contributors_enabled": false,
        "profile_banner_url": "https://pbs.twimg.com/profile_banners/2560306171/1402450667",
        "profile_background_color": "C0DEED",
        "default_profile": true,
        "profile_sidebar_fill_color": "DDEEF6"
      },
      "retweet_count": 0,
      "in_reply_to_status_id": 1203499440994209794,
      "favorited": false,
      "contributors": null,
      "place": null,
      "text": "@aleskrause @CONTIGO_pe Salir de la pobreza???\nEsta dama esta fuera de foco\nYo no voto por Esa agrupacion fujiaprista!!",
      "retweeted": false,
      "truncated": false,
      "in_reply_to_status_id_str": "1203499440994209794",
      "id": 1203729222923116545,
      "in_reply_to_screen_name": "aleskrause",
      "entities": {
        "symbols": [],
        "hashtags": [],
        "urls": [],
        "user_mentions": [
          {
            "name": "Contigo 20",
            "id_str": "376372261",
            "screen_name": "aleskrause",
            "indices": [
              0,
              11
            ],
            "id": 376372261
          },
          {
            "name": "Partido Político CONTIGO 🇵🇪",
            "id_str": "3093249670",
            "screen_name": "CONTIGO_pe",
            "indices": [
              12,
              23
            ],
            "id": 3093249670
          }
        ]
      },
      "geo": null,
      "created_at": "Sun Dec 08 17:33:05 +0000 2019",
      "coordinates": null,
      "source": "<a href=\"http://twitter.com/download/android\" rel=\"nofollow\">Twitter for Android</a>",
      "favorite_count": 1
    },
    {
      "in_reply_to_user_id_str": "376372261",
      "metadata": {
        "iso_language_code": "es",
        "result_type": "recent"
      },
      "id_str": "1203728490547351552",
      "in_reply_to_user_id": 376372261,
      "is_quote_status": false,
      "lang": "es",
      "user": {
        "time_zone": null,
        "name": "David saldarriaga",
        "id": 558134753,
        "statuses_count": 1274,
        "translator_type": "none",
        "profile_sidebar_border_color": "C0DEED",
        "id_str": "558134753",
        "profile_background_image_url": "http://abs.twimg.com/images/themes/theme1/bg.png",
        "follow_request_sent": false,
        "listed_count": 2,
        "profile_background_image_url_https": "https://abs.twimg.com/images/themes/theme1/bg.png",
        "notifications": false,
        "lang": null,
        "profile_text_color": "333333",
        "profile_image_url_https": "https://pbs.twimg.com/profile_images/841683831912570880/UzX89Nv5_normal.jpg",
        "favourites_count": 2542,
        "url": null,
        "description": "cuidados criticos neuroquirurgicos.",
        "has_extended_profile": false,
        "geo_enabled": true,
        "protected": false,
        "screen_name": "Davidsaldarria5",
        "profile_use_background_image": true,
        "profile_image_url": "http://pbs.twimg.com/profile_images/841683831912570880/UzX89Nv5_normal.jpg",
        "verified": false,
        "profile_background_tile": false,
        "following": false,
        "followers_count": 202,
        "utc_offset": null,
        "location": "",
        "is_translator": false,
        "entities": {
          "description": {
            "urls": []
          }
        },
        "friends_count": 282,
        "created_at": "Thu Apr 19 23:08:26 +0000 2012",
        "is_translation_enabled": false,
        "profile_link_color": "1DA1F2",
        "default_profile_image": false,
        "contributors_enabled": false,
        "profile_banner_url": "https://pbs.twimg.com/profile_banners/558134753/1411734636",
        "profile_background_color": "C0DEED",
        "default_profile": true,
        "profile_sidebar_fill_color": "DDEEF6"
      },
      "retweet_count": 0,
      "in_reply_to_status_id": 1203499440994209794,
      "favorited": false,
      "contributors": null,
      "place": null,
      "text": "@aleskrause @CONTIGO_pe Primero di a que te dedicas para ver si amerita, porque las promesas se van al aire. Tu par… https://t.co/nxE4Q0qLME",
      "retweeted": false,
      "truncated": true,
      "in_reply_to_status_id_str": "1203499440994209794",
      "id": 1203728490547351552,
      "in_reply_to_screen_name": "aleskrause",
      "entities": {
        "symbols": [],
        "hashtags": [],
        "urls": [
          {
            "expanded_url": "https://twitter.com/i/web/status/1203728490547351552",
            "indices": [
              117,
              140
            ],
            "url": "https://t.co/nxE4Q0qLME",
            "display_url": "twitter.com/i/web/status/1…"
          }
        ],
        "user_mentions": [
          {
            "name": "Contigo 20",
            "id_str": "376372261",
            "screen_name": "aleskrause",
            "indices": [
              0,
              11
            ],
            "id": 376372261
          },
          {
            "name": "Partido Político CONTIGO 🇵🇪",
            "id_str": "3093249670",
            "screen_name": "CONTIGO_pe",
            "indices": [
              12,
              23
            ],
            "id": 3093249670
          }
        ]
      },
      "geo": null,
      "created_at": "Sun Dec 08 17:30:10 +0000 2019",
      "coordinates": null,
      "source": "<a href=\"http://twitter.com/download/android\" rel=\"nofollow\">Twitter for Android</a>",
      "favorite_count": 0
    },
    {
      "in_reply_to_user_id_str": "376372261",
      "metadata": {
        "iso_language_code": "es",
        "result_type": "recent"
      },
      "id_str": "1203728449233399809",
      "in_reply_to_user_id": 376372261,
      "is_quote_status": false,
      "lang": "es",
      "user": {
        "time_zone": null,
        "name": "N. Cuadros",
        "id": 945321390906990592,
        "statuses_count": 646,
        "translator_type": "none",
        "profile_sidebar_border_color": "000000",
        "id_str": "945321390906990592",
        "profile_background_image_url": "http://abs.twimg.com/images/themes/theme1/bg.png",
        "follow_request_sent": false,
        "listed_count": 0,
        "profile_background_image_url_https": "https://abs.twimg.com/images/themes/theme1/bg.png",
        "notifications": false,
        "lang": null,
        "profile_text_color": "000000",
        "profile_image_url_https": "https://pbs.twimg.com/profile_images/970358861013094400/TFEXX6eJ_normal.jpg",
        "favourites_count": 1585,
        "url": null,
        "description": "",
        "has_extended_profile": true,
        "geo_enabled": false,
        "protected": false,
        "screen_name": "pensacola1998",
        "profile_use_background_image": false,
        "profile_image_url": "http://pbs.twimg.com/profile_images/970358861013094400/TFEXX6eJ_normal.jpg",
        "verified": false,
        "profile_background_tile": false,
        "following": false,
        "followers_count": 16,
        "utc_offset": null,
        "location": "Pace, FL",
        "is_translator": false,
        "entities": {
          "description": {
            "urls": []
          }
        },
        "friends_count": 85,
        "created_at": "Mon Dec 25 15:52:37 +0000 2017",
        "is_translation_enabled": false,
        "profile_link_color": "FF691F",
        "default_profile_image": false,
        "contributors_enabled": false,
        "profile_background_color": "000000",
        "default_profile": false,
        "profile_sidebar_fill_color": "000000"
      },
      "retweet_count": 0,
      "in_reply_to_status_id": 1203499440994209794,
      "favorited": false,
      "contributors": null,
      "place": null,
      "text": "@aleskrause @CONTIGO_pe Nadie votara por contigo yas frita",
      "retweeted": false,
      "truncated": false,
      "in_reply_to_status_id_str": "1203499440994209794",
      "id": 1203728449233399809,
      "in_reply_to_screen_name": "aleskrause",
      "entities": {
        "symbols": [],
        "hashtags": [],
        "urls": [],
        "user_mentions": [
          {
            "name": "Contigo 20",
            "id_str": "376372261",
            "screen_name": "aleskrause",
            "indices": [
              0,
              11
            ],
            "id": 376372261
          },
          {
            "name": "Partido Político CONTIGO 🇵🇪",
            "id_str": "3093249670",
            "screen_name": "CONTIGO_pe",
            "indices": [
              12,
              23
            ],
            "id": 3093249670
          }
        ]
      },
      "geo": null,
      "created_at": "Sun Dec 08 17:30:01 +0000 2019",
      "coordinates": null,
      "source": "<a href=\"http://twitter.com/download/android\" rel=\"nofollow\">Twitter for Android</a>",
      "favorite_count": 0
    },
    {
      "in_reply_to_user_id_str": null,
      "metadata": {
        "iso_language_code": "es",
        "result_type": "recent"
      },
      "retweeted_status": {
        "in_reply_to_user_id_str": null,
        "metadata": {
          "iso_language_code": "es",
          "result_type": "recent"
        },
        "id_str": "1203499440994209794",
        "in_reply_to_user_id": null,
        "is_quote_status": false,
        "lang": "es",
        "user": {
          "time_zone": null,
          "name": "Contigo 20",
          "id": 376372261,
          "statuses_count": 2485,
          "translator_type": "none",
          "profile_sidebar_border_color": "C0DEED",
          "id_str": "376372261",
          "profile_background_image_url": "http://abs.twimg.com/images/themes/theme1/bg.png",
          "follow_request_sent": false,
          "listed_count": 4,
          "profile_background_image_url_https": "https://abs.twimg.com/images/themes/theme1/bg.png",
          "notifications": false,
          "lang": null,
          "profile_text_color": "333333",
          "profile_image_url_https": "https://pbs.twimg.com/profile_images/1200063052206526467/ralndZ80_normal.jpg",
          "favourites_count": 1601,
          "url": "https://t.co/ufi9FgWMQ1",
          "description": "Mamá defensora de la vida. Joven candidata al Congreso 2020 con el N°20 por el partido político Contigo.",
          "has_extended_profile": true,
          "geo_enabled": false,
          "protected": false,
          "screen_name": "aleskrause",
          "profile_use_background_image": true,
          "profile_image_url": "http://pbs.twimg.com/profile_images/1200063052206526467/ralndZ80_normal.jpg",
          "verified": false,
          "profile_background_tile": false,
          "following": false,
          "followers_count": 523,
          "utc_offset": null,
          "location": "Lima, Peru",
          "is_translator": false,
          "entities": {
            "url": {
              "urls": [
                {
                  "expanded_url": "https://www.facebook.com/alesandrakrausealcongreso20/",
                  "indices": [
                    0,
                    23
                  ],
                  "url": "https://t.co/ufi9FgWMQ1",
                  "display_url": "facebook.com/alesandrakraus…"
                }
              ]
            },
            "description": {
              "urls": []
            }
          },
          "friends_count": 403,
          "created_at": "Mon Sep 19 19:32:13 +0000 2011",
          "is_translation_enabled": false,
          "profile_link_color": "203D47",
          "default_profile_image": false,
          "contributors_enabled": false,
          "profile_banner_url": "https://pbs.twimg.com/profile_banners/376372261/1575499401",
          "profile_background_color": "C0DEED",
          "default_profile": false,
          "profile_sidebar_fill_color": "DDEEF6"
        },
        "retweet_count": 19,
        "in_reply_to_status_id": null,
        "favorited": false,
        "contributors": null,
        "place": null,
        "text": "Conóceme, soy Alessandra Krause, candidata número 20 por el partido político Contigo para las elecciones al Congres… https://t.co/RX5GY7aPrR",
        "retweeted": false,
        "truncated": true,
        "in_reply_to_status_id_str": null,
        "id": 1203499440994209794,
        "in_reply_to_screen_name": null,
        "entities": {
          "symbols": [],
          "hashtags": [],
          "urls": [
            {
              "expanded_url": "https://twitter.com/i/web/status/1203499440994209794",
              "indices": [
                117,
                140
              ],
              "url": "https://t.co/RX5GY7aPrR",
              "display_url": "twitter.com/i/web/status/1…"
            }
          ],
          "user_mentions": []
        },
        "geo": null,
        "created_at": "Sun Dec 08 02:20:01 +0000 2019",
        "coordinates": null,
        "source": "<a href=\"http://twitter.com/download/iphone\" rel=\"nofollow\">Twitter for iPhone</a>",
        "favorite_count": 62,
        "possibly_sensitive": false
      },
      "id_str": "1203727853784842242",
      "in_reply_to_user_id": null,
      "is_quote_status": false,
      "lang": "es",
      "user": {
        "time_zone": null,
        "name": "jesus osco tomayro",
        "id": 1075613675493515264,
        "statuses_count": 28210,
        "translator_type": "none",
        "profile_sidebar_border_color": "C0DEED",
        "id_str": "1075613675493515264",
        "profile_background_image_url": null,
        "follow_request_sent": false,
        "listed_count": 0,
        "profile_background_image_url_https": null,
        "notifications": false,
        "lang": null,
        "profile_text_color": "333333",
        "profile_image_url_https": "https://pbs.twimg.com/profile_images/1146201110522269701/_8U8hcKd_normal.png",
        "favourites_count": 28502,
        "url": null,
        "description": "",
        "has_extended_profile": false,
        "geo_enabled": false,
        "protected": false,
        "screen_name": "osco_jesus",
        "profile_use_background_image": true,
        "profile_image_url": "http://pbs.twimg.com/profile_images/1146201110522269701/_8U8hcKd_normal.png",
        "verified": false,
        "profile_background_tile": false,
        "following": false,
        "followers_count": 335,
        "utc_offset": null,
        "location": "",
        "is_translator": false,
        "entities": {
          "description": {
            "urls": []
          }
        },
        "friends_count": 1332,
        "created_at": "Thu Dec 20 04:47:38 +0000 2018",
        "is_translation_enabled": false,
        "profile_link_color": "1DA1F2",
        "default_profile_image": false,
        "contributors_enabled": false,
        "profile_background_color": "F5F8FA",
        "default_profile": true,
        "profile_sidebar_fill_color": "DDEEF6"
      },
      "retweet_count": 19,
      "in_reply_to_status_id": null,
      "favorited": false,
      "contributors": null,
      "place": null,
      "text": "RT @aleskrause: Conóceme, soy Alessandra Krause, candidata número 20 por el partido político Contigo para las elecciones al Congreso 2020.…",
      "retweeted": false,
      "truncated": false,
      "in_reply_to_status_id_str": null,
      "id": 1203727853784842242,
      "in_reply_to_screen_name": null,
      "entities": {
        "symbols": [],
        "hashtags": [],
        "urls": [],
        "user_mentions": [
          {
            "name": "Contigo 20",
            "id_str": "376372261",
            "screen_name": "aleskrause",
            "indices": [
              3,
              14
            ],
            "id": 376372261
          }
        ]
      },
      "geo": null,
      "created_at": "Sun Dec 08 17:27:39 +0000 2019",
      "coordinates": null,
      "source": "<a href=\"https://mobile.twitter.com\" rel=\"nofollow\">Twitter Web App</a>",
      "favorite_count": 0
    },
    {
      "in_reply_to_user_id_str": "376372261",
      "metadata": {
        "iso_language_code": "es",
        "result_type": "recent"
      },
      "id_str": "1203726530829881349",
      "in_reply_to_user_id": 376372261,
      "is_quote_status": false,
      "lang": "es",
      "user": {
        "time_zone": null,
        "name": "Carmen V.",
        "id": 1053652074183974912,
        "statuses_count": 1808,
        "translator_type": "none",
        "profile_sidebar_border_color": "C0DEED",
        "id_str": "1053652074183974912",
        "profile_background_image_url": null,
        "follow_request_sent": false,
        "listed_count": 0,
        "profile_background_image_url_https": null,
        "notifications": false,
        "lang": null,
        "profile_text_color": "333333",
        "profile_image_url_https": "https://pbs.twimg.com/profile_images/1053684946408300548/HXdDvQ8k_normal.jpg",
        "favourites_count": 8567,
        "url": null,
        "description": "",
        "has_extended_profile": false,
        "geo_enabled": false,
        "protected": false,
        "screen_name": "CarmenV21405023",
        "profile_use_background_image": true,
        "profile_image_url": "http://pbs.twimg.com/profile_images/1053684946408300548/HXdDvQ8k_normal.jpg",
        "verified": false,
        "profile_background_tile": false,
        "following": false,
        "followers_count": 40,
        "utc_offset": null,
        "location": "Peru",
        "is_translator": false,
        "entities": {
          "description": {
            "urls": []
          }
        },
        "friends_count": 362,
        "created_at": "Sat Oct 20 14:20:05 +0000 2018",
        "is_translation_enabled": false,
        "profile_link_color": "1DA1F2",
        "default_profile_image": false,
        "contributors_enabled": false,
        "profile_background_color": "F5F8FA",
        "default_profile": true,
        "profile_sidebar_fill_color": "DDEEF6"
      },
      "retweet_count": 0,
      "in_reply_to_status_id": 1203499440994209794,
      "favorited": false,
      "contributors": null,
      "place": null,
      "text": "@aleskrause @CONTIGO_pe Con Sheput y Heresi liderando ese partido, sus fuerzas siempre estarán orientadas a sus venganzas políticas👎",
      "retweeted": false,
      "truncated": false,
      "in_reply_to_status_id_str": "1203499440994209794",
      "id": 1203726530829881349,
      "in_reply_to_screen_name": "aleskrause",
      "entities": {
        "symbols": [],
        "hashtags": [],
        "urls": [],
        "user_mentions": [
          {
            "name": "Contigo 20",
            "id_str": "376372261",
            "screen_name": "aleskrause",
            "indices": [
              0,
              11
            ],
            "id": 376372261
          },
          {
            "name": "Partido Político CONTIGO 🇵🇪",
            "id_str": "3093249670",
            "screen_name": "CONTIGO_pe",
            "indices": [
              12,
              23
            ],
            "id": 3093249670
          }
        ]
      },
      "geo": null,
      "created_at": "Sun Dec 08 17:22:23 +0000 2019",
      "coordinates": null,
      "source": "<a href=\"http://twitter.com/download/iphone\" rel=\"nofollow\">Twitter for iPhone</a>",
      "favorite_count": 0
    },
    {
      "in_reply_to_user_id_str": "376372261",
      "metadata": {
        "iso_language_code": "es",
        "result_type": "recent"
      },
      "id_str": "1203725012890476544",
      "in_reply_to_user_id": 376372261,
      "is_quote_status": false,
      "lang": "es",
      "user": {
        "time_zone": null,
        "name": "Nictálope 🇵🇪 🇦🇷",
        "id": 737745280754429952,
        "statuses_count": 4275,
        "translator_type": "none",
        "profile_sidebar_border_color": "C0DEED",
        "id_str": "737745280754429952",
        "profile_background_image_url": null,
        "follow_request_sent": false,
        "listed_count": 1,
        "profile_background_image_url_https": null,
        "notifications": false,
        "lang": null,
        "profile_text_color": "333333",
        "profile_image_url_https": "https://pbs.twimg.com/profile_images/1122160396792545281/Hu09dQvt_normal.png",
        "favourites_count": 5334,
        "url": null,
        "description": "Trabajando al lado de mi esposa y educando a mis hijas para que sean ciudadanas de bien. \nConvencido de que la lacra de la corrupción tiene los días contados.",
        "has_extended_profile": true,
        "geo_enabled": false,
        "protected": false,
        "screen_name": "arca_nelson",
        "profile_use_background_image": true,
        "profile_image_url": "http://pbs.twimg.com/profile_images/1122160396792545281/Hu09dQvt_normal.png",
        "verified": false,
        "profile_background_tile": false,
        "following": false,
        "followers_count": 99,
        "utc_offset": null,
        "location": "Peru",
        "is_translator": false,
        "entities": {
          "description": {
            "urls": []
          }
        },
        "friends_count": 284,
        "created_at": "Tue May 31 20:39:16 +0000 2016",
        "is_translation_enabled": false,
        "profile_link_color": "1DA1F2",
        "default_profile_image": false,
        "contributors_enabled": false,
        "profile_banner_url": "https://pbs.twimg.com/profile_banners/737745280754429952/1556378812",
        "profile_background_color": "F5F8FA",
        "default_profile": true,
        "profile_sidebar_fill_color": "DDEEF6"
      },
      "retweet_count": 0,
      "in_reply_to_status_id": 1203499440994209794,
      "favorited": false,
      "contributors": null,
      "place": null,
      "text": "@aleskrause @CONTIGO_pe Nada que tenga que ver con sheput el toledista",
      "retweeted": false,
      "truncated": false,
      "in_reply_to_status_id_str": "1203499440994209794",
      "id": 1203725012890476544,
      "in_reply_to_screen_name": "aleskrause",
      "entities": {
        "symbols": [],
        "hashtags": [],
        "urls": [],
        "user_mentions": [
          {
            "name": "Contigo 20",
            "id_str": "376372261",
            "screen_name": "aleskrause",
            "indices": [
              0,
              11
            ],
            "id": 376372261
          },
          {
            "name": "Partido Político CONTIGO 🇵🇪",
            "id_str": "3093249670",
            "screen_name": "CONTIGO_pe",
            "indices": [
              12,
              23
            ],
            "id": 3093249670
          }
        ]
      },
      "geo": null,
      "created_at": "Sun Dec 08 17:16:21 +0000 2019",
      "coordinates": null,
      "source": "<a href=\"https://mobile.twitter.com\" rel=\"nofollow\">Twitter Web App</a>",
      "favorite_count": 0
    },
    {
      "in_reply_to_user_id_str": null,
      "metadata": {
        "iso_language_code": "es",
        "result_type": "recent"
      },
      "retweeted_status": {
        "in_reply_to_user_id_str": null,
        "metadata": {
          "iso_language_code": "es",
          "result_type": "recent"
        },
        "id_str": "1202331380958605314",
        "in_reply_to_user_id": null,
        "is_quote_status": false,
        "lang": "es",
        "user": {
          "time_zone": null,
          "name": "Partido Político CONTIGO 🇵🇪",
          "id": 3093249670,
          "statuses_count": 2277,
          "translator_type": "none",
          "profile_sidebar_border_color": "C0DEED",
          "id_str": "3093249670",
          "profile_background_image_url": "http://abs.twimg.com/images/themes/theme1/bg.png",
          "follow_request_sent": false,
          "listed_count": 36,
          "profile_background_image_url_https": "https://abs.twimg.com/images/themes/theme1/bg.png",
          "notifications": false,
          "lang": null,
          "profile_text_color": "333333",
          "profile_image_url_https": "https://pbs.twimg.com/profile_images/1101926393670180864/2SVYqaqd_normal.jpg",
          "favourites_count": 2725,
          "url": "https://t.co/CGAv5iiU1v",
          "description": "Cuenta oficial de CONTIGO // #Perú 🇵🇪 // Actual Presidente @gilbertvioleta // https://t.co/p1ZbjhmFvE // https://t.co/i699Pqrtc9",
          "has_extended_profile": true,
          "geo_enabled": true,
          "protected": false,
          "screen_name": "CONTIGO_pe",
          "profile_use_background_image": true,
          "profile_image_url": "http://pbs.twimg.com/profile_images/1101926393670180864/2SVYqaqd_normal.jpg",
          "verified": false,
          "profile_background_tile": false,
          "following": false,
          "followers_count": 3621,
          "utc_offset": null,
          "location": "Av. Arequipa 4500 - Lima",
          "is_translator": false,
          "entities": {
            "url": {
              "urls": [
                {
                  "expanded_url": "http://partidocontigo.pe/",
                  "indices": [
                    0,
                    23
                  ],
                  "url": "https://t.co/CGAv5iiU1v",
                  "display_url": "partidocontigo.pe"
                }
              ]
            },
            "description": {
              "urls": [
                {
                  "expanded_url": "http://facebook.com/PartidoPoliticoCONTIGO",
                  "indices": [
                    78,
                    101
                  ],
                  "url": "https://t.co/p1ZbjhmFvE",
                  "display_url": "facebook.com/PartidoPolitic…"
                },
                {
                  "expanded_url": "http://www.instagram.com/partidopoliticocontigo/",
                  "indices": [
                    105,
                    128
                  ],
                  "url": "https://t.co/i699Pqrtc9",
                  "display_url": "instagram.com/partidopolitic…"
                }
              ]
            }
          },
          "friends_count": 309,
          "created_at": "Tue Mar 17 19:44:46 +0000 2015",
          "is_translation_enabled": false,
          "profile_link_color": "1DA1F2",
          "default_profile_image": false,
          "contributors_enabled": false,
          "profile_banner_url": "https://pbs.twimg.com/profile_banners/3093249670/1575492247",
          "profile_background_color": "C0DEED",
          "default_profile": true,
          "profile_sidebar_fill_color": "DDEEF6"
        },
        "retweet_count": 12,
        "in_reply_to_status_id": null,
        "favorited": false,
        "contributors": null,
        "place": null,
        "text": "En el Partido Contigo proponemos pasar a la acción, con propuestas concretas, con el único fin de mejorar la vida d… https://t.co/jRynPu8bQ4",
        "retweeted": false,
        "truncated": true,
        "in_reply_to_status_id_str": null,
        "id": 1202331380958605314,
        "in_reply_to_screen_name": null,
        "entities": {
          "symbols": [],
          "hashtags": [],
          "urls": [
            {
              "expanded_url": "https://twitter.com/i/web/status/1202331380958605314",
              "indices": [
                117,
                140
              ],
              "url": "https://t.co/jRynPu8bQ4",
              "display_url": "twitter.com/i/web/status/1…"
            }
          ],
          "user_mentions": []
        },
        "geo": null,
        "created_at": "Wed Dec 04 20:58:34 +0000 2019",
        "coordinates": null,
        "source": "<a href=\"https://mobile.twitter.com\" rel=\"nofollow\">Twitter Web App</a>",
        "favorite_count": 36,
        "possibly_sensitive": false
      },
      "id_str": "1203723303946477568",
      "in_reply_to_user_id": null,
      "is_quote_status": false,
      "lang": "es",
      "user": {
        "time_zone": null,
        "name": "Rigo Coico Monroy",
        "id": 128016302,
        "statuses_count": 41,
        "translator_type": "none",
        "profile_sidebar_border_color": "FFF8AD",
        "id_str": "128016302",
        "profile_background_image_url": "http://abs.twimg.com/images/themes/theme19/bg.gif",
        "follow_request_sent": false,
        "listed_count": 0,
        "profile_background_image_url_https": "https://abs.twimg.com/images/themes/theme19/bg.gif",
        "notifications": false,
        "lang": null,
        "profile_text_color": "333333",
        "profile_image_url_https": "https://pbs.twimg.com/profile_images/1202330201990062086/aYNuzA_e_normal.jpg",
        "favourites_count": 49,
        "url": "https://t.co/g7HtsiDUBc",
        "description": "Hijo, padre y ciudadano, abogado idealista en busca de contribuir en un Perú mejor, no solo de la tribuna sino tomando acción y contribuyendo con el cambio...",
        "has_extended_profile": false,
        "geo_enabled": false,
        "protected": false,
        "screen_name": "RigoCoicoPeru",
        "profile_use_background_image": true,
        "profile_image_url": "http://pbs.twimg.com/profile_images/1202330201990062086/aYNuzA_e_normal.jpg",
        "verified": false,
        "profile_background_tile": false,
        "following": false,
        "followers_count": 38,
        "utc_offset": null,
        "location": "Lima Tacna",
        "is_translator": false,
        "entities": {
          "url": {
            "urls": [
              {
                "expanded_url": "http://edwincoicomonroy-rigo.blogspot.com",
                "indices": [
                  0,
                  23
                ],
                "url": "https://t.co/g7HtsiDUBc",
                "display_url": "edwincoicomonroy-rigo.blogspot.com"
              }
            ]
          },
          "description": {
            "urls": []
          }
        },
        "friends_count": 138,
        "created_at": "Tue Mar 30 21:40:38 +0000 2010",
        "is_translation_enabled": false,
        "profile_link_color": "0099CC",
        "default_profile_image": false,
        "contributors_enabled": false,
        "profile_banner_url": "https://pbs.twimg.com/profile_banners/128016302/1574089796",
        "profile_background_color": "FFF04D",
        "default_profile": false,
        "profile_sidebar_fill_color": "F6FFD1"
      },
      "retweet_count": 12,
      "in_reply_to_status_id": null,
      "favorited": false,
      "contributors": null,
      "place": null,
      "text": "RT @CONTIGO_pe: En el Partido Contigo proponemos pasar a la acción, con propuestas concretas, con el único fin de mejorar la vida de cada p…",
      "retweeted": false,
      "truncated": false,
      "in_reply_to_status_id_str": null,
      "id": 1203723303946477568,
      "in_reply_to_screen_name": null,
      "entities": {
        "symbols": [],
        "hashtags": [],
        "urls": [],
        "user_mentions": [
          {
            "name": "Partido Político CONTIGO 🇵🇪",
            "id_str": "3093249670",
            "screen_name": "CONTIGO_pe",
            "indices": [
              3,
              14
            ],
            "id": 3093249670
          }
        ]
      },
      "geo": null,
      "created_at": "Sun Dec 08 17:09:34 +0000 2019",
      "coordinates": null,
      "source": "<a href=\"http://twitter.com/download/android\" rel=\"nofollow\">Twitter for Android</a>",
      "favorite_count": 0
    },
    {
      "in_reply_to_user_id_str": "376372261",
      "metadata": {
        "iso_language_code": "es",
        "result_type": "recent"
      },
      "id_str": "1203722233455116289",
      "in_reply_to_user_id": 376372261,
      "is_quote_status": false,
      "lang": "es",
      "user": {
        "time_zone": null,
        "name": "Jean Paul Castillo",
        "id": 160443898,
        "statuses_count": 6672,
        "translator_type": "none",
        "profile_sidebar_border_color": "C0DEED",
        "id_str": "160443898",
        "profile_background_image_url": "http://abs.twimg.com/images/themes/theme1/bg.png",
        "follow_request_sent": false,
        "listed_count": 0,
        "profile_background_image_url_https": "https://abs.twimg.com/images/themes/theme1/bg.png",
        "notifications": false,
        "lang": null,
        "profile_text_color": "333333",
        "profile_image_url_https": "https://pbs.twimg.com/profile_images/1202389889653731329/PhnOmoYr_normal.jpg",
        "favourites_count": 16638,
        "url": null,
        "description": "",
        "has_extended_profile": false,
        "geo_enabled": false,
        "protected": false,
        "screen_name": "jpcastledark",
        "profile_use_background_image": true,
        "profile_image_url": "http://pbs.twimg.com/profile_images/1202389889653731329/PhnOmoYr_normal.jpg",
        "verified": false,
        "profile_background_tile": false,
        "following": false,
        "followers_count": 111,
        "utc_offset": null,
        "location": "",
        "is_translator": false,
        "entities": {
          "description": {
            "urls": []
          }
        },
        "friends_count": 1598,
        "created_at": "Mon Jun 28 05:26:24 +0000 2010",
        "is_translation_enabled": false,
        "profile_link_color": "1DA1F2",
        "default_profile_image": false,
        "contributors_enabled": false,
        "profile_background_color": "C0DEED",
        "default_profile": true,
        "profile_sidebar_fill_color": "DDEEF6"
      },
      "retweet_count": 0,
      "in_reply_to_status_id": 1203499440994209794,
      "favorited": false,
      "contributors": null,
      "place": null,
      "text": "@aleskrause @CONTIGO_pe No, gracias. Disculpeme pero en 31 segundos ud. no ha explicado cual es su propuesta en ley… https://t.co/T273Nbukek",
      "retweeted": false,
      "truncated": true,
      "in_reply_to_status_id_str": "1203499440994209794",
      "id": 1203722233455116289,
      "in_reply_to_screen_name": "aleskrause",
      "entities": {
        "symbols": [],
        "hashtags": [],
        "urls": [
          {
            "expanded_url": "https://twitter.com/i/web/status/1203722233455116289",
            "indices": [
              117,
              140
            ],
            "url": "https://t.co/T273Nbukek",
            "display_url": "twitter.com/i/web/status/1…"
          }
        ],
        "user_mentions": [
          {
            "name": "Contigo 20",
            "id_str": "376372261",
            "screen_name": "aleskrause",
            "indices": [
              0,
              11
            ],
            "id": 376372261
          },
          {
            "name": "Partido Político CONTIGO 🇵🇪",
            "id_str": "3093249670",
            "screen_name": "CONTIGO_pe",
            "indices": [
              12,
              23
            ],
            "id": 3093249670
          }
        ]
      },
      "geo": null,
      "created_at": "Sun Dec 08 17:05:19 +0000 2019",
      "coordinates": null,
      "source": "<a href=\"http://twitter.com/download/android\" rel=\"nofollow\">Twitter for Android</a>",
      "favorite_count": 0
    },
    {
      "in_reply_to_user_id_str": "376372261",
      "metadata": {
        "iso_language_code": "es",
        "result_type": "recent"
      },
      "id_str": "1203722177486438402",
      "in_reply_to_user_id": 376372261,
      "is_quote_status": false,
      "lang": "es",
      "user": {
        "time_zone": null,
        "name": "Juvenal Aguirre",
        "id": 926977164494372864,
        "statuses_count": 60,
        "translator_type": "none",
        "profile_sidebar_border_color": "C0DEED",
        "id_str": "926977164494372864",
        "profile_background_image_url": null,
        "follow_request_sent": false,
        "listed_count": 0,
        "profile_background_image_url_https": null,
        "notifications": false,
        "lang": null,
        "profile_text_color": "333333",
        "profile_image_url_https": "https://abs.twimg.com/sticky/default_profile_images/default_profile_normal.png",
        "favourites_count": 351,
        "url": null,
        "description": "",
        "has_extended_profile": false,
        "geo_enabled": false,
        "protected": false,
        "screen_name": "JuvenalAguirre3",
        "profile_use_background_image": true,
        "profile_image_url": "http://abs.twimg.com/sticky/default_profile_images/default_profile_normal.png",
        "verified": false,
        "profile_background_tile": false,
        "following": false,
        "followers_count": 28,
        "utc_offset": null,
        "location": "",
        "is_translator": false,
        "entities": {
          "description": {
            "urls": []
          }
        },
        "friends_count": 340,
        "created_at": "Sun Nov 05 00:59:13 +0000 2017",
        "is_translation_enabled": false,
        "profile_link_color": "1DA1F2",
        "default_profile_image": true,
        "contributors_enabled": false,
        "profile_background_color": "F5F8FA",
        "default_profile": true,
        "profile_sidebar_fill_color": "DDEEF6"
      },
      "retweet_count": 0,
      "in_reply_to_status_id": 1203499440994209794,
      "favorited": false,
      "contributors": null,
      "place": null,
      "text": "@aleskrause @CONTIGO_pe Mucha suerte Alessandra, mujeres con tu perfil democratico defensora de la constitucion son… https://t.co/V50kiowGyG",
      "retweeted": false,
      "truncated": true,
      "in_reply_to_status_id_str": "1203499440994209794",
      "id": 1203722177486438402,
      "in_reply_to_screen_name": "aleskrause",
      "entities": {
        "symbols": [],
        "hashtags": [],
        "urls": [
          {
            "expanded_url": "https://twitter.com/i/web/status/1203722177486438402",
            "indices": [
              117,
              140
            ],
            "url": "https://t.co/V50kiowGyG",
            "display_url": "twitter.com/i/web/status/1…"
          }
        ],
        "user_mentions": [
          {
            "name": "Contigo 20",
            "id_str": "376372261",
            "screen_name": "aleskrause",
            "indices": [
              0,
              11
            ],
            "id": 376372261
          },
          {
            "name": "Partido Político CONTIGO 🇵🇪",
            "id_str": "3093249670",
            "screen_name": "CONTIGO_pe",
            "indices": [
              12,
              23
            ],
            "id": 3093249670
          }
        ]
      },
      "geo": null,
      "created_at": "Sun Dec 08 17:05:05 +0000 2019",
      "coordinates": null,
      "source": "<a href=\"https://mobile.twitter.com\" rel=\"nofollow\">Twitter Web App</a>",
      "favorite_count": 0
    },
    {
      "in_reply_to_user_id_str": "376372261",
      "metadata": {
        "iso_language_code": "und",
        "result_type": "recent"
      },
      "id_str": "1203721741442277376",
      "in_reply_to_user_id": 376372261,
      "is_quote_status": false,
      "lang": "und",
      "user": {
        "time_zone": null,
        "name": "🖕🏼DedoMedio🖕🏼",
        "id": 88570157,
        "statuses_count": 31390,
        "translator_type": "none",
        "profile_sidebar_border_color": "DFDFDF",
        "id_str": "88570157",
        "profile_background_image_url": "http://abs.twimg.com/images/themes/theme1/bg.png",
        "follow_request_sent": false,
        "listed_count": 9,
        "profile_background_image_url_https": "https://abs.twimg.com/images/themes/theme1/bg.png",
        "notifications": false,
        "lang": null,
        "profile_text_color": "333333",
        "profile_image_url_https": "https://pbs.twimg.com/profile_images/1190317118199345153/5U-NH3Bc_normal.jpg",
        "favourites_count": 1992,
        "url": null,
        "description": "Lesbiana, 14 años de feliz relación,pisada x convicción, amante de la política quien defiende sus creencias. Si no te gusta, te puedes ir de patitas a la mierda",
        "has_extended_profile": false,
        "geo_enabled": false,
        "protected": false,
        "screen_name": "santapalomaa",
        "profile_use_background_image": true,
        "profile_image_url": "http://pbs.twimg.com/profile_images/1190317118199345153/5U-NH3Bc_normal.jpg",
        "verified": false,
        "profile_background_tile": true,
        "following": false,
        "followers_count": 362,
        "utc_offset": null,
        "location": "QueTeImporta",
        "is_translator": false,
        "entities": {
          "description": {
            "urls": []
          }
        },
        "friends_count": 281,
        "created_at": "Mon Nov 09 02:23:05 +0000 2009",
        "is_translation_enabled": false,
        "profile_link_color": "990000",
        "default_profile_image": false,
        "contributors_enabled": false,
        "profile_background_color": "EBEBEB",
        "default_profile": false,
        "profile_sidebar_fill_color": "F3F3F3"
      },
      "retweet_count": 0,
      "in_reply_to_status_id": 1203499440994209794,
      "favorited": false,
      "contributors": null,
      "place": null,
      "text": "@aleskrause @JuanSheput @CONTIGO_pe #Next!!",
      "retweeted": false,
      "truncated": false,
      "in_reply_to_status_id_str": "1203499440994209794",
      "id": 1203721741442277376,
      "in_reply_to_screen_name": "aleskrause",
      "entities": {
        "symbols": [],
        "hashtags": [
          {
            "text": "Next",
            "indices": [
              36,
              41
            ]
          }
        ],
        "urls": [],
        "user_mentions": [
          {
            "name": "Contigo 20",
            "id_str": "376372261",
            "screen_name": "aleskrause",
            "indices": [
              0,
              11
            ],
            "id": 376372261
          },
          {
            "name": "Juan Sheput",
            "id_str": "33808317",
            "screen_name": "JuanSheput",
            "indices": [
              12,
              23
            ],
            "id": 33808317
          },
          {
            "name": "Partido Político CONTIGO 🇵🇪",
            "id_str": "3093249670",
            "screen_name": "CONTIGO_pe",
            "indices": [
              24,
              35
            ],
            "id": 3093249670
          }
        ]
      },
      "geo": null,
      "created_at": "Sun Dec 08 17:03:21 +0000 2019",
      "coordinates": null,
      "source": "<a href=\"http://twitter.com/download/iphone\" rel=\"nofollow\">Twitter for iPhone</a>",
      "favorite_count": 0
    },
    {
      "in_reply_to_user_id_str": "376372261",
      "metadata": {
        "iso_language_code": "es",
        "result_type": "recent"
      },
      "id_str": "1203719938642468864",
      "in_reply_to_user_id": 376372261,
      "is_quote_status": false,
      "lang": "es",
      "user": {
        "time_zone": null,
        "name": "Beto Bss",
        "id": 97331986,
        "statuses_count": 10917,
        "translator_type": "none",
        "profile_sidebar_border_color": "FFFFFF",
        "id_str": "97331986",
        "profile_background_image_url": "http://abs.twimg.com/images/themes/theme1/bg.png",
        "follow_request_sent": false,
        "listed_count": 2,
        "profile_background_image_url_https": "https://abs.twimg.com/images/themes/theme1/bg.png",
        "notifications": false,
        "lang": null,
        "profile_text_color": "000863",
        "profile_image_url_https": "https://pbs.twimg.com/profile_images/1194639906284417026/5AJlVmoi_normal.jpg",
        "favourites_count": 8958,
        "url": null,
        "description": "...fresh...",
        "has_extended_profile": true,
        "geo_enabled": false,
        "protected": false,
        "screen_name": "PonPlay",
        "profile_use_background_image": true,
        "profile_image_url": "http://pbs.twimg.com/profile_images/1194639906284417026/5AJlVmoi_normal.jpg",
        "verified": false,
        "profile_background_tile": true,
        "following": false,
        "followers_count": 316,
        "utc_offset": null,
        "location": "Lima, Perú",
        "is_translator": false,
        "entities": {
          "description": {
            "urls": []
          }
        },
        "friends_count": 379,
        "created_at": "Thu Dec 17 01:26:52 +0000 2009",
        "is_translation_enabled": false,
        "profile_link_color": "0A0A0A",
        "default_profile_image": false,
        "contributors_enabled": false,
        "profile_background_color": "00FF59",
        "default_profile": false,
        "profile_sidebar_fill_color": "FFFFFF"
      },
      "retweet_count": 0,
      "in_reply_to_status_id": 1203499440994209794,
      "favorited": false,
      "contributors": null,
      "place": null,
      "text": "@aleskrause @CONTIGO_pe “Contigo”... mmm No gracias. Paso.",
      "retweeted": false,
      "truncated": false,
      "in_reply_to_status_id_str": "1203499440994209794",
      "id": 1203719938642468864,
      "in_reply_to_screen_name": "aleskrause",
      "entities": {
        "symbols": [],
        "hashtags": [],
        "urls": [],
        "user_mentions": [
          {
            "name": "Contigo 20",
            "id_str": "376372261",
            "screen_name": "aleskrause",
            "indices": [
              0,
              11
            ],
            "id": 376372261
          },
          {
            "name": "Partido Político CONTIGO 🇵🇪",
            "id_str": "3093249670",
            "screen_name": "CONTIGO_pe",
            "indices": [
              12,
              23
            ],
            "id": 3093249670
          }
        ]
      },
      "geo": null,
      "created_at": "Sun Dec 08 16:56:12 +0000 2019",
      "coordinates": null,
      "source": "<a href=\"http://twitter.com/download/iphone\" rel=\"nofollow\">Twitter for iPhone</a>",
      "favorite_count": 1
    },
    {
      "in_reply_to_user_id_str": "376372261",
      "metadata": {
        "iso_language_code": "es",
        "result_type": "recent"
      },
      "id_str": "1203719354526961670",
      "in_reply_to_user_id": 376372261,
      "is_quote_status": false,
      "lang": "es",
      "user": {
        "time_zone": null,
        "name": "Carlos Arce Ali",
        "id": 1188464289469947905,
        "statuses_count": 17,
        "translator_type": "none",
        "profile_sidebar_border_color": "C0DEED",
        "id_str": "1188464289469947905",
        "profile_background_image_url": null,
        "follow_request_sent": false,
        "listed_count": 0,
        "profile_background_image_url_https": null,
        "notifications": false,
        "lang": null,
        "profile_text_color": "333333",
        "profile_image_url_https": "https://abs.twimg.com/sticky/default_profile_images/default_profile_normal.png",
        "favourites_count": 1,
        "url": null,
        "description": "Veo la vida con mucho optimismo, me gusta la generosidad. Tengo grandes sueños que cumpliré sin importar que tanto esfuerzo me cueste.",
        "has_extended_profile": false,
        "geo_enabled": false,
        "protected": false,
        "screen_name": "ARTUROARCEALI1",
        "profile_use_background_image": true,
        "profile_image_url": "http://abs.twimg.com/sticky/default_profile_images/default_profile_normal.png",
        "verified": false,
        "profile_background_tile": false,
        "following": false,
        "followers_count": 0,
        "utc_offset": null,
        "location": "",
        "is_translator": false,
        "entities": {
          "description": {
            "urls": []
          }
        },
        "friends_count": 40,
        "created_at": "Sun Oct 27 15:00:18 +0000 2019",
        "is_translation_enabled": false,
        "profile_link_color": "1DA1F2",
        "default_profile_image": true,
        "contributors_enabled": false,
        "profile_background_color": "F5F8FA",
        "default_profile": true,
        "profile_sidebar_fill_color": "DDEEF6"
      },
      "retweet_count": 0,
      "in_reply_to_status_id": 1203499440994209794,
      "favorited": false,
      "contributors": null,
      "place": null,
      "text": "@aleskrause @JuanSheput @CONTIGO_pe Ah ese discurso ya es bastante conocido. Mejor se más sincera y di que te aliar… https://t.co/2X8JMuQ2Iu",
      "retweeted": false,
      "truncated": true,
      "in_reply_to_status_id_str": "1203499440994209794",
      "id": 1203719354526961670,
      "in_reply_to_screen_name": "aleskrause",
      "entities": {
        "symbols": [],
        "hashtags": [],
        "urls": [
          {
            "expanded_url": "https://twitter.com/i/web/status/1203719354526961670",
            "indices": [
              117,
              140
            ],
            "url": "https://t.co/2X8JMuQ2Iu",
            "display_url": "twitter.com/i/web/status/1…"
          }
        ],
        "user_mentions": [
          {
            "name": "Contigo 20",
            "id_str": "376372261",
            "screen_name": "aleskrause",
            "indices": [
              0,
              11
            ],
            "id": 376372261
          },
          {
            "name": "Juan Sheput",
            "id_str": "33808317",
            "screen_name": "JuanSheput",
            "indices": [
              12,
              23
            ],
            "id": 33808317
          },
          {
            "name": "Partido Político CONTIGO 🇵🇪",
            "id_str": "3093249670",
            "screen_name": "CONTIGO_pe",
            "indices": [
              24,
              35
            ],
            "id": 3093249670
          }
        ]
      },
      "geo": null,
      "created_at": "Sun Dec 08 16:53:52 +0000 2019",
      "coordinates": null,
      "source": "<a href=\"http://twitter.com/download/android\" rel=\"nofollow\">Twitter for Android</a>",
      "favorite_count": 0,
      "possibly_sensitive": false
    }
  ],
  "request_date": "2019-12-08-13:01:54"
}