{
  "data": [
    {
      "in_reply_to_user_id_str": null,
      "metadata": {
        "iso_language_code": "es",
        "result_type": "recent"
      },
      "retweeted_status": {
        "in_reply_to_user_id_str": null,
        "metadata": {
          "iso_language_code": "es",
          "result_type": "recent"
        },
        "id_str": "1200191154270146566",
        "in_reply_to_user_id": null,
        "is_quote_status": false,
        "lang": "es",
        "user": {
          "time_zone": null,
          "name": "IPAE",
          "id": 68819547,
          "statuses_count": 17315,
          "translator_type": "none",
          "profile_sidebar_border_color": "FFFFFF",
          "id_str": "68819547",
          "profile_background_image_url": "http://abs.twimg.com/images/themes/theme1/bg.png",
          "follow_request_sent": false,
          "listed_count": 134,
          "profile_background_image_url_https": "https://abs.twimg.com/images/themes/theme1/bg.png",
          "notifications": false,
          "lang": null,
          "profile_text_color": "0B50A4",
          "profile_image_url_https": "https://pbs.twimg.com/profile_images/905914373817937920/BWLC5w_v_normal.jpg",
          "favourites_count": 2613,
          "url": "https://t.co/DRKCKvgp38",
          "description": "Somos una asociación privada sin fines de lucro que convocamos, reflexionamos, proponemos y ejecutamos iniciativas para el desarrollo del Perú.",
          "has_extended_profile": false,
          "geo_enabled": true,
          "protected": false,
          "screen_name": "IPAEPERU",
          "profile_use_background_image": false,
          "profile_image_url": "http://pbs.twimg.com/profile_images/905914373817937920/BWLC5w_v_normal.jpg",
          "verified": false,
          "profile_background_tile": false,
          "following": false,
          "followers_count": 21501,
          "utc_offset": null,
          "location": "Lima, Perú",
          "is_translator": false,
          "entities": {
            "url": {
              "urls": [
                {
                  "expanded_url": "http://www.ipae.pe",
                  "indices": [
                    0,
                    23
                  ],
                  "url": "https://t.co/DRKCKvgp38",
                  "display_url": "ipae.pe"
                }
              ]
            },
            "description": {
              "urls": []
            }
          },
          "friends_count": 2206,
          "created_at": "Tue Aug 25 22:15:42 +0000 2009",
          "is_translation_enabled": false,
          "profile_link_color": "2F5DC9",
          "default_profile_image": false,
          "contributors_enabled": false,
          "profile_banner_url": "https://pbs.twimg.com/profile_banners/68819547/1570743210",
          "profile_background_color": "082663",
          "default_profile": false,
          "profile_sidebar_fill_color": "FFFFFF"
        },
        "retweet_count": 2,
        "in_reply_to_status_id": null,
        "favorited": false,
        "contributors": null,
        "place": null,
        "text": "#AuditorioParalelo #CADE2019 En breve, @ale_ames, @claudiacornejom y  Miguel Sánchez, candidatos jóvenes al Congres… https://t.co/WHyGfdBgdj",
        "retweeted": false,
        "truncated": true,
        "in_reply_to_status_id_str": null,
        "id": 1200191154270146566,
        "in_reply_to_screen_name": null,
        "entities": {
          "symbols": [],
          "hashtags": [
            {
              "text": "AuditorioParalelo",
              "indices": [
                0,
                18
              ]
            },
            {
              "text": "CADE2019",
              "indices": [
                19,
                28
              ]
            }
          ],
          "urls": [
            {
              "expanded_url": "https://twitter.com/i/web/status/1200191154270146566",
              "indices": [
                117,
                140
              ],
              "url": "https://t.co/WHyGfdBgdj",
              "display_url": "twitter.com/i/web/status/1…"
            }
          ],
          "user_mentions": [
            {
              "name": "Alexandra Ames",
              "id_str": "1036256698518913027",
              "screen_name": "ale_ames",
              "indices": [
                39,
                48
              ],
              "id": 1036256698518913027
            },
            {
              "name": "Claudia Cornejo Mohme",
              "id_str": "450802085",
              "screen_name": "claudiacornejom",
              "indices": [
                50,
                66
              ],
              "id": 450802085
            }
          ]
        },
        "geo": null,
        "created_at": "Thu Nov 28 23:14:04 +0000 2019",
        "coordinates": null,
        "source": "<a href=\"https://mobile.twitter.com\" rel=\"nofollow\">Twitter Web App</a>",
        "favorite_count": 4
      },
      "id_str": "1200387110047498242",
      "in_reply_to_user_id": null,
      "is_quote_status": false,
      "lang": "es",
      "user": {
        "time_zone": null,
        "name": "Karim Mahuad Martens",
        "id": 126336552,
        "statuses_count": 21130,
        "translator_type": "none",
        "profile_sidebar_border_color": "C0DEED",
        "id_str": "126336552",
        "profile_background_image_url": "http://abs.twimg.com/images/themes/theme1/bg.png",
        "follow_request_sent": false,
        "listed_count": 4,
        "profile_background_image_url_https": "https://abs.twimg.com/images/themes/theme1/bg.png",
        "notifications": false,
        "lang": null,
        "profile_text_color": "333333",
        "profile_image_url_https": "https://pbs.twimg.com/profile_images/991086761353900033/0-9wLJRg_normal.jpg",
        "favourites_count": 27916,
        "url": null,
        "description": "KM2/Consumer Innovation ✨🇵🇪\nConnect Americas / BID 🌎 \nInnovación y transformación digital 📲\nAdopción de nuevos paradigmas 🗣️\nCIVICITI 🇵🇪 (R) 🙋🙋‍♂️",
        "has_extended_profile": true,
        "geo_enabled": true,
        "protected": false,
        "screen_name": "KM2PE",
        "profile_use_background_image": true,
        "profile_image_url": "http://pbs.twimg.com/profile_images/991086761353900033/0-9wLJRg_normal.jpg",
        "verified": false,
        "profile_background_tile": false,
        "following": false,
        "followers_count": 517,
        "utc_offset": null,
        "location": "Peru",
        "is_translator": false,
        "entities": {
          "description": {
            "urls": []
          }
        },
        "friends_count": 1103,
        "created_at": "Thu Mar 25 14:47:41 +0000 2010",
        "is_translation_enabled": false,
        "profile_link_color": "1DA1F2",
        "default_profile_image": false,
        "contributors_enabled": false,
        "profile_banner_url": "https://pbs.twimg.com/profile_banners/126336552/1398276370",
        "profile_background_color": "C0DEED",
        "default_profile": true,
        "profile_sidebar_fill_color": "DDEEF6"
      },
      "retweet_count": 2,
      "in_reply_to_status_id": null,
      "favorited": false,
      "contributors": null,
      "place": null,
      "text": "RT @IPAEPERU: #AuditorioParalelo #CADE2019 En breve, @ale_ames, @claudiacornejom y  Miguel Sánchez, candidatos jóvenes al Congreso, partici…",
      "retweeted": false,
      "truncated": false,
      "in_reply_to_status_id_str": null,
      "id": 1200387110047498242,
      "in_reply_to_screen_name": null,
      "entities": {
        "symbols": [],
        "hashtags": [
          {
            "text": "AuditorioParalelo",
            "indices": [
              14,
              32
            ]
          },
          {
            "text": "CADE2019",
            "indices": [
              33,
              42
            ]
          }
        ],
        "urls": [],
        "user_mentions": [
          {
            "name": "IPAE",
            "id_str": "68819547",
            "screen_name": "IPAEPERU",
            "indices": [
              3,
              12
            ],
            "id": 68819547
          },
          {
            "name": "Alexandra Ames",
            "id_str": "1036256698518913027",
            "screen_name": "ale_ames",
            "indices": [
              53,
              62
            ],
            "id": 1036256698518913027
          },
          {
            "name": "Claudia Cornejo Mohme",
            "id_str": "450802085",
            "screen_name": "claudiacornejom",
            "indices": [
              64,
              80
            ],
            "id": 450802085
          }
        ]
      },
      "geo": null,
      "created_at": "Fri Nov 29 12:12:43 +0000 2019",
      "coordinates": null,
      "source": "<a href=\"http://twitter.com/download/android\" rel=\"nofollow\">Twitter for Android</a>",
      "favorite_count": 0
    },
    {
      "in_reply_to_user_id_str": null,
      "metadata": {
        "iso_language_code": "es",
        "result_type": "recent"
      },
      "retweeted_status": {
        "in_reply_to_user_id_str": null,
        "metadata": {
          "iso_language_code": "es",
          "result_type": "recent"
        },
        "id_str": "1200191154270146566",
        "in_reply_to_user_id": null,
        "is_quote_status": false,
        "lang": "es",
        "user": {
          "time_zone": null,
          "name": "IPAE",
          "id": 68819547,
          "statuses_count": 17315,
          "translator_type": "none",
          "profile_sidebar_border_color": "FFFFFF",
          "id_str": "68819547",
          "profile_background_image_url": "http://abs.twimg.com/images/themes/theme1/bg.png",
          "follow_request_sent": false,
          "listed_count": 134,
          "profile_background_image_url_https": "https://abs.twimg.com/images/themes/theme1/bg.png",
          "notifications": false,
          "lang": null,
          "profile_text_color": "0B50A4",
          "profile_image_url_https": "https://pbs.twimg.com/profile_images/905914373817937920/BWLC5w_v_normal.jpg",
          "favourites_count": 2613,
          "url": "https://t.co/DRKCKvgp38",
          "description": "Somos una asociación privada sin fines de lucro que convocamos, reflexionamos, proponemos y ejecutamos iniciativas para el desarrollo del Perú.",
          "has_extended_profile": false,
          "geo_enabled": true,
          "protected": false,
          "screen_name": "IPAEPERU",
          "profile_use_background_image": false,
          "profile_image_url": "http://pbs.twimg.com/profile_images/905914373817937920/BWLC5w_v_normal.jpg",
          "verified": false,
          "profile_background_tile": false,
          "following": false,
          "followers_count": 21501,
          "utc_offset": null,
          "location": "Lima, Perú",
          "is_translator": false,
          "entities": {
            "url": {
              "urls": [
                {
                  "expanded_url": "http://www.ipae.pe",
                  "indices": [
                    0,
                    23
                  ],
                  "url": "https://t.co/DRKCKvgp38",
                  "display_url": "ipae.pe"
                }
              ]
            },
            "description": {
              "urls": []
            }
          },
          "friends_count": 2206,
          "created_at": "Tue Aug 25 22:15:42 +0000 2009",
          "is_translation_enabled": false,
          "profile_link_color": "2F5DC9",
          "default_profile_image": false,
          "contributors_enabled": false,
          "profile_banner_url": "https://pbs.twimg.com/profile_banners/68819547/1570743210",
          "profile_background_color": "082663",
          "default_profile": false,
          "profile_sidebar_fill_color": "FFFFFF"
        },
        "retweet_count": 2,
        "in_reply_to_status_id": null,
        "favorited": false,
        "contributors": null,
        "place": null,
        "text": "#AuditorioParalelo #CADE2019 En breve, @ale_ames, @claudiacornejom y  Miguel Sánchez, candidatos jóvenes al Congres… https://t.co/WHyGfdBgdj",
        "retweeted": false,
        "truncated": true,
        "in_reply_to_status_id_str": null,
        "id": 1200191154270146566,
        "in_reply_to_screen_name": null,
        "entities": {
          "symbols": [],
          "hashtags": [
            {
              "text": "AuditorioParalelo",
              "indices": [
                0,
                18
              ]
            },
            {
              "text": "CADE2019",
              "indices": [
                19,
                28
              ]
            }
          ],
          "urls": [
            {
              "expanded_url": "https://twitter.com/i/web/status/1200191154270146566",
              "indices": [
                117,
                140
              ],
              "url": "https://t.co/WHyGfdBgdj",
              "display_url": "twitter.com/i/web/status/1…"
            }
          ],
          "user_mentions": [
            {
              "name": "Alexandra Ames",
              "id_str": "1036256698518913027",
              "screen_name": "ale_ames",
              "indices": [
                39,
                48
              ],
              "id": 1036256698518913027
            },
            {
              "name": "Claudia Cornejo Mohme",
              "id_str": "450802085",
              "screen_name": "claudiacornejom",
              "indices": [
                50,
                66
              ],
              "id": 450802085
            }
          ]
        },
        "geo": null,
        "created_at": "Thu Nov 28 23:14:04 +0000 2019",
        "coordinates": null,
        "source": "<a href=\"https://mobile.twitter.com\" rel=\"nofollow\">Twitter Web App</a>",
        "favorite_count": 4
      },
      "id_str": "1200196393043943424",
      "in_reply_to_user_id": null,
      "is_quote_status": false,
      "lang": "es",
      "user": {
        "time_zone": null,
        "name": "Caleb Rojas Castillo",
        "id": 108995151,
        "statuses_count": 44623,
        "translator_type": "none",
        "profile_sidebar_border_color": "C6E2EE",
        "id_str": "108995151",
        "profile_background_image_url": "http://abs.twimg.com/images/themes/theme2/bg.gif",
        "follow_request_sent": false,
        "listed_count": 29,
        "profile_background_image_url_https": "https://abs.twimg.com/images/themes/theme2/bg.gif",
        "notifications": false,
        "lang": null,
        "profile_text_color": "663B12",
        "profile_image_url_https": "https://pbs.twimg.com/profile_images/1006647313350250496/E51wEjku_normal.jpg",
        "favourites_count": 28268,
        "url": null,
        "description": "Ciencia Política y Gobierno. Analista @IPAEPERU. Embajador @CADEuniv. Por definir aún otros caminos venideros. RT y opiniones son personales.",
        "has_extended_profile": true,
        "geo_enabled": true,
        "protected": false,
        "screen_name": "CalebRojasC",
        "profile_use_background_image": true,
        "profile_image_url": "http://pbs.twimg.com/profile_images/1006647313350250496/E51wEjku_normal.jpg",
        "verified": false,
        "profile_background_tile": false,
        "following": false,
        "followers_count": 934,
        "utc_offset": null,
        "location": "Ventanilla, Peru",
        "is_translator": false,
        "entities": {
          "description": {
            "urls": []
          }
        },
        "friends_count": 2052,
        "created_at": "Wed Jan 27 16:59:13 +0000 2010",
        "is_translation_enabled": false,
        "profile_link_color": "981CEB",
        "default_profile_image": false,
        "contributors_enabled": false,
        "profile_banner_url": "https://pbs.twimg.com/profile_banners/108995151/1534543731",
        "profile_background_color": "C6E2EE",
        "default_profile": false,
        "profile_sidebar_fill_color": "DAECF4"
      },
      "retweet_count": 2,
      "in_reply_to_status_id": null,
      "favorited": false,
      "contributors": null,
      "place": null,
      "text": "RT @IPAEPERU: #AuditorioParalelo #CADE2019 En breve, @ale_ames, @claudiacornejom y  Miguel Sánchez, candidatos jóvenes al Congreso, partici…",
      "retweeted": false,
      "truncated": false,
      "in_reply_to_status_id_str": null,
      "id": 1200196393043943424,
      "in_reply_to_screen_name": null,
      "entities": {
        "symbols": [],
        "hashtags": [
          {
            "text": "AuditorioParalelo",
            "indices": [
              14,
              32
            ]
          },
          {
            "text": "CADE2019",
            "indices": [
              33,
              42
            ]
          }
        ],
        "urls": [],
        "user_mentions": [
          {
            "name": "IPAE",
            "id_str": "68819547",
            "screen_name": "IPAEPERU",
            "indices": [
              3,
              12
            ],
            "id": 68819547
          },
          {
            "name": "Alexandra Ames",
            "id_str": "1036256698518913027",
            "screen_name": "ale_ames",
            "indices": [
              53,
              62
            ],
            "id": 1036256698518913027
          },
          {
            "name": "Claudia Cornejo Mohme",
            "id_str": "450802085",
            "screen_name": "claudiacornejom",
            "indices": [
              64,
              80
            ],
            "id": 450802085
          }
        ]
      },
      "geo": null,
      "created_at": "Thu Nov 28 23:34:53 +0000 2019",
      "coordinates": null,
      "source": "<a href=\"http://twitter.com/download/android\" rel=\"nofollow\">Twitter for Android</a>",
      "favorite_count": 0
    }
  ],
  "request_date": "2019-12-08-00:43:52"
}