{
  "request_date": "2019-12-07-08:22:45",
  "data": [
    {
      "source": "<a href=\"http://twitter.com/download/android\" rel=\"nofollow\">Twitter for Android</a>",
      "favorite_count": 0,
      "geo": null,
      "created_at": "Wed Dec 04 15:10:32 +0000 2019",
      "in_reply_to_screen_name": "VICTOBAZAN",
      "id": 1202243798316830722,
      "place": {
        "country": "Peru",
        "place_type": "city",
        "country_code": "PE",
        "contained_within": [],
        "bounding_box": {
          "coordinates": [
            [
              [
                -80.7695848815857,
                -5.22993599633396
              ],
              [
                -80.590438078353,
                -5.22993599633396
              ],
              [
                -80.590438078353,
                -4.93041302740088
              ],
              [
                -80.7695848815857,
                -4.93041302740088
              ]
            ]
          ],
          "type": "Polygon"
        },
        "url": "https://api.twitter.com/1.1/geo/id/0126d6553a16d9fd.json",
        "id": "0126d6553a16d9fd",
        "attributes": {},
        "name": "Piura",
        "full_name": "Piura, Peru"
      },
      "is_quote_status": false,
      "in_reply_to_user_id_str": "63900592",
      "id_str": "1202243798316830722",
      "in_reply_to_status_id_str": "1202069405624160256",
      "text": "@VICTOBAZAN Don Víctor, buenos días, cual es tu agrupación política?",
      "metadata": {
        "result_type": "recent",
        "iso_language_code": "es"
      },
      "truncated": false,
      "user": {
        "profile_background_color": "C0DEED",
        "following": false,
        "profile_banner_url": "https://pbs.twimg.com/profile_banners/209409490/1397145802",
        "profile_background_image_url": "http://abs.twimg.com/images/themes/theme1/bg.png",
        "profile_use_background_image": true,
        "id": 209409490,
        "statuses_count": 22324,
        "is_translator": false,
        "verified": false,
        "location": "Lima, Perú S. America",
        "geo_enabled": true,
        "translator_type": "none",
        "created_at": "Fri Oct 29 03:58:37 +0000 2010",
        "description": "Ingeniero Industrial, creo en Dios y trato de ser consecuente con ello. Me gusta mi bicicleta Trek y ya estoy harto de los políticos.",
        "friends_count": 811,
        "profile_text_color": "333333",
        "profile_image_url_https": "https://pbs.twimg.com/profile_images/1191414908379975680/LtgWDkEK_normal.jpg",
        "profile_background_image_url_https": "https://abs.twimg.com/images/themes/theme1/bg.png",
        "contributors_enabled": false,
        "profile_link_color": "0084B4",
        "time_zone": null,
        "entities": {
          "description": {
            "urls": []
          }
        },
        "notifications": false,
        "favourites_count": 23027,
        "profile_sidebar_fill_color": "DDEEF6",
        "follow_request_sent": false,
        "utc_offset": null,
        "protected": false,
        "id_str": "209409490",
        "screen_name": "Jaime211264",
        "lang": null,
        "profile_image_url": "http://pbs.twimg.com/profile_images/1191414908379975680/LtgWDkEK_normal.jpg",
        "listed_count": 5,
        "is_translation_enabled": false,
        "followers_count": 322,
        "has_extended_profile": true,
        "url": null,
        "default_profile": false,
        "name": "Jaime Arana Cisneros 🇵🇪",
        "default_profile_image": false,
        "profile_sidebar_border_color": "000000",
        "profile_background_tile": true
      },
      "coordinates": null,
      "entities": {
        "symbols": [],
        "user_mentions": [
          {
            "id": 63900592,
            "id_str": "63900592",
            "name": "Víctor Bazán Pastor",
            "screen_name": "VICTOBAZAN",
            "indices": [
              0,
              11
            ]
          }
        ],
        "hashtags": [],
        "urls": []
      },
      "retweeted": false,
      "contributors": null,
      "retweet_count": 0,
      "favorited": false,
      "in_reply_to_user_id": 63900592,
      "lang": "es",
      "in_reply_to_status_id": 1202069405624160256
    }
  ]
}