{
  "request_date": "2020-01-07-22:33:03",
  "data": [
    {
      "reply_count": 0,
      "contributors": null,
      "user": {
        "verified": false,
        "profile_image_url": "http://pbs.twimg.com/profile_images/676956260449837056/hoBqKCcR_normal.jpg",
        "follow_request_sent": null,
        "profile_use_background_image": true,
        "profile_link_color": "1DA1F2",
        "profile_background_tile": false,
        "profile_image_url_https": "https://pbs.twimg.com/profile_images/676956260449837056/hoBqKCcR_normal.jpg",
        "profile_background_color": "C0DEED",
        "utc_offset": null,
        "name": "Richy Villegas",
        "geo_enabled": false,
        "url": null,
        "profile_banner_url": "https://pbs.twimg.com/profile_banners/2914053696/1451831200",
        "id": 2914053696,
        "lang": null,
        "contributors_enabled": false,
        "followers_count": 263,
        "friends_count": 786,
        "profile_sidebar_border_color": "C0DEED",
        "following": null,
        "default_profile": true,
        "statuses_count": 10242,
        "description": null,
        "screen_name": "rvillegas9010",
        "id_str": "2914053696",
        "protected": false,
        "is_translator": false,
        "location": "San Salvador, El Salvador",
        "default_profile_image": false,
        "profile_background_image_url_https": "https://abs.twimg.com/images/themes/theme1/bg.png",
        "notifications": null,
        "profile_sidebar_fill_color": "DDEEF6",
        "profile_background_image_url": "http://abs.twimg.com/images/themes/theme1/bg.png",
        "favourites_count": 48302,
        "translator_type": "none",
        "created_at": "Sat Nov 29 20:41:11 +0000 2014",
        "time_zone": null,
        "listed_count": 3,
        "profile_text_color": "333333"
      },
      "favorited": false,
      "source": "<a href=\"http://twitter.com/download/android\" rel=\"nofollow\">Twitter for Android</a>",
      "retweet_count": 0,
      "text": "RT @EnLaMira_Sv: 🇺🇸🇮🇷 | #URGENTE: Al-Mayadeen: “4 misiles apuntarón a la base militar estadounidense en Habaan en Erbil y hay víctimas esta…",
      "id": 1214751824688930818,
      "in_reply_to_user_id": null,
      "lang": "es",
      "retweeted_status": {
        "truncated": true,
        "contributors": null,
        "user": {
          "verified": false,
          "profile_image_url": "http://pbs.twimg.com/profile_images/1213136978239250434/QO0PIWtV_normal.jpg",
          "follow_request_sent": null,
          "profile_use_background_image": false,
          "profile_link_color": "19CF86",
          "profile_background_tile": false,
          "profile_image_url_https": "https://pbs.twimg.com/profile_images/1213136978239250434/QO0PIWtV_normal.jpg",
          "profile_background_color": "000000",
          "utc_offset": null,
          "name": "En La Mira Noticias",
          "geo_enabled": true,
          "url": null,
          "profile_banner_url": "https://pbs.twimg.com/profile_banners/813808359858196480/1578069370",
          "id": 813808359858196480,
          "lang": null,
          "contributors_enabled": false,
          "followers_count": 4221,
          "friends_count": 390,
          "profile_sidebar_border_color": "000000",
          "following": null,
          "default_profile": false,
          "statuses_count": 40979,
          "description": "Destacamos con la Información En Desarrollo.\nCarácter, Objetividad, Veracidad.\nWebsite: http://enlamira.com.sv\n#TraficoSV #ClimaSV #PoliticaSV #ElSalvador",
          "screen_name": "EnLaMira_Sv",
          "id_str": "813808359858196480",
          "protected": false,
          "is_translator": false,
          "location": "San Salvador, El Salvador",
          "default_profile_image": false,
          "profile_background_image_url_https": "https://abs.twimg.com/images/themes/theme1/bg.png",
          "notifications": null,
          "profile_sidebar_fill_color": "000000",
          "profile_background_image_url": "http://abs.twimg.com/images/themes/theme1/bg.png",
          "favourites_count": 972,
          "translator_type": "none",
          "created_at": "Tue Dec 27 18:06:47 +0000 2016",
          "time_zone": null,
          "listed_count": 22,
          "profile_text_color": "000000"
        },
        "favorited": false,
        "source": "<a href=\"http://twitter.com/download/android\" rel=\"nofollow\">Twitter for Android</a>",
        "retweet_count": 1,
        "text": "🇺🇸🇮🇷 | #URGENTE: Al-Mayadeen: “4 misiles apuntarón a la base militar estadounidense en Habaan en Erbil y hay víctim… https://t.co/GbAFQLqK8E",
        "id": 1214751194251452417,
        "in_reply_to_user_id": null,
        "lang": "es",
        "is_quote_status": false,
        "quote_count": 0,
        "geo": null,
        "entities": {
          "urls": [
            {
              "url": "https://t.co/GbAFQLqK8E",
              "display_url": "twitter.com/i/web/status/1…",
              "expanded_url": "https://twitter.com/i/web/status/1214751194251452417",
              "indices": [
                117,
                140
              ]
            }
          ],
          "user_mentions": [],
          "symbols": [],
          "hashtags": [
            {
              "indices": [
                7,
                15
              ],
              "text": "URGENTE"
            }
          ]
        },
        "in_reply_to_screen_name": null,
        "possibly_sensitive": false,
        "extended_tweet": {
          "entities": {
            "urls": [],
            "user_mentions": [],
            "media": [
              {
                "id_str": "1214751142300803075",
                "media_url_https": "https://pbs.twimg.com/ext_tw_video_thumb/1214751142300803075/pu/img/YUlR_Bn9SajMFpAf.jpg",
                "expanded_url": "https://twitter.com/EnLaMira_Sv/status/1214751194251452417/video/1",
                "video_info": {
                  "duration_millis": 4000,
                  "variants": [
                    {
                      "bitrate": 2176000,
                      "url": "https://video.twimg.com/ext_tw_video/1214751142300803075/pu/vid/1280x720/EfymDbS_8Wup0rfu.mp4?tag=10",
                      "content_type": "video/mp4"
                    },
                    {
                      "bitrate": 256000,
                      "url": "https://video.twimg.com/ext_tw_video/1214751142300803075/pu/vid/480x270/eBrGfcuhdsDCbK9d.mp4?tag=10",
                      "content_type": "video/mp4"
                    },
                    {
                      "url": "https://video.twimg.com/ext_tw_video/1214751142300803075/pu/pl/qWUJ5tt8g76CpXkk.m3u8?tag=10",
                      "content_type": "application/x-mpegURL"
                    },
                    {
                      "bitrate": 832000,
                      "url": "https://video.twimg.com/ext_tw_video/1214751142300803075/pu/vid/640x360/9BBxwVTfKpA1N0Jd.mp4?tag=10",
                      "content_type": "video/mp4"
                    }
                  ],
                  "aspect_ratio": [
                    16,
                    9
                  ]
                },
                "url": "https://t.co/qWYK41SFCq",
                "display_url": "pic.twitter.com/qWYK41SFCq",
                "id": 1214751142300803075,
                "additional_media_info": {
                  "monetizable": false
                },
                "media_url": "http://pbs.twimg.com/ext_tw_video_thumb/1214751142300803075/pu/img/YUlR_Bn9SajMFpAf.jpg",
                "indices": [
                  185,
                  208
                ],
                "type": "video",
                "sizes": {
                  "medium": {
                    "h": 675,
                    "w": 1200,
                    "resize": "fit"
                  },
                  "thumb": {
                    "h": 150,
                    "w": 150,
                    "resize": "crop"
                  },
                  "large": {
                    "h": 720,
                    "w": 1280,
                    "resize": "fit"
                  },
                  "small": {
                    "h": 383,
                    "w": 680,
                    "resize": "fit"
                  }
                }
              }
            ],
            "symbols": [],
            "hashtags": [
              {
                "indices": [
                  7,
                  15
                ],
                "text": "URGENTE"
              },
              {
                "indices": [
                  171,
                  184
                ],
                "text": "EnDesarrollo"
              }
            ]
          },
          "extended_entities": {
            "media": [
              {
                "id_str": "1214751142300803075",
                "media_url_https": "https://pbs.twimg.com/ext_tw_video_thumb/1214751142300803075/pu/img/YUlR_Bn9SajMFpAf.jpg",
                "expanded_url": "https://twitter.com/EnLaMira_Sv/status/1214751194251452417/video/1",
                "video_info": {
                  "duration_millis": 4000,
                  "variants": [
                    {
                      "bitrate": 2176000,
                      "url": "https://video.twimg.com/ext_tw_video/1214751142300803075/pu/vid/1280x720/EfymDbS_8Wup0rfu.mp4?tag=10",
                      "content_type": "video/mp4"
                    },
                    {
                      "bitrate": 256000,
                      "url": "https://video.twimg.com/ext_tw_video/1214751142300803075/pu/vid/480x270/eBrGfcuhdsDCbK9d.mp4?tag=10",
                      "content_type": "video/mp4"
                    },
                    {
                      "url": "https://video.twimg.com/ext_tw_video/1214751142300803075/pu/pl/qWUJ5tt8g76CpXkk.m3u8?tag=10",
                      "content_type": "application/x-mpegURL"
                    },
                    {
                      "bitrate": 832000,
                      "url": "https://video.twimg.com/ext_tw_video/1214751142300803075/pu/vid/640x360/9BBxwVTfKpA1N0Jd.mp4?tag=10",
                      "content_type": "video/mp4"
                    }
                  ],
                  "aspect_ratio": [
                    16,
                    9
                  ]
                },
                "url": "https://t.co/qWYK41SFCq",
                "display_url": "pic.twitter.com/qWYK41SFCq",
                "id": 1214751142300803075,
                "additional_media_info": {
                  "monetizable": false
                },
                "media_url": "http://pbs.twimg.com/ext_tw_video_thumb/1214751142300803075/pu/img/YUlR_Bn9SajMFpAf.jpg",
                "indices": [
                  185,
                  208
                ],
                "type": "video",
                "sizes": {
                  "medium": {
                    "h": 675,
                    "w": 1200,
                    "resize": "fit"
                  },
                  "thumb": {
                    "h": 150,
                    "w": 150,
                    "resize": "crop"
                  },
                  "large": {
                    "h": 720,
                    "w": 1280,
                    "resize": "fit"
                  },
                  "small": {
                    "h": 383,
                    "w": 680,
                    "resize": "fit"
                  }
                }
              }
            ]
          },
          "full_text": "🇺🇸🇮🇷 | #URGENTE: Al-Mayadeen: “4 misiles apuntarón a la base militar estadounidense en Habaan en Erbil y hay víctimas estadounidenses confirmadas”, según la fuente iraní. #EnDesarrollo https://t.co/qWYK41SFCq",
          "display_text_range": [
            0,
            184
          ]
        },
        "in_reply_to_user_id_str": null,
        "id_str": "1214751194251452417",
        "in_reply_to_status_id": null,
        "coordinates": null,
        "display_text_range": [
          0,
          140
        ],
        "filter_level": "low",
        "reply_count": 0,
        "favorite_count": 1,
        "place": null,
        "in_reply_to_status_id_str": null,
        "created_at": "Wed Jan 08 03:30:28 +0000 2020",
        "retweeted": false
      },
      "quote_count": 0,
      "is_quote_status": false,
      "geo": null,
      "entities": {
        "urls": [],
        "user_mentions": [
          {
            "screen_name": "EnLaMira_Sv",
            "id_str": "813808359858196480",
            "name": "En La Mira Noticias",
            "indices": [
              3,
              15
            ],
            "id": 813808359858196480
          }
        ],
        "symbols": [],
        "hashtags": [
          {
            "indices": [
              24,
              32
            ],
            "text": "URGENTE"
          }
        ]
      },
      "in_reply_to_screen_name": null,
      "in_reply_to_user_id_str": null,
      "id_str": "1214751824688930818",
      "in_reply_to_status_id": null,
      "timestamp_ms": "1578454378660",
      "coordinates": null,
      "retweeted": false,
      "filter_level": "low",
      "truncated": false,
      "favorite_count": 0,
      "place": null,
      "in_reply_to_status_id_str": null,
      "created_at": "Wed Jan 08 03:32:58 +0000 2020"
    },
    {
      "reply_count": 0,
      "contributors": null,
      "user": {
        "verified": false,
        "profile_image_url": "http://pbs.twimg.com/profile_images/1163275873904156673/rnwI1UN-_normal.jpg",
        "follow_request_sent": null,
        "profile_use_background_image": true,
        "profile_link_color": "1DA1F2",
        "profile_background_tile": false,
        "profile_image_url_https": "https://pbs.twimg.com/profile_images/1163275873904156673/rnwI1UN-_normal.jpg",
        "profile_background_color": "C0DEED",
        "utc_offset": null,
        "name": "Thieving raccoon",
        "geo_enabled": false,
        "url": null,
        "profile_banner_url": "https://pbs.twimg.com/profile_banners/1549942315/1566181556",
        "id": 1549942315,
        "lang": null,
        "contributors_enabled": false,
        "followers_count": 79,
        "friends_count": 669,
        "profile_sidebar_border_color": "C0DEED",
        "following": null,
        "default_profile": true,
        "statuses_count": 16615,
        "description": "#Sly5ForPS5 #FreeSlyfromEgypt  Must be 18+ to follow. Check out my Sly Cooper fanfics here! http://deviantart.com/kingncp",
        "screen_name": "TheRealNCP",
        "id_str": "1549942315",
        "protected": false,
        "is_translator": false,
        "location": null,
        "default_profile_image": false,
        "profile_background_image_url_https": "https://abs.twimg.com/images/themes/theme1/bg.png",
        "notifications": null,
        "profile_sidebar_fill_color": "DDEEF6",
        "profile_background_image_url": "http://abs.twimg.com/images/themes/theme1/bg.png",
        "favourites_count": 15924,
        "translator_type": "none",
        "created_at": "Thu Jun 27 06:27:24 +0000 2013",
        "time_zone": null,
        "listed_count": 1,
        "profile_text_color": "333333"
      },
      "favorited": false,
      "source": "<a href=\"https://mobile.twitter.com\" rel=\"nofollow\">Twitter Web App</a>",
      "retweet_count": 0,
      "text": "RT @GretaThunberg: Ecologists at the University of Sydney and WWF Australia estimate that a billion animals has died in Australia’s bushfir…",
      "id": 1214751824722436107,
      "in_reply_to_user_id": null,
      "lang": "en",
      "retweeted_status": {
        "reply_count": 1889,
        "contributors": null,
        "user": {
          "verified": true,
          "profile_image_url": "http://pbs.twimg.com/profile_images/1205151355230457856/h78KQbyF_normal.jpg",
          "follow_request_sent": null,
          "profile_use_background_image": true,
          "profile_link_color": "1DA1F2",
          "profile_background_tile": false,
          "profile_image_url_https": "https://pbs.twimg.com/profile_images/1205151355230457856/h78KQbyF_normal.jpg",
          "profile_background_color": "F5F8FA",
          "utc_offset": null,
          "name": "Greta Thunberg",
          "geo_enabled": false,
          "url": "https://youtu.be/H2QxFM9y0tY",
          "profile_banner_url": "https://pbs.twimg.com/profile_banners/1006419421244678144/1559499911",
          "id": 1006419421244678144,
          "lang": null,
          "contributors_enabled": false,
          "followers_count": 3916592,
          "friends_count": 1823,
          "profile_sidebar_border_color": "C0DEED",
          "following": null,
          "default_profile": true,
          "statuses_count": 6357,
          "description": "17 year old climate and environmental activist with Asperger’s #climatestrike #fridaysforfuture",
          "screen_name": "GretaThunberg",
          "id_str": "1006419421244678144",
          "protected": false,
          "is_translator": false,
          "location": "Sverige",
          "default_profile_image": false,
          "profile_background_image_url_https": "",
          "notifications": null,
          "profile_sidebar_fill_color": "DDEEF6",
          "profile_background_image_url": "",
          "favourites_count": 16205,
          "translator_type": "none",
          "created_at": "Tue Jun 12 06:14:23 +0000 2018",
          "time_zone": null,
          "listed_count": 7671,
          "profile_text_color": "333333"
        },
        "favorited": false,
        "source": "<a href=\"http://twitter.com/download/iphone\" rel=\"nofollow\">Twitter for iPhone</a>",
        "retweet_count": 17305,
        "text": "Ecologists at the University of Sydney and WWF Australia estimate that a billion animals has died in Australia’s bu… https://t.co/GjG1qevPPO",
        "id": 1214495538114117632,
        "in_reply_to_user_id": null,
        "lang": "en",
        "is_quote_status": false,
        "quote_count": 1386,
        "geo": null,
        "entities": {
          "urls": [
            {
              "url": "https://t.co/GjG1qevPPO",
              "display_url": "twitter.com/i/web/status/1…",
              "expanded_url": "https://twitter.com/i/web/status/1214495538114117632",
              "indices": [
                117,
                140
              ]
            }
          ],
          "user_mentions": [],
          "symbols": [],
          "hashtags": []
        },
        "in_reply_to_screen_name": null,
        "possibly_sensitive": false,
        "extended_tweet": {
          "entities": {
            "urls": [
              {
                "url": "https://t.co/b1DHgrGUSd",
                "display_url": "huffpost.com/entry/billion-…",
                "expanded_url": "https://www.huffpost.com/entry/billion-animals-australia-fires_n_5e13be43e4b0843d361778a6",
                "indices": [
                  245,
                  268
                ]
              }
            ],
            "user_mentions": [],
            "symbols": [],
            "hashtags": [
              {
                "indices": [
                  228,
                  243
                ],
                "text": "AustraliaFires"
              }
            ]
          },
          "full_text": "Ecologists at the University of Sydney and WWF Australia estimate that a billion animals has died in Australia’s bushfires.\n“Over a billion would be a very conservative figure,” says Chris Dickman from the University of Sydney. #AustraliaFires \nhttps://t.co/b1DHgrGUSd",
          "display_text_range": [
            0,
            268
          ]
        },
        "in_reply_to_user_id_str": null,
        "id_str": "1214495538114117632",
        "in_reply_to_status_id": null,
        "coordinates": null,
        "retweeted": false,
        "filter_level": "low",
        "truncated": true,
        "favorite_count": 44607,
        "place": null,
        "in_reply_to_status_id_str": null,
        "created_at": "Tue Jan 07 10:34:35 +0000 2020"
      },
      "quote_count": 0,
      "is_quote_status": false,
      "geo": null,
      "entities": {
        "urls": [],
        "user_mentions": [
          {
            "screen_name": "GretaThunberg",
            "id_str": "1006419421244678144",
            "name": "Greta Thunberg",
            "indices": [
              3,
              17
            ],
            "id": 1006419421244678144
          }
        ],
        "symbols": [],
        "hashtags": []
      },
      "in_reply_to_screen_name": null,
      "in_reply_to_user_id_str": null,
      "id_str": "1214751824722436107",
      "in_reply_to_status_id": null,
      "timestamp_ms": "1578454378668",
      "coordinates": null,
      "retweeted": false,
      "filter_level": "low",
      "truncated": false,
      "favorite_count": 0,
      "place": null,
      "in_reply_to_status_id_str": null,
      "created_at": "Wed Jan 08 03:32:58 +0000 2020"
    },
    {
      "reply_count": 0,
      "contributors": null,
      "user": {
        "verified": false,
        "profile_image_url": "http://pbs.twimg.com/profile_images/767557060263227392/Owm02UyQ_normal.jpg",
        "follow_request_sent": null,
        "profile_use_background_image": false,
        "profile_link_color": "91D2FA",
        "profile_background_tile": false,
        "profile_image_url_https": "https://pbs.twimg.com/profile_images/767557060263227392/Owm02UyQ_normal.jpg",
        "profile_background_color": "000000",
        "utc_offset": null,
        "name": "●•Tяυє A∂мιяєя•●",
        "geo_enabled": true,
        "url": "https://www.linkedin.com/in/sijosabu",
        "profile_banner_url": "https://pbs.twimg.com/profile_banners/417665164/1535705466",
        "id": 417665164,
        "lang": null,
        "contributors_enabled": false,
        "followers_count": 10551,
        "friends_count": 10402,
        "profile_sidebar_border_color": "000000",
        "following": null,
        "default_profile": false,
        "statuses_count": 50392,
        "description": "Aviator✈➡ ️Movie Buff🎬➡️ 💕 @Mohanlal's Devotee 💕💯➡️  Political Views are Personal🙋‍♂️➡️25🙌",
        "screen_name": "sabusijo",
        "id_str": "417665164",
        "protected": false,
        "is_translator": false,
        "location": "Bengaluru Malayalee",
        "default_profile_image": false,
        "profile_background_image_url_https": "https://abs.twimg.com/images/themes/theme12/bg.gif",
        "notifications": null,
        "profile_sidebar_fill_color": "000000",
        "profile_background_image_url": "http://abs.twimg.com/images/themes/theme12/bg.gif",
        "favourites_count": 125075,
        "translator_type": "none",
        "created_at": "Mon Nov 21 07:01:15 +0000 2011",
        "time_zone": null,
        "listed_count": 67,
        "profile_text_color": "000000"
      },
      "favorited": false,
      "source": "<a href=\"http://twitter.com/download/android\" rel=\"nofollow\">Twitter for Android</a>",
      "retweet_count": 0,
      "text": "RT @spectatorindex: BREAKING: Ukrainian passenger plane carrying 180 people crashes in Iran",
      "id": 1214751824676192256,
      "in_reply_to_user_id": null,
      "lang": "en",
      "retweeted_status": {
        "reply_count": 330,
        "favorite_count": 1797,
        "user": {
          "verified": false,
          "profile_image_url": "http://pbs.twimg.com/profile_images/1145865652533547008/XBahoZmX_normal.png",
          "follow_request_sent": null,
          "profile_use_background_image": false,
          "profile_link_color": "ABB8C2",
          "profile_background_tile": false,
          "profile_image_url_https": "https://pbs.twimg.com/profile_images/1145865652533547008/XBahoZmX_normal.png",
          "profile_background_color": "000000",
          "utc_offset": null,
          "name": "The Spectator Index",
          "geo_enabled": false,
          "url": "http://spectatorindex.com",
          "profile_banner_url": "https://pbs.twimg.com/profile_banners/1626294277/1430626667",
          "id": 1626294277,
          "lang": null,
          "contributors_enabled": false,
          "followers_count": 1331574,
          "friends_count": 0,
          "profile_sidebar_border_color": "000000",
          "following": null,
          "default_profile": false,
          "statuses_count": 39732,
          "description": "Watching the world. Focused on politics, economics, science and sports. Message us for business inquiries.",
          "screen_name": "spectatorindex",
          "id_str": "1626294277",
          "protected": false,
          "is_translator": false,
          "location": "Global",
          "default_profile_image": false,
          "profile_background_image_url_https": "https://abs.twimg.com/images/themes/theme1/bg.png",
          "notifications": null,
          "profile_sidebar_fill_color": "000000",
          "profile_background_image_url": "http://abs.twimg.com/images/themes/theme1/bg.png",
          "favourites_count": 1,
          "translator_type": "none",
          "created_at": "Sat Jul 27 20:42:27 +0000 2013",
          "time_zone": null,
          "listed_count": 10341,
          "profile_text_color": "000000"
        },
        "favorited": false,
        "source": "<a href=\"http://twitter.com/download/android\" rel=\"nofollow\">Twitter for Android</a>",
        "retweet_count": 1837,
        "text": "BREAKING: Ukrainian passenger plane carrying 180 people crashes in Iran",
        "id": 1214750551407124480,
        "in_reply_to_user_id": null,
        "lang": "en",
        "is_quote_status": false,
        "quote_count": 1274,
        "geo": null,
        "entities": {
          "urls": [],
          "user_mentions": [],
          "symbols": [],
          "hashtags": []
        },
        "in_reply_to_screen_name": null,
        "in_reply_to_user_id_str": null,
        "id_str": "1214750551407124480",
        "in_reply_to_status_id": null,
        "coordinates": null,
        "retweeted": false,
        "filter_level": "low",
        "truncated": false,
        "place": null,
        "in_reply_to_status_id_str": null,
        "created_at": "Wed Jan 08 03:27:55 +0000 2020",
        "contributors": null
      },
      "quote_count": 0,
      "is_quote_status": false,
      "geo": null,
      "entities": {
        "urls": [],
        "user_mentions": [
          {
            "screen_name": "spectatorindex",
            "id_str": "1626294277",
            "name": "The Spectator Index",
            "indices": [
              3,
              18
            ],
            "id": 1626294277
          }
        ],
        "symbols": [],
        "hashtags": []
      },
      "in_reply_to_screen_name": null,
      "in_reply_to_user_id_str": null,
      "id_str": "1214751824676192256",
      "in_reply_to_status_id": null,
      "timestamp_ms": "1578454378657",
      "coordinates": null,
      "retweeted": false,
      "filter_level": "low",
      "truncated": false,
      "favorite_count": 0,
      "place": null,
      "in_reply_to_status_id_str": null,
      "created_at": "Wed Jan 08 03:32:58 +0000 2020"
    },
    {
      "reply_count": 0,
      "contributors": null,
      "user": {
        "verified": false,
        "profile_image_url": "http://pbs.twimg.com/profile_images/982678392289071104/KuTYDaNa_normal.jpg",
        "follow_request_sent": null,
        "profile_use_background_image": true,
        "profile_link_color": "1DA1F2",
        "profile_background_tile": false,
        "profile_image_url_https": "https://pbs.twimg.com/profile_images/982678392289071104/KuTYDaNa_normal.jpg",
        "profile_background_color": "F5F8FA",
        "utc_offset": null,
        "name": "Wlad!",
        "geo_enabled": true,
        "url": null,
        "profile_banner_url": "https://pbs.twimg.com/profile_banners/718976312317231104/1552842003",
        "id": 718976312317231104,
        "lang": null,
        "contributors_enabled": false,
        "followers_count": 366,
        "friends_count": 1095,
        "profile_sidebar_border_color": "C0DEED",
        "following": null,
        "default_profile": true,
        "statuses_count": 46881,
        "description": null,
        "screen_name": "inwladi",
        "id_str": "718976312317231104",
        "protected": false,
        "is_translator": false,
        "location": null,
        "default_profile_image": false,
        "profile_background_image_url_https": "",
        "notifications": null,
        "profile_sidebar_fill_color": "DDEEF6",
        "profile_background_image_url": "",
        "favourites_count": 48976,
        "translator_type": "none",
        "created_at": "Sun Apr 10 01:38:05 +0000 2016",
        "time_zone": null,
        "listed_count": 3,
        "profile_text_color": "333333"
      },
      "favorited": false,
      "source": "<a href=\"http://twitter.com/download/android\" rel=\"nofollow\">Twitter for Android</a>",
      "retweet_count": 0,
      "text": "RT @JZarif: Iran took &amp; concluded proportionate measures in self-defense under Article 51 of UN Charter targeting base from which cowardly…",
      "id": 1214751824768651265,
      "in_reply_to_user_id": null,
      "lang": "en",
      "retweeted_status": {
        "reply_count": 3558,
        "contributors": null,
        "user": {
          "verified": true,
          "profile_image_url": "http://pbs.twimg.com/profile_images/919044790129479680/ynB-VNL-_normal.jpg",
          "follow_request_sent": null,
          "profile_use_background_image": true,
          "profile_link_color": "0084B4",
          "profile_background_tile": false,
          "profile_image_url_https": "https://pbs.twimg.com/profile_images/919044790129479680/ynB-VNL-_normal.jpg",
          "profile_background_color": "C0DEED",
          "utc_offset": null,
          "name": "Javad Zarif",
          "geo_enabled": false,
          "url": null,
          "profile_banner_url": "https://pbs.twimg.com/profile_banners/47813521/1454225639",
          "id": 47813521,
          "lang": null,
          "contributors_enabled": false,
          "followers_count": 1384600,
          "friends_count": 10,
          "profile_sidebar_border_color": "FFFFFF",
          "following": null,
          "default_profile": false,
          "statuses_count": 805,
          "description": "Foreign Minister of Islamic Republic of Iran",
          "screen_name": "JZarif",
          "id_str": "47813521",
          "protected": false,
          "is_translator": false,
          "location": "Tehran, Iran",
          "default_profile_image": false,
          "profile_background_image_url_https": "https://abs.twimg.com/images/themes/theme1/bg.png",
          "notifications": null,
          "profile_sidebar_fill_color": "DDEEF6",
          "profile_background_image_url": "http://abs.twimg.com/images/themes/theme1/bg.png",
          "favourites_count": 4,
          "translator_type": "none",
          "created_at": "Wed Jun 17 01:54:58 +0000 2009",
          "time_zone": null,
          "listed_count": 4188,
          "profile_text_color": "333333"
        },
        "favorited": false,
        "source": "<a href=\"https://mobile.twitter.com\" rel=\"nofollow\">Twitter Web App</a>",
        "retweet_count": 7794,
        "text": "Iran took &amp; concluded proportionate measures in self-defense under Article 51 of UN Charter targeting base from whi… https://t.co/9borI5dFIK",
        "id": 1214736614217469953,
        "in_reply_to_user_id": null,
        "lang": "en",
        "is_quote_status": false,
        "quote_count": 2482,
        "geo": null,
        "entities": {
          "urls": [
            {
              "url": "https://t.co/9borI5dFIK",
              "display_url": "twitter.com/i/web/status/1…",
              "expanded_url": "https://twitter.com/i/web/status/1214736614217469953",
              "indices": [
                121,
                144
              ]
            }
          ],
          "user_mentions": [],
          "symbols": [],
          "hashtags": []
        },
        "in_reply_to_screen_name": null,
        "extended_tweet": {
          "entities": {
            "urls": [],
            "user_mentions": [],
            "symbols": [],
            "hashtags": []
          },
          "full_text": "Iran took &amp; concluded proportionate measures in self-defense under Article 51 of UN Charter targeting base from which cowardly armed attack against our citizens &amp; senior officials were launched.\n\nWe do not seek escalation or war, but will defend ourselves against any aggression.",
          "display_text_range": [
            0,
            287
          ]
        },
        "in_reply_to_user_id_str": null,
        "id_str": "1214736614217469953",
        "in_reply_to_status_id": null,
        "coordinates": null,
        "retweeted": false,
        "filter_level": "low",
        "truncated": true,
        "favorite_count": 14840,
        "place": null,
        "in_reply_to_status_id_str": null,
        "created_at": "Wed Jan 08 02:32:32 +0000 2020"
      },
      "quote_count": 0,
      "is_quote_status": false,
      "geo": null,
      "entities": {
        "urls": [],
        "user_mentions": [
          {
            "screen_name": "JZarif",
            "id_str": "47813521",
            "name": "Javad Zarif",
            "indices": [
              3,
              10
            ],
            "id": 47813521
          }
        ],
        "symbols": [],
        "hashtags": []
      },
      "in_reply_to_screen_name": null,
      "in_reply_to_user_id_str": null,
      "id_str": "1214751824768651265",
      "in_reply_to_status_id": null,
      "timestamp_ms": "1578454378679",
      "coordinates": null,
      "retweeted": false,
      "filter_level": "low",
      "truncated": false,
      "favorite_count": 0,
      "place": null,
      "in_reply_to_status_id_str": null,
      "created_at": "Wed Jan 08 03:32:58 +0000 2020"
    },
    {
      "truncated": false,
      "contributors": null,
      "quoted_status_permalink": {
        "expanded": "https://twitter.com/spectatorindex/status/1214750551407124480",
        "url": "https://t.co/P5OzUePfSU",
        "display": "twitter.com/spectatorindex…"
      },
      "favorited": false,
      "source": "<a href=\"http://twitter.com/download/iphone\" rel=\"nofollow\">Twitter for iPhone</a>",
      "retweet_count": 0,
      "text": "Wesh ??",
      "id": 1214751824709902337,
      "in_reply_to_user_id": null,
      "lang": "en",
      "is_quote_status": true,
      "quote_count": 0,
      "in_reply_to_status_id_str": null,
      "entities": {
        "urls": [],
        "user_mentions": [],
        "symbols": [],
        "hashtags": []
      },
      "in_reply_to_screen_name": null,
      "in_reply_to_user_id_str": null,
      "id_str": "1214751824709902337",
      "in_reply_to_status_id": null,
      "quoted_status_id": 1214750551407124480,
      "timestamp_ms": "1578454378665",
      "coordinates": null,
      "geo": null,
      "filter_level": "low",
      "quoted_status": {
        "reply_count": 334,
        "favorite_count": 1847,
        "user": {
          "verified": false,
          "profile_image_url": "http://pbs.twimg.com/profile_images/1145865652533547008/XBahoZmX_normal.png",
          "follow_request_sent": null,
          "profile_use_background_image": false,
          "profile_link_color": "ABB8C2",
          "profile_background_tile": false,
          "profile_image_url_https": "https://pbs.twimg.com/profile_images/1145865652533547008/XBahoZmX_normal.png",
          "profile_background_color": "000000",
          "utc_offset": null,
          "name": "The Spectator Index",
          "geo_enabled": false,
          "url": "http://spectatorindex.com",
          "profile_banner_url": "https://pbs.twimg.com/profile_banners/1626294277/1430626667",
          "id": 1626294277,
          "lang": null,
          "contributors_enabled": false,
          "followers_count": 1331571,
          "friends_count": 0,
          "profile_sidebar_border_color": "000000",
          "following": null,
          "default_profile": false,
          "statuses_count": 39732,
          "description": "Watching the world. Focused on politics, economics, science and sports. Message us for business inquiries.",
          "screen_name": "spectatorindex",
          "id_str": "1626294277",
          "protected": false,
          "is_translator": false,
          "location": "Global",
          "default_profile_image": false,
          "profile_background_image_url_https": "https://abs.twimg.com/images/themes/theme1/bg.png",
          "notifications": null,
          "profile_sidebar_fill_color": "000000",
          "profile_background_image_url": "http://abs.twimg.com/images/themes/theme1/bg.png",
          "favourites_count": 1,
          "translator_type": "none",
          "created_at": "Sat Jul 27 20:42:27 +0000 2013",
          "time_zone": null,
          "listed_count": 10401,
          "profile_text_color": "000000"
        },
        "favorited": false,
        "source": "<a href=\"http://twitter.com/download/android\" rel=\"nofollow\">Twitter for Android</a>",
        "retweet_count": 1880,
        "text": "BREAKING: Ukrainian passenger plane carrying 180 people crashes in Iran",
        "id": 1214750551407124480,
        "in_reply_to_user_id": null,
        "lang": "en",
        "is_quote_status": false,
        "quote_count": 1275,
        "geo": null,
        "entities": {
          "urls": [],
          "user_mentions": [],
          "symbols": [],
          "hashtags": []
        },
        "in_reply_to_screen_name": null,
        "in_reply_to_user_id_str": null,
        "id_str": "1214750551407124480",
        "in_reply_to_status_id": null,
        "coordinates": null,
        "retweeted": false,
        "filter_level": "low",
        "truncated": false,
        "place": null,
        "in_reply_to_status_id_str": null,
        "created_at": "Wed Jan 08 03:27:55 +0000 2020",
        "contributors": null
      },
      "favorite_count": 0,
      "place": null,
      "quoted_status_id_str": "1214750551407124480",
      "created_at": "Wed Jan 08 03:32:58 +0000 2020",
      "retweeted": false,
      "user": {
        "verified": false,
        "profile_image_url": "http://pbs.twimg.com/profile_images/1213896716967186432/-Gr_0YlF_normal.jpg",
        "follow_request_sent": null,
        "profile_use_background_image": true,
        "profile_link_color": "34E810",
        "profile_background_tile": true,
        "profile_image_url_https": "https://pbs.twimg.com/profile_images/1213896716967186432/-Gr_0YlF_normal.jpg",
        "profile_background_color": "C0DEED",
        "utc_offset": null,
        "name": "AZADÎ",
        "geo_enabled": true,
        "url": "https://thediplomaticpost.com",
        "profile_banner_url": "https://pbs.twimg.com/profile_banners/2541753451/1578417051",
        "id": 2541753451,
        "lang": null,
        "contributors_enabled": false,
        "followers_count": 826,
        "friends_count": 470,
        "profile_sidebar_border_color": "000000",
        "following": null,
        "default_profile": false,
        "statuses_count": 91360,
        "description": "Eshgham, fahmidam ke eshghe nemishavad, neveshte beshavad 🖋 @ctanyslas",
        "screen_name": "haftsharo",
        "id_str": "2541753451",
        "protected": false,
        "is_translator": false,
        "location": "Annecy / Angers",
        "default_profile_image": false,
        "profile_background_image_url_https": "https://abs.twimg.com/images/themes/theme1/bg.png",
        "notifications": null,
        "profile_sidebar_fill_color": "DDEEF6",
        "profile_background_image_url": "http://abs.twimg.com/images/themes/theme1/bg.png",
        "favourites_count": 7627,
        "translator_type": "regular",
        "created_at": "Mon Jun 02 15:55:18 +0000 2014",
        "time_zone": null,
        "listed_count": 62,
        "profile_text_color": "333333"
      },
      "reply_count": 0
    },
    {
      "reply_count": 0,
      "contributors": null,
      "user": {
        "verified": false,
        "profile_image_url": "http://pbs.twimg.com/profile_images/1157707419285426182/LYjavukG_normal.jpg",
        "follow_request_sent": null,
        "profile_use_background_image": true,
        "profile_link_color": "1DA1F2",
        "profile_background_tile": false,
        "profile_image_url_https": "https://pbs.twimg.com/profile_images/1157707419285426182/LYjavukG_normal.jpg",
        "profile_background_color": "F5F8FA",
        "utc_offset": null,
        "name": "yakub ousman",
        "geo_enabled": false,
        "url": null,
        "profile_banner_url": "https://pbs.twimg.com/profile_banners/703205804896342016/1561748027",
        "id": 703205804896342016,
        "lang": null,
        "contributors_enabled": false,
        "followers_count": 16910,
        "friends_count": 18339,
        "profile_sidebar_border_color": "C0DEED",
        "following": null,
        "default_profile": true,
        "statuses_count": 123619,
        "description": "The things men never talk about are the same things which drives them crazy",
        "screen_name": "YakubOusman",
        "id_str": "703205804896342016",
        "protected": false,
        "is_translator": false,
        "location": "Nairobi, Kenya",
        "default_profile_image": false,
        "profile_background_image_url_https": "",
        "notifications": null,
        "profile_sidebar_fill_color": "DDEEF6",
        "profile_background_image_url": "",
        "favourites_count": 141989,
        "translator_type": "none",
        "created_at": "Fri Feb 26 13:11:43 +0000 2016",
        "time_zone": null,
        "listed_count": 6,
        "profile_text_color": "333333"
      },
      "favorited": false,
      "source": "<a href=\"http://twitter.com/download/android\" rel=\"nofollow\">Twitter for Android</a>",
      "retweet_count": 0,
      "text": "RT @RyanAFournier: We have the capability to shoot an undetected missile from a drone thousands of feet above the ground into an SUV while…",
      "id": 1214751824835731456,
      "in_reply_to_user_id": null,
      "lang": "en",
      "retweeted_status": {
        "reply_count": 21,
        "contributors": null,
        "user": {
          "verified": true,
          "profile_image_url": "http://pbs.twimg.com/profile_images/1171465484450947076/0RgZ2Kac_normal.jpg",
          "follow_request_sent": null,
          "profile_use_background_image": true,
          "profile_link_color": "E81C4F",
          "profile_background_tile": true,
          "profile_image_url_https": "https://pbs.twimg.com/profile_images/1171465484450947076/0RgZ2Kac_normal.jpg",
          "profile_background_color": "303D5D",
          "utc_offset": null,
          "name": "Ryan Fournier",
          "geo_enabled": true,
          "url": "http://instagram.com/ryanafournier",
          "profile_banner_url": "https://pbs.twimg.com/profile_banners/166751745/1574661575",
          "id": 166751745,
          "lang": null,
          "contributors_enabled": false,
          "followers_count": 777413,
          "friends_count": 320219,
          "profile_sidebar_border_color": "000000",
          "following": null,
          "default_profile": false,
          "statuses_count": 12208,
          "description": "Founder and Co-Chairman of @TrumpStudents / Turning Point Action 📧 press@ryanfournier.com",
          "screen_name": "RyanAFournier",
          "id_str": "166751745",
          "protected": false,
          "is_translator": false,
          "location": "Washington, DC & Raleigh, NC",
          "default_profile_image": false,
          "profile_background_image_url_https": "https://abs.twimg.com/images/themes/theme15/bg.png",
          "notifications": null,
          "profile_sidebar_fill_color": "C2C5D1",
          "profile_background_image_url": "http://abs.twimg.com/images/themes/theme15/bg.png",
          "favourites_count": 23577,
          "translator_type": "none",
          "created_at": "Wed Jul 14 22:44:56 +0000 2010",
          "time_zone": null,
          "listed_count": 2734,
          "profile_text_color": "D4443F"
        },
        "favorited": false,
        "source": "<a href=\"http://twitter.com/download/iphone\" rel=\"nofollow\">Twitter for iPhone</a>",
        "retweet_count": 98,
        "text": "We have the capability to shoot an undetected missile from a drone thousands of feet above the ground into an SUV w… https://t.co/uTb5XTAuo0",
        "id": 1214751182855397376,
        "in_reply_to_user_id": null,
        "lang": "en",
        "is_quote_status": false,
        "quote_count": 6,
        "geo": null,
        "entities": {
          "urls": [
            {
              "url": "https://t.co/uTb5XTAuo0",
              "display_url": "twitter.com/i/web/status/1…",
              "expanded_url": "https://twitter.com/i/web/status/1214751182855397376",
              "indices": [
                117,
                140
              ]
            }
          ],
          "user_mentions": [],
          "symbols": [],
          "hashtags": []
        },
        "in_reply_to_screen_name": null,
        "extended_tweet": {
          "entities": {
            "urls": [],
            "user_mentions": [],
            "symbols": [],
            "hashtags": []
          },
          "full_text": "We have the capability to shoot an undetected missile from a drone thousands of feet above the ground into an SUV while it’s moving.\n\nIran can’t even accurately hit a stationary target.\n\nThis ‘war’ would end very quickly.",
          "display_text_range": [
            0,
            221
          ]
        },
        "in_reply_to_user_id_str": null,
        "id_str": "1214751182855397376",
        "in_reply_to_status_id": null,
        "coordinates": null,
        "retweeted": false,
        "filter_level": "low",
        "truncated": true,
        "favorite_count": 392,
        "place": null,
        "in_reply_to_status_id_str": null,
        "created_at": "Wed Jan 08 03:30:25 +0000 2020"
      },
      "quote_count": 0,
      "is_quote_status": false,
      "geo": null,
      "entities": {
        "urls": [],
        "user_mentions": [
          {
            "screen_name": "RyanAFournier",
            "id_str": "166751745",
            "name": "Ryan Fournier",
            "indices": [
              3,
              17
            ],
            "id": 166751745
          }
        ],
        "symbols": [],
        "hashtags": []
      },
      "in_reply_to_screen_name": null,
      "in_reply_to_user_id_str": null,
      "id_str": "1214751824835731456",
      "in_reply_to_status_id": null,
      "timestamp_ms": "1578454378695",
      "coordinates": null,
      "retweeted": false,
      "filter_level": "low",
      "truncated": false,
      "favorite_count": 0,
      "place": null,
      "in_reply_to_status_id_str": null,
      "created_at": "Wed Jan 08 03:32:58 +0000 2020"
    },
    {
      "reply_count": 0,
      "contributors": null,
      "user": {
        "verified": false,
        "profile_image_url": "http://pbs.twimg.com/profile_images/1146554872256487425/ftmbLSeO_normal.jpg",
        "follow_request_sent": null,
        "profile_use_background_image": true,
        "profile_link_color": "1DA1F2",
        "profile_background_tile": false,
        "profile_image_url_https": "https://pbs.twimg.com/profile_images/1146554872256487425/ftmbLSeO_normal.jpg",
        "profile_background_color": "F5F8FA",
        "utc_offset": null,
        "name": "Kalena Aleka",
        "geo_enabled": false,
        "url": null,
        "profile_banner_url": "https://pbs.twimg.com/profile_banners/1116137075231928320/1569233663",
        "id": 1116137075231928320,
        "lang": null,
        "contributors_enabled": false,
        "followers_count": 3696,
        "friends_count": 4940,
        "profile_sidebar_border_color": "C0DEED",
        "following": null,
        "default_profile": true,
        "statuses_count": 15659,
        "description": "Belief: Women can no longer be held completely responsible by society for pregnancies.  Legislation regarding abortion needs to address fathers, contraception.",
        "screen_name": "AlekaKalena",
        "id_str": "1116137075231928320",
        "protected": false,
        "is_translator": false,
        "location": "#stopthesperm",
        "default_profile_image": false,
        "profile_background_image_url_https": "",
        "notifications": null,
        "profile_sidebar_fill_color": "DDEEF6",
        "profile_background_image_url": "",
        "favourites_count": 51223,
        "translator_type": "none",
        "created_at": "Thu Apr 11 00:33:10 +0000 2019",
        "time_zone": null,
        "listed_count": 2,
        "profile_text_color": "333333"
      },
      "favorited": false,
      "source": "<a href=\"https://mobile.twitter.com\" rel=\"nofollow\">Twitter Web App</a>",
      "retweet_count": 0,
      "text": "RT @TheRickyDavila: Nazi scumbag pervert Sebastian Gorka went from calling teen climate activist Greta Thunberg “thunder thighs” to saying…",
      "id": 1214751824852537349,
      "in_reply_to_user_id": null,
      "lang": "en",
      "retweeted_status": {
        "reply_count": 34,
        "contributors": null,
        "user": {
          "verified": false,
          "profile_image_url": "http://pbs.twimg.com/profile_images/1145858933510352899/P7ZjHqpU_normal.jpg",
          "follow_request_sent": null,
          "profile_use_background_image": true,
          "profile_link_color": "9266CC",
          "profile_background_tile": true,
          "profile_image_url_https": "https://pbs.twimg.com/profile_images/1145858933510352899/P7ZjHqpU_normal.jpg",
          "profile_background_color": "3E0F85",
          "utc_offset": null,
          "name": "Ricky Davila",
          "geo_enabled": true,
          "url": "https://open.spotify.com/album/2AIqcRhMbx0DUce9RHHpTj?si=d43ndhZ8SgqTosfL7GOEdg",
          "profile_banner_url": "https://pbs.twimg.com/profile_banners/341190477/1493704023",
          "id": 341190477,
          "lang": null,
          "contributors_enabled": false,
          "followers_count": 298592,
          "friends_count": 176988,
          "profile_sidebar_border_color": "000000",
          "following": null,
          "default_profile": false,
          "statuses_count": 39314,
          "description": "Singer. Political junkie. I Resist. My new song ‘Superhero’ is OUT NOW. You can find my music here: https://music.apple.com/us/artist/ricky-davila/1031751601",
          "screen_name": "TheRickyDavila",
          "id_str": "341190477",
          "protected": false,
          "is_translator": false,
          "location": "Los Angeles, CA",
          "default_profile_image": false,
          "profile_background_image_url_https": "https://abs.twimg.com/images/themes/theme1/bg.png",
          "notifications": null,
          "profile_sidebar_fill_color": "481561",
          "profile_background_image_url": "http://abs.twimg.com/images/themes/theme1/bg.png",
          "favourites_count": 17404,
          "translator_type": "none",
          "created_at": "Sat Jul 23 23:38:51 +0000 2011",
          "time_zone": null,
          "listed_count": 1548,
          "profile_text_color": "C90C0C"
        },
        "favorited": false,
        "source": "<a href=\"http://twitter.com/download/iphone\" rel=\"nofollow\">Twitter for iPhone</a>",
        "retweet_count": 185,
        "text": "Nazi scumbag pervert Sebastian Gorka went from calling teen climate activist Greta Thunberg “thunder thighs” to say… https://t.co/sZiSLoEurV",
        "id": 1214734083869175809,
        "in_reply_to_user_id": null,
        "lang": "en",
        "is_quote_status": false,
        "quote_count": 32,
        "geo": null,
        "entities": {
          "urls": [
            {
              "url": "https://t.co/sZiSLoEurV",
              "display_url": "twitter.com/i/web/status/1…",
              "expanded_url": "https://twitter.com/i/web/status/1214734083869175809",
              "indices": [
                117,
                140
              ]
            }
          ],
          "user_mentions": [],
          "symbols": [],
          "hashtags": []
        },
        "in_reply_to_screen_name": null,
        "extended_tweet": {
          "entities": {
            "urls": [],
            "user_mentions": [
              {
                "screen_name": "SebGorka",
                "id_str": "2417586104",
                "name": "Sebastian Gorka DrG",
                "indices": [
                  231,
                  240
                ],
                "id": 2417586104
              }
            ],
            "symbols": [],
            "hashtags": []
          },
          "full_text": "Nazi scumbag pervert Sebastian Gorka went from calling teen climate activist Greta Thunberg “thunder thighs” to saying he welcomed Iran’s attacks on our troops.\n\nI’d love to see this slovenly sack of rancid meat in total ruin, but @SebGorka blocked me, so I can’t tell him that.",
          "display_text_range": [
            0,
            278
          ]
        },
        "in_reply_to_user_id_str": null,
        "id_str": "1214734083869175809",
        "in_reply_to_status_id": null,
        "coordinates": null,
        "retweeted": false,
        "filter_level": "low",
        "truncated": true,
        "favorite_count": 653,
        "place": null,
        "in_reply_to_status_id_str": null,
        "created_at": "Wed Jan 08 02:22:28 +0000 2020"
      },
      "quote_count": 0,
      "is_quote_status": false,
      "geo": null,
      "entities": {
        "urls": [],
        "user_mentions": [
          {
            "screen_name": "TheRickyDavila",
            "id_str": "341190477",
            "name": "Ricky Davila",
            "indices": [
              3,
              18
            ],
            "id": 341190477
          }
        ],
        "symbols": [],
        "hashtags": []
      },
      "in_reply_to_screen_name": null,
      "in_reply_to_user_id_str": null,
      "id_str": "1214751824852537349",
      "in_reply_to_status_id": null,
      "timestamp_ms": "1578454378699",
      "coordinates": null,
      "retweeted": false,
      "filter_level": "low",
      "truncated": false,
      "favorite_count": 0,
      "place": null,
      "in_reply_to_status_id_str": null,
      "created_at": "Wed Jan 08 03:32:58 +0000 2020"
    },
    {
      "reply_count": 0,
      "contributors": null,
      "user": {
        "verified": false,
        "profile_image_url": "http://pbs.twimg.com/profile_images/915782118491529216/VQo6TpP3_normal.jpg",
        "follow_request_sent": null,
        "profile_use_background_image": true,
        "profile_link_color": "1DA1F2",
        "profile_background_tile": false,
        "profile_image_url_https": "https://pbs.twimg.com/profile_images/915782118491529216/VQo6TpP3_normal.jpg",
        "profile_background_color": "C0DEED",
        "utc_offset": null,
        "name": "magmae",
        "geo_enabled": false,
        "url": null,
        "id": 87751196,
        "lang": null,
        "contributors_enabled": false,
        "followers_count": 1000,
        "friends_count": 1287,
        "profile_sidebar_border_color": "C0DEED",
        "following": null,
        "default_profile": true,
        "statuses_count": 64564,
        "description": null,
        "screen_name": "MagmaeM",
        "id_str": "87751196",
        "protected": false,
        "is_translator": false,
        "location": null,
        "default_profile_image": false,
        "profile_background_image_url_https": "https://abs.twimg.com/images/themes/theme1/bg.png",
        "notifications": null,
        "profile_sidebar_fill_color": "DDEEF6",
        "profile_background_image_url": "http://abs.twimg.com/images/themes/theme1/bg.png",
        "favourites_count": 148833,
        "translator_type": "none",
        "created_at": "Thu Nov 05 18:34:22 +0000 2009",
        "time_zone": null,
        "listed_count": 0,
        "profile_text_color": "333333"
      },
      "favorited": false,
      "source": "<a href=\"http://twitter.com/download/iphone\" rel=\"nofollow\">Twitter for iPhone</a>",
      "retweet_count": 0,
      "text": "RT @Breaking911: JUST IN: Texas Governor Greg Abbott says there has been up to 10,000 attempted cyber-attacks per minute by Iran over a spa…",
      "id": 1214751824881897474,
      "in_reply_to_user_id": null,
      "lang": "en",
      "retweeted_status": {
        "reply_count": 63,
        "contributors": null,
        "user": {
          "verified": false,
          "profile_image_url": "http://pbs.twimg.com/profile_images/619546088995979264/KuG27bBK_normal.jpg",
          "follow_request_sent": null,
          "profile_use_background_image": true,
          "profile_link_color": "0084B4",
          "profile_background_tile": false,
          "profile_image_url_https": "https://pbs.twimg.com/profile_images/619546088995979264/KuG27bBK_normal.jpg",
          "profile_background_color": "C0DEED",
          "utc_offset": null,
          "name": "Breaking911",
          "geo_enabled": false,
          "url": "http://Breaking911.com",
          "profile_banner_url": "https://pbs.twimg.com/profile_banners/375721095/1496844300",
          "id": 375721095,
          "lang": null,
          "contributors_enabled": false,
          "followers_count": 427959,
          "friends_count": 0,
          "profile_sidebar_border_color": "FFFFFF",
          "following": null,
          "default_profile": false,
          "statuses_count": 809,
          "description": "Breaking news in live time for over 8 years. Now 400K strong! Follow @Breaking911 and visit http://Breaking911.com to stay updated",
          "screen_name": "Breaking911",
          "id_str": "375721095",
          "protected": false,
          "is_translator": false,
          "location": "Nashville",
          "default_profile_image": false,
          "profile_background_image_url_https": "https://abs.twimg.com/images/themes/theme1/bg.png",
          "notifications": null,
          "profile_sidebar_fill_color": "DDEEF6",
          "profile_background_image_url": "http://abs.twimg.com/images/themes/theme1/bg.png",
          "favourites_count": 2,
          "translator_type": "none",
          "created_at": "Sun Sep 18 16:36:06 +0000 2011",
          "time_zone": null,
          "listed_count": 5135,
          "profile_text_color": "333333"
        },
        "favorited": false,
        "source": "<a href=\"https://mobile.twitter.com\" rel=\"nofollow\">Twitter Web App</a>",
        "retweet_count": 834,
        "text": "JUST IN: Texas Governor Greg Abbott says there has been up to 10,000 attempted cyber-attacks per minute by Iran ove… https://t.co/R3iA0n4KtC",
        "id": 1214747968277843968,
        "in_reply_to_user_id": null,
        "lang": "en",
        "is_quote_status": false,
        "quote_count": 80,
        "geo": null,
        "entities": {
          "urls": [
            {
              "url": "https://t.co/R3iA0n4KtC",
              "display_url": "twitter.com/i/web/status/1…",
              "expanded_url": "https://twitter.com/i/web/status/1214747968277843968",
              "indices": [
                117,
                140
              ]
            }
          ],
          "user_mentions": [],
          "symbols": [],
          "hashtags": []
        },
        "in_reply_to_screen_name": null,
        "extended_tweet": {
          "entities": {
            "urls": [],
            "user_mentions": [],
            "symbols": [],
            "hashtags": []
          },
          "full_text": "JUST IN: Texas Governor Greg Abbott says there has been up to 10,000 attempted cyber-attacks per minute by Iran over a span of 48 hours and is urging the public to be vigilant - KTRK",
          "display_text_range": [
            0,
            182
          ]
        },
        "in_reply_to_user_id_str": null,
        "id_str": "1214747968277843968",
        "in_reply_to_status_id": null,
        "coordinates": null,
        "retweeted": false,
        "filter_level": "low",
        "truncated": true,
        "favorite_count": 1183,
        "place": null,
        "in_reply_to_status_id_str": null,
        "created_at": "Wed Jan 08 03:17:39 +0000 2020"
      },
      "quote_count": 0,
      "is_quote_status": false,
      "geo": null,
      "entities": {
        "urls": [],
        "user_mentions": [
          {
            "screen_name": "Breaking911",
            "id_str": "375721095",
            "name": "Breaking911",
            "indices": [
              3,
              15
            ],
            "id": 375721095
          }
        ],
        "symbols": [],
        "hashtags": []
      },
      "in_reply_to_screen_name": null,
      "in_reply_to_user_id_str": null,
      "id_str": "1214751824881897474",
      "in_reply_to_status_id": null,
      "timestamp_ms": "1578454378706",
      "coordinates": null,
      "retweeted": false,
      "filter_level": "low",
      "truncated": false,
      "favorite_count": 0,
      "place": null,
      "in_reply_to_status_id_str": null,
      "created_at": "Wed Jan 08 03:32:58 +0000 2020"
    },
    {
      "truncated": false,
      "contributors": null,
      "quoted_status_permalink": {
        "expanded": "https://twitter.com/_SJPeace_/status/1214651771093704710",
        "url": "https://t.co/iec1Sh34f4",
        "display": "twitter.com/_SJPeace_/stat…"
      },
      "favorited": false,
      "source": "<a href=\"https://mobile.twitter.com\" rel=\"nofollow\">Twitter Web App</a>",
      "retweet_count": 0,
      "text": "RT @sayakafc: ボストンでのデモの様子。「戦争も占領も、もう要らない。お金は雇用と教育のために」と言いながら歩く人びと。イランと戦争をするな！…ポルトガルでも朝からずっとこの話題なのだが、政府が地域に自衛隊を派遣するといってる日本ではあまり話題になってないのが怖い……",
      "id": 1214751824898510849,
      "in_reply_to_user_id": null,
      "lang": "ja",
      "retweeted_status": {
        "truncated": true,
        "contributors": null,
        "quoted_status_permalink": {
          "expanded": "https://twitter.com/_SJPeace_/status/1214651771093704710",
          "url": "https://t.co/iec1Sh34f4",
          "display": "twitter.com/_SJPeace_/stat…"
        },
        "in_reply_to_status_id_str": null,
        "source": "<a href=\"https://mobile.twitter.com\" rel=\"nofollow\">Twitter Web App</a>",
        "retweet_count": 316,
        "text": "ボストンでのデモの様子。「戦争も占領も、もう要らない。お金は雇用と教育のために」と言いながら歩く人びと。イランと戦争をするな！…ポルトガルでも朝からずっとこの話題なのだが、政府が地域に自衛隊を派遣するといってる日本ではあまり話題に… https://t.co/G4eA6VqtsF",
        "id": 1214653698896531456,
        "in_reply_to_user_id": null,
        "lang": "ja",
        "is_quote_status": true,
        "quote_count": 0,
        "geo": null,
        "entities": {
          "urls": [
            {
              "url": "https://t.co/G4eA6VqtsF",
              "display_url": "twitter.com/i/web/status/1…",
              "expanded_url": "https://twitter.com/i/web/status/1214653698896531456",
              "indices": [
                117,
                140
              ]
            }
          ],
          "user_mentions": [],
          "symbols": [],
          "hashtags": []
        },
        "in_reply_to_screen_name": null,
        "possibly_sensitive": false,
        "extended_tweet": {
          "entities": {
            "urls": [
              {
                "url": "https://t.co/iec1Sh34f4",
                "display_url": "twitter.com/_SJPeace_/stat…",
                "expanded_url": "https://twitter.com/_SJPeace_/status/1214651771093704710",
                "indices": [
                  127,
                  150
                ]
              }
            ],
            "user_mentions": [],
            "symbols": [],
            "hashtags": []
          },
          "full_text": "ボストンでのデモの様子。「戦争も占領も、もう要らない。お金は雇用と教育のために」と言いながら歩く人びと。イランと戦争をするな！…ポルトガルでも朝からずっとこの話題なのだが、政府が地域に自衛隊を派遣するといってる日本ではあまり話題になってないのが怖い…。 https://t.co/iec1Sh34f4",
          "display_text_range": [
            0,
            126
          ]
        },
        "in_reply_to_user_id_str": null,
        "id_str": "1214653698896531456",
        "in_reply_to_status_id": null,
        "quoted_status_id": 1214651771093704710,
        "favorited": false,
        "coordinates": null,
        "display_text_range": [
          0,
          140
        ],
        "filter_level": "low",
        "quoted_status": {
          "truncated": false,
          "contributors": null,
          "user": {
            "verified": false,
            "profile_image_url": "http://pbs.twimg.com/profile_images/1196129597802369024/JEutnbaI_normal.jpg",
            "follow_request_sent": null,
            "profile_use_background_image": false,
            "profile_link_color": "1B95E0",
            "profile_background_tile": false,
            "profile_image_url_https": "https://pbs.twimg.com/profile_images/1196129597802369024/JEutnbaI_normal.jpg",
            "profile_background_color": "C0DEED",
            "utc_offset": null,
            "name": "StanceGrounded",
            "geo_enabled": true,
            "url": null,
            "profile_banner_url": "https://pbs.twimg.com/profile_banners/716432228/1548989721",
            "id": 716432228,
            "lang": null,
            "contributors_enabled": false,
            "followers_count": 333121,
            "friends_count": 44478,
            "profile_sidebar_border_color": "FFFFFF",
            "following": null,
            "default_profile": false,
            "statuses_count": 19502,
            "description": "Human/Civil Rights Activist- Muslim, American by birth, Pakistani. Educated man of color - changing the world one friend at a time. ✊🏽✊🏾✊🏿 #Resist #BLM",
            "screen_name": "_SJPeace_",
            "id_str": "716432228",
            "protected": false,
            "is_translator": false,
            "location": "Detroit, MI",
            "default_profile_image": false,
            "profile_background_image_url_https": "https://abs.twimg.com/images/themes/theme1/bg.png",
            "notifications": null,
            "profile_sidebar_fill_color": "DDEEF6",
            "profile_background_image_url": "http://abs.twimg.com/images/themes/theme1/bg.png",
            "favourites_count": 16317,
            "translator_type": "none",
            "created_at": "Wed Jul 25 17:22:39 +0000 2012",
            "time_zone": null,
            "listed_count": 1323,
            "profile_text_color": "333333"
          },
          "favorited": false,
          "source": "<a href=\"http://twitter.com/download/android\" rel=\"nofollow\">Twitter for Android</a>",
          "retweet_count": 2088,
          "text": "Boston chants \n\n\"No more wars and occupation. Money for jobs and education\"\n\nNO 👏🏽WAR👏🏾 WITH 👏🏿IRAN! https://t.co/Itj61vdZwq",
          "id": 1214651771093704710,
          "in_reply_to_user_id": null,
          "lang": "en",
          "is_quote_status": false,
          "quote_count": 85,
          "geo": null,
          "entities": {
            "urls": [],
            "user_mentions": [],
            "media": [
              {
                "type": "photo",
                "url": "https://t.co/Itj61vdZwq",
                "media_url_https": "https://pbs.twimg.com/ext_tw_video_thumb/1214651635881926656/pu/img/9OMMG_4uv7RAs0CW.jpg",
                "display_url": "pic.twitter.com/Itj61vdZwq",
                "id_str": "1214651635881926656",
                "expanded_url": "https://twitter.com/_SJPeace_/status/1214651771093704710/video/1",
                "additional_media_info": {
                  "monetizable": false
                },
                "id": 1214651635881926656,
                "indices": [
                  101,
                  124
                ],
                "media_url": "http://pbs.twimg.com/ext_tw_video_thumb/1214651635881926656/pu/img/9OMMG_4uv7RAs0CW.jpg",
                "sizes": {
                  "medium": {
                    "h": 1200,
                    "w": 675,
                    "resize": "fit"
                  },
                  "thumb": {
                    "h": 150,
                    "w": 150,
                    "resize": "crop"
                  },
                  "large": {
                    "h": 1280,
                    "w": 720,
                    "resize": "fit"
                  },
                  "small": {
                    "h": 680,
                    "w": 383,
                    "resize": "fit"
                  }
                }
              }
            ],
            "symbols": [],
            "hashtags": []
          },
          "in_reply_to_screen_name": null,
          "possibly_sensitive": false,
          "in_reply_to_user_id_str": null,
          "id_str": "1214651771093704710",
          "in_reply_to_status_id": null,
          "coordinates": null,
          "display_text_range": [
            0,
            100
          ],
          "filter_level": "low",
          "reply_count": 40,
          "favorite_count": 6520,
          "place": null,
          "extended_entities": {
            "media": [
              {
                "id_str": "1214651635881926656",
                "media_url_https": "https://pbs.twimg.com/ext_tw_video_thumb/1214651635881926656/pu/img/9OMMG_4uv7RAs0CW.jpg",
                "expanded_url": "https://twitter.com/_SJPeace_/status/1214651771093704710/video/1",
                "video_info": {
                  "duration_millis": 23033,
                  "variants": [
                    {
                      "bitrate": 832000,
                      "url": "https://video.twimg.com/ext_tw_video/1214651635881926656/pu/vid/360x640/NJHcR_LV1qM6YFEQ.mp4?tag=10",
                      "content_type": "video/mp4"
                    },
                    {
                      "bitrate": 2176000,
                      "url": "https://video.twimg.com/ext_tw_video/1214651635881926656/pu/vid/720x1280/3mEXDA4bODmqsbK1.mp4?tag=10",
                      "content_type": "video/mp4"
                    },
                    {
                      "bitrate": 632000,
                      "url": "https://video.twimg.com/ext_tw_video/1214651635881926656/pu/vid/320x568/cT4nxl54hklEWCX7.mp4?tag=10",
                      "content_type": "video/mp4"
                    },
                    {
                      "url": "https://video.twimg.com/ext_tw_video/1214651635881926656/pu/pl/mcgmATtgzWlgRR8e.m3u8?tag=10",
                      "content_type": "application/x-mpegURL"
                    }
                  ],
                  "aspect_ratio": [
                    9,
                    16
                  ]
                },
                "url": "https://t.co/Itj61vdZwq",
                "display_url": "pic.twitter.com/Itj61vdZwq",
                "id": 1214651635881926656,
                "additional_media_info": {
                  "monetizable": false
                },
                "media_url": "http://pbs.twimg.com/ext_tw_video_thumb/1214651635881926656/pu/img/9OMMG_4uv7RAs0CW.jpg",
                "indices": [
                  101,
                  124
                ],
                "type": "video",
                "sizes": {
                  "medium": {
                    "h": 1200,
                    "w": 675,
                    "resize": "fit"
                  },
                  "thumb": {
                    "h": 150,
                    "w": 150,
                    "resize": "crop"
                  },
                  "large": {
                    "h": 1280,
                    "w": 720,
                    "resize": "fit"
                  },
                  "small": {
                    "h": 680,
                    "w": 383,
                    "resize": "fit"
                  }
                }
              }
            ]
          },
          "in_reply_to_status_id_str": null,
          "created_at": "Tue Jan 07 20:55:24 +0000 2020",
          "retweeted": false
        },
        "favorite_count": 389,
        "place": null,
        "quoted_status_id_str": "1214651771093704710",
        "created_at": "Tue Jan 07 21:03:03 +0000 2020",
        "retweeted": false,
        "user": {
          "verified": false,
          "profile_image_url": "http://pbs.twimg.com/profile_images/885449265/CIMG2872_normal.JPG",
          "follow_request_sent": null,
          "profile_use_background_image": true,
          "profile_link_color": "93A644",
          "profile_background_tile": false,
          "profile_image_url_https": "https://pbs.twimg.com/profile_images/885449265/CIMG2872_normal.JPG",
          "profile_background_color": "B2DFDA",
          "utc_offset": null,
          "name": "舩田クラーセンさやか",
          "geo_enabled": false,
          "url": "https://afriqclass.exblog.jp/",
          "profile_banner_url": "https://pbs.twimg.com/profile_banners/105708430/1470070823",
          "id": 105708430,
          "lang": null,
          "contributors_enabled": false,
          "followers_count": 12399,
          "friends_count": 3439,
          "profile_sidebar_border_color": "EEEEEE",
          "following": null,
          "default_profile": false,
          "statuses_count": 33836,
          "description": "Sayaka Funada Classen 国際関係学博士/明治学院大学/元東京外大教員。森と畑と庭、発酵と薪ストーブ。アグロエコロジーx翻訳x執筆x研究x社会活動。5言語。\n朝日新聞社『論座』連載 https://t.co/nyxHzhWyPY\n岩波書店『WEB世界』連載 https://t.co/IPQztn6DT0\n明石書店『シリーズ：グローバル時代の食と農』",
          "screen_name": "sayakafc",
          "id_str": "105708430",
          "protected": false,
          "is_translator": false,
          "location": "せかいのどこか森かムラかに",
          "default_profile_image": false,
          "profile_background_image_url_https": "https://abs.twimg.com/images/themes/theme13/bg.gif",
          "notifications": null,
          "profile_sidebar_fill_color": "FFFFFF",
          "profile_background_image_url": "http://abs.twimg.com/images/themes/theme13/bg.gif",
          "favourites_count": 3841,
          "translator_type": "none",
          "created_at": "Sun Jan 17 06:11:14 +0000 2010",
          "time_zone": null,
          "listed_count": 334,
          "profile_text_color": "333333"
        },
        "reply_count": 2
      },
      "quote_count": 0,
      "is_quote_status": true,
      "in_reply_to_status_id_str": null,
      "entities": {
        "urls": [],
        "user_mentions": [
          {
            "screen_name": "sayakafc",
            "id_str": "105708430",
            "name": "舩田クラーセンさやか",
            "indices": [
              3,
              12
            ],
            "id": 105708430
          }
        ],
        "symbols": [],
        "hashtags": []
      },
      "in_reply_to_screen_name": null,
      "in_reply_to_user_id_str": null,
      "id_str": "1214751824898510849",
      "in_reply_to_status_id": null,
      "quoted_status_id": 1214651771093704710,
      "timestamp_ms": "1578454378710",
      "coordinates": null,
      "geo": null,
      "filter_level": "low",
      "quoted_status": {
        "truncated": false,
        "contributors": null,
        "user": {
          "verified": false,
          "profile_image_url": "http://pbs.twimg.com/profile_images/1196129597802369024/JEutnbaI_normal.jpg",
          "follow_request_sent": null,
          "profile_use_background_image": false,
          "profile_link_color": "1B95E0",
          "profile_background_tile": false,
          "profile_image_url_https": "https://pbs.twimg.com/profile_images/1196129597802369024/JEutnbaI_normal.jpg",
          "profile_background_color": "C0DEED",
          "utc_offset": null,
          "name": "StanceGrounded",
          "geo_enabled": true,
          "url": null,
          "profile_banner_url": "https://pbs.twimg.com/profile_banners/716432228/1548989721",
          "id": 716432228,
          "lang": null,
          "contributors_enabled": false,
          "followers_count": 333121,
          "friends_count": 44478,
          "profile_sidebar_border_color": "FFFFFF",
          "following": null,
          "default_profile": false,
          "statuses_count": 19502,
          "description": "Human/Civil Rights Activist- Muslim, American by birth, Pakistani. Educated man of color - changing the world one friend at a time. ✊🏽✊🏾✊🏿 #Resist #BLM",
          "screen_name": "_SJPeace_",
          "id_str": "716432228",
          "protected": false,
          "is_translator": false,
          "location": "Detroit, MI",
          "default_profile_image": false,
          "profile_background_image_url_https": "https://abs.twimg.com/images/themes/theme1/bg.png",
          "notifications": null,
          "profile_sidebar_fill_color": "DDEEF6",
          "profile_background_image_url": "http://abs.twimg.com/images/themes/theme1/bg.png",
          "favourites_count": 16317,
          "translator_type": "none",
          "created_at": "Wed Jul 25 17:22:39 +0000 2012",
          "time_zone": null,
          "listed_count": 1323,
          "profile_text_color": "333333"
        },
        "favorited": false,
        "source": "<a href=\"http://twitter.com/download/android\" rel=\"nofollow\">Twitter for Android</a>",
        "retweet_count": 2088,
        "text": "Boston chants \n\n\"No more wars and occupation. Money for jobs and education\"\n\nNO 👏🏽WAR👏🏾 WITH 👏🏿IRAN! https://t.co/Itj61vdZwq",
        "id": 1214651771093704710,
        "in_reply_to_user_id": null,
        "lang": "en",
        "is_quote_status": false,
        "quote_count": 85,
        "geo": null,
        "entities": {
          "urls": [],
          "user_mentions": [],
          "media": [
            {
              "type": "photo",
              "url": "https://t.co/Itj61vdZwq",
              "media_url_https": "https://pbs.twimg.com/ext_tw_video_thumb/1214651635881926656/pu/img/9OMMG_4uv7RAs0CW.jpg",
              "display_url": "pic.twitter.com/Itj61vdZwq",
              "id_str": "1214651635881926656",
              "expanded_url": "https://twitter.com/_SJPeace_/status/1214651771093704710/video/1",
              "additional_media_info": {
                "monetizable": false
              },
              "id": 1214651635881926656,
              "indices": [
                101,
                124
              ],
              "media_url": "http://pbs.twimg.com/ext_tw_video_thumb/1214651635881926656/pu/img/9OMMG_4uv7RAs0CW.jpg",
              "sizes": {
                "medium": {
                  "h": 1200,
                  "w": 675,
                  "resize": "fit"
                },
                "thumb": {
                  "h": 150,
                  "w": 150,
                  "resize": "crop"
                },
                "large": {
                  "h": 1280,
                  "w": 720,
                  "resize": "fit"
                },
                "small": {
                  "h": 680,
                  "w": 383,
                  "resize": "fit"
                }
              }
            }
          ],
          "symbols": [],
          "hashtags": []
        },
        "in_reply_to_screen_name": null,
        "possibly_sensitive": false,
        "in_reply_to_user_id_str": null,
        "id_str": "1214651771093704710",
        "in_reply_to_status_id": null,
        "coordinates": null,
        "display_text_range": [
          0,
          100
        ],
        "filter_level": "low",
        "reply_count": 40,
        "favorite_count": 6520,
        "place": null,
        "extended_entities": {
          "media": [
            {
              "id_str": "1214651635881926656",
              "media_url_https": "https://pbs.twimg.com/ext_tw_video_thumb/1214651635881926656/pu/img/9OMMG_4uv7RAs0CW.jpg",
              "expanded_url": "https://twitter.com/_SJPeace_/status/1214651771093704710/video/1",
              "video_info": {
                "duration_millis": 23033,
                "variants": [
                  {
                    "bitrate": 832000,
                    "url": "https://video.twimg.com/ext_tw_video/1214651635881926656/pu/vid/360x640/NJHcR_LV1qM6YFEQ.mp4?tag=10",
                    "content_type": "video/mp4"
                  },
                  {
                    "bitrate": 2176000,
                    "url": "https://video.twimg.com/ext_tw_video/1214651635881926656/pu/vid/720x1280/3mEXDA4bODmqsbK1.mp4?tag=10",
                    "content_type": "video/mp4"
                  },
                  {
                    "bitrate": 632000,
                    "url": "https://video.twimg.com/ext_tw_video/1214651635881926656/pu/vid/320x568/cT4nxl54hklEWCX7.mp4?tag=10",
                    "content_type": "video/mp4"
                  },
                  {
                    "url": "https://video.twimg.com/ext_tw_video/1214651635881926656/pu/pl/mcgmATtgzWlgRR8e.m3u8?tag=10",
                    "content_type": "application/x-mpegURL"
                  }
                ],
                "aspect_ratio": [
                  9,
                  16
                ]
              },
              "url": "https://t.co/Itj61vdZwq",
              "display_url": "pic.twitter.com/Itj61vdZwq",
              "id": 1214651635881926656,
              "additional_media_info": {
                "monetizable": false
              },
              "media_url": "http://pbs.twimg.com/ext_tw_video_thumb/1214651635881926656/pu/img/9OMMG_4uv7RAs0CW.jpg",
              "indices": [
                101,
                124
              ],
              "type": "video",
              "sizes": {
                "medium": {
                  "h": 1200,
                  "w": 675,
                  "resize": "fit"
                },
                "thumb": {
                  "h": 150,
                  "w": 150,
                  "resize": "crop"
                },
                "large": {
                  "h": 1280,
                  "w": 720,
                  "resize": "fit"
                },
                "small": {
                  "h": 680,
                  "w": 383,
                  "resize": "fit"
                }
              }
            }
          ]
        },
        "in_reply_to_status_id_str": null,
        "created_at": "Tue Jan 07 20:55:24 +0000 2020",
        "retweeted": false
      },
      "favorite_count": 0,
      "place": null,
      "quoted_status_id_str": "1214651771093704710",
      "created_at": "Wed Jan 08 03:32:58 +0000 2020",
      "retweeted": false,
      "user": {
        "verified": false,
        "profile_image_url": "http://abs.twimg.com/sticky/default_profile_images/default_profile_normal.png",
        "follow_request_sent": null,
        "profile_use_background_image": true,
        "profile_link_color": "1DA1F2",
        "profile_background_tile": false,
        "profile_image_url_https": "https://abs.twimg.com/sticky/default_profile_images/default_profile_normal.png",
        "profile_background_color": "C0DEED",
        "utc_offset": null,
        "name": "7RdeSeyssel",
        "geo_enabled": false,
        "url": null,
        "id": 431348506,
        "lang": null,
        "contributors_enabled": false,
        "followers_count": 78,
        "friends_count": 114,
        "profile_sidebar_border_color": "C0DEED",
        "following": null,
        "default_profile": true,
        "statuses_count": 14327,
        "description": "横浜在住です。セシウム牛給食で自衛が大事と思い知り、小学生にお弁当持たせました。",
        "screen_name": "SeysselAncy",
        "id_str": "431348506",
        "protected": false,
        "is_translator": false,
        "location": null,
        "default_profile_image": false,
        "profile_background_image_url_https": "https://abs.twimg.com/images/themes/theme1/bg.png",
        "notifications": null,
        "profile_sidebar_fill_color": "DDEEF6",
        "profile_background_image_url": "http://abs.twimg.com/images/themes/theme1/bg.png",
        "favourites_count": 2460,
        "translator_type": "none",
        "created_at": "Thu Dec 08 05:38:02 +0000 2011",
        "time_zone": null,
        "listed_count": 1,
        "profile_text_color": "333333"
      },
      "reply_count": 0
    },
    {
      "reply_count": 0,
      "contributors": null,
      "user": {
        "verified": false,
        "profile_image_url": "http://pbs.twimg.com/profile_images/939700052850700289/bv7Jnt-C_normal.jpg",
        "follow_request_sent": null,
        "profile_use_background_image": false,
        "profile_link_color": "981CEB",
        "profile_background_tile": false,
        "profile_image_url_https": "https://pbs.twimg.com/profile_images/939700052850700289/bv7Jnt-C_normal.jpg",
        "profile_background_color": "000000",
        "utc_offset": null,
        "name": "Kimmyk",
        "geo_enabled": false,
        "url": null,
        "profile_banner_url": "https://pbs.twimg.com/profile_banners/274172634/1495237459",
        "id": 274172634,
        "lang": null,
        "contributors_enabled": false,
        "followers_count": 1861,
        "friends_count": 2314,
        "profile_sidebar_border_color": "000000",
        "following": null,
        "default_profile": false,
        "statuses_count": 32633,
        "description": "Christian🙏Conservative, Mom🌻Wife, Dog Lover🐶🐾Love JESUS✝Family, Friends, Country🇺🇸#Military🇺🇸 #USA🗽#Israel🇮🇱#2A🇺🇸#Kickboxing💪",
        "screen_name": "kimmyk777",
        "id_str": "274172634",
        "protected": false,
        "is_translator": false,
        "location": "Texas",
        "default_profile_image": false,
        "profile_background_image_url_https": "https://abs.twimg.com/images/themes/theme4/bg.gif",
        "notifications": null,
        "profile_sidebar_fill_color": "000000",
        "profile_background_image_url": "http://abs.twimg.com/images/themes/theme4/bg.gif",
        "favourites_count": 23977,
        "translator_type": "none",
        "created_at": "Tue Mar 29 21:38:54 +0000 2011",
        "time_zone": null,
        "listed_count": 51,
        "profile_text_color": "000000"
      },
      "favorited": false,
      "source": "<a href=\"https://mobile.twitter.com\" rel=\"nofollow\">Twitter Web App</a>",
      "retweet_count": 0,
      "text": "RT @AndrewPollackFL: MSNBC pushed Iranian propaganda tonight by reporting that Iran killed 30 Americans tonight even though the Pentagon sa…",
      "id": 1214751824982544384,
      "in_reply_to_user_id": null,
      "lang": "en",
      "retweeted_status": {
        "reply_count": 123,
        "contributors": null,
        "user": {
          "verified": true,
          "profile_image_url": "http://pbs.twimg.com/profile_images/998212492726681602/87xIwho0_normal.jpg",
          "follow_request_sent": null,
          "profile_use_background_image": true,
          "profile_link_color": "1DA1F2",
          "profile_background_tile": false,
          "profile_image_url_https": "https://pbs.twimg.com/profile_images/998212492726681602/87xIwho0_normal.jpg",
          "profile_background_color": "F5F8FA",
          "utc_offset": null,
          "name": "Andrew Pollack",
          "geo_enabled": true,
          "url": "https://www.amazon.com/Why-Meadow-Died-Policies-Parkland/dp/1642932191/",
          "profile_banner_url": "https://pbs.twimg.com/profile_banners/983766825610694656/1523384042",
          "id": 983766825610694656,
          "lang": null,
          "contributors_enabled": false,
          "followers_count": 184189,
          "friends_count": 485,
          "profile_sidebar_border_color": "C0DEED",
          "following": null,
          "default_profile": true,
          "statuses_count": 3368,
          "description": "Official Account of Andrew Pollack | Father of Meadow, @PollackHunter and Huck | Author of \"Why Meadow Died\" Get a copy at: http://ForMeadow.com",
          "screen_name": "AndrewPollackFL",
          "id_str": "983766825610694656",
          "protected": false,
          "is_translator": false,
          "location": "United States",
          "default_profile_image": false,
          "profile_background_image_url_https": "",
          "notifications": null,
          "profile_sidebar_fill_color": "DDEEF6",
          "profile_background_image_url": "",
          "favourites_count": 3600,
          "translator_type": "none",
          "created_at": "Tue Apr 10 18:01:03 +0000 2018",
          "time_zone": null,
          "listed_count": 443,
          "profile_text_color": "333333"
        },
        "favorited": false,
        "source": "<a href=\"http://twitter.com/download/iphone\" rel=\"nofollow\">Twitter for iPhone</a>",
        "retweet_count": 2062,
        "text": "MSNBC pushed Iranian propaganda tonight by reporting that Iran killed 30 Americans tonight even though the Pentagon… https://t.co/XYPURljNpk",
        "id": 1214745346032750593,
        "in_reply_to_user_id": null,
        "lang": "en",
        "is_quote_status": false,
        "quote_count": 91,
        "geo": null,
        "entities": {
          "urls": [
            {
              "url": "https://t.co/XYPURljNpk",
              "display_url": "twitter.com/i/web/status/1…",
              "expanded_url": "https://twitter.com/i/web/status/1214745346032750593",
              "indices": [
                117,
                140
              ]
            }
          ],
          "user_mentions": [],
          "symbols": [],
          "hashtags": []
        },
        "in_reply_to_screen_name": null,
        "extended_tweet": {
          "entities": {
            "urls": [],
            "user_mentions": [],
            "symbols": [],
            "hashtags": []
          },
          "full_text": "MSNBC pushed Iranian propaganda tonight by reporting that Iran killed 30 Americans tonight even though the Pentagon said that that was a lie and that no Americans were killed.\n\nFake News is the enemy of the people!",
          "display_text_range": [
            0,
            214
          ]
        },
        "in_reply_to_user_id_str": null,
        "id_str": "1214745346032750593",
        "in_reply_to_status_id": null,
        "coordinates": null,
        "retweeted": false,
        "filter_level": "low",
        "truncated": true,
        "favorite_count": 5134,
        "place": null,
        "in_reply_to_status_id_str": null,
        "created_at": "Wed Jan 08 03:07:14 +0000 2020"
      },
      "quote_count": 0,
      "is_quote_status": false,
      "geo": null,
      "entities": {
        "urls": [],
        "user_mentions": [
          {
            "screen_name": "AndrewPollackFL",
            "id_str": "983766825610694656",
            "name": "Andrew Pollack",
            "indices": [
              3,
              19
            ],
            "id": 983766825610694656
          }
        ],
        "symbols": [],
        "hashtags": []
      },
      "in_reply_to_screen_name": null,
      "in_reply_to_user_id_str": null,
      "id_str": "1214751824982544384",
      "in_reply_to_status_id": null,
      "timestamp_ms": "1578454378730",
      "coordinates": null,
      "retweeted": false,
      "filter_level": "low",
      "truncated": false,
      "favorite_count": 0,
      "place": null,
      "in_reply_to_status_id_str": null,
      "created_at": "Wed Jan 08 03:32:58 +0000 2020"
    }
  ]
}