{
  "data": [
    {
      "in_reply_to_user_id_str": null,
      "in_reply_to_status_id_str": null,
      "place": null,
      "entities": {
        "user_mentions": [
          {
            "id_str": "722522801165463553",
            "indices": [
              3,
              17
            ],
            "screen_name": "RecuerdosPeru",
            "id": 722522801165463553,
            "name": "Memorex📺®"
          },
          {
            "id_str": "53189543",
            "indices": [
              41,
              55
            ],
            "screen_name": "KeikoFujimori",
            "id": 53189543,
            "name": "Keiko Fujimori"
          }
        ],
        "hashtags": [],
        "symbols": [],
        "urls": []
      },
      "retweet_count": 0,
      "id_str": "1221099570551115776",
      "source": "<a href=\"http://twitter.com/download/iphone\" rel=\"nofollow\">Twitter for iPhone</a>",
      "filter_level": "low",
      "favorite_count": 0,
      "timestamp_ms": "1579967799209",
      "truncated": false,
      "lang": "es",
      "quote_count": 0,
      "contributors": null,
      "in_reply_to_screen_name": null,
      "reply_count": 0,
      "text": "RT @RecuerdosPeru: [2017] Keiko Fujimori @KeikoFujimori, designó a Victor Albrecht como Presidente de la Comisión LavaJato \n\n[2020] Albrech…",
      "favorited": false,
      "id": 1221099570551115776,
      "retweeted": false,
      "in_reply_to_status_id": null,
      "geo": null,
      "created_at": "Sat Jan 25 15:56:39 +0000 2020",
      "retweeted_status": {
        "in_reply_to_user_id_str": null,
        "in_reply_to_status_id_str": null,
        "source": "<a href=\"http://twitter.com/download/iphone\" rel=\"nofollow\">Twitter for iPhone</a>",
        "place": null,
        "entities": {
          "user_mentions": [
            {
              "id_str": "53189543",
              "indices": [
                22,
                36
              ],
              "screen_name": "KeikoFujimori",
              "id": 53189543,
              "name": "Keiko Fujimori"
            }
          ],
          "hashtags": [],
          "symbols": [],
          "urls": [
            {
              "url": "https://t.co/RdZpNQw74u",
              "indices": [
                117,
                140
              ],
              "display_url": "twitter.com/i/web/status/1…",
              "expanded_url": "https://twitter.com/i/web/status/1221065755011244032"
            }
          ]
        },
        "retweet_count": 178,
        "id_str": "1221065755011244032",
        "display_text_range": [
          0,
          140
        ],
        "filter_level": "low",
        "favorite_count": 243,
        "truncated": true,
        "possibly_sensitive": false,
        "lang": "es",
        "quote_count": 5,
        "extended_tweet": {
          "full_text": "[2017] Keiko Fujimori @KeikoFujimori, designó a Victor Albrecht como Presidente de la Comisión LavaJato \n\n[2020] Albrecht, es detenido por casos de corrupción en el Callao, donde todos sus amigos de ChimPum Callao están involucrados con @OdebrechtPeru https://t.co/NfTzo7XKah",
          "extended_entities": {
            "media": [
              {
                "video_info": {
                  "aspect_ratio": [
                    20,
                    11
                  ],
                  "duration_millis": 89330,
                  "variants": [
                    {
                      "content_type": "video/mp4",
                      "bitrate": 832000,
                      "url": "https://video.twimg.com/ext_tw_video/1221065688493830146/pu/vid/640x352/hZKNAordJ9jNCr0h.mp4?tag=10"
                    },
                    {
                      "content_type": "video/mp4",
                      "bitrate": 256000,
                      "url": "https://video.twimg.com/ext_tw_video/1221065688493830146/pu/vid/490x270/SihiHH66At97LFW1.mp4?tag=10"
                    },
                    {
                      "content_type": "application/x-mpegURL",
                      "url": "https://video.twimg.com/ext_tw_video/1221065688493830146/pu/pl/WygGbsmM3Bxd7m4q.m3u8?tag=10"
                    }
                  ]
                },
                "id_str": "1221065688493830146",
                "type": "video",
                "media_url": "http://pbs.twimg.com/ext_tw_video_thumb/1221065688493830146/pu/img/k_qFxVvUgM_bPrl-.jpg",
                "sizes": {
                  "large": {
                    "w": 640,
                    "resize": "fit",
                    "h": 352
                  },
                  "medium": {
                    "w": 640,
                    "resize": "fit",
                    "h": 352
                  },
                  "small": {
                    "w": 640,
                    "resize": "fit",
                    "h": 352
                  },
                  "thumb": {
                    "w": 150,
                    "resize": "crop",
                    "h": 150
                  }
                },
                "id": 1221065688493830146,
                "display_url": "pic.twitter.com/NfTzo7XKah",
                "additional_media_info": {
                  "monetizable": false
                },
                "url": "https://t.co/NfTzo7XKah",
                "indices": [
                  252,
                  275
                ],
                "expanded_url": "https://twitter.com/RecuerdosPeru/status/1221065755011244032/video/1",
                "media_url_https": "https://pbs.twimg.com/ext_tw_video_thumb/1221065688493830146/pu/img/k_qFxVvUgM_bPrl-.jpg"
              }
            ]
          },
          "display_text_range": [
            0,
            251
          ],
          "entities": {
            "user_mentions": [
              {
                "id_str": "53189543",
                "indices": [
                  22,
                  36
                ],
                "screen_name": "KeikoFujimori",
                "id": 53189543,
                "name": "Keiko Fujimori"
              },
              {
                "id_str": "481472104",
                "indices": [
                  237,
                  251
                ],
                "screen_name": "OdebrechtPeru",
                "id": 481472104,
                "name": "OEC Perú"
              }
            ],
            "hashtags": [],
            "symbols": [],
            "urls": [],
            "media": [
              {
                "video_info": {
                  "aspect_ratio": [
                    20,
                    11
                  ],
                  "duration_millis": 89330,
                  "variants": [
                    {
                      "content_type": "video/mp4",
                      "bitrate": 832000,
                      "url": "https://video.twimg.com/ext_tw_video/1221065688493830146/pu/vid/640x352/hZKNAordJ9jNCr0h.mp4?tag=10"
                    },
                    {
                      "content_type": "video/mp4",
                      "bitrate": 256000,
                      "url": "https://video.twimg.com/ext_tw_video/1221065688493830146/pu/vid/490x270/SihiHH66At97LFW1.mp4?tag=10"
                    },
                    {
                      "content_type": "application/x-mpegURL",
                      "url": "https://video.twimg.com/ext_tw_video/1221065688493830146/pu/pl/WygGbsmM3Bxd7m4q.m3u8?tag=10"
                    }
                  ]
                },
                "id_str": "1221065688493830146",
                "type": "video",
                "media_url": "http://pbs.twimg.com/ext_tw_video_thumb/1221065688493830146/pu/img/k_qFxVvUgM_bPrl-.jpg",
                "sizes": {
                  "large": {
                    "w": 640,
                    "resize": "fit",
                    "h": 352
                  },
                  "medium": {
                    "w": 640,
                    "resize": "fit",
                    "h": 352
                  },
                  "small": {
                    "w": 640,
                    "resize": "fit",
                    "h": 352
                  },
                  "thumb": {
                    "w": 150,
                    "resize": "crop",
                    "h": 150
                  }
                },
                "id": 1221065688493830146,
                "display_url": "pic.twitter.com/NfTzo7XKah",
                "additional_media_info": {
                  "monetizable": false
                },
                "url": "https://t.co/NfTzo7XKah",
                "indices": [
                  252,
                  275
                ],
                "expanded_url": "https://twitter.com/RecuerdosPeru/status/1221065755011244032/video/1",
                "media_url_https": "https://pbs.twimg.com/ext_tw_video_thumb/1221065688493830146/pu/img/k_qFxVvUgM_bPrl-.jpg"
              }
            ]
          }
        },
        "contributors": null,
        "in_reply_to_screen_name": null,
        "reply_count": 13,
        "text": "[2017] Keiko Fujimori @KeikoFujimori, designó a Victor Albrecht como Presidente de la Comisión LavaJato \n\n[2020] Al… https://t.co/RdZpNQw74u",
        "favorited": false,
        "id": 1221065755011244032,
        "retweeted": false,
        "in_reply_to_status_id": null,
        "geo": null,
        "created_at": "Sat Jan 25 13:42:16 +0000 2020",
        "is_quote_status": false,
        "user": {
          "following": null,
          "screen_name": "RecuerdosPeru",
          "favourites_count": 36820,
          "contributors_enabled": false,
          "id_str": "722522801165463553",
          "id": 722522801165463553,
          "geo_enabled": true,
          "profile_image_url_https": "https://pbs.twimg.com/profile_images/765358739167801345/J2i4_RTf_normal.jpg",
          "profile_link_color": "91D2FA",
          "follow_request_sent": null,
          "location": "Lima, Peru ",
          "translator_type": "none",
          "profile_background_tile": false,
          "listed_count": 82,
          "time_zone": null,
          "statuses_count": 37692,
          "notifications": null,
          "lang": null,
          "default_profile": false,
          "followers_count": 43188,
          "profile_use_background_image": false,
          "is_translator": false,
          "profile_background_color": "000000",
          "profile_banner_url": "https://pbs.twimg.com/profile_banners/722522801165463553/1463326115",
          "profile_background_image_url": "http://abs.twimg.com/images/themes/theme1/bg.png",
          "utc_offset": null,
          "profile_image_url": "http://pbs.twimg.com/profile_images/765358739167801345/J2i4_RTf_normal.jpg",
          "name": "Memorex📺®",
          "url": "http://bit.ly/2cusRXJ",
          "created_at": "Tue Apr 19 20:30:34 +0000 2016",
          "verified": false,
          "friends_count": 0,
          "profile_sidebar_fill_color": "000000",
          "profile_text_color": "000000",
          "protected": false,
          "profile_sidebar_border_color": "000000",
          "profile_background_image_url_https": "https://abs.twimg.com/images/themes/theme1/bg.png",
          "default_profile_image": false,
          "description": "#Memorex📺 - Tu canal digital de noticias, #Síguenos y estarás al día de la verdadera historia del país."
        },
        "coordinates": null,
        "in_reply_to_user_id": null
      },
      "is_quote_status": false,
      "user": {
        "following": null,
        "screen_name": "GalugG",
        "favourites_count": 49351,
        "contributors_enabled": false,
        "id_str": "170745268",
        "id": 170745268,
        "geo_enabled": true,
        "profile_image_url_https": "https://pbs.twimg.com/profile_images/791677916631490561/v5hVjGCz_normal.jpg",
        "profile_link_color": "0084B4",
        "follow_request_sent": null,
        "location": "Trujillo-Perú",
        "translator_type": "none",
        "profile_background_tile": false,
        "listed_count": 0,
        "time_zone": null,
        "statuses_count": 7447,
        "notifications": null,
        "lang": null,
        "default_profile": false,
        "followers_count": 270,
        "profile_use_background_image": true,
        "is_translator": false,
        "profile_background_color": "9AE4E8",
        "profile_banner_url": "https://pbs.twimg.com/profile_banners/170745268/1542733497",
        "profile_background_image_url": "http://abs.twimg.com/images/themes/theme16/bg.gif",
        "utc_offset": null,
        "profile_image_url": "http://pbs.twimg.com/profile_images/791677916631490561/v5hVjGCz_normal.jpg",
        "name": "Cathy Burga",
        "url": null,
        "created_at": "Sun Jul 25 17:03:58 +0000 2010",
        "verified": false,
        "friends_count": 815,
        "profile_sidebar_fill_color": "DDFFCC",
        "profile_text_color": "333333",
        "protected": false,
        "profile_sidebar_border_color": "BDDCAD",
        "profile_background_image_url_https": "https://abs.twimg.com/images/themes/theme16/bg.gif",
        "default_profile_image": false,
        "description": "Sonríe...el mundo lo necesita!!!"
      },
      "coordinates": null,
      "in_reply_to_user_id": null
    },
    {
      "in_reply_to_user_id_str": null,
      "in_reply_to_status_id_str": null,
      "favorited": false,
      "place": null,
      "entities": {
        "user_mentions": [
          {
            "id_str": "968284783464894464",
            "indices": [
              3,
              19
            ],
            "screen_name": "frankri14641759",
            "id": 968284783464894464,
            "name": "Papalobo"
          }
        ],
        "hashtags": [],
        "symbols": [],
        "urls": []
      },
      "retweet_count": 0,
      "id_str": "1221099576716922880",
      "source": "<a href=\"http://twitter.com/download/android\" rel=\"nofollow\">Twitter for Android</a>",
      "filter_level": "low",
      "favorite_count": 0,
      "lang": "es",
      "timestamp_ms": "1579967800679",
      "truncated": false,
      "quoted_status_id": 1220392499308482560,
      "in_reply_to_status_id": null,
      "quoted_status_permalink": {
        "url": "https://t.co/5E05QvSrqC",
        "expanded": "https://twitter.com/elcomercio_peru/status/1220392499308482560",
        "display": "twitter.com/elcomercio_per…"
      },
      "contributors": null,
      "in_reply_to_screen_name": null,
      "reply_count": 0,
      "text": "RT @frankri14641759: ..MISOGINIA al decir ...puede fugar porque ahora es ama de casa,desea meter en prision debio a su SUPOSICIÓN??..si así…",
      "quoted_status_id_str": "1220392499308482560",
      "id": 1221099576716922880,
      "retweeted": false,
      "quote_count": 0,
      "geo": null,
      "quoted_status": {
        "in_reply_to_user_id_str": null,
        "in_reply_to_status_id_str": null,
        "place": null,
        "entities": {
          "user_mentions": [],
          "hashtags": [],
          "symbols": [],
          "urls": [
            {
              "url": "https://t.co/YalQSPXQsD",
              "indices": [
                103,
                126
              ],
              "display_url": "elcomercio.pe/politica/keiko…",
              "expanded_url": "https://elcomercio.pe/politica/keiko-fujimori-rompio-toda-legalidad-y-hay-graves-sospechas-de-que-lo-volvera-a-hacer-dijo-jose-domingo-perez-noticia/"
            }
          ]
        },
        "retweet_count": 111,
        "id_str": "1220392499308482560",
        "source": "<a href=\"https://about.twitter.com/products/tweetdeck\" rel=\"nofollow\">TweetDeck</a>",
        "filter_level": "low",
        "favorite_count": 500,
        "truncated": false,
        "lang": "es",
        "quote_count": 31,
        "possibly_sensitive": false,
        "contributors": null,
        "in_reply_to_screen_name": null,
        "reply_count": 109,
        "text": "Fiscal Pérez: “Keiko Fujimori rompió toda legalidad y hay graves sospechas de que lo volverá a hacer” \nhttps://t.co/YalQSPXQsD",
        "favorited": false,
        "id": 1220392499308482560,
        "retweeted": false,
        "in_reply_to_status_id": null,
        "geo": null,
        "created_at": "Thu Jan 23 17:07:00 +0000 2020",
        "is_quote_status": false,
        "user": {
          "following": null,
          "screen_name": "elcomercio_peru",
          "favourites_count": 555,
          "contributors_enabled": false,
          "id_str": "233033221",
          "id": 233033221,
          "geo_enabled": false,
          "profile_image_url_https": "https://pbs.twimg.com/profile_images/1166817046707015680/anCazRsE_normal.png",
          "profile_link_color": "FAB81E",
          "follow_request_sent": null,
          "location": "Lima, Perú",
          "translator_type": "none",
          "profile_background_tile": false,
          "listed_count": 712,
          "time_zone": null,
          "statuses_count": 163442,
          "notifications": null,
          "lang": null,
          "default_profile": false,
          "followers_count": 219793,
          "profile_use_background_image": true,
          "is_translator": false,
          "profile_background_color": "FFFFFF",
          "profile_banner_url": "https://pbs.twimg.com/profile_banners/233033221/1546348346",
          "profile_background_image_url": "http://abs.twimg.com/images/themes/theme1/bg.png",
          "utc_offset": null,
          "profile_image_url": "http://pbs.twimg.com/profile_images/1166817046707015680/anCazRsE_normal.png",
          "name": "El Comercio",
          "url": "http://elcomercio.pe",
          "created_at": "Sun Jan 02 02:52:20 +0000 2011",
          "verified": false,
          "friends_count": 408,
          "profile_sidebar_fill_color": "FFF2F2",
          "profile_text_color": "000000",
          "protected": false,
          "profile_sidebar_border_color": "CCCCCC",
          "profile_background_image_url_https": "https://abs.twimg.com/images/themes/theme1/bg.png",
          "default_profile_image": false,
          "description": "El Comercio reporta en Twitter las noticias del Perú y el mundo, reportajes, opinión y análisis."
        },
        "coordinates": null,
        "in_reply_to_user_id": null
      },
      "created_at": "Sat Jan 25 15:56:40 +0000 2020",
      "retweeted_status": {
        "in_reply_to_user_id_str": null,
        "in_reply_to_status_id_str": null,
        "favorited": false,
        "place": null,
        "entities": {
          "user_mentions": [],
          "hashtags": [],
          "symbols": [],
          "urls": [
            {
              "url": "https://t.co/1zGB8ipkJN",
              "indices": [
                116,
                139
              ],
              "display_url": "twitter.com/i/web/status/1…",
              "expanded_url": "https://twitter.com/i/web/status/1220708820130967554"
            }
          ]
        },
        "retweet_count": 3,
        "id_str": "1220708820130967554",
        "source": "<a href=\"https://mobile.twitter.com\" rel=\"nofollow\">Twitter Web App</a>",
        "filter_level": "low",
        "favorite_count": 3,
        "lang": "es",
        "truncated": true,
        "quoted_status_id": 1220392499308482560,
        "in_reply_to_status_id": null,
        "quoted_status_permalink": {
          "url": "https://t.co/5E05QvSrqC",
          "expanded": "https://twitter.com/elcomercio_peru/status/1220392499308482560",
          "display": "twitter.com/elcomercio_per…"
        },
        "extended_tweet": {
          "full_text": "..MISOGINIA al decir ...puede fugar porque ahora es ama de casa,desea meter en prision debio a su SUPOSICIÓN??..si así fuera fiscal,deberias meter en cana a cualquiera que se te cruce en el camino..obras mal,.mal acabaras..y no es una suposición,digo no?",
          "display_text_range": [
            0,
            254
          ],
          "entities": {
            "user_mentions": [],
            "hashtags": [],
            "symbols": [],
            "urls": []
          }
        },
        "contributors": null,
        "in_reply_to_screen_name": null,
        "reply_count": 0,
        "text": "..MISOGINIA al decir ...puede fugar porque ahora es ama de casa,desea meter en prision debio a su SUPOSICIÓN??..si… https://t.co/1zGB8ipkJN",
        "quoted_status_id_str": "1220392499308482560",
        "id": 1220708820130967554,
        "retweeted": false,
        "quote_count": 0,
        "geo": null,
        "quoted_status": {
          "in_reply_to_user_id_str": null,
          "in_reply_to_status_id_str": null,
          "place": null,
          "entities": {
            "user_mentions": [],
            "hashtags": [],
            "symbols": [],
            "urls": [
              {
                "url": "https://t.co/YalQSPXQsD",
                "indices": [
                  103,
                  126
                ],
                "display_url": "elcomercio.pe/politica/keiko…",
                "expanded_url": "https://elcomercio.pe/politica/keiko-fujimori-rompio-toda-legalidad-y-hay-graves-sospechas-de-que-lo-volvera-a-hacer-dijo-jose-domingo-perez-noticia/"
              }
            ]
          },
          "retweet_count": 111,
          "id_str": "1220392499308482560",
          "source": "<a href=\"https://about.twitter.com/products/tweetdeck\" rel=\"nofollow\">TweetDeck</a>",
          "filter_level": "low",
          "favorite_count": 500,
          "truncated": false,
          "lang": "es",
          "quote_count": 31,
          "possibly_sensitive": false,
          "contributors": null,
          "in_reply_to_screen_name": null,
          "reply_count": 109,
          "text": "Fiscal Pérez: “Keiko Fujimori rompió toda legalidad y hay graves sospechas de que lo volverá a hacer” \nhttps://t.co/YalQSPXQsD",
          "favorited": false,
          "id": 1220392499308482560,
          "retweeted": false,
          "in_reply_to_status_id": null,
          "geo": null,
          "created_at": "Thu Jan 23 17:07:00 +0000 2020",
          "is_quote_status": false,
          "user": {
            "following": null,
            "screen_name": "elcomercio_peru",
            "favourites_count": 555,
            "contributors_enabled": false,
            "id_str": "233033221",
            "id": 233033221,
            "geo_enabled": false,
            "profile_image_url_https": "https://pbs.twimg.com/profile_images/1166817046707015680/anCazRsE_normal.png",
            "profile_link_color": "FAB81E",
            "follow_request_sent": null,
            "location": "Lima, Perú",
            "translator_type": "none",
            "profile_background_tile": false,
            "listed_count": 712,
            "time_zone": null,
            "statuses_count": 163442,
            "notifications": null,
            "lang": null,
            "default_profile": false,
            "followers_count": 219793,
            "profile_use_background_image": true,
            "is_translator": false,
            "profile_background_color": "FFFFFF",
            "profile_banner_url": "https://pbs.twimg.com/profile_banners/233033221/1546348346",
            "profile_background_image_url": "http://abs.twimg.com/images/themes/theme1/bg.png",
            "utc_offset": null,
            "profile_image_url": "http://pbs.twimg.com/profile_images/1166817046707015680/anCazRsE_normal.png",
            "name": "El Comercio",
            "url": "http://elcomercio.pe",
            "created_at": "Sun Jan 02 02:52:20 +0000 2011",
            "verified": false,
            "friends_count": 408,
            "profile_sidebar_fill_color": "FFF2F2",
            "profile_text_color": "000000",
            "protected": false,
            "profile_sidebar_border_color": "CCCCCC",
            "profile_background_image_url_https": "https://abs.twimg.com/images/themes/theme1/bg.png",
            "default_profile_image": false,
            "description": "El Comercio reporta en Twitter las noticias del Perú y el mundo, reportajes, opinión y análisis."
          },
          "coordinates": null,
          "in_reply_to_user_id": null
        },
        "created_at": "Fri Jan 24 14:03:57 +0000 2020",
        "is_quote_status": true,
        "user": {
          "following": null,
          "screen_name": "frankri14641759",
          "favourites_count": 9713,
          "contributors_enabled": false,
          "id_str": "968284783464894464",
          "id": 968284783464894464,
          "geo_enabled": false,
          "profile_image_url_https": "https://pbs.twimg.com/profile_images/968302068925632513/rZSC_mnP_normal.jpg",
          "profile_link_color": "1DA1F2",
          "follow_request_sent": null,
          "location": null,
          "translator_type": "none",
          "profile_background_tile": false,
          "listed_count": 0,
          "time_zone": null,
          "statuses_count": 8711,
          "notifications": null,
          "lang": null,
          "default_profile": true,
          "followers_count": 460,
          "profile_use_background_image": true,
          "is_translator": false,
          "profile_background_color": "F5F8FA",
          "default_profile_image": false,
          "profile_background_image_url": "",
          "utc_offset": null,
          "profile_image_url": "http://pbs.twimg.com/profile_images/968302068925632513/rZSC_mnP_normal.jpg",
          "name": "Papalobo",
          "url": null,
          "created_at": "Tue Feb 27 00:40:57 +0000 2018",
          "verified": false,
          "friends_count": 557,
          "profile_sidebar_fill_color": "DDEEF6",
          "profile_text_color": "333333",
          "protected": false,
          "profile_sidebar_border_color": "C0DEED",
          "profile_background_image_url_https": "",
          "description": "franco,anticomunista,adoro la vida,si me buscas me encuentras,semijusto,patriota."
        },
        "coordinates": null,
        "in_reply_to_user_id": null
      },
      "is_quote_status": true,
      "user": {
        "following": null,
        "screen_name": "isabelsolanove1",
        "favourites_count": 24023,
        "contributors_enabled": false,
        "id_str": "3357175942",
        "id": 3357175942,
        "geo_enabled": true,
        "profile_image_url_https": "https://pbs.twimg.com/profile_images/1148298660767240192/ZiudiXnP_normal.jpg",
        "profile_link_color": "1DA1F2",
        "follow_request_sent": null,
        "location": "Lima",
        "translator_type": "none",
        "profile_background_tile": false,
        "listed_count": 2,
        "time_zone": null,
        "statuses_count": 29959,
        "notifications": null,
        "lang": null,
        "default_profile": true,
        "followers_count": 507,
        "profile_use_background_image": true,
        "is_translator": false,
        "profile_background_color": "C0DEED",
        "profile_banner_url": "https://pbs.twimg.com/profile_banners/3357175942/1569794571",
        "profile_background_image_url": "http://abs.twimg.com/images/themes/theme1/bg.png",
        "utc_offset": null,
        "profile_image_url": "http://pbs.twimg.com/profile_images/1148298660767240192/ZiudiXnP_normal.jpg",
        "name": "isabel solano",
        "url": null,
        "created_at": "Fri Jul 03 17:12:45 +0000 2015",
        "verified": false,
        "friends_count": 452,
        "profile_sidebar_fill_color": "DDEEF6",
        "profile_text_color": "333333",
        "protected": false,
        "profile_sidebar_border_color": "C0DEED",
        "profile_background_image_url_https": "https://abs.twimg.com/images/themes/theme1/bg.png",
        "default_profile_image": false,
        "description": "Hija, madre y abuela. Amo a mi familia como amo a mi país. Fujimorista de corazón. Bailar es mi pasión."
      },
      "coordinates": null,
      "in_reply_to_user_id": null
    },
    {
      "in_reply_to_user_id_str": null,
      "in_reply_to_status_id_str": null,
      "place": null,
      "entities": {
        "user_mentions": [
          {
            "id_str": "2416088899",
            "indices": [
              3,
              18
            ],
            "screen_name": "DanielUrresti1",
            "id": 2416088899,
            "name": "Daniel Urresti"
          }
        ],
        "hashtags": [],
        "symbols": [],
        "urls": []
      },
      "retweet_count": 0,
      "id_str": "1221099579011162118",
      "source": "<a href=\"https://mobile.twitter.com\" rel=\"nofollow\">Twitter Web App</a>",
      "filter_level": "low",
      "favorite_count": 0,
      "timestamp_ms": "1579967801226",
      "truncated": false,
      "lang": "es",
      "quote_count": 0,
      "contributors": null,
      "in_reply_to_screen_name": null,
      "reply_count": 0,
      "text": "RT @DanielUrresti1: Y ahora...? ¿Quién le llevará fruta a quién? Keiko a Víctor, o Víctor a Keiko? \nPD. Aplausos para los fiscales anticorr…",
      "favorited": false,
      "id": 1221099579011162118,
      "retweeted": false,
      "in_reply_to_status_id": null,
      "geo": null,
      "created_at": "Sat Jan 25 15:56:41 +0000 2020",
      "retweeted_status": {
        "in_reply_to_user_id_str": null,
        "in_reply_to_status_id_str": null,
        "source": "<a href=\"http://twitter.com/download/iphone\" rel=\"nofollow\">Twitter for iPhone</a>",
        "place": null,
        "entities": {
          "user_mentions": [],
          "hashtags": [],
          "symbols": [],
          "urls": [
            {
              "url": "https://t.co/rJyjwvqtbd",
              "indices": [
                117,
                140
              ],
              "display_url": "twitter.com/i/web/status/1…",
              "expanded_url": "https://twitter.com/i/web/status/1221096100712591363"
            }
          ]
        },
        "retweet_count": 39,
        "id_str": "1221096100712591363",
        "display_text_range": [
          0,
          140
        ],
        "filter_level": "low",
        "favorite_count": 124,
        "truncated": true,
        "possibly_sensitive": false,
        "lang": "es",
        "quote_count": 0,
        "extended_tweet": {
          "full_text": "Y ahora...? ¿Quién le llevará fruta a quién? Keiko a Víctor, o Víctor a Keiko? \nPD. Aplausos para los fiscales anticorruptos y nuestra gloriosa PNP https://t.co/vlJr3xDFv7",
          "extended_entities": {
            "media": [
              {
                "url": "https://t.co/vlJr3xDFv7",
                "indices": [
                  148,
                  171
                ],
                "type": "photo",
                "id_str": "1221096092877672448",
                "expanded_url": "https://twitter.com/DanielUrresti1/status/1221096100712591363/photo/1",
                "media_url": "http://pbs.twimg.com/media/EPI0bUSXUAATPvk.jpg",
                "sizes": {
                  "large": {
                    "w": 700,
                    "resize": "fit",
                    "h": 700
                  },
                  "medium": {
                    "w": 700,
                    "resize": "fit",
                    "h": 700
                  },
                  "small": {
                    "w": 680,
                    "resize": "fit",
                    "h": 680
                  },
                  "thumb": {
                    "w": 150,
                    "resize": "crop",
                    "h": 150
                  }
                },
                "id": 1221096092877672448,
                "media_url_https": "https://pbs.twimg.com/media/EPI0bUSXUAATPvk.jpg",
                "display_url": "pic.twitter.com/vlJr3xDFv7"
              }
            ]
          },
          "display_text_range": [
            0,
            147
          ],
          "entities": {
            "user_mentions": [],
            "hashtags": [],
            "symbols": [],
            "urls": [],
            "media": [
              {
                "url": "https://t.co/vlJr3xDFv7",
                "indices": [
                  148,
                  171
                ],
                "type": "photo",
                "id_str": "1221096092877672448",
                "expanded_url": "https://twitter.com/DanielUrresti1/status/1221096100712591363/photo/1",
                "media_url": "http://pbs.twimg.com/media/EPI0bUSXUAATPvk.jpg",
                "sizes": {
                  "large": {
                    "w": 700,
                    "resize": "fit",
                    "h": 700
                  },
                  "medium": {
                    "w": 700,
                    "resize": "fit",
                    "h": 700
                  },
                  "small": {
                    "w": 680,
                    "resize": "fit",
                    "h": 680
                  },
                  "thumb": {
                    "w": 150,
                    "resize": "crop",
                    "h": 150
                  }
                },
                "id": 1221096092877672448,
                "media_url_https": "https://pbs.twimg.com/media/EPI0bUSXUAATPvk.jpg",
                "display_url": "pic.twitter.com/vlJr3xDFv7"
              }
            ]
          }
        },
        "contributors": null,
        "in_reply_to_screen_name": null,
        "reply_count": 9,
        "text": "Y ahora...? ¿Quién le llevará fruta a quién? Keiko a Víctor, o Víctor a Keiko? \nPD. Aplausos para los fiscales anti… https://t.co/rJyjwvqtbd",
        "favorited": false,
        "id": 1221096100712591363,
        "retweeted": false,
        "in_reply_to_status_id": null,
        "geo": null,
        "created_at": "Sat Jan 25 15:42:51 +0000 2020",
        "is_quote_status": false,
        "user": {
          "following": null,
          "screen_name": "DanielUrresti1",
          "favourites_count": 44583,
          "contributors_enabled": false,
          "id_str": "2416088899",
          "id": 2416088899,
          "geo_enabled": true,
          "profile_image_url_https": "https://pbs.twimg.com/profile_images/1194070113101766661/mY-1ycE8_normal.jpg",
          "profile_link_color": "1DA1F2",
          "follow_request_sent": null,
          "location": "Perú ",
          "translator_type": "none",
          "profile_background_tile": false,
          "listed_count": 349,
          "time_zone": null,
          "statuses_count": 41552,
          "notifications": null,
          "lang": null,
          "default_profile": true,
          "followers_count": 411748,
          "profile_use_background_image": true,
          "is_translator": false,
          "profile_background_color": "C0DEED",
          "profile_banner_url": "https://pbs.twimg.com/profile_banners/2416088899/1573522136",
          "profile_background_image_url": "http://abs.twimg.com/images/themes/theme1/bg.png",
          "utc_offset": null,
          "profile_image_url": "http://pbs.twimg.com/profile_images/1194070113101766661/mY-1ycE8_normal.jpg",
          "name": "Daniel Urresti",
          "url": null,
          "created_at": "Fri Mar 28 15:35:22 +0000 2014",
          "verified": false,
          "friends_count": 409,
          "profile_sidebar_fill_color": "DDEEF6",
          "profile_text_color": "333333",
          "protected": false,
          "profile_sidebar_border_color": "C0DEED",
          "profile_background_image_url_https": "https://abs.twimg.com/images/themes/theme1/bg.png",
          "default_profile_image": false,
          "description": "Gral EP (r) Ex Alto Comisionado en la lucha contra la minería ilegal Ex Ministro del Interior"
        },
        "coordinates": null,
        "in_reply_to_user_id": null
      },
      "is_quote_status": false,
      "user": {
        "following": null,
        "screen_name": "iolara108",
        "favourites_count": 2908,
        "contributors_enabled": false,
        "id_str": "456940524",
        "id": 456940524,
        "geo_enabled": false,
        "profile_image_url_https": "https://pbs.twimg.com/profile_images/3624433264/8bedcf28dab862039ba889070733cffa_normal.jpeg",
        "profile_link_color": "1DA1F2",
        "follow_request_sent": null,
        "location": "Lima",
        "translator_type": "none",
        "profile_background_tile": false,
        "listed_count": 0,
        "time_zone": null,
        "statuses_count": 20084,
        "notifications": null,
        "lang": null,
        "default_profile": true,
        "followers_count": 85,
        "profile_use_background_image": true,
        "is_translator": false,
        "profile_background_color": "C0DEED",
        "default_profile_image": false,
        "profile_background_image_url": "http://abs.twimg.com/images/themes/theme1/bg.png",
        "utc_offset": null,
        "profile_image_url": "http://pbs.twimg.com/profile_images/3624433264/8bedcf28dab862039ba889070733cffa_normal.jpeg",
        "name": "iolara108",
        "url": null,
        "created_at": "Fri Jan 06 21:03:10 +0000 2012",
        "verified": false,
        "friends_count": 218,
        "profile_sidebar_fill_color": "DDEEF6",
        "profile_text_color": "333333",
        "protected": false,
        "profile_sidebar_border_color": "C0DEED",
        "profile_background_image_url_https": "https://abs.twimg.com/images/themes/theme1/bg.png",
        "description": "Nací en Iquitos, viví en la Sierra. Por mis venas corren sangre Arequipeña y Lameña. Creo en Dios y en su Iglesia. Tengo sangre roja y el corazón a la izquierda"
      },
      "coordinates": null,
      "in_reply_to_user_id": null
    },
    {
      "in_reply_to_user_id_str": null,
      "in_reply_to_status_id_str": null,
      "place": null,
      "entities": {
        "user_mentions": [
          {
            "id_str": "124843312",
            "indices": [
              3,
              14
            ],
            "screen_name": "ensustrece",
            "id": 124843312,
            "name": "Semanario Hildebrandt en sus trece"
          },
          {
            "id_str": "124843312",
            "indices": [
              19,
              30
            ],
            "screen_name": "ensustrece",
            "id": 124843312,
            "name": "Semanario Hildebrandt en sus trece"
          }
        ],
        "hashtags": [],
        "symbols": [],
        "urls": []
      },
      "retweet_count": 0,
      "id_str": "1221099594056110080",
      "source": "<a href=\"http://twitter.com/download/android\" rel=\"nofollow\">Twitter for Android</a>",
      "filter_level": "low",
      "favorite_count": 0,
      "timestamp_ms": "1579967804813",
      "truncated": false,
      "lang": "es",
      "quote_count": 0,
      "contributors": null,
      "in_reply_to_screen_name": null,
      "reply_count": 0,
      "text": "RT @ensustrece: En @ensustrece: CHLIMPER REEDITADO. José Chlimper cambió de versión. Su abogado, José Nolasco, ha reconocido frente al juez…",
      "favorited": false,
      "id": 1221099594056110080,
      "retweeted": false,
      "in_reply_to_status_id": null,
      "geo": null,
      "created_at": "Sat Jan 25 15:56:44 +0000 2020",
      "retweeted_status": {
        "in_reply_to_user_id_str": null,
        "in_reply_to_status_id_str": null,
        "source": "<a href=\"https://mobile.twitter.com\" rel=\"nofollow\">Twitter Web App</a>",
        "place": null,
        "entities": {
          "user_mentions": [
            {
              "id_str": "124843312",
              "indices": [
                3,
                14
              ],
              "screen_name": "ensustrece",
              "id": 124843312,
              "name": "Semanario Hildebrandt en sus trece"
            }
          ],
          "hashtags": [],
          "symbols": [],
          "urls": [
            {
              "url": "https://t.co/FwLwZMworQ",
              "indices": [
                117,
                140
              ],
              "display_url": "twitter.com/i/web/status/1…",
              "expanded_url": "https://twitter.com/i/web/status/1221088159003398145"
            }
          ]
        },
        "retweet_count": 119,
        "id_str": "1221088159003398145",
        "display_text_range": [
          0,
          140
        ],
        "filter_level": "low",
        "favorite_count": 211,
        "truncated": true,
        "possibly_sensitive": false,
        "lang": "es",
        "quote_count": 12,
        "extended_tweet": {
          "full_text": "En @ensustrece: CHLIMPER REEDITADO. José Chlimper cambió de versión. Su abogado, José Nolasco, ha reconocido frente al juez Víctor Zúñiga que su cliente sí entregó el maletín con $210,000 al gerente de RPP Hugo Delgado Nachtigall. ¡Una bomba caída en la defensa de Keiko Fujimori! https://t.co/4BlW3ItGoj",
          "extended_entities": {
            "media": [
              {
                "url": "https://t.co/4BlW3ItGoj",
                "indices": [
                  281,
                  304
                ],
                "type": "photo",
                "id_str": "1221088152091123718",
                "expanded_url": "https://twitter.com/ensustrece/status/1221088159003398145/photo/1",
                "media_url": "http://pbs.twimg.com/media/EPItNGjUYAYaer_.png",
                "sizes": {
                  "large": {
                    "w": 424,
                    "resize": "fit",
                    "h": 515
                  },
                  "medium": {
                    "w": 424,
                    "resize": "fit",
                    "h": 515
                  },
                  "small": {
                    "w": 424,
                    "resize": "fit",
                    "h": 515
                  },
                  "thumb": {
                    "w": 150,
                    "resize": "crop",
                    "h": 150
                  }
                },
                "id": 1221088152091123718,
                "media_url_https": "https://pbs.twimg.com/media/EPItNGjUYAYaer_.png",
                "display_url": "pic.twitter.com/4BlW3ItGoj"
              }
            ]
          },
          "display_text_range": [
            0,
            280
          ],
          "entities": {
            "user_mentions": [
              {
                "id_str": "124843312",
                "indices": [
                  3,
                  14
                ],
                "screen_name": "ensustrece",
                "id": 124843312,
                "name": "Semanario Hildebrandt en sus trece"
              }
            ],
            "hashtags": [],
            "symbols": [],
            "urls": [],
            "media": [
              {
                "url": "https://t.co/4BlW3ItGoj",
                "indices": [
                  281,
                  304
                ],
                "type": "photo",
                "id_str": "1221088152091123718",
                "expanded_url": "https://twitter.com/ensustrece/status/1221088159003398145/photo/1",
                "media_url": "http://pbs.twimg.com/media/EPItNGjUYAYaer_.png",
                "sizes": {
                  "large": {
                    "w": 424,
                    "resize": "fit",
                    "h": 515
                  },
                  "medium": {
                    "w": 424,
                    "resize": "fit",
                    "h": 515
                  },
                  "small": {
                    "w": 424,
                    "resize": "fit",
                    "h": 515
                  },
                  "thumb": {
                    "w": 150,
                    "resize": "crop",
                    "h": 150
                  }
                },
                "id": 1221088152091123718,
                "media_url_https": "https://pbs.twimg.com/media/EPItNGjUYAYaer_.png",
                "display_url": "pic.twitter.com/4BlW3ItGoj"
              }
            ]
          }
        },
        "contributors": null,
        "in_reply_to_screen_name": null,
        "reply_count": 15,
        "text": "En @ensustrece: CHLIMPER REEDITADO. José Chlimper cambió de versión. Su abogado, José Nolasco, ha reconocido frente… https://t.co/FwLwZMworQ",
        "favorited": false,
        "id": 1221088159003398145,
        "retweeted": false,
        "in_reply_to_status_id": null,
        "geo": null,
        "created_at": "Sat Jan 25 15:11:18 +0000 2020",
        "is_quote_status": false,
        "user": {
          "following": null,
          "screen_name": "ensustrece",
          "favourites_count": 3016,
          "contributors_enabled": false,
          "id_str": "124843312",
          "id": 124843312,
          "geo_enabled": false,
          "profile_image_url_https": "https://pbs.twimg.com/profile_images/1220686299805302785/mRNR9ROR_normal.jpg",
          "profile_link_color": "225689",
          "follow_request_sent": null,
          "location": "Lima, Peru",
          "translator_type": "none",
          "profile_background_tile": false,
          "listed_count": 1572,
          "time_zone": null,
          "statuses_count": 23136,
          "notifications": null,
          "lang": null,
          "default_profile": false,
          "followers_count": 1401416,
          "profile_use_background_image": true,
          "is_translator": false,
          "profile_background_color": "112255",
          "profile_banner_url": "https://pbs.twimg.com/profile_banners/124843312/1575600383",
          "profile_background_image_url": "http://abs.twimg.com/images/themes/theme14/bg.gif",
          "utc_offset": null,
          "profile_image_url": "http://pbs.twimg.com/profile_images/1220686299805302785/mRNR9ROR_normal.jpg",
          "name": "Semanario Hildebrandt en sus trece",
          "url": "http://www.hildebrandtensustrece.com",
          "created_at": "Sat Mar 20 19:26:51 +0000 2010",
          "verified": false,
          "friends_count": 415,
          "profile_sidebar_fill_color": "EFEFEF",
          "profile_text_color": "333333",
          "protected": false,
          "profile_sidebar_border_color": "000000",
          "profile_background_image_url_https": "https://abs.twimg.com/images/themes/theme14/bg.gif",
          "default_profile_image": false,
          "description": "Cuenta oficial de Hildebrandt en sus trece, el semanario político y de investigación dirigido por César #Hildebrandt desde Lima, #Perú y desde abril del 2010."
        },
        "coordinates": null,
        "in_reply_to_user_id": null
      },
      "is_quote_status": false,
      "user": {
        "following": null,
        "screen_name": "Apaza_Candiotti",
        "favourites_count": 70891,
        "contributors_enabled": false,
        "id_str": "732088592",
        "id": 732088592,
        "geo_enabled": true,
        "profile_image_url_https": "https://pbs.twimg.com/profile_images/502603937464082432/7WROySWZ_normal.jpeg",
        "profile_link_color": "8F0606",
        "follow_request_sent": null,
        "location": "Lima, Perú",
        "translator_type": "none",
        "profile_background_tile": true,
        "listed_count": 7,
        "time_zone": null,
        "statuses_count": 45232,
        "notifications": null,
        "lang": null,
        "default_profile": false,
        "followers_count": 612,
        "profile_use_background_image": true,
        "is_translator": false,
        "profile_background_color": "8F0606",
        "profile_banner_url": "https://pbs.twimg.com/profile_banners/732088592/1579452703",
        "profile_background_image_url": "http://abs.twimg.com/images/themes/theme1/bg.png",
        "utc_offset": null,
        "profile_image_url": "http://pbs.twimg.com/profile_images/502603937464082432/7WROySWZ_normal.jpeg",
        "name": "Jorge Apaza Candiott",
        "url": null,
        "created_at": "Thu Aug 02 03:53:49 +0000 2012",
        "verified": false,
        "friends_count": 464,
        "profile_sidebar_fill_color": "DDEEF6",
        "profile_text_color": "333333",
        "protected": false,
        "profile_sidebar_border_color": "000000",
        "profile_background_image_url_https": "https://abs.twimg.com/images/themes/theme1/bg.png",
        "default_profile_image": false,
        "description": "Hincha del mejor club del Per(U)"
      },
      "coordinates": null,
      "in_reply_to_user_id": null
    },
    {
      "in_reply_to_user_id_str": null,
      "in_reply_to_status_id_str": null,
      "place": null,
      "entities": {
        "user_mentions": [
          {
            "id_str": "124843312",
            "indices": [
              3,
              14
            ],
            "screen_name": "ensustrece",
            "id": 124843312,
            "name": "Semanario Hildebrandt en sus trece"
          },
          {
            "id_str": "124843312",
            "indices": [
              19,
              30
            ],
            "screen_name": "ensustrece",
            "id": 124843312,
            "name": "Semanario Hildebrandt en sus trece"
          }
        ],
        "hashtags": [],
        "symbols": [],
        "urls": []
      },
      "retweet_count": 0,
      "id_str": "1221099607180050436",
      "source": "<a href=\"http://twitter.com/download/android\" rel=\"nofollow\">Twitter for Android</a>",
      "filter_level": "low",
      "favorite_count": 0,
      "timestamp_ms": "1579967807942",
      "truncated": false,
      "lang": "es",
      "quote_count": 0,
      "contributors": null,
      "in_reply_to_screen_name": null,
      "reply_count": 0,
      "text": "RT @ensustrece: En @ensustrece: CHLIMPER REEDITADO. José Chlimper cambió de versión. Su abogado, José Nolasco, ha reconocido frente al juez…",
      "favorited": false,
      "id": 1221099607180050436,
      "retweeted": false,
      "in_reply_to_status_id": null,
      "geo": null,
      "created_at": "Sat Jan 25 15:56:47 +0000 2020",
      "retweeted_status": {
        "in_reply_to_user_id_str": null,
        "in_reply_to_status_id_str": null,
        "source": "<a href=\"https://mobile.twitter.com\" rel=\"nofollow\">Twitter Web App</a>",
        "place": null,
        "entities": {
          "user_mentions": [
            {
              "id_str": "124843312",
              "indices": [
                3,
                14
              ],
              "screen_name": "ensustrece",
              "id": 124843312,
              "name": "Semanario Hildebrandt en sus trece"
            }
          ],
          "hashtags": [],
          "symbols": [],
          "urls": [
            {
              "url": "https://t.co/FwLwZMworQ",
              "indices": [
                117,
                140
              ],
              "display_url": "twitter.com/i/web/status/1…",
              "expanded_url": "https://twitter.com/i/web/status/1221088159003398145"
            }
          ]
        },
        "retweet_count": 120,
        "id_str": "1221088159003398145",
        "display_text_range": [
          0,
          140
        ],
        "filter_level": "low",
        "favorite_count": 212,
        "truncated": true,
        "possibly_sensitive": false,
        "lang": "es",
        "quote_count": 12,
        "extended_tweet": {
          "full_text": "En @ensustrece: CHLIMPER REEDITADO. José Chlimper cambió de versión. Su abogado, José Nolasco, ha reconocido frente al juez Víctor Zúñiga que su cliente sí entregó el maletín con $210,000 al gerente de RPP Hugo Delgado Nachtigall. ¡Una bomba caída en la defensa de Keiko Fujimori! https://t.co/4BlW3ItGoj",
          "extended_entities": {
            "media": [
              {
                "url": "https://t.co/4BlW3ItGoj",
                "indices": [
                  281,
                  304
                ],
                "type": "photo",
                "id_str": "1221088152091123718",
                "expanded_url": "https://twitter.com/ensustrece/status/1221088159003398145/photo/1",
                "media_url": "http://pbs.twimg.com/media/EPItNGjUYAYaer_.png",
                "sizes": {
                  "large": {
                    "w": 424,
                    "resize": "fit",
                    "h": 515
                  },
                  "medium": {
                    "w": 424,
                    "resize": "fit",
                    "h": 515
                  },
                  "small": {
                    "w": 424,
                    "resize": "fit",
                    "h": 515
                  },
                  "thumb": {
                    "w": 150,
                    "resize": "crop",
                    "h": 150
                  }
                },
                "id": 1221088152091123718,
                "media_url_https": "https://pbs.twimg.com/media/EPItNGjUYAYaer_.png",
                "display_url": "pic.twitter.com/4BlW3ItGoj"
              }
            ]
          },
          "display_text_range": [
            0,
            280
          ],
          "entities": {
            "user_mentions": [
              {
                "id_str": "124843312",
                "indices": [
                  3,
                  14
                ],
                "screen_name": "ensustrece",
                "id": 124843312,
                "name": "Semanario Hildebrandt en sus trece"
              }
            ],
            "hashtags": [],
            "symbols": [],
            "urls": [],
            "media": [
              {
                "url": "https://t.co/4BlW3ItGoj",
                "indices": [
                  281,
                  304
                ],
                "type": "photo",
                "id_str": "1221088152091123718",
                "expanded_url": "https://twitter.com/ensustrece/status/1221088159003398145/photo/1",
                "media_url": "http://pbs.twimg.com/media/EPItNGjUYAYaer_.png",
                "sizes": {
                  "large": {
                    "w": 424,
                    "resize": "fit",
                    "h": 515
                  },
                  "medium": {
                    "w": 424,
                    "resize": "fit",
                    "h": 515
                  },
                  "small": {
                    "w": 424,
                    "resize": "fit",
                    "h": 515
                  },
                  "thumb": {
                    "w": 150,
                    "resize": "crop",
                    "h": 150
                  }
                },
                "id": 1221088152091123718,
                "media_url_https": "https://pbs.twimg.com/media/EPItNGjUYAYaer_.png",
                "display_url": "pic.twitter.com/4BlW3ItGoj"
              }
            ]
          }
        },
        "contributors": null,
        "in_reply_to_screen_name": null,
        "reply_count": 15,
        "text": "En @ensustrece: CHLIMPER REEDITADO. José Chlimper cambió de versión. Su abogado, José Nolasco, ha reconocido frente… https://t.co/FwLwZMworQ",
        "favorited": false,
        "id": 1221088159003398145,
        "retweeted": false,
        "in_reply_to_status_id": null,
        "geo": null,
        "created_at": "Sat Jan 25 15:11:18 +0000 2020",
        "is_quote_status": false,
        "user": {
          "following": null,
          "screen_name": "ensustrece",
          "favourites_count": 3016,
          "contributors_enabled": false,
          "id_str": "124843312",
          "id": 124843312,
          "geo_enabled": false,
          "profile_image_url_https": "https://pbs.twimg.com/profile_images/1220686299805302785/mRNR9ROR_normal.jpg",
          "profile_link_color": "225689",
          "follow_request_sent": null,
          "location": "Lima, Peru",
          "translator_type": "none",
          "profile_background_tile": false,
          "listed_count": 1572,
          "time_zone": null,
          "statuses_count": 23136,
          "notifications": null,
          "lang": null,
          "default_profile": false,
          "followers_count": 1401416,
          "profile_use_background_image": true,
          "is_translator": false,
          "profile_background_color": "112255",
          "profile_banner_url": "https://pbs.twimg.com/profile_banners/124843312/1575600383",
          "profile_background_image_url": "http://abs.twimg.com/images/themes/theme14/bg.gif",
          "utc_offset": null,
          "profile_image_url": "http://pbs.twimg.com/profile_images/1220686299805302785/mRNR9ROR_normal.jpg",
          "name": "Semanario Hildebrandt en sus trece",
          "url": "http://www.hildebrandtensustrece.com",
          "created_at": "Sat Mar 20 19:26:51 +0000 2010",
          "verified": false,
          "friends_count": 415,
          "profile_sidebar_fill_color": "EFEFEF",
          "profile_text_color": "333333",
          "protected": false,
          "profile_sidebar_border_color": "000000",
          "profile_background_image_url_https": "https://abs.twimg.com/images/themes/theme14/bg.gif",
          "default_profile_image": false,
          "description": "Cuenta oficial de Hildebrandt en sus trece, el semanario político y de investigación dirigido por César #Hildebrandt desde Lima, #Perú y desde abril del 2010."
        },
        "coordinates": null,
        "in_reply_to_user_id": null
      },
      "is_quote_status": false,
      "user": {
        "following": null,
        "screen_name": "alfredito1968",
        "favourites_count": 1671,
        "contributors_enabled": false,
        "id_str": "199729317",
        "id": 199729317,
        "geo_enabled": true,
        "profile_image_url_https": "https://pbs.twimg.com/profile_images/1159080049913606144/HMl7rOFE_normal.jpg",
        "profile_link_color": "1DA1F2",
        "follow_request_sent": null,
        "location": "PERU",
        "translator_type": "none",
        "profile_background_tile": false,
        "listed_count": 0,
        "time_zone": null,
        "statuses_count": 2670,
        "notifications": null,
        "lang": null,
        "default_profile": true,
        "followers_count": 23,
        "profile_use_background_image": true,
        "is_translator": false,
        "profile_background_color": "C0DEED",
        "default_profile_image": false,
        "profile_background_image_url": "http://abs.twimg.com/images/themes/theme1/bg.png",
        "utc_offset": null,
        "profile_image_url": "http://pbs.twimg.com/profile_images/1159080049913606144/HMl7rOFE_normal.jpg",
        "name": "alfredo antonio",
        "url": null,
        "created_at": "Thu Oct 07 16:07:43 +0000 2010",
        "verified": false,
        "friends_count": 333,
        "profile_sidebar_fill_color": "DDEEF6",
        "profile_text_color": "333333",
        "protected": false,
        "profile_sidebar_border_color": "C0DEED",
        "profile_background_image_url_https": "https://abs.twimg.com/images/themes/theme1/bg.png",
        "description": "SOY DE LA TIERRA DEL SOL ETERNO, DEL DULCE VINO Y GRAN PISCO, DE TIERRA ASOLEADA QUE ALBERGA  A LA HUACACHINA Y SU LINDA SIRENA"
      },
      "coordinates": null,
      "in_reply_to_user_id": null
    },
    {
      "in_reply_to_user_id_str": null,
      "in_reply_to_status_id_str": null,
      "place": null,
      "entities": {
        "user_mentions": [
          {
            "id_str": "1058118893133316096",
            "indices": [
              3,
              18
            ],
            "screen_name": "SegundoMendezA",
            "id": 1058118893133316096,
            "name": "Segundo Mendez"
          }
        ],
        "hashtags": [],
        "symbols": [],
        "urls": []
      },
      "retweet_count": 0,
      "id_str": "1221099614025109504",
      "source": "<a href=\"http://twitter.com/download/android\" rel=\"nofollow\">Twitter for Android</a>",
      "filter_level": "low",
      "favorite_count": 0,
      "timestamp_ms": "1579967809574",
      "truncated": false,
      "lang": "es",
      "quote_count": 0,
      "contributors": null,
      "in_reply_to_screen_name": null,
      "reply_count": 0,
      "text": "RT @SegundoMendezA: César Hildebrandt: \"Qué poco debemos querernos para votar por Keiko Fujimori\".\n\nEl 85% de la población estuvo de acuerd…",
      "favorited": false,
      "id": 1221099614025109504,
      "retweeted": false,
      "in_reply_to_status_id": null,
      "geo": null,
      "created_at": "Sat Jan 25 15:56:49 +0000 2020",
      "retweeted_status": {
        "in_reply_to_user_id_str": null,
        "in_reply_to_status_id_str": null,
        "place": null,
        "entities": {
          "user_mentions": [],
          "hashtags": [],
          "symbols": [],
          "urls": [
            {
              "url": "https://t.co/1BFU5TjfxF",
              "indices": [
                117,
                140
              ],
              "display_url": "twitter.com/i/web/status/1…",
              "expanded_url": "https://twitter.com/i/web/status/1220797153192353792"
            }
          ]
        },
        "retweet_count": 486,
        "id_str": "1220797153192353792",
        "source": "<a href=\"http://twitter.com/download/android\" rel=\"nofollow\">Twitter for Android</a>",
        "filter_level": "low",
        "favorite_count": 1046,
        "truncated": true,
        "possibly_sensitive": false,
        "lang": "es",
        "quote_count": 24,
        "extended_tweet": {
          "full_text": "César Hildebrandt: \"Qué poco debemos querernos para votar por Keiko Fujimori\".\n\nEl 85% de la población estuvo de acuerdo con la disolución del Congreso y ahora el electarado votará por los mismos que detesta...no se entiende ¿somos masoquistas?\nhttps://t.co/BLT52eP5pv",
          "display_text_range": [
            0,
            268
          ],
          "entities": {
            "user_mentions": [],
            "hashtags": [],
            "symbols": [],
            "urls": [
              {
                "url": "https://t.co/BLT52eP5pv",
                "indices": [
                  245,
                  268
                ],
                "display_url": "capital.pe/actualidad/ces…",
                "expanded_url": "https://capital.pe/actualidad/cesar-hildebrandt-que-poco-debemos-querernos-para-votar-por-keiko-fujimori-noticia-966141"
              }
            ]
          }
        },
        "contributors": null,
        "in_reply_to_screen_name": null,
        "reply_count": 59,
        "text": "César Hildebrandt: \"Qué poco debemos querernos para votar por Keiko Fujimori\".\n\nEl 85% de la población estuvo de ac… https://t.co/1BFU5TjfxF",
        "favorited": false,
        "id": 1220797153192353792,
        "retweeted": false,
        "in_reply_to_status_id": null,
        "geo": null,
        "created_at": "Fri Jan 24 19:54:57 +0000 2020",
        "is_quote_status": false,
        "user": {
          "following": null,
          "screen_name": "SegundoMendezA",
          "favourites_count": 26030,
          "contributors_enabled": false,
          "id_str": "1058118893133316096",
          "id": 1058118893133316096,
          "geo_enabled": false,
          "profile_image_url_https": "https://pbs.twimg.com/profile_images/1081567216909369349/ya_UtnVS_normal.jpg",
          "profile_link_color": "1DA1F2",
          "follow_request_sent": null,
          "location": "Lima, Peru",
          "translator_type": "none",
          "profile_background_tile": false,
          "listed_count": 1,
          "time_zone": null,
          "statuses_count": 11135,
          "notifications": null,
          "lang": null,
          "default_profile": true,
          "followers_count": 1671,
          "profile_use_background_image": true,
          "is_translator": false,
          "profile_background_color": "F5F8FA",
          "profile_banner_url": "https://pbs.twimg.com/profile_banners/1058118893133316096/1557945272",
          "profile_background_image_url": "",
          "utc_offset": null,
          "profile_image_url": "http://pbs.twimg.com/profile_images/1081567216909369349/ya_UtnVS_normal.jpg",
          "name": "Segundo Mendez",
          "url": null,
          "created_at": "Thu Nov 01 22:09:37 +0000 2018",
          "verified": false,
          "friends_count": 2082,
          "profile_sidebar_fill_color": "DDEEF6",
          "profile_text_color": "333333",
          "protected": false,
          "profile_sidebar_border_color": "C0DEED",
          "profile_background_image_url_https": "",
          "default_profile_image": false,
          "description": "Reformista y en contra de la cleptocracia. Nuestro país será grande cuando se logre que las generaciones sean bien educadas y formadas plenamente en valores."
        },
        "coordinates": null,
        "in_reply_to_user_id": null
      },
      "is_quote_status": false,
      "user": {
        "following": null,
        "screen_name": "silviahupiu",
        "favourites_count": 134803,
        "contributors_enabled": false,
        "id_str": "1884073555",
        "id": 1884073555,
        "geo_enabled": false,
        "profile_image_url_https": "https://pbs.twimg.com/profile_images/954090889881759745/B7-K_fWv_normal.jpg",
        "profile_link_color": "2FC2EF",
        "follow_request_sent": null,
        "location": "Lima-Perú ",
        "translator_type": "regular",
        "profile_background_tile": false,
        "listed_count": 1,
        "time_zone": null,
        "statuses_count": 51721,
        "notifications": null,
        "lang": null,
        "default_profile": false,
        "followers_count": 406,
        "profile_use_background_image": true,
        "is_translator": false,
        "profile_background_color": "1A1B1F",
        "profile_banner_url": "https://pbs.twimg.com/profile_banners/1884073555/1387507376",
        "profile_background_image_url": "http://abs.twimg.com/images/themes/theme9/bg.gif",
        "utc_offset": null,
        "profile_image_url": "http://pbs.twimg.com/profile_images/954090889881759745/B7-K_fWv_normal.jpg",
        "name": "Silhu",
        "url": null,
        "created_at": "Thu Sep 19 18:51:10 +0000 2013",
        "verified": false,
        "friends_count": 559,
        "profile_sidebar_fill_color": "252429",
        "profile_text_color": "666666",
        "protected": false,
        "profile_sidebar_border_color": "181A1E",
        "profile_background_image_url_https": "https://abs.twimg.com/images/themes/theme9/bg.gif",
        "default_profile_image": false,
        "description": "A➕CONSULTORES. Asesoramiento en Seguros Generales. Seguros Vehiculares.Seguros Médicos.Seguros Contra Incendios.Seguros Vida Ley.Seguros Car."
      },
      "coordinates": null,
      "in_reply_to_user_id": null
    },
    {
      "in_reply_to_user_id_str": null,
      "in_reply_to_status_id_str": null,
      "place": null,
      "entities": {
        "user_mentions": [
          {
            "id_str": "1058118893133316096",
            "indices": [
              3,
              18
            ],
            "screen_name": "SegundoMendezA",
            "id": 1058118893133316096,
            "name": "Segundo Mendez"
          }
        ],
        "hashtags": [],
        "symbols": [],
        "urls": []
      },
      "retweet_count": 0,
      "id_str": "1221099635080617986",
      "source": "<a href=\"http://twitter.com/download/android\" rel=\"nofollow\">Twitter for Android</a>",
      "filter_level": "low",
      "favorite_count": 0,
      "timestamp_ms": "1579967814594",
      "truncated": false,
      "lang": "es",
      "quote_count": 0,
      "contributors": null,
      "in_reply_to_screen_name": null,
      "reply_count": 0,
      "text": "RT @SegundoMendezA: César Hildebrandt: \"Qué poco debemos querernos para votar por Keiko Fujimori\".\n\nEl 85% de la población estuvo de acuerd…",
      "favorited": false,
      "id": 1221099635080617986,
      "retweeted": false,
      "in_reply_to_status_id": null,
      "geo": null,
      "created_at": "Sat Jan 25 15:56:54 +0000 2020",
      "retweeted_status": {
        "in_reply_to_user_id_str": null,
        "in_reply_to_status_id_str": null,
        "place": null,
        "entities": {
          "user_mentions": [],
          "hashtags": [],
          "symbols": [],
          "urls": [
            {
              "url": "https://t.co/1BFU5TjfxF",
              "indices": [
                117,
                140
              ],
              "display_url": "twitter.com/i/web/status/1…",
              "expanded_url": "https://twitter.com/i/web/status/1220797153192353792"
            }
          ]
        },
        "retweet_count": 486,
        "id_str": "1220797153192353792",
        "source": "<a href=\"http://twitter.com/download/android\" rel=\"nofollow\">Twitter for Android</a>",
        "filter_level": "low",
        "favorite_count": 1047,
        "truncated": true,
        "possibly_sensitive": false,
        "lang": "es",
        "quote_count": 24,
        "extended_tweet": {
          "full_text": "César Hildebrandt: \"Qué poco debemos querernos para votar por Keiko Fujimori\".\n\nEl 85% de la población estuvo de acuerdo con la disolución del Congreso y ahora el electarado votará por los mismos que detesta...no se entiende ¿somos masoquistas?\nhttps://t.co/BLT52eP5pv",
          "display_text_range": [
            0,
            268
          ],
          "entities": {
            "user_mentions": [],
            "hashtags": [],
            "symbols": [],
            "urls": [
              {
                "url": "https://t.co/BLT52eP5pv",
                "indices": [
                  245,
                  268
                ],
                "display_url": "capital.pe/actualidad/ces…",
                "expanded_url": "https://capital.pe/actualidad/cesar-hildebrandt-que-poco-debemos-querernos-para-votar-por-keiko-fujimori-noticia-966141"
              }
            ]
          }
        },
        "contributors": null,
        "in_reply_to_screen_name": null,
        "reply_count": 59,
        "text": "César Hildebrandt: \"Qué poco debemos querernos para votar por Keiko Fujimori\".\n\nEl 85% de la población estuvo de ac… https://t.co/1BFU5TjfxF",
        "favorited": false,
        "id": 1220797153192353792,
        "retweeted": false,
        "in_reply_to_status_id": null,
        "geo": null,
        "created_at": "Fri Jan 24 19:54:57 +0000 2020",
        "is_quote_status": false,
        "user": {
          "following": null,
          "screen_name": "SegundoMendezA",
          "favourites_count": 26031,
          "contributors_enabled": false,
          "id_str": "1058118893133316096",
          "id": 1058118893133316096,
          "geo_enabled": false,
          "profile_image_url_https": "https://pbs.twimg.com/profile_images/1081567216909369349/ya_UtnVS_normal.jpg",
          "profile_link_color": "1DA1F2",
          "follow_request_sent": null,
          "location": "Lima, Peru",
          "translator_type": "none",
          "profile_background_tile": false,
          "listed_count": 1,
          "time_zone": null,
          "statuses_count": 11135,
          "notifications": null,
          "lang": null,
          "default_profile": true,
          "followers_count": 1671,
          "profile_use_background_image": true,
          "is_translator": false,
          "profile_background_color": "F5F8FA",
          "profile_banner_url": "https://pbs.twimg.com/profile_banners/1058118893133316096/1557945272",
          "profile_background_image_url": "",
          "utc_offset": null,
          "profile_image_url": "http://pbs.twimg.com/profile_images/1081567216909369349/ya_UtnVS_normal.jpg",
          "name": "Segundo Mendez",
          "url": null,
          "created_at": "Thu Nov 01 22:09:37 +0000 2018",
          "verified": false,
          "friends_count": 2082,
          "profile_sidebar_fill_color": "DDEEF6",
          "profile_text_color": "333333",
          "protected": false,
          "profile_sidebar_border_color": "C0DEED",
          "profile_background_image_url_https": "",
          "default_profile_image": false,
          "description": "Reformista y en contra de la cleptocracia. Nuestro país será grande cuando se logre que las generaciones sean bien educadas y formadas plenamente en valores."
        },
        "coordinates": null,
        "in_reply_to_user_id": null
      },
      "is_quote_status": false,
      "user": {
        "following": null,
        "screen_name": "sasoridecoracio",
        "favourites_count": 7525,
        "contributors_enabled": false,
        "id_str": "257438358",
        "id": 257438358,
        "geo_enabled": true,
        "profile_image_url_https": "https://pbs.twimg.com/profile_images/948345817961828356/finxs7TP_normal.jpg",
        "profile_link_color": "1DA1F2",
        "follow_request_sent": null,
        "location": "TRUJILLO, la Libertad",
        "translator_type": "none",
        "profile_background_tile": false,
        "listed_count": 0,
        "time_zone": null,
        "statuses_count": 9169,
        "notifications": null,
        "lang": null,
        "default_profile": true,
        "followers_count": 107,
        "profile_use_background_image": true,
        "is_translator": false,
        "profile_background_color": "C0DEED",
        "profile_banner_url": "https://pbs.twimg.com/profile_banners/257438358/1496809837",
        "profile_background_image_url": "http://abs.twimg.com/images/themes/theme1/bg.png",
        "utc_offset": null,
        "profile_image_url": "http://pbs.twimg.com/profile_images/948345817961828356/finxs7TP_normal.jpg",
        "name": "michael pretell armas",
        "url": null,
        "created_at": "Fri Feb 25 12:26:11 +0000 2011",
        "verified": false,
        "friends_count": 336,
        "profile_sidebar_fill_color": "DDEEF6",
        "profile_text_color": "333333",
        "protected": false,
        "profile_sidebar_border_color": "C0DEED",
        "profile_background_image_url_https": "https://abs.twimg.com/images/themes/theme1/bg.png",
        "default_profile_image": false,
        "description": "Los titulos no me hacen mejor persona, los gestos y mis acciones hablan por mi, AMO A DIOS, COMO AMO A MIS HIJOS,"
      },
      "coordinates": null,
      "in_reply_to_user_id": null
    },
    {
      "in_reply_to_user_id_str": null,
      "in_reply_to_status_id_str": null,
      "favorited": false,
      "place": null,
      "entities": {
        "user_mentions": [],
        "hashtags": [],
        "symbols": [],
        "urls": [
          {
            "url": "https://t.co/p34tgrTMZb",
            "indices": [
              117,
              140
            ],
            "display_url": "twitter.com/i/web/status/1…",
            "expanded_url": "https://twitter.com/i/web/status/1221099644085649408"
          }
        ]
      },
      "retweet_count": 0,
      "id_str": "1221099644085649408",
      "source": "<a href=\"http://twitter.com/download/android\" rel=\"nofollow\">Twitter for Android</a>",
      "filter_level": "low",
      "favorite_count": 0,
      "lang": "es",
      "timestamp_ms": "1579967816741",
      "truncated": true,
      "possibly_sensitive": false,
      "quoted_status_id": 1220971222852222977,
      "in_reply_to_status_id": null,
      "quoted_status_permalink": {
        "url": "https://t.co/GRQ7mWfedV",
        "expanded": "https://twitter.com/patarevalo/status/1220971222852222977?s=19",
        "display": "twitter.com/patarevalo/sta…"
      },
      "extended_tweet": {
        "full_text": "Oiga joven, por favor no eche a mis nuevos mermeamigos.🤫🤫\n\nLa idea es que pronto AP y FP podamos decir juntos, ¡viva Keiko!🧡🧡🧡\n\nhttps://t.co/GRQ7mWfedV",
        "display_text_range": [
          0,
          151
        ],
        "entities": {
          "user_mentions": [],
          "hashtags": [],
          "symbols": [],
          "urls": [
            {
              "url": "https://t.co/GRQ7mWfedV",
              "indices": [
                128,
                151
              ],
              "display_url": "twitter.com/patarevalo/sta…",
              "expanded_url": "https://twitter.com/patarevalo/status/1220971222852222977?s=19"
            }
          ]
        }
      },
      "contributors": null,
      "in_reply_to_screen_name": null,
      "reply_count": 0,
      "text": "Oiga joven, por favor no eche a mis nuevos mermeamigos.🤫🤫\n\nLa idea es que pronto AP y FP podamos decir juntos, ¡viv… https://t.co/p34tgrTMZb",
      "quoted_status_id_str": "1220971222852222977",
      "id": 1221099644085649408,
      "retweeted": false,
      "quote_count": 0,
      "geo": null,
      "quoted_status": {
        "in_reply_to_user_id_str": null,
        "in_reply_to_status_id_str": null,
        "place": null,
        "entities": {
          "user_mentions": [],
          "hashtags": [],
          "symbols": [],
          "urls": []
        },
        "retweet_count": 92,
        "id_str": "1220971222852222977",
        "source": "<a href=\"http://twitter.com/download/android\" rel=\"nofollow\">Twitter for Android</a>",
        "filter_level": "low",
        "favorite_count": 288,
        "truncated": false,
        "lang": "es",
        "quote_count": 5,
        "contributors": null,
        "in_reply_to_screen_name": null,
        "reply_count": 19,
        "text": "Lo de Acción Popular es un escándalo. Furgón de cola del aprofujimorismo, pero MAL.",
        "favorited": false,
        "id": 1220971222852222977,
        "retweeted": false,
        "in_reply_to_status_id": null,
        "geo": null,
        "created_at": "Sat Jan 25 07:26:38 +0000 2020",
        "is_quote_status": false,
        "user": {
          "following": null,
          "screen_name": "patarevalo",
          "favourites_count": 60654,
          "contributors_enabled": false,
          "id_str": "2382778009",
          "id": 2382778009,
          "geo_enabled": true,
          "profile_image_url_https": "https://pbs.twimg.com/profile_images/1082235353598230529/4mVbv_CQ_normal.jpg",
          "profile_link_color": "1DA1F2",
          "follow_request_sent": null,
          "location": "Perú",
          "translator_type": "none",
          "profile_background_tile": false,
          "listed_count": 52,
          "time_zone": null,
          "statuses_count": 27611,
          "notifications": null,
          "lang": null,
          "default_profile": true,
          "followers_count": 24034,
          "profile_use_background_image": true,
          "is_translator": false,
          "profile_background_color": "C0DEED",
          "profile_banner_url": "https://pbs.twimg.com/profile_banners/2382778009/1559269612",
          "profile_background_image_url": "http://abs.twimg.com/images/themes/theme1/bg.png",
          "utc_offset": null,
          "profile_image_url": "http://pbs.twimg.com/profile_images/1082235353598230529/4mVbv_CQ_normal.jpg",
          "name": "Patricia Arevalo",
          "url": null,
          "created_at": "Mon Mar 10 22:33:43 +0000 2014",
          "verified": false,
          "friends_count": 1001,
          "profile_sidebar_fill_color": "DDEEF6",
          "profile_text_color": "333333",
          "protected": false,
          "profile_sidebar_border_color": "C0DEED",
          "profile_background_image_url_https": "https://abs.twimg.com/images/themes/theme1/bg.png",
          "default_profile_image": false,
          "description": "Frente a las banderas naranjas, la blanquirroja, siempre."
        },
        "coordinates": null,
        "in_reply_to_user_id": null
      },
      "created_at": "Sat Jan 25 15:56:56 +0000 2020",
      "is_quote_status": true,
      "user": {
        "following": null,
        "screen_name": "elmermeleado",
        "favourites_count": 2147,
        "contributors_enabled": false,
        "id_str": "946097125200293888",
        "id": 946097125200293888,
        "geo_enabled": true,
        "profile_image_url_https": "https://pbs.twimg.com/profile_images/1144362358636273665/f3k1W54d_normal.jpg",
        "profile_link_color": "FF691F",
        "follow_request_sent": null,
        "location": "Tu rico SJL",
        "translator_type": "none",
        "profile_background_tile": false,
        "listed_count": 9,
        "time_zone": null,
        "statuses_count": 2747,
        "notifications": null,
        "lang": null,
        "default_profile": false,
        "followers_count": 4080,
        "profile_use_background_image": false,
        "is_translator": false,
        "profile_background_color": "000000",
        "profile_banner_url": "https://pbs.twimg.com/profile_banners/946097125200293888/1530542216",
        "profile_background_image_url": "http://abs.twimg.com/images/themes/theme1/bg.png",
        "utc_offset": null,
        "profile_image_url": "http://pbs.twimg.com/profile_images/1144362358636273665/f3k1W54d_normal.jpg",
        "name": "Carlos Eleodoro Mermelendez Guerrero",
        "url": null,
        "created_at": "Wed Dec 27 19:15:07 +0000 2017",
        "verified": false,
        "friends_count": 3,
        "profile_sidebar_fill_color": "000000",
        "profile_text_color": "000000",
        "protected": false,
        "profile_sidebar_border_color": "000000",
        "profile_background_image_url_https": "https://abs.twimg.com/images/themes/theme1/bg.png",
        "default_profile_image": false,
        "description": "Siempre Eleodoro, nunca inodoro. Fujimólogo de Fuerza Popular. Solía negar mi vínculo naranja y lo disfrazaba de análisis. Hoy lo acepto. Parodia en mí mismo."
      },
      "coordinates": null,
      "in_reply_to_user_id": null
    },
    {
      "in_reply_to_user_id_str": null,
      "in_reply_to_status_id_str": null,
      "place": null,
      "entities": {
        "user_mentions": [
          {
            "id_str": "722522801165463553",
            "indices": [
              3,
              17
            ],
            "screen_name": "RecuerdosPeru",
            "id": 722522801165463553,
            "name": "Memorex📺®"
          },
          {
            "id_str": "53189543",
            "indices": [
              70,
              84
            ],
            "screen_name": "KeikoFujimori",
            "id": 53189543,
            "name": "Keiko Fujimori"
          }
        ],
        "hashtags": [],
        "symbols": [],
        "urls": []
      },
      "retweet_count": 0,
      "id_str": "1221099665535447049",
      "source": "<a href=\"http://twitter.com/download/android\" rel=\"nofollow\">Twitter for Android</a>",
      "filter_level": "low",
      "favorite_count": 0,
      "timestamp_ms": "1579967821855",
      "truncated": false,
      "lang": "es",
      "quote_count": 0,
      "contributors": null,
      "in_reply_to_screen_name": null,
      "reply_count": 0,
      "text": "RT @RecuerdosPeru: [2016] El apoyo de Juan Sotomayor a Keiko Fujimori @KeikoFujimori, época que todos conocían sus vínculos con la corrupci…",
      "favorited": false,
      "id": 1221099665535447049,
      "retweeted": false,
      "in_reply_to_status_id": null,
      "geo": null,
      "created_at": "Sat Jan 25 15:57:01 +0000 2020",
      "retweeted_status": {
        "in_reply_to_user_id_str": null,
        "in_reply_to_status_id_str": null,
        "source": "<a href=\"http://twitter.com/download/iphone\" rel=\"nofollow\">Twitter for iPhone</a>",
        "place": null,
        "entities": {
          "user_mentions": [
            {
              "id_str": "53189543",
              "indices": [
                51,
                65
              ],
              "screen_name": "KeikoFujimori",
              "id": 53189543,
              "name": "Keiko Fujimori"
            }
          ],
          "hashtags": [],
          "symbols": [],
          "urls": [
            {
              "url": "https://t.co/5SUlwtN2lm",
              "indices": [
                117,
                140
              ],
              "display_url": "twitter.com/i/web/status/1…",
              "expanded_url": "https://twitter.com/i/web/status/1221078425626140672"
            }
          ]
        },
        "retweet_count": 177,
        "id_str": "1221078425626140672",
        "display_text_range": [
          0,
          140
        ],
        "filter_level": "low",
        "favorite_count": 208,
        "truncated": true,
        "possibly_sensitive": false,
        "lang": "es",
        "quote_count": 9,
        "extended_tweet": {
          "full_text": "[2016] El apoyo de Juan Sotomayor a Keiko Fujimori @KeikoFujimori, época que todos conocían sus vínculos con la corrupción del Alcalde del Callao\n\nMañana vota pensando, ya nos salvamos una vez de la MAFIA 👍 https://t.co/voexslyYky",
          "extended_entities": {
            "media": [
              {
                "video_info": {
                  "aspect_ratio": [
                    16,
                    9
                  ],
                  "duration_millis": 11717,
                  "variants": [
                    {
                      "content_type": "video/mp4",
                      "bitrate": 256000,
                      "url": "https://video.twimg.com/ext_tw_video/1221078395108372481/pu/vid/480x270/YYvzVrY1TxyduNFp.mp4?tag=10"
                    },
                    {
                      "content_type": "video/mp4",
                      "bitrate": 832000,
                      "url": "https://video.twimg.com/ext_tw_video/1221078395108372481/pu/vid/640x360/7woWw-6uBvBbUInE.mp4?tag=10"
                    },
                    {
                      "content_type": "application/x-mpegURL",
                      "url": "https://video.twimg.com/ext_tw_video/1221078395108372481/pu/pl/_5HsfwKDYXv8fCWH.m3u8?tag=10"
                    }
                  ]
                },
                "id_str": "1221078395108372481",
                "type": "video",
                "media_url": "http://pbs.twimg.com/ext_tw_video_thumb/1221078395108372481/pu/img/cJFvDw2inlpPZG6w.jpg",
                "sizes": {
                  "large": {
                    "w": 640,
                    "resize": "fit",
                    "h": 360
                  },
                  "medium": {
                    "w": 640,
                    "resize": "fit",
                    "h": 360
                  },
                  "small": {
                    "w": 640,
                    "resize": "fit",
                    "h": 360
                  },
                  "thumb": {
                    "w": 150,
                    "resize": "crop",
                    "h": 150
                  }
                },
                "id": 1221078395108372481,
                "display_url": "pic.twitter.com/voexslyYky",
                "additional_media_info": {
                  "monetizable": false
                },
                "url": "https://t.co/voexslyYky",
                "indices": [
                  207,
                  230
                ],
                "expanded_url": "https://twitter.com/RecuerdosPeru/status/1221078425626140672/video/1",
                "media_url_https": "https://pbs.twimg.com/ext_tw_video_thumb/1221078395108372481/pu/img/cJFvDw2inlpPZG6w.jpg"
              }
            ]
          },
          "display_text_range": [
            0,
            206
          ],
          "entities": {
            "user_mentions": [
              {
                "id_str": "53189543",
                "indices": [
                  51,
                  65
                ],
                "screen_name": "KeikoFujimori",
                "id": 53189543,
                "name": "Keiko Fujimori"
              }
            ],
            "hashtags": [],
            "symbols": [],
            "urls": [],
            "media": [
              {
                "video_info": {
                  "aspect_ratio": [
                    16,
                    9
                  ],
                  "duration_millis": 11717,
                  "variants": [
                    {
                      "content_type": "video/mp4",
                      "bitrate": 256000,
                      "url": "https://video.twimg.com/ext_tw_video/1221078395108372481/pu/vid/480x270/YYvzVrY1TxyduNFp.mp4?tag=10"
                    },
                    {
                      "content_type": "video/mp4",
                      "bitrate": 832000,
                      "url": "https://video.twimg.com/ext_tw_video/1221078395108372481/pu/vid/640x360/7woWw-6uBvBbUInE.mp4?tag=10"
                    },
                    {
                      "content_type": "application/x-mpegURL",
                      "url": "https://video.twimg.com/ext_tw_video/1221078395108372481/pu/pl/_5HsfwKDYXv8fCWH.m3u8?tag=10"
                    }
                  ]
                },
                "id_str": "1221078395108372481",
                "type": "video",
                "media_url": "http://pbs.twimg.com/ext_tw_video_thumb/1221078395108372481/pu/img/cJFvDw2inlpPZG6w.jpg",
                "sizes": {
                  "large": {
                    "w": 640,
                    "resize": "fit",
                    "h": 360
                  },
                  "medium": {
                    "w": 640,
                    "resize": "fit",
                    "h": 360
                  },
                  "small": {
                    "w": 640,
                    "resize": "fit",
                    "h": 360
                  },
                  "thumb": {
                    "w": 150,
                    "resize": "crop",
                    "h": 150
                  }
                },
                "id": 1221078395108372481,
                "display_url": "pic.twitter.com/voexslyYky",
                "additional_media_info": {
                  "monetizable": false
                },
                "url": "https://t.co/voexslyYky",
                "indices": [
                  207,
                  230
                ],
                "expanded_url": "https://twitter.com/RecuerdosPeru/status/1221078425626140672/video/1",
                "media_url_https": "https://pbs.twimg.com/ext_tw_video_thumb/1221078395108372481/pu/img/cJFvDw2inlpPZG6w.jpg"
              }
            ]
          }
        },
        "contributors": null,
        "in_reply_to_screen_name": null,
        "reply_count": 13,
        "text": "[2016] El apoyo de Juan Sotomayor a Keiko Fujimori @KeikoFujimori, época que todos conocían sus vínculos con la cor… https://t.co/5SUlwtN2lm",
        "favorited": false,
        "id": 1221078425626140672,
        "retweeted": false,
        "in_reply_to_status_id": null,
        "geo": null,
        "created_at": "Sat Jan 25 14:32:37 +0000 2020",
        "is_quote_status": false,
        "user": {
          "following": null,
          "screen_name": "RecuerdosPeru",
          "favourites_count": 36820,
          "contributors_enabled": false,
          "id_str": "722522801165463553",
          "id": 722522801165463553,
          "geo_enabled": true,
          "profile_image_url_https": "https://pbs.twimg.com/profile_images/765358739167801345/J2i4_RTf_normal.jpg",
          "profile_link_color": "91D2FA",
          "follow_request_sent": null,
          "location": "Lima, Peru ",
          "translator_type": "none",
          "profile_background_tile": false,
          "listed_count": 82,
          "time_zone": null,
          "statuses_count": 37692,
          "notifications": null,
          "lang": null,
          "default_profile": false,
          "followers_count": 43189,
          "profile_use_background_image": false,
          "is_translator": false,
          "profile_background_color": "000000",
          "profile_banner_url": "https://pbs.twimg.com/profile_banners/722522801165463553/1463326115",
          "profile_background_image_url": "http://abs.twimg.com/images/themes/theme1/bg.png",
          "utc_offset": null,
          "profile_image_url": "http://pbs.twimg.com/profile_images/765358739167801345/J2i4_RTf_normal.jpg",
          "name": "Memorex📺®",
          "url": "http://bit.ly/2cusRXJ",
          "created_at": "Tue Apr 19 20:30:34 +0000 2016",
          "verified": false,
          "friends_count": 0,
          "profile_sidebar_fill_color": "000000",
          "profile_text_color": "000000",
          "protected": false,
          "profile_sidebar_border_color": "000000",
          "profile_background_image_url_https": "https://abs.twimg.com/images/themes/theme1/bg.png",
          "default_profile_image": false,
          "description": "#Memorex📺 - Tu canal digital de noticias, #Síguenos y estarás al día de la verdadera historia del país."
        },
        "coordinates": null,
        "in_reply_to_user_id": null
      },
      "is_quote_status": false,
      "user": {
        "following": null,
        "screen_name": "CinthiaBorjasQ",
        "favourites_count": 12722,
        "contributors_enabled": false,
        "id_str": "266791141",
        "id": 266791141,
        "geo_enabled": true,
        "profile_image_url_https": "https://pbs.twimg.com/profile_images/1189747350002184192/8aO55J1k_normal.jpg",
        "profile_link_color": "3B94D9",
        "follow_request_sent": null,
        "location": "Trujillo - Perú",
        "translator_type": "none",
        "profile_background_tile": true,
        "listed_count": 57,
        "time_zone": null,
        "statuses_count": 212528,
        "notifications": null,
        "lang": null,
        "default_profile": false,
        "followers_count": 1211,
        "profile_use_background_image": true,
        "is_translator": false,
        "profile_background_color": "E0102D",
        "profile_banner_url": "https://pbs.twimg.com/profile_banners/266791141/1573837518",
        "profile_background_image_url": "http://abs.twimg.com/images/themes/theme11/bg.gif",
        "utc_offset": null,
        "profile_image_url": "http://pbs.twimg.com/profile_images/1189747350002184192/8aO55J1k_normal.jpg",
        "name": "Te ❤ 3000 Perú",
        "url": null,
        "created_at": "Tue Mar 15 20:37:30 +0000 2011",
        "verified": false,
        "friends_count": 582,
        "profile_sidebar_fill_color": "FF5E79",
        "profile_text_color": "FF3561",
        "protected": false,
        "profile_sidebar_border_color": "000000",
        "profile_background_image_url_https": "https://abs.twimg.com/images/themes/theme11/bg.gif",
        "default_profile_image": false,
        "description": "Peruana con orgullo 🔴⚪🔴\nfeminista y parte del pueblo digno que no quiere más corrupción ni mafias en el poder."
      },
      "coordinates": null,
      "in_reply_to_user_id": null
    },
    {
      "in_reply_to_user_id_str": "968284783464894464",
      "in_reply_to_status_id_str": "1220708820130967554",
      "source": "<a href=\"http://twitter.com/download/android\" rel=\"nofollow\">Twitter for Android</a>",
      "place": {
        "url": "https://api.twitter.com/1.1/geo/id/01141e434906e058.json",
        "attributes": {},
        "country": "Peru",
        "place_type": "city",
        "country_code": "PE",
        "bounding_box": {
          "type": "Polygon",
          "coordinates": [
            [
              [
                -76.972519,
                -12.12481
              ],
              [
                -76.972519,
                -12.059871
              ],
              [
                -76.883441,
                -12.059871
              ],
              [
                -76.883441,
                -12.12481
              ]
            ]
          ]
        },
        "id": "01141e434906e058",
        "full_name": "La Molina, Peru",
        "name": "La Molina"
      },
      "entities": {
        "user_mentions": [
          {
            "id_str": "968284783464894464",
            "indices": [
              0,
              16
            ],
            "screen_name": "frankri14641759",
            "id": 968284783464894464,
            "name": "Papalobo"
          }
        ],
        "hashtags": [],
        "symbols": [],
        "urls": []
      },
      "retweet_count": 0,
      "id_str": "1221099667666194439",
      "display_text_range": [
        17,
        55
      ],
      "filter_level": "low",
      "favorite_count": 0,
      "timestamp_ms": "1579967822363",
      "truncated": false,
      "lang": "es",
      "quote_count": 0,
      "contributors": null,
      "in_reply_to_screen_name": "frankri14641759",
      "reply_count": 0,
      "text": "@frankri14641759 Cobarde misogeno, pero solo con Keiko!",
      "favorited": false,
      "id": 1221099667666194439,
      "retweeted": false,
      "in_reply_to_status_id": 1220708820130967554,
      "geo": null,
      "created_at": "Sat Jan 25 15:57:02 +0000 2020",
      "is_quote_status": false,
      "user": {
        "following": null,
        "screen_name": "isabelsolanove1",
        "favourites_count": 24023,
        "contributors_enabled": false,
        "id_str": "3357175942",
        "id": 3357175942,
        "geo_enabled": true,
        "profile_image_url_https": "https://pbs.twimg.com/profile_images/1148298660767240192/ZiudiXnP_normal.jpg",
        "profile_link_color": "1DA1F2",
        "follow_request_sent": null,
        "location": "Lima",
        "translator_type": "none",
        "profile_background_tile": false,
        "listed_count": 2,
        "time_zone": null,
        "statuses_count": 29960,
        "notifications": null,
        "lang": null,
        "default_profile": true,
        "followers_count": 507,
        "profile_use_background_image": true,
        "is_translator": false,
        "profile_background_color": "C0DEED",
        "profile_banner_url": "https://pbs.twimg.com/profile_banners/3357175942/1569794571",
        "profile_background_image_url": "http://abs.twimg.com/images/themes/theme1/bg.png",
        "utc_offset": null,
        "profile_image_url": "http://pbs.twimg.com/profile_images/1148298660767240192/ZiudiXnP_normal.jpg",
        "name": "isabel solano",
        "url": null,
        "created_at": "Fri Jul 03 17:12:45 +0000 2015",
        "verified": false,
        "friends_count": 452,
        "profile_sidebar_fill_color": "DDEEF6",
        "profile_text_color": "333333",
        "protected": false,
        "profile_sidebar_border_color": "C0DEED",
        "profile_background_image_url_https": "https://abs.twimg.com/images/themes/theme1/bg.png",
        "default_profile_image": false,
        "description": "Hija, madre y abuela. Amo a mi familia como amo a mi país. Fujimorista de corazón. Bailar es mi pasión."
      },
      "coordinates": null,
      "in_reply_to_user_id": 968284783464894464
    }
  ],
  "request_date": "2020-01-25-10:57:07"
}