{
  "data": [
    {
      "is_quote_status": false,
      "retweet_count": 0,
      "favorite_count": 0,
      "truncated": false,
      "source": "<a href=\"http://twitter.com\" rel=\"nofollow\">Twitter Web Client</a>",
      "entities": {
        "symbols": [],
        "user_mentions": [
          {
            "indices": [
              3,
              19
            ],
            "id": 1565413562,
            "name": "松浦勝人",
            "screen_name": "maxmatsuuratwit",
            "id_str": "1565413562"
          }
        ],
        "hashtags": [],
        "urls": []
      },
      "user": {
        "geo_enabled": true,
        "verified": false,
        "profile_sidebar_fill_color": "DDEEF6",
        "listed_count": 19,
        "screen_name": "torimania",
        "followers_count": 244,
        "notifications": null,
        "profile_text_color": "333333",
        "profile_image_url": "http://pbs.twimg.com/profile_images/378800000278744624/96feb2e4bb2f90267b6edb3046e2dde6_normal.jpeg",
        "profile_use_background_image": true,
        "friends_count": 192,
        "profile_banner_url": "https://pbs.twimg.com/profile_banners/131488969/1376297481",
        "id": 131488969,
        "statuses_count": 64462,
        "utc_offset": null,
        "follow_request_sent": null,
        "profile_background_tile": false,
        "profile_background_image_url_https": "https://abs.twimg.com/images/themes/theme1/bg.png",
        "profile_background_image_url": "http://abs.twimg.com/images/themes/theme1/bg.png",
        "profile_image_url_https": "https://pbs.twimg.com/profile_images/378800000278744624/96feb2e4bb2f90267b6edb3046e2dde6_normal.jpeg",
        "url": "https://tori-kichi.com/blog/",
        "name": "とりきち",
        "location": "栃木の木の上",
        "contributors_enabled": false,
        "created_at": "Sat Apr 10 12:24:47 +0000 2010",
        "time_zone": null,
        "profile_background_color": "C0DEED",
        "id_str": "131488969",
        "translator_type": "none",
        "lang": null,
        "following": null,
        "is_translator": false,
        "favourites_count": 253,
        "protected": false,
        "default_profile": false,
        "default_profile_image": false,
        "description": "プログラマ/旅人/翻訳 最近はFGOばっかw 色々やってる小鳥ラブな万事屋 アラビア語、Español、web系言語(Ruby、Python等) 箱推しラブライバーですが、ダイヤさんは至高 マンガは歴史モノが好き أنتظر المتابعة لناس يتكلمون العربية",
        "profile_link_color": "981CEB",
        "profile_sidebar_border_color": "FFFFFF"
      },
      "favorited": false,
      "id": 1217283486425333761,
      "in_reply_to_user_id_str": null,
      "retweeted": false,
      "id_str": "1217283486425333761",
      "filter_level": "low",
      "text": "RT @maxmatsuuratwit: そういう人だと思ってたけどね,\nぼくはお金はいらない。だけどね。。\nKEIKOをほっておいて、挙げ句の果てに僕にまでそんなこというって、\nどういうことなのかなぁ。",
      "retweeted_status": {
        "is_quote_status": false,
        "retweet_count": 497,
        "favorite_count": 1317,
        "truncated": false,
        "source": "<a href=\"http://www.echofon.com/\" rel=\"nofollow\">Echofon</a>",
        "entities": {
          "symbols": [],
          "user_mentions": [],
          "hashtags": [],
          "urls": []
        },
        "user": {
          "geo_enabled": true,
          "verified": true,
          "profile_sidebar_fill_color": "000000",
          "listed_count": 689,
          "screen_name": "maxmatsuuratwit",
          "followers_count": 256243,
          "notifications": null,
          "profile_text_color": "000000",
          "profile_image_url": "http://pbs.twimg.com/profile_images/1211223703066836992/vnnmBLSU_normal.jpg",
          "profile_use_background_image": false,
          "friends_count": 13,
          "profile_banner_url": "https://pbs.twimg.com/profile_banners/1565413562/1541031317",
          "id": 1565413562,
          "statuses_count": 2832,
          "utc_offset": null,
          "follow_request_sent": null,
          "profile_background_tile": false,
          "profile_background_image_url_https": "https://abs.twimg.com/images/themes/theme1/bg.png",
          "profile_background_image_url": "http://abs.twimg.com/images/themes/theme1/bg.png",
          "profile_image_url_https": "https://pbs.twimg.com/profile_images/1211223703066836992/vnnmBLSU_normal.jpg",
          "url": "https://www.instagram.com/masatomatsuura",
          "name": "松浦勝人",
          "location": "東京 港区",
          "contributors_enabled": false,
          "created_at": "Wed Jul 03 10:19:08 +0000 2013",
          "time_zone": null,
          "profile_background_color": "000000",
          "id_str": "1565413562",
          "translator_type": "none",
          "lang": null,
          "following": null,
          "is_translator": false,
          "favourites_count": 54,
          "protected": false,
          "default_profile": false,
          "default_profile_image": false,
          "description": "エイベックス株式会社 代表取締役会長CEO #MaxMatsuura",
          "profile_link_color": "1B95E0",
          "profile_sidebar_border_color": "000000"
        },
        "id": 1211405392804139008,
        "in_reply_to_user_id_str": null,
        "retweeted": false,
        "id_str": "1211405392804139008",
        "filter_level": "low",
        "text": "そういう人だと思ってたけどね,\nぼくはお金はいらない。だけどね。。\nKEIKOをほっておいて、挙げ句の果てに僕にまでそんなこというって、\nどういうことなのかなぁ。",
        "favorited": false,
        "quote_count": 32,
        "in_reply_to_screen_name": null,
        "created_at": "Sun Dec 29 21:55:27 +0000 2019",
        "place": null,
        "reply_count": 49,
        "in_reply_to_status_id_str": null,
        "geo": null,
        "in_reply_to_status_id": null,
        "lang": "ja",
        "coordinates": null,
        "contributors": null,
        "in_reply_to_user_id": null
      },
      "quote_count": 0,
      "in_reply_to_screen_name": null,
      "created_at": "Wed Jan 15 03:12:53 +0000 2020",
      "place": null,
      "reply_count": 0,
      "in_reply_to_status_id_str": null,
      "geo": null,
      "in_reply_to_status_id": null,
      "lang": "ja",
      "timestamp_ms": "1579057973854",
      "coordinates": null,
      "contributors": null,
      "in_reply_to_user_id": null
    },
    {
      "is_quote_status": true,
      "retweet_count": 0,
      "in_reply_to_user_id_str": null,
      "truncated": false,
      "source": "<a href=\"http://twitter.com/download/android\" rel=\"nofollow\">Twitter for Android</a>",
      "retweeted": false,
      "entities": {
        "symbols": [],
        "user_mentions": [],
        "hashtags": [],
        "urls": []
      },
      "user": {
        "geo_enabled": true,
        "verified": false,
        "profile_sidebar_fill_color": "DDEEF6",
        "listed_count": 0,
        "screen_name": "Darkminho",
        "followers_count": 311,
        "notifications": null,
        "profile_text_color": "333333",
        "profile_image_url": "http://pbs.twimg.com/profile_images/2896867723/9f09805ecb56ed3cc388ac5f13a69e56_normal.jpeg",
        "profile_use_background_image": true,
        "friends_count": 1155,
        "profile_banner_url": "https://pbs.twimg.com/profile_banners/971218231/1353981205",
        "id": 971218231,
        "statuses_count": 11265,
        "utc_offset": null,
        "follow_request_sent": null,
        "profile_background_tile": false,
        "profile_background_image_url_https": "https://abs.twimg.com/images/themes/theme1/bg.png",
        "profile_background_image_url": "http://abs.twimg.com/images/themes/theme1/bg.png",
        "profile_image_url_https": "https://pbs.twimg.com/profile_images/2896867723/9f09805ecb56ed3cc388ac5f13a69e56_normal.jpeg",
        "url": null,
        "name": "Omar Arias Linares",
        "location": "Lima, Peru",
        "contributors_enabled": false,
        "created_at": "Mon Nov 26 02:54:39 +0000 2012",
        "time_zone": null,
        "profile_background_color": "ABB8C2",
        "id_str": "971218231",
        "translator_type": "none",
        "lang": null,
        "following": null,
        "is_translator": false,
        "favourites_count": 13271,
        "protected": false,
        "default_profile": false,
        "default_profile_image": false,
        "description": "Opinologo de temas electorales/ Apasionado del Derecho.\nLas cucarachas entran...pero no salen",
        "profile_link_color": "ABB8C2",
        "profile_sidebar_border_color": "FFFFFF"
      },
      "id": 1217283502888144897,
      "quoted_status_id": 1217281383439175680,
      "quoted_status_id_str": "1217281383439175680",
      "id_str": "1217283502888144897",
      "filter_level": "low",
      "text": "Keiko debería ir solita a santa Mónica. Esto ya es demasiado. \nSe irá ella y los abogados.",
      "favorited": false,
      "timestamp_ms": "1579057977779",
      "quoted_status_permalink": {
        "expanded": "https://twitter.com/canalN_/status/1217281383439175680",
        "display": "twitter.com/canalN_/status…",
        "url": "https://t.co/1XUOBUmV1c"
      },
      "quote_count": 0,
      "in_reply_to_screen_name": null,
      "created_at": "Wed Jan 15 03:12:57 +0000 2020",
      "place": null,
      "reply_count": 0,
      "in_reply_to_status_id_str": null,
      "geo": null,
      "in_reply_to_status_id": null,
      "lang": "es",
      "favorite_count": 0,
      "coordinates": null,
      "contributors": null,
      "in_reply_to_user_id": null,
      "quoted_status": {
        "is_quote_status": false,
        "display_text_range": [
          0,
          111
        ],
        "retweet_count": 29,
        "favorite_count": 39,
        "truncated": false,
        "source": "<a href=\"https://www.hootsuite.com\" rel=\"nofollow\">Hootsuite Inc.</a>",
        "extended_entities": {
          "media": [
            {
              "expanded_url": "https://twitter.com/canalN_/status/1217281383439175680/video/1",
              "url": "https://t.co/oxZgA4whiv",
              "media_url": "http://pbs.twimg.com/ext_tw_video_thumb/1217281297653161984/pu/img/F8Vk8KDx4-hjrXFd.jpg",
              "indices": [
                112,
                135
              ],
              "sizes": {
                "small": {
                  "h": 383,
                  "resize": "fit",
                  "w": 680
                },
                "large": {
                  "h": 720,
                  "resize": "fit",
                  "w": 1280
                },
                "thumb": {
                  "h": 150,
                  "resize": "crop",
                  "w": 150
                },
                "medium": {
                  "h": 675,
                  "resize": "fit",
                  "w": 1200
                }
              },
              "type": "video",
              "display_url": "pic.twitter.com/oxZgA4whiv",
              "id": 1217281297653161984,
              "video_info": {
                "duration_millis": 81018,
                "variants": [
                  {
                    "content_type": "application/x-mpegURL",
                    "url": "https://video.twimg.com/ext_tw_video/1217281297653161984/pu/pl/7_YyQ2CcVzfVDTfa.m3u8?tag=10"
                  },
                  {
                    "url": "https://video.twimg.com/ext_tw_video/1217281297653161984/pu/vid/1280x720/X-vfEHYd2rr0ym0M.mp4?tag=10",
                    "content_type": "video/mp4",
                    "bitrate": 2176000
                  },
                  {
                    "url": "https://video.twimg.com/ext_tw_video/1217281297653161984/pu/vid/640x360/CzfjDadDGRjSsnVj.mp4?tag=10",
                    "content_type": "video/mp4",
                    "bitrate": 832000
                  },
                  {
                    "url": "https://video.twimg.com/ext_tw_video/1217281297653161984/pu/vid/480x270/WcvwjDLFRkxjRBaI.mp4?tag=10",
                    "content_type": "video/mp4",
                    "bitrate": 256000
                  }
                ],
                "aspect_ratio": [
                  16,
                  9
                ]
              },
              "additional_media_info": {
                "monetizable": false
              },
              "id_str": "1217281297653161984",
              "media_url_https": "https://pbs.twimg.com/ext_tw_video_thumb/1217281297653161984/pu/img/F8Vk8KDx4-hjrXFd.jpg"
            }
          ]
        },
        "entities": {
          "symbols": [],
          "user_mentions": [],
          "hashtags": [],
          "media": [
            {
              "expanded_url": "https://twitter.com/canalN_/status/1217281383439175680/video/1",
              "display_url": "pic.twitter.com/oxZgA4whiv",
              "id": 1217281297653161984,
              "media_url": "http://pbs.twimg.com/ext_tw_video_thumb/1217281297653161984/pu/img/F8Vk8KDx4-hjrXFd.jpg",
              "indices": [
                112,
                135
              ],
              "sizes": {
                "small": {
                  "h": 383,
                  "resize": "fit",
                  "w": 680
                },
                "large": {
                  "h": 720,
                  "resize": "fit",
                  "w": 1280
                },
                "thumb": {
                  "h": 150,
                  "resize": "crop",
                  "w": 150
                },
                "medium": {
                  "h": 675,
                  "resize": "fit",
                  "w": 1200
                }
              },
              "url": "https://t.co/oxZgA4whiv",
              "additional_media_info": {
                "monetizable": false
              },
              "media_url_https": "https://pbs.twimg.com/ext_tw_video_thumb/1217281297653161984/pu/img/F8Vk8KDx4-hjrXFd.jpg",
              "type": "photo",
              "id_str": "1217281297653161984"
            }
          ],
          "urls": [
            {
              "expanded_url": "http://canaln.pe/",
              "display_url": "canaln.pe",
              "url": "https://t.co/xqWoeDOgrG",
              "indices": [
                88,
                111
              ]
            }
          ]
        },
        "user": {
          "geo_enabled": true,
          "verified": true,
          "profile_sidebar_fill_color": "DDEEF6",
          "listed_count": 2835,
          "screen_name": "canalN_",
          "followers_count": 2715236,
          "notifications": null,
          "profile_text_color": "333333",
          "profile_image_url": "http://pbs.twimg.com/profile_images/1157339679848636416/HMKgSOUr_normal.png",
          "profile_use_background_image": true,
          "friends_count": 526,
          "profile_banner_url": "https://pbs.twimg.com/profile_banners/248692867/1578331368",
          "id": 248692867,
          "statuses_count": 142329,
          "utc_offset": null,
          "follow_request_sent": null,
          "profile_background_tile": false,
          "profile_background_image_url_https": "https://abs.twimg.com/images/themes/theme1/bg.png",
          "profile_background_image_url": "http://abs.twimg.com/images/themes/theme1/bg.png",
          "profile_image_url_https": "https://pbs.twimg.com/profile_images/1157339679848636416/HMKgSOUr_normal.png",
          "url": "http://canaln.pe/",
          "name": "Canal N",
          "location": "Peru",
          "contributors_enabled": false,
          "created_at": "Mon Feb 07 14:45:57 +0000 2011",
          "time_zone": null,
          "profile_background_color": "C0DEED",
          "id_str": "248692867",
          "translator_type": "none",
          "lang": null,
          "following": null,
          "is_translator": false,
          "favourites_count": 10558,
          "protected": false,
          "default_profile": false,
          "default_profile_image": false,
          "description": "#CanalN Todas las noticias, siempre.\nFB: http://facebook.com/canalnoficial \nIG: http://instagram.com/canalnoficial/",
          "profile_link_color": "141414",
          "profile_sidebar_border_color": "FFFFFF"
        },
        "id": 1217281383439175680,
        "in_reply_to_user_id_str": null,
        "retweeted": false,
        "id_str": "1217281383439175680",
        "filter_level": "low",
        "text": "EXCLUSIVO | Video muestra encuentro entre falso aportante y abogado de Fuerza Popular ► https://t.co/xqWoeDOgrG https://t.co/oxZgA4whiv",
        "favorited": false,
        "quote_count": 2,
        "in_reply_to_screen_name": null,
        "created_at": "Wed Jan 15 03:04:32 +0000 2020",
        "place": null,
        "reply_count": 1,
        "possibly_sensitive": false,
        "in_reply_to_status_id_str": null,
        "geo": null,
        "in_reply_to_status_id": null,
        "lang": "es",
        "coordinates": null,
        "contributors": null,
        "in_reply_to_user_id": null
      }
    },
    {
      "is_quote_status": false,
      "retweet_count": 0,
      "favorite_count": 0,
      "truncated": false,
      "source": "<a href=\"http://twitter.com/download/iphone\" rel=\"nofollow\">Twitter for iPhone</a>",
      "entities": {
        "symbols": [],
        "user_mentions": [
          {
            "indices": [
              3,
              18
            ],
            "id": 1231444076,
            "name": "ATV+ Noticias",
            "screen_name": "atvmasnoticias",
            "id_str": "1231444076"
          },
          {
            "indices": [
              114,
              130
            ],
            "id": 458728203,
            "name": "Juliana Oxenford",
            "screen_name": "JulianaOxenford",
            "id_str": "458728203"
          }
        ],
        "hashtags": [],
        "urls": []
      },
      "user": {
        "geo_enabled": false,
        "verified": false,
        "profile_sidebar_fill_color": "000000",
        "listed_count": 0,
        "screen_name": "julisa1956",
        "followers_count": 202,
        "notifications": null,
        "profile_text_color": "000000",
        "profile_image_url": "http://pbs.twimg.com/profile_images/1200997367006126080/mXn5Vd1w_normal.jpg",
        "profile_use_background_image": false,
        "friends_count": 175,
        "profile_banner_url": "https://pbs.twimg.com/profile_banners/976636250206515200/1575872488",
        "id": 976636250206515200,
        "statuses_count": 17330,
        "utc_offset": null,
        "follow_request_sent": null,
        "profile_background_tile": false,
        "profile_background_image_url_https": "https://abs.twimg.com/images/themes/theme1/bg.png",
        "profile_background_image_url": "http://abs.twimg.com/images/themes/theme1/bg.png",
        "profile_image_url_https": "https://pbs.twimg.com/profile_images/1200997367006126080/mXn5Vd1w_normal.jpg",
        "url": null,
        "name": "Julisa",
        "location": "Lima, Peru",
        "contributors_enabled": false,
        "created_at": "Thu Mar 22 01:46:41 +0000 2018",
        "time_zone": null,
        "profile_background_color": "000000",
        "id_str": "976636250206515200",
        "translator_type": "none",
        "lang": null,
        "following": null,
        "is_translator": false,
        "favourites_count": 17073,
        "protected": false,
        "default_profile": false,
        "default_profile_image": false,
        "description": "No soy Troll, doy mi apoyo a quien realmente quiere un cambio en el país,al q luche frontalmente contra los corruptos y mi única bandera es La Roja y Blanca",
        "profile_link_color": "19CF86",
        "profile_sidebar_border_color": "000000"
      },
      "favorited": false,
      "id": 1217283513013026817,
      "in_reply_to_user_id_str": null,
      "retweeted": false,
      "id_str": "1217283513013026817",
      "filter_level": "low",
      "text": "RT @atvmasnoticias: Rafael Vela sobre presuntos aportes a Keiko Fujimori: ''Nosotros tenemos la ruta del dinero'' @JulianaOxenford https://…",
      "retweeted_status": {
        "is_quote_status": false,
        "retweet_count": 29,
        "favorite_count": 134,
        "truncated": false,
        "source": "<a href=\"https://about.twitter.com/products/tweetdeck\" rel=\"nofollow\">TweetDeck</a>",
        "entities": {
          "symbols": [],
          "user_mentions": [
            {
              "indices": [
                94,
                110
              ],
              "id": 458728203,
              "name": "Juliana Oxenford",
              "screen_name": "JulianaOxenford",
              "id_str": "458728203"
            }
          ],
          "hashtags": [],
          "urls": [
            {
              "expanded_url": "https://bit.ly/36PTa7v",
              "display_url": "bit.ly/36PTa7v",
              "url": "https://t.co/mhEJqfVMa2",
              "indices": [
                111,
                134
              ]
            }
          ]
        },
        "user": {
          "geo_enabled": false,
          "verified": false,
          "profile_sidebar_fill_color": "EFEFEF",
          "listed_count": 447,
          "screen_name": "atvmasnoticias",
          "followers_count": 210377,
          "notifications": null,
          "profile_text_color": "333333",
          "profile_image_url": "http://pbs.twimg.com/profile_images/1034455064633647104/SD5M8e12_normal.jpg",
          "profile_use_background_image": true,
          "friends_count": 439,
          "profile_banner_url": "https://pbs.twimg.com/profile_banners/1231444076/1554476786",
          "id": 1231444076,
          "statuses_count": 84281,
          "utc_offset": null,
          "follow_request_sent": null,
          "profile_background_tile": false,
          "profile_background_image_url_https": "https://abs.twimg.com/images/themes/theme14/bg.gif",
          "profile_background_image_url": "http://abs.twimg.com/images/themes/theme14/bg.gif",
          "profile_image_url_https": "https://pbs.twimg.com/profile_images/1034455064633647104/SD5M8e12_normal.jpg",
          "url": "http://www.atv.pe/envivo?canal=ATVMas",
          "name": "ATV+ Noticias",
          "location": "Lima, Perú",
          "contributors_enabled": false,
          "created_at": "Fri Mar 01 21:02:09 +0000 2013",
          "time_zone": null,
          "profile_background_color": "3F4599",
          "id_str": "1231444076",
          "translator_type": "none",
          "lang": null,
          "following": null,
          "is_translator": false,
          "favourites_count": 2107,
          "protected": false,
          "default_profile": false,
          "default_profile_image": false,
          "description": "Primer canal de #Noticias que transmite en SEÑAL ABIERTA | Nuestros canales: 32 de Movistar - 10 Claro - 196 DirecTV - 9.2 TDT https://t.co/JyNnxCFPyg",
          "profile_link_color": "009999",
          "profile_sidebar_border_color": "EEEEEE"
        },
        "id": 1217265353354551297,
        "in_reply_to_user_id_str": null,
        "retweeted": false,
        "id_str": "1217265353354551297",
        "filter_level": "low",
        "text": "Rafael Vela sobre presuntos aportes a Keiko Fujimori: ''Nosotros tenemos la ruta del dinero'' @JulianaOxenford https://t.co/mhEJqfVMa2",
        "favorited": false,
        "quote_count": 0,
        "in_reply_to_screen_name": null,
        "created_at": "Wed Jan 15 02:00:50 +0000 2020",
        "place": null,
        "reply_count": 13,
        "possibly_sensitive": false,
        "in_reply_to_status_id_str": null,
        "geo": null,
        "in_reply_to_status_id": null,
        "lang": "es",
        "coordinates": null,
        "contributors": null,
        "in_reply_to_user_id": null
      },
      "quote_count": 0,
      "in_reply_to_screen_name": null,
      "created_at": "Wed Jan 15 03:13:00 +0000 2020",
      "place": null,
      "reply_count": 0,
      "in_reply_to_status_id_str": null,
      "geo": null,
      "in_reply_to_status_id": null,
      "lang": "es",
      "timestamp_ms": "1579057980193",
      "coordinates": null,
      "contributors": null,
      "in_reply_to_user_id": null
    },
    {
      "is_quote_status": false,
      "retweet_count": 0,
      "favorite_count": 0,
      "truncated": false,
      "source": "<a href=\"http://twitter.com/download/iphone\" rel=\"nofollow\">Twitter for iPhone</a>",
      "entities": {
        "symbols": [],
        "user_mentions": [
          {
            "indices": [
              3,
              8
            ],
            "id": 143324059,
            "name": "F.U.X.Á.",
            "screen_name": "xafu",
            "id_str": "143324059"
          }
        ],
        "hashtags": [],
        "urls": []
      },
      "user": {
        "geo_enabled": true,
        "verified": false,
        "profile_sidebar_fill_color": "DDEEF6",
        "listed_count": 32,
        "screen_name": "pintora67",
        "followers_count": 711,
        "notifications": null,
        "profile_text_color": "333333",
        "profile_image_url": "http://abs.twimg.com/sticky/default_profile_images/default_profile_normal.png",
        "profile_use_background_image": true,
        "friends_count": 174,
        "id": 4454988321,
        "statuses_count": 303868,
        "utc_offset": null,
        "follow_request_sent": null,
        "profile_background_tile": false,
        "profile_background_image_url_https": "",
        "profile_background_image_url": "",
        "profile_image_url_https": "https://abs.twimg.com/sticky/default_profile_images/default_profile_normal.png",
        "url": null,
        "name": "Maria",
        "location": null,
        "contributors_enabled": false,
        "created_at": "Sat Dec 12 03:12:21 +0000 2015",
        "time_zone": null,
        "profile_background_color": "F5F8FA",
        "id_str": "4454988321",
        "translator_type": "none",
        "lang": null,
        "following": null,
        "is_translator": false,
        "favourites_count": 124454,
        "protected": false,
        "default_profile": true,
        "default_profile_image": false,
        "description": "Totalmente a favor de una vida sin terrorismo.",
        "profile_link_color": "1DA1F2",
        "profile_sidebar_border_color": "C0DEED"
      },
      "favorited": false,
      "id": 1217283553660108800,
      "in_reply_to_user_id_str": null,
      "retweeted": false,
      "id_str": "1217283553660108800",
      "filter_level": "low",
      "text": "RT @xafu: El libreto perfectamente escrito.\nDesde el 26 de Diciembre prolongaron deliberadamente las audiencias, para que la decisión sobre…",
      "retweeted_status": {
        "is_quote_status": false,
        "retweet_count": 10,
        "favorite_count": 12,
        "truncated": true,
        "source": "<a href=\"http://twitter.com\" rel=\"nofollow\">Twitter Web Client</a>",
        "extended_tweet": {
          "entities": {
            "symbols": [],
            "user_mentions": [],
            "hashtags": [],
            "urls": [
              {
                "expanded_url": "https://www.expreso.com.pe/politica/keiko-fujimori-continua-audiencia-sobre-pedido-de-prision-preventiva-en-vivo/#.Xh59-rkKs6A.twitter",
                "display_url": "expreso.com.pe/politica/keiko…",
                "url": "https://t.co/xy0Yl63Y8U",
                "indices": [
                  210,
                  233
                ]
              }
            ]
          },
          "full_text": "El libreto perfectamente escrito.\nDesde el 26 de Diciembre prolongaron deliberadamente las audiencias, para que la decisión sobre la prisión preventiva de Keiko, coincida con las elecciones. Se tomaron un mes!\nhttps://t.co/xy0Yl63Y8U",
          "display_text_range": [
            0,
            233
          ]
        },
        "entities": {
          "symbols": [],
          "user_mentions": [],
          "hashtags": [],
          "urls": [
            {
              "expanded_url": "https://twitter.com/i/web/status/1217279045961797633",
              "display_url": "twitter.com/i/web/status/1…",
              "url": "https://t.co/iDXsvhBppo",
              "indices": [
                116,
                139
              ]
            }
          ]
        },
        "user": {
          "geo_enabled": false,
          "verified": false,
          "profile_sidebar_fill_color": "C0DFEC",
          "listed_count": 17,
          "screen_name": "xafu",
          "followers_count": 9928,
          "notifications": null,
          "profile_text_color": "333333",
          "profile_image_url": "http://pbs.twimg.com/profile_images/755635794208034817/X-AEcDD2_normal.jpg",
          "profile_use_background_image": true,
          "friends_count": 2293,
          "profile_banner_url": "https://pbs.twimg.com/profile_banners/143324059/1527679156",
          "id": 143324059,
          "statuses_count": 52636,
          "utc_offset": null,
          "follow_request_sent": null,
          "profile_background_tile": false,
          "profile_background_image_url_https": "https://abs.twimg.com/images/themes/theme15/bg.png",
          "profile_background_image_url": "http://abs.twimg.com/images/themes/theme15/bg.png",
          "profile_image_url_https": "https://pbs.twimg.com/profile_images/755635794208034817/X-AEcDD2_normal.jpg",
          "url": null,
          "name": "F.U.X.Á.",
          "location": null,
          "contributors_enabled": false,
          "created_at": "Thu May 13 04:54:29 +0000 2010",
          "time_zone": null,
          "profile_background_color": "1A031A",
          "id_str": "143324059",
          "translator_type": "none",
          "lang": null,
          "following": null,
          "is_translator": false,
          "favourites_count": 15615,
          "protected": false,
          "default_profile": false,
          "default_profile_image": false,
          "description": "\"I´m not a man of too many faces. The mask I wear is one\": FREEDOM.",
          "profile_link_color": "1B95E0",
          "profile_sidebar_border_color": "FFFFFF"
        },
        "id": 1217279045961797633,
        "in_reply_to_user_id_str": null,
        "retweeted": false,
        "id_str": "1217279045961797633",
        "filter_level": "low",
        "text": "El libreto perfectamente escrito.\nDesde el 26 de Diciembre prolongaron deliberadamente las audiencias, para que la… https://t.co/iDXsvhBppo",
        "favorited": false,
        "quote_count": 0,
        "in_reply_to_screen_name": null,
        "created_at": "Wed Jan 15 02:55:15 +0000 2020",
        "place": null,
        "reply_count": 0,
        "possibly_sensitive": false,
        "in_reply_to_status_id_str": null,
        "geo": null,
        "in_reply_to_status_id": null,
        "lang": "es",
        "coordinates": null,
        "contributors": null,
        "in_reply_to_user_id": null
      },
      "quote_count": 0,
      "in_reply_to_screen_name": null,
      "created_at": "Wed Jan 15 03:13:09 +0000 2020",
      "place": null,
      "reply_count": 0,
      "in_reply_to_status_id_str": null,
      "geo": null,
      "in_reply_to_status_id": null,
      "lang": "es",
      "timestamp_ms": "1579057989884",
      "coordinates": null,
      "contributors": null,
      "in_reply_to_user_id": null
    },
    {
      "is_quote_status": false,
      "retweet_count": 0,
      "favorite_count": 0,
      "truncated": false,
      "source": "<a href=\"http://twitter.com/download/iphone\" rel=\"nofollow\">Twitter for iPhone</a>",
      "entities": {
        "symbols": [],
        "user_mentions": [
          {
            "indices": [
              3,
              13
            ],
            "id": 1884276475,
            "name": "Ernesto Alvarez",
            "screen_name": "LordJimjr",
            "id_str": "1884276475"
          }
        ],
        "hashtags": [],
        "urls": []
      },
      "user": {
        "geo_enabled": true,
        "verified": false,
        "profile_sidebar_fill_color": "E3E2DE",
        "listed_count": 3,
        "screen_name": "CrVc02",
        "followers_count": 1195,
        "notifications": null,
        "profile_text_color": "634047",
        "profile_image_url": "http://pbs.twimg.com/profile_images/1116760652708761601/fjUM463q_normal.jpg",
        "profile_use_background_image": true,
        "friends_count": 1024,
        "id": 40539429,
        "statuses_count": 35306,
        "utc_offset": null,
        "follow_request_sent": null,
        "profile_background_tile": false,
        "profile_background_image_url_https": "https://abs.twimg.com/images/themes/theme3/bg.gif",
        "profile_background_image_url": "http://abs.twimg.com/images/themes/theme3/bg.gif",
        "profile_image_url_https": "https://pbs.twimg.com/profile_images/1116760652708761601/fjUM463q_normal.jpg",
        "url": null,
        "name": "Josefa Dominga",
        "location": null,
        "contributors_enabled": false,
        "created_at": "Sat May 16 20:50:39 +0000 2009",
        "time_zone": null,
        "profile_background_color": "EDECE9",
        "id_str": "40539429",
        "translator_type": "none",
        "lang": null,
        "following": null,
        "is_translator": false,
        "favourites_count": 81201,
        "protected": false,
        "default_profile": false,
        "default_profile_image": false,
        "description": "simple",
        "profile_link_color": "088253",
        "profile_sidebar_border_color": "D3D2CF"
      },
      "favorited": false,
      "id": 1217283597981405184,
      "in_reply_to_user_id_str": null,
      "retweeted": false,
      "id_str": "1217283597981405184",
      "filter_level": "low",
      "text": "RT @LordJimjr: \"Keiko Fujimori se burló de las normas para un provecho individual” JDP\n\nDada la gravedad de la pena que se espera, no debe…",
      "retweeted_status": {
        "is_quote_status": false,
        "display_text_range": [
          0,
          140
        ],
        "retweet_count": 46,
        "favorite_count": 82,
        "truncated": true,
        "source": "<a href=\"https://mobile.twitter.com\" rel=\"nofollow\">Twitter Web App</a>",
        "extended_tweet": {
          "entities": {
            "symbols": [],
            "user_mentions": [],
            "hashtags": [],
            "media": [
              {
                "expanded_url": "https://twitter.com/LordJimjr/status/1217192447958188032/photo/1",
                "display_url": "pic.twitter.com/BlOFin7ENw",
                "id": 1217192440685322247,
                "media_url": "http://pbs.twimg.com/media/EORWE2pW4Ac6yPY.jpg",
                "indices": [
                  280,
                  303
                ],
                "sizes": {
                  "small": {
                    "h": 425,
                    "resize": "fit",
                    "w": 680
                  },
                  "large": {
                    "h": 435,
                    "resize": "fit",
                    "w": 696
                  },
                  "thumb": {
                    "h": 150,
                    "resize": "crop",
                    "w": 150
                  },
                  "medium": {
                    "h": 435,
                    "resize": "fit",
                    "w": 696
                  }
                },
                "url": "https://t.co/BlOFin7ENw",
                "media_url_https": "https://pbs.twimg.com/media/EORWE2pW4Ac6yPY.jpg",
                "type": "photo",
                "id_str": "1217192440685322247"
              }
            ],
            "urls": []
          },
          "full_text": "\"Keiko Fujimori se burló de las normas para un provecho individual” JDP\n\nDada la gravedad de la pena que se espera, no debe olvidarse que siendo funcionaria pública, en el más alto cargo de nuestro país, como es ser congresista, recibió millones de dólares, de manera clandestina https://t.co/BlOFin7ENw",
          "extended_entities": {
            "media": [
              {
                "expanded_url": "https://twitter.com/LordJimjr/status/1217192447958188032/photo/1",
                "display_url": "pic.twitter.com/BlOFin7ENw",
                "id": 1217192440685322247,
                "media_url": "http://pbs.twimg.com/media/EORWE2pW4Ac6yPY.jpg",
                "indices": [
                  280,
                  303
                ],
                "sizes": {
                  "small": {
                    "h": 425,
                    "resize": "fit",
                    "w": 680
                  },
                  "large": {
                    "h": 435,
                    "resize": "fit",
                    "w": 696
                  },
                  "thumb": {
                    "h": 150,
                    "resize": "crop",
                    "w": 150
                  },
                  "medium": {
                    "h": 435,
                    "resize": "fit",
                    "w": 696
                  }
                },
                "url": "https://t.co/BlOFin7ENw",
                "media_url_https": "https://pbs.twimg.com/media/EORWE2pW4Ac6yPY.jpg",
                "type": "photo",
                "id_str": "1217192440685322247"
              }
            ]
          },
          "display_text_range": [
            0,
            279
          ]
        },
        "entities": {
          "symbols": [],
          "user_mentions": [],
          "hashtags": [],
          "urls": [
            {
              "expanded_url": "https://twitter.com/i/web/status/1217192447958188032",
              "display_url": "twitter.com/i/web/status/1…",
              "url": "https://t.co/dR6XHF9HUV",
              "indices": [
                117,
                140
              ]
            }
          ]
        },
        "user": {
          "geo_enabled": true,
          "verified": false,
          "profile_sidebar_fill_color": "DDEEF6",
          "listed_count": 56,
          "screen_name": "LordJimjr",
          "followers_count": 9071,
          "notifications": null,
          "profile_text_color": "333333",
          "profile_image_url": "http://pbs.twimg.com/profile_images/378800000483637419/d1b8e3b686a1dfdd0a8bac798213dbaa_normal.jpeg",
          "profile_use_background_image": true,
          "friends_count": 9817,
          "id": 1884276475,
          "statuses_count": 92658,
          "utc_offset": null,
          "follow_request_sent": null,
          "profile_background_tile": false,
          "profile_background_image_url_https": "https://abs.twimg.com/images/themes/theme1/bg.png",
          "profile_background_image_url": "http://abs.twimg.com/images/themes/theme1/bg.png",
          "profile_image_url_https": "https://pbs.twimg.com/profile_images/378800000483637419/d1b8e3b686a1dfdd0a8bac798213dbaa_normal.jpeg",
          "url": null,
          "name": "Ernesto Alvarez",
          "location": "Lima",
          "contributors_enabled": false,
          "created_at": "Thu Sep 19 20:07:47 +0000 2013",
          "time_zone": null,
          "profile_background_color": "C0DEED",
          "id_str": "1884276475",
          "translator_type": "none",
          "lang": null,
          "following": null,
          "is_translator": false,
          "favourites_count": 56313,
          "protected": false,
          "default_profile": true,
          "default_profile_image": false,
          "description": "Escritor",
          "profile_link_color": "1DA1F2",
          "profile_sidebar_border_color": "C0DEED"
        },
        "id": 1217192447958188032,
        "in_reply_to_user_id_str": null,
        "retweeted": false,
        "id_str": "1217192447958188032",
        "filter_level": "low",
        "text": "\"Keiko Fujimori se burló de las normas para un provecho individual” JDP\n\nDada la gravedad de la pena que se espera,… https://t.co/dR6XHF9HUV",
        "favorited": false,
        "quote_count": 1,
        "in_reply_to_screen_name": null,
        "created_at": "Tue Jan 14 21:11:08 +0000 2020",
        "place": null,
        "reply_count": 5,
        "possibly_sensitive": false,
        "in_reply_to_status_id_str": null,
        "geo": null,
        "in_reply_to_status_id": null,
        "lang": "es",
        "coordinates": null,
        "contributors": null,
        "in_reply_to_user_id": null
      },
      "quote_count": 0,
      "in_reply_to_screen_name": null,
      "created_at": "Wed Jan 15 03:13:20 +0000 2020",
      "place": null,
      "reply_count": 0,
      "in_reply_to_status_id_str": null,
      "geo": null,
      "in_reply_to_status_id": null,
      "lang": "es",
      "timestamp_ms": "1579058000451",
      "coordinates": null,
      "contributors": null,
      "in_reply_to_user_id": null
    },
    {
      "in_reply_to_user_id_str": "225232891",
      "display_text_range": [
        13,
        36
      ],
      "retweet_count": 0,
      "favorite_count": 0,
      "truncated": false,
      "source": "<a href=\"http://twitter.com/download/iphone\" rel=\"nofollow\">Twitter for iPhone</a>",
      "retweeted": false,
      "entities": {
        "symbols": [],
        "user_mentions": [
          {
            "indices": [
              0,
              12
            ],
            "id": 225232891,
            "name": "Diario Expreso Perú",
            "screen_name": "ExpresoPeru",
            "id_str": "225232891"
          }
        ],
        "hashtags": [],
        "urls": [
          {
            "expanded_url": "https://twitter.com/xafu/status/1217279045961797633?s=21",
            "display_url": "twitter.com/xafu/status/12…",
            "url": "https://t.co/W3zQNIyS6o",
            "indices": [
              13,
              36
            ]
          }
        ]
      },
      "user": {
        "geo_enabled": true,
        "verified": false,
        "profile_sidebar_fill_color": "DDEEF6",
        "listed_count": 32,
        "screen_name": "pintora67",
        "followers_count": 711,
        "notifications": null,
        "profile_text_color": "333333",
        "profile_image_url": "http://abs.twimg.com/sticky/default_profile_images/default_profile_normal.png",
        "profile_use_background_image": true,
        "friends_count": 174,
        "id": 4454988321,
        "statuses_count": 303869,
        "utc_offset": null,
        "follow_request_sent": null,
        "profile_background_tile": false,
        "profile_background_image_url_https": "",
        "profile_background_image_url": "",
        "profile_image_url_https": "https://abs.twimg.com/sticky/default_profile_images/default_profile_normal.png",
        "url": null,
        "name": "Maria",
        "location": null,
        "contributors_enabled": false,
        "created_at": "Sat Dec 12 03:12:21 +0000 2015",
        "time_zone": null,
        "profile_background_color": "F5F8FA",
        "id_str": "4454988321",
        "translator_type": "none",
        "lang": null,
        "following": null,
        "is_translator": false,
        "favourites_count": 124454,
        "protected": false,
        "default_profile": true,
        "default_profile_image": false,
        "description": "Totalmente a favor de una vida sin terrorismo.",
        "profile_link_color": "1DA1F2",
        "profile_sidebar_border_color": "C0DEED"
      },
      "id": 1217283612019740673,
      "quoted_status_id": 1217279045961797633,
      "is_quote_status": true,
      "quoted_status_id_str": "1217279045961797633",
      "id_str": "1217283612019740673",
      "filter_level": "low",
      "text": "@ExpresoPeru https://t.co/W3zQNIyS6o",
      "favorited": false,
      "quoted_status_permalink": {
        "expanded": "https://twitter.com/xafu/status/1217279045961797633?s=21",
        "display": "twitter.com/xafu/status/12…",
        "url": "https://t.co/W3zQNIyS6o"
      },
      "quote_count": 0,
      "in_reply_to_screen_name": "ExpresoPeru",
      "created_at": "Wed Jan 15 03:13:23 +0000 2020",
      "place": null,
      "reply_count": 0,
      "possibly_sensitive": false,
      "in_reply_to_status_id_str": "1217281407820713985",
      "geo": null,
      "in_reply_to_status_id": 1217281407820713985,
      "lang": "und",
      "timestamp_ms": "1579058003798",
      "coordinates": null,
      "contributors": null,
      "in_reply_to_user_id": 225232891,
      "quoted_status": {
        "is_quote_status": false,
        "retweet_count": 10,
        "favorite_count": 13,
        "truncated": true,
        "source": "<a href=\"http://twitter.com\" rel=\"nofollow\">Twitter Web Client</a>",
        "extended_tweet": {
          "entities": {
            "symbols": [],
            "user_mentions": [],
            "hashtags": [],
            "urls": [
              {
                "expanded_url": "https://www.expreso.com.pe/politica/keiko-fujimori-continua-audiencia-sobre-pedido-de-prision-preventiva-en-vivo/#.Xh59-rkKs6A.twitter",
                "display_url": "expreso.com.pe/politica/keiko…",
                "url": "https://t.co/xy0Yl63Y8U",
                "indices": [
                  210,
                  233
                ]
              }
            ]
          },
          "full_text": "El libreto perfectamente escrito.\nDesde el 26 de Diciembre prolongaron deliberadamente las audiencias, para que la decisión sobre la prisión preventiva de Keiko, coincida con las elecciones. Se tomaron un mes!\nhttps://t.co/xy0Yl63Y8U",
          "display_text_range": [
            0,
            233
          ]
        },
        "entities": {
          "symbols": [],
          "user_mentions": [],
          "hashtags": [],
          "urls": [
            {
              "expanded_url": "https://twitter.com/i/web/status/1217279045961797633",
              "display_url": "twitter.com/i/web/status/1…",
              "url": "https://t.co/iDXsvhBppo",
              "indices": [
                116,
                139
              ]
            }
          ]
        },
        "user": {
          "geo_enabled": false,
          "verified": false,
          "profile_sidebar_fill_color": "C0DFEC",
          "listed_count": 17,
          "screen_name": "xafu",
          "followers_count": 9928,
          "notifications": null,
          "profile_text_color": "333333",
          "profile_image_url": "http://pbs.twimg.com/profile_images/755635794208034817/X-AEcDD2_normal.jpg",
          "profile_use_background_image": true,
          "friends_count": 2293,
          "profile_banner_url": "https://pbs.twimg.com/profile_banners/143324059/1527679156",
          "id": 143324059,
          "statuses_count": 52636,
          "utc_offset": null,
          "follow_request_sent": null,
          "profile_background_tile": false,
          "profile_background_image_url_https": "https://abs.twimg.com/images/themes/theme15/bg.png",
          "profile_background_image_url": "http://abs.twimg.com/images/themes/theme15/bg.png",
          "profile_image_url_https": "https://pbs.twimg.com/profile_images/755635794208034817/X-AEcDD2_normal.jpg",
          "url": null,
          "name": "F.U.X.Á.",
          "location": null,
          "contributors_enabled": false,
          "created_at": "Thu May 13 04:54:29 +0000 2010",
          "time_zone": null,
          "profile_background_color": "1A031A",
          "id_str": "143324059",
          "translator_type": "none",
          "lang": null,
          "following": null,
          "is_translator": false,
          "favourites_count": 15615,
          "protected": false,
          "default_profile": false,
          "default_profile_image": false,
          "description": "\"I´m not a man of too many faces. The mask I wear is one\": FREEDOM.",
          "profile_link_color": "1B95E0",
          "profile_sidebar_border_color": "FFFFFF"
        },
        "id": 1217279045961797633,
        "in_reply_to_user_id_str": null,
        "retweeted": false,
        "id_str": "1217279045961797633",
        "filter_level": "low",
        "text": "El libreto perfectamente escrito.\nDesde el 26 de Diciembre prolongaron deliberadamente las audiencias, para que la… https://t.co/iDXsvhBppo",
        "favorited": false,
        "quote_count": 0,
        "in_reply_to_screen_name": null,
        "created_at": "Wed Jan 15 02:55:15 +0000 2020",
        "place": null,
        "reply_count": 0,
        "possibly_sensitive": false,
        "in_reply_to_status_id_str": null,
        "geo": null,
        "in_reply_to_status_id": null,
        "lang": "es",
        "coordinates": null,
        "contributors": null,
        "in_reply_to_user_id": null
      }
    },
    {
      "is_quote_status": false,
      "retweet_count": 0,
      "favorite_count": 0,
      "truncated": false,
      "source": "<a href=\"http://twitter.com/download/android\" rel=\"nofollow\">Twitter for Android</a>",
      "entities": {
        "symbols": [],
        "user_mentions": [
          {
            "indices": [
              3,
              18
            ],
            "id": 1231444076,
            "name": "ATV+ Noticias",
            "screen_name": "atvmasnoticias",
            "id_str": "1231444076"
          },
          {
            "indices": [
              114,
              130
            ],
            "id": 458728203,
            "name": "Juliana Oxenford",
            "screen_name": "JulianaOxenford",
            "id_str": "458728203"
          }
        ],
        "hashtags": [],
        "urls": []
      },
      "user": {
        "geo_enabled": false,
        "verified": false,
        "profile_sidebar_fill_color": "DDEEF6",
        "listed_count": 0,
        "screen_name": "AgendaDeRafael",
        "followers_count": 28,
        "notifications": null,
        "profile_text_color": "333333",
        "profile_image_url": "http://pbs.twimg.com/profile_images/1103201388140613632/KGyKvpnk_normal.png",
        "profile_use_background_image": true,
        "friends_count": 110,
        "profile_banner_url": "https://pbs.twimg.com/profile_banners/1103200414772719616/1551859615",
        "id": 1103200414772719616,
        "statuses_count": 4418,
        "utc_offset": null,
        "follow_request_sent": null,
        "profile_background_tile": false,
        "profile_background_image_url_https": "",
        "profile_background_image_url": "",
        "profile_image_url_https": "https://pbs.twimg.com/profile_images/1103201388140613632/KGyKvpnk_normal.png",
        "url": "http://www.facebook.com/LaAgendaDeRafael",
        "name": "La Agenda de Rafael",
        "location": "Lima, Peru",
        "contributors_enabled": false,
        "created_at": "Wed Mar 06 07:47:30 +0000 2019",
        "time_zone": null,
        "profile_background_color": "F5F8FA",
        "id_str": "1103200414772719616",
        "translator_type": "none",
        "lang": null,
        "following": null,
        "is_translator": false,
        "favourites_count": 1284,
        "protected": false,
        "default_profile": true,
        "default_profile_image": false,
        "description": "Fanpage del Fiscal #RafaelVela y el Equipo Especial. Somos #TeamVela",
        "profile_link_color": "1DA1F2",
        "profile_sidebar_border_color": "C0DEED"
      },
      "favorited": false,
      "id": 1217283661709692929,
      "in_reply_to_user_id_str": null,
      "retweeted": false,
      "id_str": "1217283661709692929",
      "filter_level": "low",
      "text": "RT @atvmasnoticias: Rafael Vela sobre presuntos aportes a Keiko Fujimori: ''Nosotros tenemos la ruta del dinero'' @JulianaOxenford https://…",
      "retweeted_status": {
        "is_quote_status": false,
        "retweet_count": 30,
        "favorite_count": 135,
        "truncated": false,
        "source": "<a href=\"https://about.twitter.com/products/tweetdeck\" rel=\"nofollow\">TweetDeck</a>",
        "entities": {
          "symbols": [],
          "user_mentions": [
            {
              "indices": [
                94,
                110
              ],
              "id": 458728203,
              "name": "Juliana Oxenford",
              "screen_name": "JulianaOxenford",
              "id_str": "458728203"
            }
          ],
          "hashtags": [],
          "urls": [
            {
              "expanded_url": "https://bit.ly/36PTa7v",
              "display_url": "bit.ly/36PTa7v",
              "url": "https://t.co/mhEJqfVMa2",
              "indices": [
                111,
                134
              ]
            }
          ]
        },
        "user": {
          "geo_enabled": false,
          "verified": false,
          "profile_sidebar_fill_color": "EFEFEF",
          "listed_count": 447,
          "screen_name": "atvmasnoticias",
          "followers_count": 210377,
          "notifications": null,
          "profile_text_color": "333333",
          "profile_image_url": "http://pbs.twimg.com/profile_images/1034455064633647104/SD5M8e12_normal.jpg",
          "profile_use_background_image": true,
          "friends_count": 439,
          "profile_banner_url": "https://pbs.twimg.com/profile_banners/1231444076/1554476786",
          "id": 1231444076,
          "statuses_count": 84282,
          "utc_offset": null,
          "follow_request_sent": null,
          "profile_background_tile": false,
          "profile_background_image_url_https": "https://abs.twimg.com/images/themes/theme14/bg.gif",
          "profile_background_image_url": "http://abs.twimg.com/images/themes/theme14/bg.gif",
          "profile_image_url_https": "https://pbs.twimg.com/profile_images/1034455064633647104/SD5M8e12_normal.jpg",
          "url": "http://www.atv.pe/envivo?canal=ATVMas",
          "name": "ATV+ Noticias",
          "location": "Lima, Perú",
          "contributors_enabled": false,
          "created_at": "Fri Mar 01 21:02:09 +0000 2013",
          "time_zone": null,
          "profile_background_color": "3F4599",
          "id_str": "1231444076",
          "translator_type": "none",
          "lang": null,
          "following": null,
          "is_translator": false,
          "favourites_count": 2107,
          "protected": false,
          "default_profile": false,
          "default_profile_image": false,
          "description": "Primer canal de #Noticias que transmite en SEÑAL ABIERTA | Nuestros canales: 32 de Movistar - 10 Claro - 196 DirecTV - 9.2 TDT https://t.co/JyNnxCFPyg",
          "profile_link_color": "009999",
          "profile_sidebar_border_color": "EEEEEE"
        },
        "id": 1217265353354551297,
        "in_reply_to_user_id_str": null,
        "retweeted": false,
        "id_str": "1217265353354551297",
        "filter_level": "low",
        "text": "Rafael Vela sobre presuntos aportes a Keiko Fujimori: ''Nosotros tenemos la ruta del dinero'' @JulianaOxenford https://t.co/mhEJqfVMa2",
        "favorited": false,
        "quote_count": 0,
        "in_reply_to_screen_name": null,
        "created_at": "Wed Jan 15 02:00:50 +0000 2020",
        "place": null,
        "reply_count": 13,
        "possibly_sensitive": false,
        "in_reply_to_status_id_str": null,
        "geo": null,
        "in_reply_to_status_id": null,
        "lang": "es",
        "coordinates": null,
        "contributors": null,
        "in_reply_to_user_id": null
      },
      "quote_count": 0,
      "in_reply_to_screen_name": null,
      "created_at": "Wed Jan 15 03:13:35 +0000 2020",
      "place": null,
      "reply_count": 0,
      "in_reply_to_status_id_str": null,
      "geo": null,
      "in_reply_to_status_id": null,
      "lang": "es",
      "timestamp_ms": "1579058015645",
      "coordinates": null,
      "contributors": null,
      "in_reply_to_user_id": null
    },
    {
      "is_quote_status": false,
      "display_text_range": [
        26,
        140
      ],
      "retweet_count": 0,
      "favorite_count": 0,
      "truncated": true,
      "source": "<a href=\"https://mobile.twitter.com\" rel=\"nofollow\">Twitter Web App</a>",
      "extended_tweet": {
        "entities": {
          "symbols": [],
          "user_mentions": [
            {
              "indices": [
                0,
                12
              ],
              "id": 66923287,
              "name": "ruben c",
              "screen_name": "catac_villa",
              "id_str": "66923287"
            },
            {
              "indices": [
                13,
                25
              ],
              "id": 829750511624679424,
              "name": "Política LRepública",
              "screen_name": "Politica_LR",
              "id_str": "829750511624679424"
            }
          ],
          "hashtags": [
            {
              "text": "EleccionesCongresales2020",
              "indices": [
                126,
                152
              ]
            }
          ],
          "urls": []
        },
        "full_text": "@catac_villa @Politica_LR Pero así como van las cosas, lo más probable es que a Keiko le den nuevamente prisión a días de las #EleccionesCongresales2020 \nO será coincidencia que su audiencia se extienda 3 semanas? 🤔",
        "display_text_range": [
          26,
          215
        ]
      },
      "entities": {
        "symbols": [],
        "user_mentions": [
          {
            "indices": [
              0,
              12
            ],
            "id": 66923287,
            "name": "ruben c",
            "screen_name": "catac_villa",
            "id_str": "66923287"
          },
          {
            "indices": [
              13,
              25
            ],
            "id": 829750511624679424,
            "name": "Política LRepública",
            "screen_name": "Politica_LR",
            "id_str": "829750511624679424"
          }
        ],
        "hashtags": [],
        "urls": [
          {
            "expanded_url": "https://twitter.com/i/web/status/1217283694114803713",
            "display_url": "twitter.com/i/web/status/1…",
            "url": "https://t.co/ullsWYzHxV",
            "indices": [
              117,
              140
            ]
          }
        ]
      },
      "user": {
        "geo_enabled": false,
        "verified": false,
        "profile_sidebar_fill_color": "000000",
        "listed_count": 0,
        "screen_name": "ivnvc",
        "followers_count": 503,
        "notifications": null,
        "profile_text_color": "000000",
        "profile_image_url": "http://pbs.twimg.com/profile_images/913116071028252672/UNaYd8sZ_normal.jpg",
        "profile_use_background_image": false,
        "friends_count": 420,
        "profile_banner_url": "https://pbs.twimg.com/profile_banners/382786670/1506538730",
        "id": 382786670,
        "statuses_count": 74584,
        "utc_offset": null,
        "follow_request_sent": null,
        "profile_background_tile": false,
        "profile_background_image_url_https": "https://abs.twimg.com/images/themes/theme1/bg.png",
        "profile_background_image_url": "http://abs.twimg.com/images/themes/theme1/bg.png",
        "profile_image_url_https": "https://pbs.twimg.com/profile_images/913116071028252672/UNaYd8sZ_normal.jpg",
        "url": null,
        "name": "Iván Villanueva",
        "location": "Lima",
        "contributors_enabled": false,
        "created_at": "Fri Sep 30 17:46:04 +0000 2011",
        "time_zone": null,
        "profile_background_color": "000000",
        "id_str": "382786670",
        "translator_type": "none",
        "lang": null,
        "following": null,
        "is_translator": false,
        "favourites_count": 37690,
        "protected": false,
        "default_profile": false,
        "default_profile_image": false,
        "description": "Ingeniero de la #UNI. Maestría en #MTUCI. Anticaviar. En contra de la ideología de género. Políticamente \"incorrecto\".",
        "profile_link_color": "1B95E0",
        "profile_sidebar_border_color": "000000"
      },
      "id": 1217283694114803713,
      "in_reply_to_user_id_str": "66923287",
      "retweeted": false,
      "id_str": "1217283694114803713",
      "filter_level": "low",
      "text": "@catac_villa @Politica_LR Pero así como van las cosas, lo más probable es que a Keiko le den nuevamente prisión a d… https://t.co/ullsWYzHxV",
      "favorited": false,
      "quote_count": 0,
      "in_reply_to_screen_name": "catac_villa",
      "created_at": "Wed Jan 15 03:13:43 +0000 2020",
      "place": null,
      "reply_count": 0,
      "in_reply_to_status_id_str": "1217269023991193600",
      "geo": null,
      "in_reply_to_status_id": 1217269023991193600,
      "lang": "es",
      "timestamp_ms": "1579058023371",
      "coordinates": null,
      "contributors": null,
      "in_reply_to_user_id": 66923287
    },
    {
      "is_quote_status": false,
      "retweet_count": 0,
      "favorite_count": 0,
      "truncated": false,
      "source": "<a href=\"http://twitter.com/download/android\" rel=\"nofollow\">Twitter for Android</a>",
      "entities": {
        "symbols": [],
        "user_mentions": [
          {
            "indices": [
              3,
              14
            ],
            "id": 1007628890,
            "name": "fernando chirinos ar",
            "screen_name": "miracomome",
            "id_str": "1007628890"
          }
        ],
        "hashtags": [],
        "urls": []
      },
      "user": {
        "geo_enabled": false,
        "verified": false,
        "profile_sidebar_fill_color": "DDEEF6",
        "listed_count": 0,
        "screen_name": "narnia1200hotm2",
        "followers_count": 62,
        "notifications": null,
        "profile_text_color": "333333",
        "profile_image_url": "http://abs.twimg.com/sticky/default_profile_images/default_profile_normal.png",
        "profile_use_background_image": true,
        "friends_count": 516,
        "id": 1197970549210779648,
        "statuses_count": 3171,
        "utc_offset": null,
        "follow_request_sent": null,
        "profile_background_tile": false,
        "profile_background_image_url_https": "",
        "profile_background_image_url": "",
        "profile_image_url_https": "https://abs.twimg.com/sticky/default_profile_images/default_profile_normal.png",
        "url": null,
        "name": "narnia1200@hotmail.com",
        "location": null,
        "contributors_enabled": false,
        "created_at": "Fri Nov 22 20:10:27 +0000 2019",
        "time_zone": null,
        "profile_background_color": "F5F8FA",
        "id_str": "1197970549210779648",
        "translator_type": "none",
        "lang": null,
        "following": null,
        "is_translator": false,
        "favourites_count": 3477,
        "protected": false,
        "default_profile": true,
        "default_profile_image": false,
        "description": "Liam",
        "profile_link_color": "1DA1F2",
        "profile_sidebar_border_color": "C0DEED"
      },
      "favorited": false,
      "id": 1217283728562696192,
      "in_reply_to_user_id_str": null,
      "retweeted": false,
      "id_str": "1217283728562696192",
      "filter_level": "low",
      "text": "RT @miracomome: César Villanueva por menos coimas, está con prisión preventiva.\nKeiko Fujimori Higuchi, por muchísimo más, quiere permanece…",
      "retweeted_status": {
        "is_quote_status": false,
        "retweet_count": 8,
        "favorite_count": 26,
        "truncated": false,
        "source": "<a href=\"http://twitter.com/download/android\" rel=\"nofollow\">Twitter for Android</a>",
        "entities": {
          "symbols": [],
          "user_mentions": [],
          "hashtags": [],
          "urls": []
        },
        "user": {
          "geo_enabled": true,
          "verified": false,
          "profile_sidebar_fill_color": "DDEEF6",
          "listed_count": 101,
          "screen_name": "miracomome",
          "followers_count": 1836,
          "notifications": null,
          "profile_text_color": "333333",
          "profile_image_url": "http://pbs.twimg.com/profile_images/1115637740022980610/fQGpIz6f_normal.jpg",
          "profile_use_background_image": true,
          "friends_count": 3036,
          "id": 1007628890,
          "statuses_count": 158522,
          "utc_offset": null,
          "follow_request_sent": null,
          "profile_background_tile": false,
          "profile_background_image_url_https": "https://abs.twimg.com/images/themes/theme1/bg.png",
          "profile_background_image_url": "http://abs.twimg.com/images/themes/theme1/bg.png",
          "profile_image_url_https": "https://pbs.twimg.com/profile_images/1115637740022980610/fQGpIz6f_normal.jpg",
          "url": null,
          "name": "fernando chirinos ar",
          "location": "Lima,Peru.",
          "contributors_enabled": false,
          "created_at": "Thu Dec 13 00:19:28 +0000 2012",
          "time_zone": null,
          "profile_background_color": "C0DEED",
          "id_str": "1007628890",
          "translator_type": "none",
          "lang": null,
          "following": null,
          "is_translator": false,
          "favourites_count": 10449,
          "protected": false,
          "default_profile": true,
          "default_profile_image": false,
          "description": "Vivir la democracia es disfrutarla y defenderla con la vida.La fe en Dios es creer siempre,en EL.",
          "profile_link_color": "1DA1F2",
          "profile_sidebar_border_color": "C0DEED"
        },
        "id": 1217255829658882049,
        "in_reply_to_user_id_str": null,
        "retweeted": false,
        "id_str": "1217255829658882049",
        "filter_level": "low",
        "text": "César Villanueva por menos coimas, está con prisión preventiva.\nKeiko Fujimori Higuchi, por muchísimo más, quiere permanecer en libertad.",
        "favorited": false,
        "quote_count": 0,
        "in_reply_to_screen_name": null,
        "created_at": "Wed Jan 15 01:22:59 +0000 2020",
        "place": null,
        "reply_count": 0,
        "in_reply_to_status_id_str": null,
        "geo": null,
        "in_reply_to_status_id": null,
        "lang": "es",
        "coordinates": null,
        "contributors": null,
        "in_reply_to_user_id": null
      },
      "quote_count": 0,
      "in_reply_to_screen_name": null,
      "created_at": "Wed Jan 15 03:13:51 +0000 2020",
      "place": null,
      "reply_count": 0,
      "in_reply_to_status_id_str": null,
      "geo": null,
      "in_reply_to_status_id": null,
      "lang": "es",
      "timestamp_ms": "1579058031584",
      "coordinates": null,
      "contributors": null,
      "in_reply_to_user_id": null
    },
    {
      "is_quote_status": false,
      "retweet_count": 0,
      "favorite_count": 0,
      "truncated": true,
      "source": "<a href=\"https://mobile.twitter.com\" rel=\"nofollow\">Twitter Web App</a>",
      "extended_tweet": {
        "entities": {
          "symbols": [],
          "user_mentions": [
            {
              "indices": [
                255,
                263
              ],
              "id": 269982019,
              "name": "Tribunal Constitucional del Perú",
              "screen_name": "TC_Peru",
              "id_str": "269982019"
            }
          ],
          "hashtags": [
            {
              "text": "Disolver",
              "indices": [
                174,
                183
              ]
            },
            {
              "text": "KeikoFujimori",
              "indices": [
                265,
                279
              ]
            }
          ],
          "urls": []
        },
        "full_text": "1.Ramos/Espinoza piden a Blume incluya testimonio de Yoshiyama en sustentacion pa fregar a Keiko\n2.Ramos de la nada vota a favor d Keiko\n3.Ramos vota a favor d Vizcarra y su #Disolver Congreso\nComo se llama Pela d Ramos?\nRpta: Keiko soltó $150,000 verdes\n@TC_Peru \n#KeikoFujimori",
        "display_text_range": [
          0,
          279
        ]
      },
      "entities": {
        "symbols": [],
        "user_mentions": [],
        "hashtags": [],
        "urls": [
          {
            "expanded_url": "https://twitter.com/i/web/status/1217283760129019904",
            "display_url": "twitter.com/i/web/status/1…",
            "url": "https://t.co/uIbgY8Vv8P",
            "indices": [
              117,
              140
            ]
          }
        ]
      },
      "user": {
        "geo_enabled": false,
        "verified": false,
        "profile_sidebar_fill_color": "252429",
        "listed_count": 1,
        "screen_name": "Libertad_Peru",
        "followers_count": 263,
        "notifications": null,
        "profile_text_color": "666666",
        "profile_image_url": "http://pbs.twimg.com/profile_images/378800000543690913/42b2d3bcc63eb1c83c5ed16029b3231b_normal.jpeg",
        "profile_use_background_image": true,
        "friends_count": 158,
        "profile_banner_url": "https://pbs.twimg.com/profile_banners/852039968/1506303580",
        "id": 852039968,
        "statuses_count": 2918,
        "utc_offset": null,
        "follow_request_sent": null,
        "profile_background_tile": false,
        "profile_background_image_url_https": "https://abs.twimg.com/images/themes/theme9/bg.gif",
        "profile_background_image_url": "http://abs.twimg.com/images/themes/theme9/bg.gif",
        "profile_image_url_https": "https://pbs.twimg.com/profile_images/378800000543690913/42b2d3bcc63eb1c83c5ed16029b3231b_normal.jpeg",
        "url": "https://www.facebook.com/fujimori.libre/",
        "name": "Alberto Fujimori Libertad",
        "location": "Peru",
        "contributors_enabled": false,
        "created_at": "Sat Sep 29 01:36:12 +0000 2012",
        "time_zone": null,
        "profile_background_color": "1A1B1F",
        "id_str": "852039968",
        "translator_type": "none",
        "lang": null,
        "following": null,
        "is_translator": false,
        "favourites_count": 407,
        "protected": false,
        "default_profile": false,
        "default_profile_image": false,
        "description": "Porque somos la voz del pueblo, el 65% del peru lo pide!  \nFUJIMORI LIBERTAD !!!",
        "profile_link_color": "2FC2EF",
        "profile_sidebar_border_color": "181A1E"
      },
      "id": 1217283760129019904,
      "in_reply_to_user_id_str": null,
      "retweeted": false,
      "id_str": "1217283760129019904",
      "filter_level": "low",
      "text": "1.Ramos/Espinoza piden a Blume incluya testimonio de Yoshiyama en sustentacion pa fregar a Keiko\n2.Ramos de la nada… https://t.co/uIbgY8Vv8P",
      "favorited": false,
      "quote_count": 0,
      "in_reply_to_screen_name": null,
      "created_at": "Wed Jan 15 03:13:59 +0000 2020",
      "place": null,
      "reply_count": 0,
      "in_reply_to_status_id_str": null,
      "geo": null,
      "in_reply_to_status_id": null,
      "lang": "es",
      "timestamp_ms": "1579058039110",
      "coordinates": null,
      "contributors": null,
      "in_reply_to_user_id": null
    }
  ],
  "request_date": "2020-01-14-22:14:04"
}