{
  "data": [
    {
      "user": {
        "time_zone": null,
        "profile_text_color": "000000",
        "id": 568974701,
        "location": "UK",
        "profile_background_tile": false,
        "geo_enabled": true,
        "verified": false,
        "profile_background_image_url": "http://abs.twimg.com/images/themes/theme13/bg.gif",
        "profile_sidebar_border_color": "000000",
        "profile_use_background_image": false,
        "name": "Yvonne Thackray",
        "notifications": null,
        "translator_type": "none",
        "follow_request_sent": null,
        "statuses_count": 1702,
        "profile_background_color": "000000",
        "profile_image_url": "http://pbs.twimg.com/profile_images/654556690721976321/s4Uasqto_normal.jpg",
        "url": "http://the-goodcoach.com",
        "friends_count": 511,
        "profile_background_image_url_https": "https://abs.twimg.com/images/themes/theme13/bg.gif",
        "utc_offset": null,
        "profile_image_url_https": "https://pbs.twimg.com/profile_images/654556690721976321/s4Uasqto_normal.jpg",
        "profile_link_color": "4A913C",
        "default_profile": false,
        "followers_count": 167,
        "is_translator": false,
        "listed_count": 29,
        "profile_sidebar_fill_color": "000000",
        "contributors_enabled": false,
        "screen_name": "the_goodcoach",
        "lang": null,
        "profile_banner_url": "https://pbs.twimg.com/profile_banners/568974701/1444893433",
        "default_profile_image": false,
        "following": null,
        "id_str": "568974701",
        "created_at": "Wed May 02 10:03:47 +0000 2012",
        "favourites_count": 123,
        "protected": false,
        "description": "Professional & Personal Coach. Blogger. Researcher. ROI Consultant"
      },
      "extended_tweet": {
        "display_text_range": [
          0,
          236
        ],
        "entities": {
          "urls": [
            {
              "display_url": "tgccoach.academy/YK01SM09?utm_c…",
              "expanded_url": "https://tgccoach.academy/YK01SM09?utm_campaign=states-and-spaces-using-analogies-and-metaphors-to-describe-our-personal-coaching-philosophies-by-keiko-shinohara-and-yvonne-thackray&utm_medium=social_link&utm_source=missinglettr",
              "indices": [
                136,
                159
              ],
              "url": "https://t.co/zjkZjh1vl1"
            }
          ],
          "hashtags": [
            {
              "indices": [
                161,
                170
              ],
              "text": "Selfcare"
            },
            {
              "indices": [
                171,
                178
              ],
              "text": "Energy"
            },
            {
              "indices": [
                179,
                198
              ],
              "text": "coachingphilosophy"
            },
            {
              "indices": [
                199,
                226
              ],
              "text": "Sharingthevoicesofcoaching"
            },
            {
              "indices": [
                227,
                236
              ],
              "text": "coaching"
            }
          ],
          "symbols": [],
          "media": [
            {
              "media_url_https": "https://pbs.twimg.com/media/EOXf_pRW4AU14c_.png",
              "display_url": "pic.twitter.com/DMEQRpama9",
              "indices": [
                237,
                260
              ],
              "sizes": {
                "thumb": {
                  "resize": "crop",
                  "h": 150,
                  "w": 150
                },
                "small": {
                  "resize": "fit",
                  "h": 447,
                  "w": 680
                },
                "medium": {
                  "resize": "fit",
                  "h": 561,
                  "w": 853
                },
                "large": {
                  "resize": "fit",
                  "h": 561,
                  "w": 853
                }
              },
              "type": "photo",
              "media_url": "http://pbs.twimg.com/media/EOXf_pRW4AU14c_.png",
              "id_str": "1217625558776995845",
              "id": 1217625558776995845,
              "expanded_url": "https://twitter.com/the_goodcoach/status/1217625560605691906/photo/1",
              "url": "https://t.co/DMEQRpama9"
            }
          ],
          "user_mentions": []
        },
        "extended_entities": {
          "media": [
            {
              "media_url_https": "https://pbs.twimg.com/media/EOXf_pRW4AU14c_.png",
              "display_url": "pic.twitter.com/DMEQRpama9",
              "indices": [
                237,
                260
              ],
              "sizes": {
                "thumb": {
                  "resize": "crop",
                  "h": 150,
                  "w": 150
                },
                "small": {
                  "resize": "fit",
                  "h": 447,
                  "w": 680
                },
                "medium": {
                  "resize": "fit",
                  "h": 561,
                  "w": 853
                },
                "large": {
                  "resize": "fit",
                  "h": 561,
                  "w": 853
                }
              },
              "type": "photo",
              "media_url": "http://pbs.twimg.com/media/EOXf_pRW4AU14c_.png",
              "id_str": "1217625558776995845",
              "id": 1217625558776995845,
              "expanded_url": "https://twitter.com/the_goodcoach/status/1217625560605691906/photo/1",
              "url": "https://t.co/DMEQRpama9"
            }
          ]
        },
        "full_text": "States and Spaces: Using analogies and metaphors to describe our personal coaching philosophies by Keiko Shinohara and Yvonne Thackray: https://t.co/zjkZjh1vl1\n\n#Selfcare #Energy #coachingphilosophy #Sharingthevoicesofcoaching #coaching https://t.co/DMEQRpama9"
      },
      "favorite_count": 0,
      "coordinates": null,
      "in_reply_to_user_id_str": null,
      "in_reply_to_user_id": null,
      "source": "<a href=\"https://missinglettr.com\" rel=\"nofollow\">Missinglettr</a>",
      "truncated": true,
      "entities": {
        "urls": [
          {
            "display_url": "twitter.com/i/web/status/1…",
            "expanded_url": "https://twitter.com/i/web/status/1217625560605691906",
            "indices": [
              116,
              139
            ],
            "url": "https://t.co/rcIFJHfd9D"
          }
        ],
        "hashtags": [],
        "symbols": [],
        "user_mentions": []
      },
      "geo": null,
      "retweet_count": 0,
      "retweeted": false,
      "in_reply_to_status_id_str": null,
      "contributors": null,
      "reply_count": 0,
      "is_quote_status": false,
      "display_text_range": [
        0,
        140
      ],
      "quote_count": 0,
      "text": "States and Spaces: Using analogies and metaphors to describe our personal coaching philosophies by Keiko Shinohara… https://t.co/rcIFJHfd9D",
      "place": null,
      "filter_level": "low",
      "id": 1217625560605691906,
      "favorited": false,
      "in_reply_to_screen_name": null,
      "lang": "en",
      "possibly_sensitive": true,
      "id_str": "1217625560605691906",
      "created_at": "Thu Jan 16 01:52:10 +0000 2020",
      "in_reply_to_status_id": null,
      "timestamp_ms": "1579139530694"
    },
    {
      "user": {
        "time_zone": null,
        "profile_text_color": "333333",
        "id": 829750511624679424,
        "location": "Lima, Peru",
        "profile_background_tile": false,
        "geo_enabled": false,
        "verified": false,
        "profile_background_image_url": "",
        "profile_sidebar_border_color": "C0DEED",
        "profile_use_background_image": true,
        "name": "Política LRepública",
        "notifications": null,
        "translator_type": "none",
        "follow_request_sent": null,
        "statuses_count": 29075,
        "profile_background_color": "F5F8FA",
        "profile_image_url": "http://pbs.twimg.com/profile_images/829751614995042305/7iW_P3jk_normal.jpg",
        "url": "http://larepublica.pe/",
        "friends_count": 49,
        "profile_background_image_url_https": "",
        "utc_offset": null,
        "profile_image_url_https": "https://pbs.twimg.com/profile_images/829751614995042305/7iW_P3jk_normal.jpg",
        "profile_link_color": "1DA1F2",
        "default_profile": true,
        "followers_count": 110252,
        "is_translator": false,
        "listed_count": 191,
        "profile_sidebar_fill_color": "DDEEF6",
        "contributors_enabled": false,
        "screen_name": "Politica_LR",
        "lang": null,
        "profile_banner_url": "https://pbs.twimg.com/profile_banners/829750511624679424/1527802305",
        "default_profile_image": false,
        "following": null,
        "id_str": "829750511624679424",
        "created_at": "Thu Feb 09 17:55:12 +0000 2017",
        "favourites_count": 22,
        "protected": false,
        "description": "Todas las noticias políticas y económicas del Perú y el mundo. También nos puedes encontrar en @LaRepublica_pe"
      },
      "favorite_count": 0,
      "entities": {
        "urls": [
          {
            "display_url": "larepublica.pe//politica/2020…",
            "expanded_url": "https://larepublica.pe//politica/2020/01/16/keiko-fujimori-fuerza-popular-abogado-juan-alarcon-denunciara-a-jose-domingo-perez-por-manipulacion-de-los-hechos-falsos-aportes/",
            "indices": [
              92,
              115
            ],
            "url": "https://t.co/Uo3AOM4UY9"
          }
        ],
        "hashtags": [],
        "symbols": [],
        "user_mentions": []
      },
      "coordinates": null,
      "in_reply_to_user_id_str": null,
      "in_reply_to_user_id": null,
      "source": "<a href=\"https://mobile.twitter.com\" rel=\"nofollow\">Twitter Web App</a>",
      "truncated": false,
      "retweet_count": 0,
      "retweeted": false,
      "in_reply_to_status_id_str": null,
      "contributors": null,
      "reply_count": 0,
      "is_quote_status": false,
      "in_reply_to_screen_name": null,
      "quote_count": 0,
      "text": "Abogado de Fuerza Popular denunciará a José Domingo Pérez por “manipulación de los hechos”\n\nhttps://t.co/Uo3AOM4UY9",
      "place": null,
      "filter_level": "low",
      "id": 1217625600854196224,
      "favorited": false,
      "geo": null,
      "lang": "es",
      "possibly_sensitive": false,
      "id_str": "1217625600854196224",
      "created_at": "Thu Jan 16 01:52:20 +0000 2020",
      "in_reply_to_status_id": null,
      "timestamp_ms": "1579139540290"
    },
    {
      "user": {
        "time_zone": null,
        "profile_text_color": "333333",
        "id": 917086515158814721,
        "location": null,
        "profile_background_tile": false,
        "geo_enabled": false,
        "verified": false,
        "profile_background_image_url": "",
        "profile_sidebar_border_color": "C0DEED",
        "profile_use_background_image": true,
        "name": "Perú y Democracia",
        "notifications": null,
        "translator_type": "none",
        "follow_request_sent": null,
        "statuses_count": 4037,
        "profile_background_color": "F5F8FA",
        "profile_image_url": "http://pbs.twimg.com/profile_images/917102249259782149/f7Y23fYV_normal.jpg",
        "url": null,
        "friends_count": 209,
        "profile_background_image_url_https": "",
        "utc_offset": null,
        "profile_image_url_https": "https://pbs.twimg.com/profile_images/917102249259782149/f7Y23fYV_normal.jpg",
        "profile_link_color": "1DA1F2",
        "default_profile": true,
        "followers_count": 119,
        "is_translator": false,
        "listed_count": 0,
        "profile_sidebar_fill_color": "DDEEF6",
        "contributors_enabled": false,
        "screen_name": "Peruydemocracia",
        "lang": null,
        "profile_banner_url": "https://pbs.twimg.com/profile_banners/917086515158814721/1507489278",
        "default_profile_image": false,
        "following": null,
        "id_str": "917086515158814721",
        "created_at": "Sun Oct 08 17:57:18 +0000 2017",
        "favourites_count": 2659,
        "protected": false,
        "description": "La Educación no solo enriquece la cultura...Es la primera condición, para la Libertad, la Democracia y el Desarrollo Sostenible (KOFI ANNAN)"
      },
      "coordinates": null,
      "favorite_count": 0,
      "in_reply_to_user_id_str": null,
      "in_reply_to_user_id": null,
      "source": "<a href=\"http://twitter.com/download/android\" rel=\"nofollow\">Twitter for Android</a>",
      "truncated": false,
      "entities": {
        "urls": [
          {
            "display_url": "larepublica.pe/politica/2020/…",
            "expanded_url": "https://larepublica.pe/politica/2020/01/15/keiko-fujimori-poder-judicial-rechaza-pedido-de-fuerza-popular-para-apartar-al-juez-victor-zuniga-del-caso-cocteles/",
            "indices": [
              108,
              131
            ],
            "url": "https://t.co/uEkYiIIVZj"
          }
        ],
        "hashtags": [],
        "symbols": [],
        "user_mentions": [
          {
            "name": "teresa arbulu",
            "id_str": "451319513",
            "screen_name": "teresaarbulu",
            "id": 451319513,
            "indices": [
              3,
              16
            ]
          }
        ]
      },
      "retweet_count": 0,
      "retweeted": false,
      "in_reply_to_status_id_str": null,
      "retweeted_status": {
        "user": {
          "time_zone": null,
          "profile_text_color": "333333",
          "id": 451319513,
          "location": null,
          "profile_background_tile": false,
          "geo_enabled": true,
          "verified": false,
          "profile_background_image_url": "http://abs.twimg.com/images/themes/theme1/bg.png",
          "profile_sidebar_border_color": "C0DEED",
          "profile_use_background_image": true,
          "name": "teresa arbulu",
          "notifications": null,
          "translator_type": "none",
          "follow_request_sent": null,
          "statuses_count": 62146,
          "profile_background_color": "C0DEED",
          "profile_image_url": "http://pbs.twimg.com/profile_images/3263188609/9fed05430c3d25f7cb1fe62b02941018_normal.jpeg",
          "url": null,
          "friends_count": 1196,
          "profile_background_image_url_https": "https://abs.twimg.com/images/themes/theme1/bg.png",
          "utc_offset": null,
          "profile_image_url_https": "https://pbs.twimg.com/profile_images/3263188609/9fed05430c3d25f7cb1fe62b02941018_normal.jpeg",
          "profile_link_color": "1DA1F2",
          "default_profile": true,
          "followers_count": 1001,
          "is_translator": false,
          "listed_count": 18,
          "profile_sidebar_fill_color": "DDEEF6",
          "contributors_enabled": false,
          "screen_name": "teresaarbulu",
          "lang": null,
          "default_profile_image": false,
          "following": null,
          "id_str": "451319513",
          "created_at": "Sat Dec 31 08:58:38 +0000 2011",
          "favourites_count": 7501,
          "protected": false,
          "description": "Madre, abuela, esposa, amiga, y psicóloga. Anhelo ver a mi Perú, libre de corrupción, de discriminación, de centralismo."
        },
        "favorite_count": 0,
        "entities": {
          "urls": [
            {
              "display_url": "larepublica.pe/politica/2020/…",
              "expanded_url": "https://larepublica.pe/politica/2020/01/15/keiko-fujimori-poder-judicial-rechaza-pedido-de-fuerza-popular-para-apartar-al-juez-victor-zuniga-del-caso-cocteles/",
              "indices": [
                90,
                113
              ],
              "url": "https://t.co/uEkYiIIVZj"
            }
          ],
          "hashtags": [],
          "symbols": [],
          "user_mentions": [
            {
              "name": "Diario La República",
              "id_str": "66746614",
              "screen_name": "larepublica_pe",
              "id": 66746614,
              "indices": [
                118,
                133
              ]
            }
          ]
        },
        "coordinates": null,
        "in_reply_to_user_id_str": null,
        "in_reply_to_user_id": null,
        "source": "<a href=\"http://twitter.com\" rel=\"nofollow\">Twitter Web Client</a>",
        "truncated": false,
        "retweet_count": 1,
        "retweeted": false,
        "in_reply_to_status_id_str": null,
        "contributors": null,
        "reply_count": 0,
        "is_quote_status": false,
        "in_reply_to_screen_name": null,
        "quote_count": 0,
        "text": "Keiko Fujimori: rechazan pedido de Fuerza Popular para apartar al juez del caso Cócteles  https://t.co/uEkYiIIVZj vía @larepublica_pe",
        "place": null,
        "filter_level": "low",
        "id": 1217625237262483456,
        "favorited": false,
        "geo": null,
        "lang": "es",
        "possibly_sensitive": false,
        "id_str": "1217625237262483456",
        "created_at": "Thu Jan 16 01:50:53 +0000 2020",
        "in_reply_to_status_id": null
      },
      "contributors": null,
      "reply_count": 0,
      "is_quote_status": false,
      "in_reply_to_screen_name": null,
      "quote_count": 0,
      "text": "RT @teresaarbulu: Keiko Fujimori: rechazan pedido de Fuerza Popular para apartar al juez del caso Cócteles  https://t.co/uEkYiIIVZj vía @la…",
      "place": null,
      "filter_level": "low",
      "id": 1217625620592631813,
      "favorited": false,
      "geo": null,
      "lang": "es",
      "possibly_sensitive": false,
      "id_str": "1217625620592631813",
      "created_at": "Thu Jan 16 01:52:24 +0000 2020",
      "in_reply_to_status_id": null,
      "timestamp_ms": "1579139544996"
    },
    {
      "user": {
        "time_zone": null,
        "profile_text_color": "362720",
        "id": 1256440262,
        "location": "Nippon",
        "profile_background_tile": true,
        "geo_enabled": false,
        "verified": false,
        "profile_background_image_url": "http://abs.twimg.com/images/themes/theme11/bg.gif",
        "profile_sidebar_border_color": "CC3366",
        "profile_use_background_image": true,
        "name": "🇯🇵くみねこ🇯🇵 昭和レトロ派",
        "notifications": null,
        "translator_type": "none",
        "follow_request_sent": null,
        "statuses_count": 547633,
        "profile_background_color": "FF6699",
        "profile_image_url": "http://pbs.twimg.com/profile_images/1210021211763179520/TQe6WW_0_normal.png",
        "url": null,
        "friends_count": 9475,
        "profile_background_image_url_https": "https://abs.twimg.com/images/themes/theme11/bg.gif",
        "utc_offset": null,
        "profile_image_url_https": "https://pbs.twimg.com/profile_images/1210021211763179520/TQe6WW_0_normal.png",
        "profile_link_color": "B40B43",
        "default_profile": false,
        "followers_count": 8620,
        "is_translator": false,
        "listed_count": 121,
        "profile_sidebar_fill_color": "E5507E",
        "contributors_enabled": false,
        "screen_name": "kumi_kumiJP",
        "lang": null,
        "profile_banner_url": "https://pbs.twimg.com/profile_banners/1256440262/1575870610",
        "default_profile_image": false,
        "following": null,
        "id_str": "1256440262",
        "created_at": "Sun Mar 10 08:11:48 +0000 2013",
        "favourites_count": 361767,
        "protected": false,
        "description": "※昭和レトロな古い雑貨等大好きです。 \n#安倍政権支持"
      },
      "coordinates": null,
      "favorite_count": 0,
      "in_reply_to_user_id_str": "105374254",
      "in_reply_to_user_id": 105374254,
      "source": "<a href=\"http://twitter.com/download/android\" rel=\"nofollow\">Twitter for Android</a>",
      "truncated": false,
      "entities": {
        "urls": [],
        "hashtags": [],
        "symbols": [],
        "user_mentions": [
          {
            "name": "keiko",
            "id_str": "105374254",
            "screen_name": "jazzykeiko",
            "id": 105374254,
            "indices": [
              0,
              11
            ]
          }
        ]
      },
      "geo": null,
      "retweet_count": 0,
      "retweeted": false,
      "in_reply_to_status_id_str": "1217266764989386752",
      "contributors": null,
      "reply_count": 0,
      "is_quote_status": false,
      "display_text_range": [
        12,
        82
      ],
      "quote_count": 0,
      "text": "@jazzykeiko keikoさん、\nこんにちは😊\n今日も宜しくお願いします。\n\n毎日過ぎるのが早いですね(*^^*)\n\n暖かくして良い１日を(*´∇｀*)ﾉ🎶",
      "place": null,
      "filter_level": "low",
      "id": 1217625636602183680,
      "favorited": false,
      "in_reply_to_screen_name": "jazzykeiko",
      "lang": "ja",
      "id_str": "1217625636602183680",
      "created_at": "Thu Jan 16 01:52:28 +0000 2020",
      "in_reply_to_status_id": 1217266764989386752,
      "timestamp_ms": "1579139548813"
    },
    {
      "user": {
        "time_zone": null,
        "profile_text_color": "333333",
        "id": 829750511624679424,
        "location": "Lima, Peru",
        "profile_background_tile": false,
        "geo_enabled": false,
        "verified": false,
        "profile_background_image_url": "",
        "profile_sidebar_border_color": "C0DEED",
        "profile_use_background_image": true,
        "name": "Política LRepública",
        "notifications": null,
        "translator_type": "none",
        "follow_request_sent": null,
        "statuses_count": 29075,
        "profile_background_color": "F5F8FA",
        "profile_image_url": "http://pbs.twimg.com/profile_images/829751614995042305/7iW_P3jk_normal.jpg",
        "url": "http://larepublica.pe/",
        "friends_count": 49,
        "profile_background_image_url_https": "",
        "utc_offset": null,
        "profile_image_url_https": "https://pbs.twimg.com/profile_images/829751614995042305/7iW_P3jk_normal.jpg",
        "profile_link_color": "1DA1F2",
        "default_profile": true,
        "followers_count": 110252,
        "is_translator": false,
        "listed_count": 191,
        "profile_sidebar_fill_color": "DDEEF6",
        "contributors_enabled": false,
        "screen_name": "Politica_LR",
        "lang": null,
        "profile_banner_url": "https://pbs.twimg.com/profile_banners/829750511624679424/1527802305",
        "default_profile_image": false,
        "following": null,
        "id_str": "829750511624679424",
        "created_at": "Thu Feb 09 17:55:12 +0000 2017",
        "favourites_count": 22,
        "protected": false,
        "description": "Todas las noticias políticas y económicas del Perú y el mundo. También nos puedes encontrar en @LaRepublica_pe"
      },
      "favorite_count": 0,
      "entities": {
        "urls": [
          {
            "display_url": "larepublica.pe/politica/2020/…",
            "expanded_url": "https://larepublica.pe/politica/2020/01/16/keiko-fujimori-fuerza-popular-abogado-juan-alarcon-denunciara-a-jose-domingo-perez-por-manipulacion-de-los-hechos-falsos-aportes/?fbclid=IwAR2tpvjckxm8em2vJvNMBWtgQmiIKFJShzPq0rOFFh3zKB8iTDBs201ARqw",
            "indices": [
              92,
              115
            ],
            "url": "https://t.co/eCVMhbne6I"
          }
        ],
        "hashtags": [],
        "symbols": [],
        "user_mentions": []
      },
      "coordinates": null,
      "in_reply_to_user_id_str": null,
      "in_reply_to_user_id": null,
      "source": "<a href=\"https://mobile.twitter.com\" rel=\"nofollow\">Twitter Web App</a>",
      "truncated": false,
      "retweet_count": 0,
      "retweeted": false,
      "in_reply_to_status_id_str": null,
      "contributors": null,
      "reply_count": 0,
      "is_quote_status": false,
      "in_reply_to_screen_name": null,
      "quote_count": 0,
      "text": "Abogado de Fuerza Popular denunciará a José Domingo Pérez por “manipulación de los hechos”\n\nhttps://t.co/eCVMhbne6I",
      "place": null,
      "filter_level": "low",
      "id": 1217625721071439873,
      "favorited": false,
      "geo": null,
      "lang": "es",
      "possibly_sensitive": false,
      "id_str": "1217625721071439873",
      "created_at": "Thu Jan 16 01:52:48 +0000 2020",
      "in_reply_to_status_id": null,
      "timestamp_ms": "1579139568952"
    },
    {
      "user": {
        "time_zone": null,
        "profile_text_color": "333333",
        "id": 785568529,
        "location": null,
        "profile_background_tile": false,
        "geo_enabled": false,
        "verified": false,
        "profile_background_image_url": "http://abs.twimg.com/images/themes/theme1/bg.png",
        "profile_sidebar_border_color": "C0DEED",
        "profile_use_background_image": true,
        "name": "JOSE  CRUZA",
        "notifications": null,
        "translator_type": "none",
        "follow_request_sent": null,
        "statuses_count": 15955,
        "profile_background_color": "C0DEED",
        "profile_image_url": "http://pbs.twimg.com/profile_images/1033403708862808068/jLq5ITW8_normal.jpg",
        "url": null,
        "friends_count": 853,
        "profile_background_image_url_https": "https://abs.twimg.com/images/themes/theme1/bg.png",
        "utc_offset": null,
        "profile_image_url_https": "https://pbs.twimg.com/profile_images/1033403708862808068/jLq5ITW8_normal.jpg",
        "profile_link_color": "1DA1F2",
        "default_profile": true,
        "followers_count": 240,
        "is_translator": false,
        "listed_count": 0,
        "profile_sidebar_fill_color": "DDEEF6",
        "contributors_enabled": false,
        "screen_name": "josejcruzado",
        "lang": null,
        "default_profile_image": false,
        "following": null,
        "id_str": "785568529",
        "created_at": "Mon Aug 27 21:56:47 +0000 2012",
        "favourites_count": 56216,
        "protected": false,
        "description": null
      },
      "coordinates": null,
      "favorite_count": 0,
      "in_reply_to_user_id_str": null,
      "in_reply_to_user_id": null,
      "source": "<a href=\"https://mobile.twitter.com\" rel=\"nofollow\">Twitter Web App</a>",
      "truncated": false,
      "entities": {
        "urls": [],
        "hashtags": [
          {
            "indices": [
              17,
              38
            ],
            "text": "ConsejosAstrológicos"
          },
          {
            "indices": [
              41,
              55
            ],
            "text": "KEIKOFUJIMORI"
          }
        ],
        "symbols": [],
        "user_mentions": [
          {
            "name": "PBO Digital",
            "id_str": "2401702404",
            "screen_name": "PBODigital",
            "id": 2401702404,
            "indices": [
              3,
              14
            ]
          },
          {
            "name": "Agatha Lys",
            "id_str": "130941003",
            "screen_name": "AGATHALYS",
            "id": 130941003,
            "indices": [
              80,
              90
            ]
          }
        ]
      },
      "retweet_count": 0,
      "retweeted": false,
      "in_reply_to_status_id_str": null,
      "retweeted_status": {
        "user": {
          "time_zone": null,
          "profile_text_color": "333333",
          "id": 2401702404,
          "location": "PBO digital",
          "profile_background_tile": false,
          "geo_enabled": true,
          "verified": false,
          "profile_background_image_url": "http://abs.twimg.com/images/themes/theme1/bg.png",
          "profile_sidebar_border_color": "C0DEED",
          "profile_use_background_image": true,
          "name": "PBO Digital",
          "notifications": null,
          "translator_type": "none",
          "follow_request_sent": null,
          "statuses_count": 56073,
          "profile_background_color": "C0DEED",
          "profile_image_url": "http://pbs.twimg.com/profile_images/1124641454595424256/X0UrW8S2_normal.jpg",
          "url": "http://www.pbodigital.com",
          "friends_count": 2731,
          "profile_background_image_url_https": "https://abs.twimg.com/images/themes/theme1/bg.png",
          "utc_offset": null,
          "profile_image_url_https": "https://pbs.twimg.com/profile_images/1124641454595424256/X0UrW8S2_normal.jpg",
          "profile_link_color": "1DA1F2",
          "default_profile": true,
          "followers_count": 421050,
          "is_translator": false,
          "listed_count": 583,
          "profile_sidebar_fill_color": "DDEEF6",
          "contributors_enabled": false,
          "screen_name": "PBODigital",
          "lang": null,
          "profile_banner_url": "https://pbs.twimg.com/profile_banners/2401702404/1557188169",
          "default_profile_image": false,
          "following": null,
          "id_str": "2401702404",
          "created_at": "Fri Mar 21 15:05:53 +0000 2014",
          "favourites_count": 3220,
          "protected": false,
          "description": "🗞️Información y opinión🔎 #Noticias nacionales e internacionales\n\n➡️Conductores del programa, no necesariamente suscriben los tuits\n\n#PBOdigital #PBO #Perú"
        },
        "extended_tweet": {
          "display_text_range": [
            0,
            271
          ],
          "entities": {
            "urls": [
              {
                "display_url": "youtu.be/yf4Oo3NN_fU",
                "expanded_url": "https://youtu.be/yf4Oo3NN_fU",
                "indices": [
                  151,
                  174
                ],
                "url": "https://t.co/HCcFNIGmoF"
              }
            ],
            "hashtags": [
              {
                "indices": [
                  1,
                  22
                ],
                "text": "ConsejosAstrológicos"
              },
              {
                "indices": [
                  25,
                  39
                ],
                "text": "KEIKOFUJIMORI"
              },
              {
                "indices": [
                  120,
                  134
                ],
                "text": "FuerzaPopular"
              },
              {
                "indices": [
                  137,
                  148
                ],
                "text": "PBOdigital"
              },
              {
                "indices": [
                  176,
                  184
                ],
                "text": "Butters"
              },
              {
                "indices": [
                  185,
                  194
                ],
                "text": "Olaechea"
              },
              {
                "indices": [
                  195,
                  201
                ],
                "text": "Blume"
              },
              {
                "indices": [
                  202,
                  211
                ],
                "text": "LoÚltimo"
              },
              {
                "indices": [
                  212,
                  235
                ],
                "text": "TribunalConstitucional"
              },
              {
                "indices": [
                  236,
                  244
                ],
                "text": "Ledesma"
              },
              {
                "indices": [
                  245,
                  250
                ],
                "text": "Perú"
              },
              {
                "indices": [
                  251,
                  262
                ],
                "text": "Bengoechea"
              },
              {
                "indices": [
                  263,
                  271
                ],
                "text": "Temblor"
              }
            ],
            "symbols": [],
            "media": [
              {
                "url": "https://t.co/H4YCtpor4n",
                "video_info": {
                  "duration_millis": 138100,
                  "variants": [
                    {
                      "bitrate": 256000,
                      "content_type": "video/mp4",
                      "url": "https://video.twimg.com/ext_tw_video/1217512881576607747/pu/vid/492x270/nNYBdjWwawcDci9L.mp4?tag=10"
                    },
                    {
                      "bitrate": 2176000,
                      "content_type": "video/mp4",
                      "url": "https://video.twimg.com/ext_tw_video/1217512881576607747/pu/vid/1316x720/0vNFYJlqYlci9bqM.mp4?tag=10"
                    },
                    {
                      "content_type": "application/x-mpegURL",
                      "url": "https://video.twimg.com/ext_tw_video/1217512881576607747/pu/pl/5PllMLMMbN6qwCsq.m3u8?tag=10"
                    },
                    {
                      "bitrate": 832000,
                      "content_type": "video/mp4",
                      "url": "https://video.twimg.com/ext_tw_video/1217512881576607747/pu/vid/658x360/9M7NqLdqFDvztGF2.mp4?tag=10"
                    }
                  ],
                  "aspect_ratio": [
                    329,
                    180
                  ]
                },
                "sizes": {
                  "thumb": {
                    "resize": "crop",
                    "h": 150,
                    "w": 150
                  },
                  "small": {
                    "resize": "fit",
                    "h": 372,
                    "w": 680
                  },
                  "medium": {
                    "resize": "fit",
                    "h": 657,
                    "w": 1200
                  },
                  "large": {
                    "resize": "fit",
                    "h": 720,
                    "w": 1316
                  }
                },
                "media_url_https": "https://pbs.twimg.com/ext_tw_video_thumb/1217512881576607747/pu/img/03M3P0igh5aLWfFV.jpg",
                "id": 1217512881576607747,
                "expanded_url": "https://twitter.com/PBODigital/status/1217619980377706497/video/1",
                "media_url": "http://pbs.twimg.com/ext_tw_video_thumb/1217512881576607747/pu/img/03M3P0igh5aLWfFV.jpg",
                "additional_media_info": {
                  "monetizable": false
                },
                "id_str": "1217512881576607747",
                "indices": [
                  272,
                  295
                ],
                "type": "video",
                "display_url": "pic.twitter.com/H4YCtpor4n"
              }
            ],
            "user_mentions": [
              {
                "name": "Agatha Lys",
                "id_str": "130941003",
                "screen_name": "AGATHALYS",
                "id": 130941003,
                "indices": [
                  64,
                  74
                ]
              }
            ]
          },
          "extended_entities": {
            "media": [
              {
                "url": "https://t.co/H4YCtpor4n",
                "video_info": {
                  "duration_millis": 138100,
                  "variants": [
                    {
                      "bitrate": 256000,
                      "content_type": "video/mp4",
                      "url": "https://video.twimg.com/ext_tw_video/1217512881576607747/pu/vid/492x270/nNYBdjWwawcDci9L.mp4?tag=10"
                    },
                    {
                      "bitrate": 2176000,
                      "content_type": "video/mp4",
                      "url": "https://video.twimg.com/ext_tw_video/1217512881576607747/pu/vid/1316x720/0vNFYJlqYlci9bqM.mp4?tag=10"
                    },
                    {
                      "content_type": "application/x-mpegURL",
                      "url": "https://video.twimg.com/ext_tw_video/1217512881576607747/pu/pl/5PllMLMMbN6qwCsq.m3u8?tag=10"
                    },
                    {
                      "bitrate": 832000,
                      "content_type": "video/mp4",
                      "url": "https://video.twimg.com/ext_tw_video/1217512881576607747/pu/vid/658x360/9M7NqLdqFDvztGF2.mp4?tag=10"
                    }
                  ],
                  "aspect_ratio": [
                    329,
                    180
                  ]
                },
                "sizes": {
                  "thumb": {
                    "resize": "crop",
                    "h": 150,
                    "w": 150
                  },
                  "small": {
                    "resize": "fit",
                    "h": 372,
                    "w": 680
                  },
                  "medium": {
                    "resize": "fit",
                    "h": 657,
                    "w": 1200
                  },
                  "large": {
                    "resize": "fit",
                    "h": 720,
                    "w": 1316
                  }
                },
                "media_url_https": "https://pbs.twimg.com/ext_tw_video_thumb/1217512881576607747/pu/img/03M3P0igh5aLWfFV.jpg",
                "id": 1217512881576607747,
                "expanded_url": "https://twitter.com/PBODigital/status/1217619980377706497/video/1",
                "media_url": "http://pbs.twimg.com/ext_tw_video_thumb/1217512881576607747/pu/img/03M3P0igh5aLWfFV.jpg",
                "additional_media_info": {
                  "monetizable": false
                },
                "id_str": "1217512881576607747",
                "indices": [
                  272,
                  295
                ],
                "type": "video",
                "display_url": "pic.twitter.com/H4YCtpor4n"
              }
            ]
          },
          "full_text": "⭐#ConsejosAstrológicos⭐\n¿#KEIKOFUJIMORI REGRESARÁ A PRISIÓN?\n\n🔴 @AGATHALYS pronostica el futuro legal de la lideresa de #FuerzaPopular\n\n🚨#PBOdigital\n🔴 https://t.co/HCcFNIGmoF\n\n#Butters #Olaechea #Blume #LoÚltimo #TribunalConstitucional #Ledesma #Perú #Bengoechea #Temblor https://t.co/H4YCtpor4n"
        },
        "favorite_count": 2,
        "coordinates": null,
        "in_reply_to_user_id_str": null,
        "in_reply_to_user_id": null,
        "source": "<a href=\"https://about.twitter.com/products/tweetdeck\" rel=\"nofollow\">TweetDeck</a>",
        "truncated": true,
        "entities": {
          "urls": [
            {
              "display_url": "twitter.com/i/web/status/1…",
              "expanded_url": "https://twitter.com/i/web/status/1217619980377706497",
              "indices": [
                117,
                140
              ],
              "url": "https://t.co/sYDaRvwg2Q"
            }
          ],
          "hashtags": [
            {
              "indices": [
                1,
                22
              ],
              "text": "ConsejosAstrológicos"
            },
            {
              "indices": [
                25,
                39
              ],
              "text": "KEIKOFUJIMORI"
            }
          ],
          "symbols": [],
          "user_mentions": [
            {
              "name": "Agatha Lys",
              "id_str": "130941003",
              "screen_name": "AGATHALYS",
              "id": 130941003,
              "indices": [
                64,
                74
              ]
            }
          ]
        },
        "geo": null,
        "retweet_count": 1,
        "retweeted": false,
        "in_reply_to_status_id_str": null,
        "contributors": null,
        "reply_count": 1,
        "is_quote_status": false,
        "display_text_range": [
          0,
          140
        ],
        "quote_count": 0,
        "text": "⭐#ConsejosAstrológicos⭐\n¿#KEIKOFUJIMORI REGRESARÁ A PRISIÓN?\n\n🔴 @AGATHALYS pronostica el futuro legal de la lideres… https://t.co/sYDaRvwg2Q",
        "place": null,
        "filter_level": "low",
        "id": 1217619980377706497,
        "favorited": false,
        "in_reply_to_screen_name": null,
        "lang": "es",
        "possibly_sensitive": false,
        "id_str": "1217619980377706497",
        "created_at": "Thu Jan 16 01:30:00 +0000 2020",
        "in_reply_to_status_id": null
      },
      "contributors": null,
      "reply_count": 0,
      "is_quote_status": false,
      "in_reply_to_screen_name": null,
      "quote_count": 0,
      "text": "RT @PBODigital: ⭐#ConsejosAstrológicos⭐\n¿#KEIKOFUJIMORI REGRESARÁ A PRISIÓN?\n\n🔴 @AGATHALYS pronostica el futuro legal de la lideresa de #Fu…",
      "place": null,
      "filter_level": "low",
      "id": 1217625727320895489,
      "favorited": false,
      "geo": null,
      "lang": "es",
      "id_str": "1217625727320895489",
      "created_at": "Thu Jan 16 01:52:50 +0000 2020",
      "in_reply_to_status_id": null,
      "timestamp_ms": "1579139570442"
    },
    {
      "user": {
        "time_zone": null,
        "profile_text_color": "333333",
        "id": 131577511,
        "location": "Piura",
        "profile_background_tile": false,
        "geo_enabled": true,
        "verified": false,
        "profile_background_image_url": "http://abs.twimg.com/images/themes/theme1/bg.png",
        "profile_sidebar_border_color": "C0DEED",
        "profile_use_background_image": true,
        "name": "Hernan Saldarriaga",
        "notifications": null,
        "translator_type": "none",
        "follow_request_sent": null,
        "statuses_count": 45818,
        "profile_background_color": "C0DEED",
        "profile_image_url": "http://pbs.twimg.com/profile_images/1160012349996187648/iR9ETdD7_normal.jpg",
        "url": "http://wathever.perublog.net",
        "friends_count": 610,
        "profile_background_image_url_https": "https://abs.twimg.com/images/themes/theme1/bg.png",
        "utc_offset": null,
        "profile_image_url_https": "https://pbs.twimg.com/profile_images/1160012349996187648/iR9ETdD7_normal.jpg",
        "profile_link_color": "1DA1F2",
        "default_profile": true,
        "followers_count": 470,
        "is_translator": false,
        "listed_count": 9,
        "profile_sidebar_fill_color": "DDEEF6",
        "contributors_enabled": false,
        "screen_name": "NanMd",
        "lang": null,
        "default_profile_image": false,
        "following": null,
        "id_str": "131577511",
        "created_at": "Sat Apr 10 17:58:06 +0000 2010",
        "favourites_count": 32516,
        "protected": false,
        "description": null
      },
      "coordinates": null,
      "favorite_count": 0,
      "in_reply_to_user_id_str": null,
      "in_reply_to_user_id": null,
      "source": "<a href=\"http://twitter.com/download/android\" rel=\"nofollow\">Twitter for Android</a>",
      "truncated": false,
      "entities": {
        "urls": [],
        "hashtags": [
          {
            "indices": [
              23,
              32
            ],
            "text": "ATENCIÓN"
          }
        ],
        "symbols": [],
        "user_mentions": [
          {
            "name": "UCI",
            "id_str": "983747278971326465",
            "screen_name": "ucinoticias_pe",
            "id": 983747278971326465,
            "indices": [
              3,
              18
            ]
          },
          {
            "name": "Miguel Trauco",
            "id_str": "1128406100",
            "screen_name": "mtrauco17",
            "id": 1128406100,
            "indices": [
              47,
              57
            ]
          }
        ]
      },
      "retweet_count": 0,
      "retweeted": false,
      "in_reply_to_status_id_str": null,
      "retweeted_status": {
        "user": {
          "time_zone": null,
          "profile_text_color": "000000",
          "id": 983747278971326465,
          "location": "San isidro, Peru",
          "profile_background_tile": false,
          "geo_enabled": false,
          "verified": false,
          "profile_background_image_url": "http://abs.twimg.com/images/themes/theme1/bg.png",
          "profile_sidebar_border_color": "000000",
          "profile_use_background_image": false,
          "name": "UCI",
          "notifications": null,
          "translator_type": "none",
          "follow_request_sent": null,
          "statuses_count": 15964,
          "profile_background_color": "000000",
          "profile_image_url": "http://pbs.twimg.com/profile_images/1164626122463690752/_dXihu72_normal.jpg",
          "url": "http://www.uci.pe",
          "friends_count": 620,
          "profile_background_image_url_https": "https://abs.twimg.com/images/themes/theme1/bg.png",
          "utc_offset": null,
          "profile_image_url_https": "https://pbs.twimg.com/profile_images/1164626122463690752/_dXihu72_normal.jpg",
          "profile_link_color": "E81C4F",
          "default_profile": false,
          "followers_count": 4630,
          "is_translator": false,
          "listed_count": 20,
          "profile_sidebar_fill_color": "000000",
          "contributors_enabled": false,
          "screen_name": "ucinoticias_pe",
          "lang": null,
          "profile_banner_url": "https://pbs.twimg.com/profile_banners/983747278971326465/1578321867",
          "default_profile_image": false,
          "following": null,
          "id_str": "983747278971326465",
          "created_at": "Tue Apr 10 16:43:23 +0000 2018",
          "favourites_count": 889,
          "protected": false,
          "description": "UCI – Un Canal Inteligente, es un medio de comunicación independiente que promueve la libertad, la pluralidad y el diálogo."
        },
        "extended_tweet": {
          "display_text_range": [
            0,
            217
          ],
          "entities": {
            "urls": [],
            "hashtags": [
              {
                "indices": [
                  3,
                  12
                ],
                "text": "ATENCIÓN"
              },
              {
                "indices": [
                  164,
                  173
                ],
                "text": "Congreso"
              }
            ],
            "symbols": [],
            "media": [
              {
                "url": "https://t.co/JsT6Z5zw84",
                "video_info": {
                  "duration_millis": 14556,
                  "variants": [
                    {
                      "bitrate": 432000,
                      "content_type": "video/mp4",
                      "url": "https://video.twimg.com/ext_tw_video/1217236929097478145/pu/vid/320x320/DoJMqtJGBswxfRzn.mp4?tag=10"
                    },
                    {
                      "content_type": "application/x-mpegURL",
                      "url": "https://video.twimg.com/ext_tw_video/1217236929097478145/pu/pl/p18oXHUvEnIA70xo.m3u8?tag=10"
                    },
                    {
                      "bitrate": 1280000,
                      "content_type": "video/mp4",
                      "url": "https://video.twimg.com/ext_tw_video/1217236929097478145/pu/vid/720x720/CGPdB-X-WfIz6Aqr.mp4?tag=10"
                    },
                    {
                      "bitrate": 832000,
                      "content_type": "video/mp4",
                      "url": "https://video.twimg.com/ext_tw_video/1217236929097478145/pu/vid/480x480/MIs1pWB8OLgPc3tV.mp4?tag=10"
                    }
                  ],
                  "aspect_ratio": [
                    1,
                    1
                  ]
                },
                "sizes": {
                  "thumb": {
                    "resize": "crop",
                    "h": 150,
                    "w": 150
                  },
                  "small": {
                    "resize": "fit",
                    "h": 680,
                    "w": 680
                  },
                  "medium": {
                    "resize": "fit",
                    "h": 720,
                    "w": 720
                  },
                  "large": {
                    "resize": "fit",
                    "h": 720,
                    "w": 720
                  }
                },
                "media_url_https": "https://pbs.twimg.com/ext_tw_video_thumb/1217236929097478145/pu/img/J7iHM9UPFImqFRIR.jpg",
                "id": 1217236929097478145,
                "expanded_url": "https://twitter.com/ucinoticias_pe/status/1217236976702717953/video/1",
                "media_url": "http://pbs.twimg.com/ext_tw_video_thumb/1217236929097478145/pu/img/J7iHM9UPFImqFRIR.jpg",
                "additional_media_info": {
                  "monetizable": false
                },
                "id_str": "1217236929097478145",
                "indices": [
                  218,
                  241
                ],
                "type": "video",
                "display_url": "pic.twitter.com/JsT6Z5zw84"
              }
            ],
            "user_mentions": [
              {
                "name": "Miguel Trauco",
                "id_str": "1128406100",
                "screen_name": "mtrauco17",
                "id": 1128406100,
                "indices": [
                  27,
                  37
                ]
              },
              {
                "name": "Rosangella Barbarán",
                "id_str": "142471814",
                "screen_name": "rosangelak30",
                "id": 142471814,
                "indices": [
                  116,
                  129
                ]
              },
              {
                "name": "Bankada Fuerza Popular",
                "id_str": "320802992",
                "screen_name": "BankadaFP",
                "id": 320802992,
                "indices": [
                  189,
                  199
                ]
              },
              {
                "name": "Keiko Fujimori",
                "id_str": "53189543",
                "screen_name": "KeikoFujimori",
                "id": 53189543,
                "indices": [
                  203,
                  217
                ]
              }
            ]
          },
          "extended_entities": {
            "media": [
              {
                "url": "https://t.co/JsT6Z5zw84",
                "video_info": {
                  "duration_millis": 14556,
                  "variants": [
                    {
                      "bitrate": 432000,
                      "content_type": "video/mp4",
                      "url": "https://video.twimg.com/ext_tw_video/1217236929097478145/pu/vid/320x320/DoJMqtJGBswxfRzn.mp4?tag=10"
                    },
                    {
                      "content_type": "application/x-mpegURL",
                      "url": "https://video.twimg.com/ext_tw_video/1217236929097478145/pu/pl/p18oXHUvEnIA70xo.m3u8?tag=10"
                    },
                    {
                      "bitrate": 1280000,
                      "content_type": "video/mp4",
                      "url": "https://video.twimg.com/ext_tw_video/1217236929097478145/pu/vid/720x720/CGPdB-X-WfIz6Aqr.mp4?tag=10"
                    },
                    {
                      "bitrate": 832000,
                      "content_type": "video/mp4",
                      "url": "https://video.twimg.com/ext_tw_video/1217236929097478145/pu/vid/480x480/MIs1pWB8OLgPc3tV.mp4?tag=10"
                    }
                  ],
                  "aspect_ratio": [
                    1,
                    1
                  ]
                },
                "sizes": {
                  "thumb": {
                    "resize": "crop",
                    "h": 150,
                    "w": 150
                  },
                  "small": {
                    "resize": "fit",
                    "h": 680,
                    "w": 680
                  },
                  "medium": {
                    "resize": "fit",
                    "h": 720,
                    "w": 720
                  },
                  "large": {
                    "resize": "fit",
                    "h": 720,
                    "w": 720
                  }
                },
                "media_url_https": "https://pbs.twimg.com/ext_tw_video_thumb/1217236929097478145/pu/img/J7iHM9UPFImqFRIR.jpg",
                "id": 1217236929097478145,
                "expanded_url": "https://twitter.com/ucinoticias_pe/status/1217236976702717953/video/1",
                "media_url": "http://pbs.twimg.com/ext_tw_video_thumb/1217236929097478145/pu/img/J7iHM9UPFImqFRIR.jpg",
                "additional_media_info": {
                  "monetizable": false
                },
                "id_str": "1217236929097478145",
                "indices": [
                  218,
                  241
                ],
                "type": "video",
                "display_url": "pic.twitter.com/JsT6Z5zw84"
              }
            ]
          },
          "full_text": "🔴🚨 #ATENCIÓN Miguel Trauco @mtrauco17   sorprendió a todos sus seguidores cuando decidió apoyar mediante un video a @rosangelak30 Rosangella Barbarán, candidata al #Congreso por el partido @BankadaFP de @KeikoFujimori https://t.co/JsT6Z5zw84"
        },
        "favorite_count": 247,
        "coordinates": null,
        "in_reply_to_user_id_str": null,
        "in_reply_to_user_id": null,
        "source": "<a href=\"https://mobile.twitter.com\" rel=\"nofollow\">Twitter Web App</a>",
        "truncated": true,
        "entities": {
          "urls": [
            {
              "display_url": "twitter.com/i/web/status/1…",
              "expanded_url": "https://twitter.com/i/web/status/1217236976702717953",
              "indices": [
                117,
                140
              ],
              "url": "https://t.co/VkBw6UPJ0z"
            }
          ],
          "hashtags": [
            {
              "indices": [
                3,
                12
              ],
              "text": "ATENCIÓN"
            }
          ],
          "symbols": [],
          "user_mentions": [
            {
              "name": "Miguel Trauco",
              "id_str": "1128406100",
              "screen_name": "mtrauco17",
              "id": 1128406100,
              "indices": [
                27,
                37
              ]
            }
          ]
        },
        "geo": null,
        "retweet_count": 94,
        "retweeted": false,
        "in_reply_to_status_id_str": null,
        "contributors": null,
        "reply_count": 128,
        "is_quote_status": false,
        "display_text_range": [
          0,
          140
        ],
        "quote_count": 46,
        "text": "🔴🚨 #ATENCIÓN Miguel Trauco @mtrauco17   sorprendió a todos sus seguidores cuando decidió apoyar mediante un video a… https://t.co/VkBw6UPJ0z",
        "place": null,
        "filter_level": "low",
        "id": 1217236976702717953,
        "favorited": false,
        "in_reply_to_screen_name": null,
        "lang": "es",
        "possibly_sensitive": false,
        "id_str": "1217236976702717953",
        "created_at": "Wed Jan 15 00:08:05 +0000 2020",
        "in_reply_to_status_id": null
      },
      "contributors": null,
      "reply_count": 0,
      "is_quote_status": false,
      "in_reply_to_screen_name": null,
      "quote_count": 0,
      "text": "RT @ucinoticias_pe: 🔴🚨 #ATENCIÓN Miguel Trauco @mtrauco17   sorprendió a todos sus seguidores cuando decidió apoyar mediante un video a @ro…",
      "place": null,
      "filter_level": "low",
      "id": 1217625779216867328,
      "favorited": false,
      "geo": null,
      "lang": "es",
      "id_str": "1217625779216867328",
      "created_at": "Thu Jan 16 01:53:02 +0000 2020",
      "in_reply_to_status_id": null,
      "timestamp_ms": "1579139582815"
    },
    {
      "user": {
        "time_zone": null,
        "profile_text_color": "333333",
        "id": 1215896717922643969,
        "location": null,
        "profile_background_tile": false,
        "geo_enabled": false,
        "verified": false,
        "profile_background_image_url": "",
        "profile_sidebar_border_color": "C0DEED",
        "profile_use_background_image": true,
        "name": "María Gracia Borda Aguilar",
        "notifications": null,
        "translator_type": "none",
        "follow_request_sent": null,
        "statuses_count": 22,
        "profile_background_color": "F5F8FA",
        "profile_image_url": "http://abs.twimg.com/sticky/default_profile_images/default_profile_normal.png",
        "url": null,
        "friends_count": 225,
        "profile_background_image_url_https": "",
        "utc_offset": null,
        "profile_image_url_https": "https://abs.twimg.com/sticky/default_profile_images/default_profile_normal.png",
        "profile_link_color": "1DA1F2",
        "default_profile": true,
        "followers_count": 4,
        "is_translator": false,
        "listed_count": 0,
        "profile_sidebar_fill_color": "DDEEF6",
        "contributors_enabled": false,
        "screen_name": "BordaGracia",
        "lang": null,
        "default_profile_image": false,
        "following": null,
        "id_str": "1215896717922643969",
        "created_at": "Sat Jan 11 07:22:42 +0000 2020",
        "favourites_count": 105,
        "protected": false,
        "description": "Aprista Hasta la Muerte"
      },
      "coordinates": null,
      "favorite_count": 0,
      "in_reply_to_user_id_str": null,
      "in_reply_to_user_id": null,
      "source": "<a href=\"http://twitter.com/download/android\" rel=\"nofollow\">Twitter for Android</a>",
      "truncated": false,
      "entities": {
        "urls": [],
        "hashtags": [],
        "symbols": [],
        "user_mentions": [
          {
            "name": "Erasmo Reyna",
            "id_str": "1237286593",
            "screen_name": "ereynaabogado",
            "id": 1237286593,
            "indices": [
              3,
              17
            ]
          },
          {
            "name": "Willax Televisión",
            "id_str": "38512990",
            "screen_name": "willaxtv",
            "id": 38512990,
            "indices": [
              19,
              28
            ]
          },
          {
            "name": "Alan García",
            "id_str": "465983898",
            "screen_name": "AlanGarciaPeru",
            "id": 465983898,
            "indices": [
              29,
              44
            ]
          }
        ]
      },
      "retweet_count": 0,
      "retweeted": false,
      "in_reply_to_status_id_str": null,
      "retweeted_status": {
        "user": {
          "time_zone": null,
          "profile_text_color": "333333",
          "id": 1237286593,
          "location": "Lima",
          "profile_background_tile": false,
          "geo_enabled": true,
          "verified": false,
          "profile_background_image_url": "http://abs.twimg.com/images/themes/theme1/bg.png",
          "profile_sidebar_border_color": "C0DEED",
          "profile_use_background_image": true,
          "name": "Erasmo Reyna",
          "notifications": null,
          "translator_type": "none",
          "follow_request_sent": null,
          "statuses_count": 21590,
          "profile_background_color": "C0DEED",
          "profile_image_url": "http://pbs.twimg.com/profile_images/491055142587076608/1hk1tanu_normal.jpeg",
          "url": null,
          "friends_count": 622,
          "profile_background_image_url_https": "https://abs.twimg.com/images/themes/theme1/bg.png",
          "utc_offset": null,
          "profile_image_url_https": "https://pbs.twimg.com/profile_images/491055142587076608/1hk1tanu_normal.jpeg",
          "profile_link_color": "1DA1F2",
          "default_profile": true,
          "followers_count": 8126,
          "is_translator": false,
          "listed_count": 14,
          "profile_sidebar_fill_color": "DDEEF6",
          "contributors_enabled": false,
          "screen_name": "ereynaabogado",
          "lang": null,
          "profile_banner_url": "https://pbs.twimg.com/profile_banners/1237286593/1405912167",
          "default_profile_image": false,
          "following": null,
          "id_str": "1237286593",
          "created_at": "Sun Mar 03 01:28:11 +0000 2013",
          "favourites_count": 12383,
          "protected": false,
          "description": "Chimbotano, aprista de nacimiento y abogado de profesión"
        },
        "extended_tweet": {
          "display_text_range": [
            26,
            279
          ],
          "entities": {
            "urls": [],
            "hashtags": [],
            "symbols": [],
            "user_mentions": [
              {
                "name": "Willax Televisión",
                "id_str": "38512990",
                "screen_name": "willaxtv",
                "id": 38512990,
                "indices": [
                  0,
                  9
                ]
              },
              {
                "name": "Alan García",
                "id_str": "465983898",
                "screen_name": "AlanGarciaPeru",
                "id": 465983898,
                "indices": [
                  10,
                  25
                ]
              }
            ]
          },
          "full_text": "@willaxtv @AlanGarciaPeru Sr Morán,la inteligencia de PNP, el sr Colchado no le informó que el Presidente Alan García el 17 de abril,tenía diligencia en Fiscalía? Por q no se hizo diligencia de detención en Fiscalía como en el caso de Keiko Fujimori!Algún día se sabrá la verdad!"
        },
        "favorite_count": 4,
        "coordinates": null,
        "in_reply_to_user_id_str": "38512990",
        "in_reply_to_user_id": 38512990,
        "source": "<a href=\"http://twitter.com/download/iphone\" rel=\"nofollow\">Twitter for iPhone</a>",
        "truncated": true,
        "entities": {
          "urls": [
            {
              "display_url": "twitter.com/i/web/status/1…",
              "expanded_url": "https://twitter.com/i/web/status/1217623372189794304",
              "indices": [
                117,
                140
              ],
              "url": "https://t.co/DnFaIZRFMw"
            }
          ],
          "hashtags": [],
          "symbols": [],
          "user_mentions": [
            {
              "name": "Willax Televisión",
              "id_str": "38512990",
              "screen_name": "willaxtv",
              "id": 38512990,
              "indices": [
                0,
                9
              ]
            },
            {
              "name": "Alan García",
              "id_str": "465983898",
              "screen_name": "AlanGarciaPeru",
              "id": 465983898,
              "indices": [
                10,
                25
              ]
            }
          ]
        },
        "geo": null,
        "retweet_count": 1,
        "retweeted": false,
        "in_reply_to_status_id_str": "1217622748371062784",
        "contributors": null,
        "reply_count": 1,
        "is_quote_status": false,
        "display_text_range": [
          26,
          140
        ],
        "quote_count": 0,
        "text": "@willaxtv @AlanGarciaPeru Sr Morán,la inteligencia de PNP, el sr Colchado no le informó que el Presidente Alan Garc… https://t.co/DnFaIZRFMw",
        "place": null,
        "filter_level": "low",
        "id": 1217623372189794304,
        "favorited": false,
        "in_reply_to_screen_name": "willaxtv",
        "lang": "es",
        "id_str": "1217623372189794304",
        "created_at": "Thu Jan 16 01:43:28 +0000 2020",
        "in_reply_to_status_id": 1217622748371062784
      },
      "contributors": null,
      "reply_count": 0,
      "is_quote_status": false,
      "in_reply_to_screen_name": null,
      "quote_count": 0,
      "text": "RT @ereynaabogado: @willaxtv @AlanGarciaPeru Sr Morán,la inteligencia de PNP, el sr Colchado no le informó que el Presidente Alan García el…",
      "place": null,
      "filter_level": "low",
      "id": 1217625791175053317,
      "favorited": false,
      "geo": null,
      "lang": "es",
      "id_str": "1217625791175053317",
      "created_at": "Thu Jan 16 01:53:05 +0000 2020",
      "in_reply_to_status_id": null,
      "timestamp_ms": "1579139585666"
    },
    {
      "user": {
        "time_zone": null,
        "profile_text_color": "333333",
        "id": 721025400856526848,
        "location": "Trujillo, Peru",
        "profile_background_tile": false,
        "geo_enabled": true,
        "verified": false,
        "profile_background_image_url": "",
        "profile_sidebar_border_color": "C0DEED",
        "profile_use_background_image": true,
        "name": "Charlie",
        "notifications": null,
        "translator_type": "none",
        "follow_request_sent": null,
        "statuses_count": 33150,
        "profile_background_color": "F5F8FA",
        "profile_image_url": "http://pbs.twimg.com/profile_images/1025051178554548224/gq9jy7b1_normal.jpg",
        "url": null,
        "friends_count": 447,
        "profile_background_image_url_https": "",
        "utc_offset": null,
        "profile_image_url_https": "https://pbs.twimg.com/profile_images/1025051178554548224/gq9jy7b1_normal.jpg",
        "profile_link_color": "1DA1F2",
        "default_profile": true,
        "followers_count": 182,
        "is_translator": false,
        "listed_count": 2,
        "profile_sidebar_fill_color": "DDEEF6",
        "contributors_enabled": false,
        "screen_name": "talamoye",
        "lang": null,
        "default_profile_image": false,
        "following": null,
        "id_str": "721025400856526848",
        "created_at": "Fri Apr 15 17:20:26 +0000 2016",
        "favourites_count": 27866,
        "protected": false,
        "description": null
      },
      "coordinates": null,
      "favorite_count": 0,
      "in_reply_to_user_id_str": null,
      "in_reply_to_user_id": null,
      "source": "<a href=\"http://twitter.com/download/iphone\" rel=\"nofollow\">Twitter for iPhone</a>",
      "truncated": false,
      "entities": {
        "urls": [],
        "hashtags": [],
        "symbols": [],
        "user_mentions": [
          {
            "name": "No a Keiko",
            "id_str": "425964813",
            "screen_name": "noakeikope",
            "id": 425964813,
            "indices": [
              3,
              14
            ]
          }
        ]
      },
      "retweet_count": 0,
      "retweeted": false,
      "in_reply_to_status_id_str": null,
      "retweeted_status": {
        "user": {
          "time_zone": null,
          "profile_text_color": "333333",
          "id": 425964813,
          "location": "Lima, Perú",
          "profile_background_tile": true,
          "geo_enabled": true,
          "verified": false,
          "profile_background_image_url": "http://abs.twimg.com/images/themes/theme1/bg.png",
          "profile_sidebar_border_color": "FFFFFF",
          "profile_use_background_image": true,
          "name": "No a Keiko",
          "notifications": null,
          "translator_type": "none",
          "follow_request_sent": null,
          "statuses_count": 93197,
          "profile_background_color": "C0DEED",
          "profile_image_url": "http://pbs.twimg.com/profile_images/1016841203344699397/Zla7XFLV_normal.jpg",
          "url": "http://about.me/noakeiko",
          "friends_count": 1316,
          "profile_background_image_url_https": "https://abs.twimg.com/images/themes/theme1/bg.png",
          "utc_offset": null,
          "profile_image_url_https": "https://pbs.twimg.com/profile_images/1016841203344699397/Zla7XFLV_normal.jpg",
          "profile_link_color": "FF691F",
          "default_profile": false,
          "followers_count": 54364,
          "is_translator": false,
          "listed_count": 113,
          "profile_sidebar_fill_color": "DDEEF6",
          "contributors_enabled": false,
          "screen_name": "noakeikope",
          "lang": null,
          "profile_banner_url": "https://pbs.twimg.com/profile_banners/425964813/1573503329",
          "default_profile_image": false,
          "following": null,
          "id_str": "425964813",
          "created_at": "Thu Dec 01 17:25:53 +0000 2011",
          "favourites_count": 15521,
          "protected": false,
          "description": "Twitter oficial del Colectivo No a Keiko - NAK. Síguenos en https://t.co/NLOf9ivMKO\r\nnoakeiko.pe\r\nhttps://t.co/bWCNiNCt1Q y https://t.co/Wv5G7vsBkH"
        },
        "extended_tweet": {
          "display_text_range": [
            0,
            269
          ],
          "entities": {
            "urls": [],
            "hashtags": [],
            "symbols": [],
            "user_mentions": []
          },
          "full_text": "El peligro de votar por Acción Popular es que no han deslindado de sus ex congresistas. ¿Tan rápido olvidaste que Vitocho fue aliado de Keiko? ¿Tan rápido olvidaste que los de Acción Popular votaron a favor de vacar a Vizcarra? No votemos por satélites del fujimorismo."
        },
        "favorite_count": 1549,
        "coordinates": null,
        "in_reply_to_user_id_str": null,
        "in_reply_to_user_id": null,
        "source": "<a href=\"http://twitter.com/download/android\" rel=\"nofollow\">Twitter for Android</a>",
        "truncated": true,
        "entities": {
          "urls": [
            {
              "display_url": "twitter.com/i/web/status/1…",
              "expanded_url": "https://twitter.com/i/web/status/1217462050319978497",
              "indices": [
                117,
                140
              ],
              "url": "https://t.co/Fa4Cplh9C6"
            }
          ],
          "hashtags": [],
          "symbols": [],
          "user_mentions": []
        },
        "retweet_count": 590,
        "retweeted": false,
        "in_reply_to_status_id_str": null,
        "contributors": null,
        "reply_count": 80,
        "is_quote_status": false,
        "in_reply_to_screen_name": null,
        "quote_count": 25,
        "text": "El peligro de votar por Acción Popular es que no han deslindado de sus ex congresistas. ¿Tan rápido olvidaste que V… https://t.co/Fa4Cplh9C6",
        "place": null,
        "filter_level": "low",
        "id": 1217462050319978497,
        "favorited": false,
        "geo": null,
        "lang": "es",
        "id_str": "1217462050319978497",
        "created_at": "Wed Jan 15 15:02:26 +0000 2020",
        "in_reply_to_status_id": null
      },
      "contributors": null,
      "reply_count": 0,
      "is_quote_status": false,
      "in_reply_to_screen_name": null,
      "quote_count": 0,
      "text": "RT @noakeikope: El peligro de votar por Acción Popular es que no han deslindado de sus ex congresistas. ¿Tan rápido olvidaste que Vitocho f…",
      "place": null,
      "filter_level": "low",
      "id": 1217625796208209921,
      "favorited": false,
      "geo": null,
      "lang": "es",
      "id_str": "1217625796208209921",
      "created_at": "Thu Jan 16 01:53:06 +0000 2020",
      "in_reply_to_status_id": null,
      "timestamp_ms": "1579139586866"
    },
    {
      "user": {
        "time_zone": null,
        "profile_text_color": "333333",
        "id": 929161480972402688,
        "location": "Piura, Peru",
        "profile_background_tile": false,
        "geo_enabled": false,
        "verified": false,
        "profile_background_image_url": "",
        "profile_sidebar_border_color": "C0DEED",
        "profile_use_background_image": true,
        "name": "pita61",
        "notifications": null,
        "translator_type": "none",
        "follow_request_sent": null,
        "statuses_count": 3830,
        "profile_background_color": "F5F8FA",
        "profile_image_url": "http://abs.twimg.com/sticky/default_profile_images/default_profile_normal.png",
        "url": null,
        "friends_count": 101,
        "profile_background_image_url_https": "",
        "utc_offset": null,
        "profile_image_url_https": "https://abs.twimg.com/sticky/default_profile_images/default_profile_normal.png",
        "profile_link_color": "1DA1F2",
        "default_profile": true,
        "followers_count": 12,
        "is_translator": false,
        "listed_count": 0,
        "profile_sidebar_fill_color": "DDEEF6",
        "contributors_enabled": false,
        "screen_name": "pita611",
        "lang": null,
        "default_profile_image": false,
        "following": null,
        "id_str": "929161480972402688",
        "created_at": "Sat Nov 11 01:38:54 +0000 2017",
        "favourites_count": 3337,
        "protected": false,
        "description": null
      },
      "coordinates": null,
      "favorite_count": 0,
      "in_reply_to_user_id_str": null,
      "in_reply_to_user_id": null,
      "source": "<a href=\"http://twitter.com/download/iphone\" rel=\"nofollow\">Twitter for iPhone</a>",
      "truncated": false,
      "entities": {
        "urls": [],
        "hashtags": [
          {
            "indices": [
              16,
              25
            ],
            "text": "Congreso"
          },
          {
            "indices": [
              49,
              58
            ],
            "text": "Vizcarra"
          }
        ],
        "symbols": [],
        "user_mentions": [
          {
            "name": "PBO Digital",
            "id_str": "2401702404",
            "screen_name": "PBODigital",
            "id": 2401702404,
            "indices": [
              3,
              14
            ]
          }
        ]
      },
      "retweet_count": 0,
      "retweeted": false,
      "in_reply_to_status_id_str": null,
      "retweeted_status": {
        "user": {
          "time_zone": null,
          "profile_text_color": "333333",
          "id": 2401702404,
          "location": "PBO digital",
          "profile_background_tile": false,
          "geo_enabled": true,
          "verified": false,
          "profile_background_image_url": "http://abs.twimg.com/images/themes/theme1/bg.png",
          "profile_sidebar_border_color": "C0DEED",
          "profile_use_background_image": true,
          "name": "PBO Digital",
          "notifications": null,
          "translator_type": "none",
          "follow_request_sent": null,
          "statuses_count": 56073,
          "profile_background_color": "C0DEED",
          "profile_image_url": "http://pbs.twimg.com/profile_images/1124641454595424256/X0UrW8S2_normal.jpg",
          "url": "http://www.pbodigital.com",
          "friends_count": 2731,
          "profile_background_image_url_https": "https://abs.twimg.com/images/themes/theme1/bg.png",
          "utc_offset": null,
          "profile_image_url_https": "https://pbs.twimg.com/profile_images/1124641454595424256/X0UrW8S2_normal.jpg",
          "profile_link_color": "1DA1F2",
          "default_profile": true,
          "followers_count": 421054,
          "is_translator": false,
          "listed_count": 583,
          "profile_sidebar_fill_color": "DDEEF6",
          "contributors_enabled": false,
          "screen_name": "PBODigital",
          "lang": null,
          "profile_banner_url": "https://pbs.twimg.com/profile_banners/2401702404/1557188169",
          "default_profile_image": false,
          "following": null,
          "id_str": "2401702404",
          "created_at": "Fri Mar 21 15:05:53 +0000 2014",
          "favourites_count": 3220,
          "protected": false,
          "description": "🗞️Información y opinión🔎 #Noticias nacionales e internacionales\n\n➡️Conductores del programa, no necesariamente suscriben los tuits\n\n#PBOdigital #PBO #Perú"
        },
        "extended_tweet": {
          "display_text_range": [
            0,
            275
          ],
          "entities": {
            "urls": [
              {
                "display_url": "youtu.be/pjFel6n6HFI",
                "expanded_url": "https://youtu.be/pjFel6n6HFI",
                "indices": [
                  156,
                  179
                ],
                "url": "https://t.co/Fu9psaSe9A"
              }
            ],
            "hashtags": [
              {
                "indices": [
                  0,
                  9
                ],
                "text": "Congreso"
              },
              {
                "indices": [
                  33,
                  42
                ],
                "text": "Vizcarra"
              },
              {
                "indices": [
                  142,
                  153
                ],
                "text": "PBOdigital"
              },
              {
                "indices": [
                  181,
                  189
                ],
                "text": "Butters"
              },
              {
                "indices": [
                  190,
                  195
                ],
                "text": "Perú"
              },
              {
                "indices": [
                  196,
                  205
                ],
                "text": "Fujimori"
              },
              {
                "indices": [
                  206,
                  229
                ],
                "text": "TribunalConstitucional"
              },
              {
                "indices": [
                  230,
                  242
                ],
                "text": "Venezolanos"
              },
              {
                "indices": [
                  243,
                  257
                ],
                "text": "KeikoFujimori"
              },
              {
                "indices": [
                  258,
                  265
                ],
                "text": "Bartra"
              },
              {
                "indices": [
                  266,
                  275
                ],
                "text": "Vizcarra"
              }
            ],
            "symbols": [],
            "media": [
              {
                "url": "https://t.co/MjcmZ08Zdg",
                "video_info": {
                  "duration_millis": 121333,
                  "variants": [
                    {
                      "bitrate": 832000,
                      "content_type": "video/mp4",
                      "url": "https://video.twimg.com/ext_tw_video/1217135311500857344/pu/vid/658x360/1KVlPK05kbjRpFWA.mp4?tag=10"
                    },
                    {
                      "bitrate": 256000,
                      "content_type": "video/mp4",
                      "url": "https://video.twimg.com/ext_tw_video/1217135311500857344/pu/vid/492x270/6NoqNdAndIBnUT-4.mp4?tag=10"
                    },
                    {
                      "content_type": "application/x-mpegURL",
                      "url": "https://video.twimg.com/ext_tw_video/1217135311500857344/pu/pl/4qMqbP4Q6SafWYqe.m3u8?tag=10"
                    },
                    {
                      "bitrate": 2176000,
                      "content_type": "video/mp4",
                      "url": "https://video.twimg.com/ext_tw_video/1217135311500857344/pu/vid/1316x720/6P5nHqQ8YNC-f__A.mp4?tag=10"
                    }
                  ],
                  "aspect_ratio": [
                    329,
                    180
                  ]
                },
                "sizes": {
                  "thumb": {
                    "resize": "crop",
                    "h": 150,
                    "w": 150
                  },
                  "small": {
                    "resize": "fit",
                    "h": 372,
                    "w": 680
                  },
                  "medium": {
                    "resize": "fit",
                    "h": 657,
                    "w": 1200
                  },
                  "large": {
                    "resize": "fit",
                    "h": 720,
                    "w": 1316
                  }
                },
                "media_url_https": "https://pbs.twimg.com/ext_tw_video_thumb/1217135311500857344/pu/img/Qi6XbekrmboEu9Ev.jpg",
                "id": 1217135311500857344,
                "expanded_url": "https://twitter.com/PBODigital/status/1217166995743002625/video/1",
                "media_url": "http://pbs.twimg.com/ext_tw_video_thumb/1217135311500857344/pu/img/Qi6XbekrmboEu9Ev.jpg",
                "additional_media_info": {
                  "monetizable": false
                },
                "id_str": "1217135311500857344",
                "indices": [
                  276,
                  299
                ],
                "type": "video",
                "display_url": "pic.twitter.com/MjcmZ08Zdg"
              }
            ],
            "user_mentions": []
          },
          "extended_entities": {
            "media": [
              {
                "url": "https://t.co/MjcmZ08Zdg",
                "video_info": {
                  "duration_millis": 121333,
                  "variants": [
                    {
                      "bitrate": 832000,
                      "content_type": "video/mp4",
                      "url": "https://video.twimg.com/ext_tw_video/1217135311500857344/pu/vid/658x360/1KVlPK05kbjRpFWA.mp4?tag=10"
                    },
                    {
                      "bitrate": 256000,
                      "content_type": "video/mp4",
                      "url": "https://video.twimg.com/ext_tw_video/1217135311500857344/pu/vid/492x270/6NoqNdAndIBnUT-4.mp4?tag=10"
                    },
                    {
                      "content_type": "application/x-mpegURL",
                      "url": "https://video.twimg.com/ext_tw_video/1217135311500857344/pu/pl/4qMqbP4Q6SafWYqe.m3u8?tag=10"
                    },
                    {
                      "bitrate": 2176000,
                      "content_type": "video/mp4",
                      "url": "https://video.twimg.com/ext_tw_video/1217135311500857344/pu/vid/1316x720/6P5nHqQ8YNC-f__A.mp4?tag=10"
                    }
                  ],
                  "aspect_ratio": [
                    329,
                    180
                  ]
                },
                "sizes": {
                  "thumb": {
                    "resize": "crop",
                    "h": 150,
                    "w": 150
                  },
                  "small": {
                    "resize": "fit",
                    "h": 372,
                    "w": 680
                  },
                  "medium": {
                    "resize": "fit",
                    "h": 657,
                    "w": 1200
                  },
                  "large": {
                    "resize": "fit",
                    "h": 720,
                    "w": 1316
                  }
                },
                "media_url_https": "https://pbs.twimg.com/ext_tw_video_thumb/1217135311500857344/pu/img/Qi6XbekrmboEu9Ev.jpg",
                "id": 1217135311500857344,
                "expanded_url": "https://twitter.com/PBODigital/status/1217166995743002625/video/1",
                "media_url": "http://pbs.twimg.com/ext_tw_video_thumb/1217135311500857344/pu/img/Qi6XbekrmboEu9Ev.jpg",
                "additional_media_info": {
                  "monetizable": false
                },
                "id_str": "1217135311500857344",
                "indices": [
                  276,
                  299
                ],
                "type": "video",
                "display_url": "pic.twitter.com/MjcmZ08Zdg"
              }
            ]
          },
          "full_text": "#Congreso en la mira: Errores de #Vizcarra son de primaria\n\n🔴 Vizcarra insistirá al nuevo parlamento terminar la reforma judicial y política\n\n#PBOdigital\n🔴 https://t.co/Fu9psaSe9A\n\n#Butters #Perú #Fujimori #TribunalConstitucional #Venezolanos #KeikoFujimori #Bartra #Vizcarra https://t.co/MjcmZ08Zdg"
        },
        "favorite_count": 6,
        "coordinates": null,
        "in_reply_to_user_id_str": null,
        "in_reply_to_user_id": null,
        "source": "<a href=\"https://about.twitter.com/products/tweetdeck\" rel=\"nofollow\">TweetDeck</a>",
        "truncated": true,
        "entities": {
          "urls": [
            {
              "display_url": "twitter.com/i/web/status/1…",
              "expanded_url": "https://twitter.com/i/web/status/1217166995743002625",
              "indices": [
                117,
                140
              ],
              "url": "https://t.co/Ta61FaG9CN"
            }
          ],
          "hashtags": [
            {
              "indices": [
                0,
                9
              ],
              "text": "Congreso"
            },
            {
              "indices": [
                33,
                42
              ],
              "text": "Vizcarra"
            }
          ],
          "symbols": [],
          "user_mentions": []
        },
        "geo": null,
        "retweet_count": 2,
        "retweeted": false,
        "in_reply_to_status_id_str": null,
        "contributors": null,
        "reply_count": 2,
        "is_quote_status": false,
        "display_text_range": [
          0,
          140
        ],
        "quote_count": 0,
        "text": "#Congreso en la mira: Errores de #Vizcarra son de primaria\n\n🔴 Vizcarra insistirá al nuevo parlamento terminar la re… https://t.co/Ta61FaG9CN",
        "place": null,
        "filter_level": "low",
        "id": 1217166995743002625,
        "favorited": false,
        "in_reply_to_screen_name": null,
        "lang": "es",
        "possibly_sensitive": false,
        "id_str": "1217166995743002625",
        "created_at": "Tue Jan 14 19:30:00 +0000 2020",
        "in_reply_to_status_id": null
      },
      "contributors": null,
      "reply_count": 0,
      "is_quote_status": false,
      "in_reply_to_screen_name": null,
      "quote_count": 0,
      "text": "RT @PBODigital: #Congreso en la mira: Errores de #Vizcarra son de primaria\n\n🔴 Vizcarra insistirá al nuevo parlamento terminar la reforma ju…",
      "place": null,
      "filter_level": "low",
      "id": 1217625796363161600,
      "favorited": false,
      "geo": null,
      "lang": "es",
      "id_str": "1217625796363161600",
      "created_at": "Thu Jan 16 01:53:06 +0000 2020",
      "in_reply_to_status_id": null,
      "timestamp_ms": "1579139586903"
    }
  ],
  "request_date": "2020-01-15-20:53:12"
}