{
  "request_date": "2020-01-26-13:36:18",
  "data": [
    {
      "favorite_count": 0,
      "created_at": "Sun Jan 26 18:36:06 +0000 2020",
      "in_reply_to_status_id_str": "1221492272346411014",
      "id_str": "1221502087319707649",
      "extended_tweet": {
        "display_text_range": [
          11,
          284
        ],
        "full_text": "@diarioojo TU LUGAR ES LA CARCEL! #SeñoraK #KeikoFujimori #Keiko MITÓMANA AMBICIOSA PERVERSA HIPOTECASTE EL #PERU A TU ANTOJO SIN IMPORTAR EL SUFRIMIENTO DE LOS DEMÁS ! KORROMPEN TODO LO Q ESTÁ A SU PASO   ASESINAN AMENAZAN #GiullianaLoza POR ESO #FujimorismoNuncaMas #KeikoAlaCarcel!",
        "entities": {
          "user_mentions": [
            {
              "id_str": "41132721",
              "id": 41132721,
              "indices": [
                0,
                10
              ],
              "screen_name": "diarioojo",
              "name": "Diario Ojo"
            }
          ],
          "urls": [],
          "hashtags": [
            {
              "indices": [
                34,
                42
              ],
              "text": "SeñoraK"
            },
            {
              "indices": [
                43,
                57
              ],
              "text": "KeikoFujimori"
            },
            {
              "indices": [
                58,
                64
              ],
              "text": "Keiko"
            },
            {
              "indices": [
                108,
                113
              ],
              "text": "PERU"
            },
            {
              "indices": [
                224,
                238
              ],
              "text": "GiullianaLoza"
            },
            {
              "indices": [
                247,
                267
              ],
              "text": "FujimorismoNuncaMas"
            },
            {
              "indices": [
                268,
                283
              ],
              "text": "KeikoAlaCarcel"
            }
          ],
          "symbols": []
        }
      },
      "in_reply_to_screen_name": "diarioojo",
      "place": null,
      "filter_level": "low",
      "retweeted": false,
      "text": "@diarioojo TU LUGAR ES LA CARCEL! #SeñoraK #KeikoFujimori #Keiko MITÓMANA AMBICIOSA PERVERSA HIPOTECASTE EL #PERU A… https://t.co/8De2lq5g6V",
      "in_reply_to_user_id_str": "41132721",
      "contributors": null,
      "id": 1221502087319707649,
      "user": {
        "profile_sidebar_border_color": "C0DEED",
        "is_translator": false,
        "screen_name": "IllaryVerdad",
        "followers_count": 76,
        "created_at": "Wed Jul 24 18:07:24 +0000 2019",
        "profile_background_color": "F5F8FA",
        "profile_image_url_https": "https://abs.twimg.com/sticky/default_profile_images/default_profile_normal.png",
        "profile_sidebar_fill_color": "DDEEF6",
        "name": "Illary",
        "url": null,
        "default_profile": true,
        "translator_type": "none",
        "profile_text_color": "333333",
        "listed_count": 0,
        "profile_background_image_url": "",
        "following": null,
        "profile_background_tile": false,
        "protected": false,
        "id": 1154090718614446080,
        "contributors_enabled": false,
        "geo_enabled": false,
        "utc_offset": null,
        "description": "CIUDADANA HONESTA CON DIGNIDAD PRINCIPIO Y VALORES. DIGO LA VERDAD!",
        "time_zone": null,
        "follow_request_sent": null,
        "favourites_count": 21065,
        "friends_count": 299,
        "verified": false,
        "profile_background_image_url_https": "",
        "id_str": "1154090718614446080",
        "statuses_count": 42008,
        "profile_image_url": "http://abs.twimg.com/sticky/default_profile_images/default_profile_normal.png",
        "notifications": null,
        "location": null,
        "lang": null,
        "profile_use_background_image": true,
        "profile_link_color": "1DA1F2",
        "default_profile_image": false
      },
      "display_text_range": [
        11,
        140
      ],
      "quote_count": 0,
      "geo": null,
      "retweet_count": 0,
      "is_quote_status": false,
      "source": "<a href=\"http://twitter.com/download/iphone\" rel=\"nofollow\">Twitter for iPhone</a>",
      "favorited": false,
      "reply_count": 0,
      "timestamp_ms": "1580063766685",
      "lang": "es",
      "in_reply_to_user_id": 41132721,
      "entities": {
        "user_mentions": [
          {
            "id_str": "41132721",
            "id": 41132721,
            "indices": [
              0,
              10
            ],
            "screen_name": "diarioojo",
            "name": "Diario Ojo"
          }
        ],
        "urls": [
          {
            "display_url": "twitter.com/i/web/status/1…",
            "expanded_url": "https://twitter.com/i/web/status/1221502087319707649",
            "indices": [
              117,
              140
            ],
            "url": "https://t.co/8De2lq5g6V"
          }
        ],
        "hashtags": [
          {
            "indices": [
              34,
              42
            ],
            "text": "SeñoraK"
          },
          {
            "indices": [
              43,
              57
            ],
            "text": "KeikoFujimori"
          },
          {
            "indices": [
              58,
              64
            ],
            "text": "Keiko"
          },
          {
            "indices": [
              108,
              113
            ],
            "text": "PERU"
          }
        ],
        "symbols": []
      },
      "in_reply_to_status_id": 1221492272346411014,
      "coordinates": null,
      "truncated": true
    },
    {
      "quoted_status_id_str": "1220699647414538242",
      "quoted_status": {
        "favorite_count": 2827,
        "created_at": "Fri Jan 24 13:27:30 +0000 2020",
        "in_reply_to_status_id_str": null,
        "id_str": "1220699647414538242",
        "extended_tweet": {
          "display_text_range": [
            0,
            276
          ],
          "full_text": "Deplorable q ex Presidentes/as del Tribunal Constitucional, incluyendo actual Presidenta, defiendan Constitución nacida en dictadura y se pronuncien, de  hecho, por rechazo en plebiscito. Es abierto conflicto entre juez y partes, y subraya necesidad de profundo cambio del TC.",
          "entities": {
            "user_mentions": [],
            "urls": [],
            "hashtags": [],
            "symbols": []
          }
        },
        "in_reply_to_screen_name": null,
        "place": null,
        "filter_level": "low",
        "retweeted": false,
        "text": "Deplorable q ex Presidentes/as del Tribunal Constitucional, incluyendo actual Presidenta, defiendan Constitución na… https://t.co/5mQ6zM2Hk1",
        "in_reply_to_user_id_str": null,
        "contributors": null,
        "id": 1220699647414538242,
        "user": {
          "profile_sidebar_border_color": "C0DEED",
          "is_translator": false,
          "screen_name": "HeraldoMunoz",
          "followers_count": 59563,
          "created_at": "Thu Feb 03 20:52:16 +0000 2011",
          "profile_background_color": "C0DEED",
          "profile_image_url_https": "https://pbs.twimg.com/profile_images/1211731140047974401/O-wykf22_normal.jpg",
          "profile_sidebar_fill_color": "DDEEF6",
          "name": "Heraldo Muñoz",
          "url": null,
          "default_profile": true,
          "translator_type": "none",
          "profile_text_color": "333333",
          "listed_count": 425,
          "profile_background_image_url": "http://abs.twimg.com/images/themes/theme1/bg.png",
          "following": null,
          "profile_background_tile": false,
          "default_profile_image": false,
          "protected": false,
          "id": 246971667,
          "contributors_enabled": false,
          "geo_enabled": false,
          "utc_offset": null,
          "description": "Presidente del Partido por la Democracia (PPD), ex Ministro de Relaciones Exteriores de Chile, Embajador del Océano de fundaciones Pew y Bertarelli.",
          "time_zone": null,
          "follow_request_sent": null,
          "favourites_count": 66,
          "friends_count": 1500,
          "verified": false,
          "profile_background_image_url_https": "https://abs.twimg.com/images/themes/theme1/bg.png",
          "id_str": "246971667",
          "statuses_count": 11501,
          "profile_image_url": "http://pbs.twimg.com/profile_images/1211731140047974401/O-wykf22_normal.jpg",
          "notifications": null,
          "location": null,
          "lang": null,
          "profile_use_background_image": true,
          "profile_link_color": "1DA1F2",
          "profile_banner_url": "https://pbs.twimg.com/profile_banners/246971667/1577733451"
        },
        "quote_count": 244,
        "geo": null,
        "coordinates": null,
        "is_quote_status": false,
        "source": "<a href=\"http://twitter.com/download/iphone\" rel=\"nofollow\">Twitter for iPhone</a>",
        "favorited": false,
        "reply_count": 1116,
        "lang": "es",
        "in_reply_to_user_id": null,
        "entities": {
          "user_mentions": [],
          "urls": [
            {
              "display_url": "twitter.com/i/web/status/1…",
              "expanded_url": "https://twitter.com/i/web/status/1220699647414538242",
              "indices": [
                117,
                140
              ],
              "url": "https://t.co/5mQ6zM2Hk1"
            }
          ],
          "hashtags": [],
          "symbols": []
        },
        "in_reply_to_status_id": null,
        "retweet_count": 1203,
        "truncated": true
      },
      "is_quote_status": true,
      "created_at": "Sun Jan 26 18:36:07 +0000 2020",
      "entities": {
        "user_mentions": [
          {
            "id_str": "71949243",
            "id": 71949243,
            "indices": [
              3,
              18
            ],
            "screen_name": "Diego_Schalper",
            "name": "Diego Schalper"
          }
        ],
        "urls": [],
        "hashtags": [],
        "symbols": []
      },
      "in_reply_to_status_id_str": null,
      "filter_level": "low",
      "in_reply_to_screen_name": null,
      "place": null,
      "retweeted_status": {
        "quoted_status_id_str": "1220699647414538242",
        "quoted_status": {
          "favorite_count": 2827,
          "created_at": "Fri Jan 24 13:27:30 +0000 2020",
          "in_reply_to_status_id_str": null,
          "id_str": "1220699647414538242",
          "extended_tweet": {
            "display_text_range": [
              0,
              276
            ],
            "full_text": "Deplorable q ex Presidentes/as del Tribunal Constitucional, incluyendo actual Presidenta, defiendan Constitución nacida en dictadura y se pronuncien, de  hecho, por rechazo en plebiscito. Es abierto conflicto entre juez y partes, y subraya necesidad de profundo cambio del TC.",
            "entities": {
              "user_mentions": [],
              "urls": [],
              "hashtags": [],
              "symbols": []
            }
          },
          "in_reply_to_screen_name": null,
          "place": null,
          "filter_level": "low",
          "retweeted": false,
          "text": "Deplorable q ex Presidentes/as del Tribunal Constitucional, incluyendo actual Presidenta, defiendan Constitución na… https://t.co/5mQ6zM2Hk1",
          "in_reply_to_user_id_str": null,
          "contributors": null,
          "id": 1220699647414538242,
          "user": {
            "profile_sidebar_border_color": "C0DEED",
            "is_translator": false,
            "screen_name": "HeraldoMunoz",
            "followers_count": 59563,
            "created_at": "Thu Feb 03 20:52:16 +0000 2011",
            "profile_background_color": "C0DEED",
            "profile_image_url_https": "https://pbs.twimg.com/profile_images/1211731140047974401/O-wykf22_normal.jpg",
            "profile_sidebar_fill_color": "DDEEF6",
            "name": "Heraldo Muñoz",
            "url": null,
            "default_profile": true,
            "translator_type": "none",
            "profile_text_color": "333333",
            "listed_count": 425,
            "profile_background_image_url": "http://abs.twimg.com/images/themes/theme1/bg.png",
            "following": null,
            "profile_background_tile": false,
            "default_profile_image": false,
            "protected": false,
            "id": 246971667,
            "contributors_enabled": false,
            "geo_enabled": false,
            "utc_offset": null,
            "description": "Presidente del Partido por la Democracia (PPD), ex Ministro de Relaciones Exteriores de Chile, Embajador del Océano de fundaciones Pew y Bertarelli.",
            "time_zone": null,
            "follow_request_sent": null,
            "favourites_count": 66,
            "friends_count": 1500,
            "verified": false,
            "profile_background_image_url_https": "https://abs.twimg.com/images/themes/theme1/bg.png",
            "id_str": "246971667",
            "statuses_count": 11501,
            "profile_image_url": "http://pbs.twimg.com/profile_images/1211731140047974401/O-wykf22_normal.jpg",
            "notifications": null,
            "location": null,
            "lang": null,
            "profile_use_background_image": true,
            "profile_link_color": "1DA1F2",
            "profile_banner_url": "https://pbs.twimg.com/profile_banners/246971667/1577733451"
          },
          "quote_count": 244,
          "geo": null,
          "coordinates": null,
          "is_quote_status": false,
          "source": "<a href=\"http://twitter.com/download/iphone\" rel=\"nofollow\">Twitter for iPhone</a>",
          "favorited": false,
          "reply_count": 1116,
          "lang": "es",
          "in_reply_to_user_id": null,
          "entities": {
            "user_mentions": [],
            "urls": [
              {
                "display_url": "twitter.com/i/web/status/1…",
                "expanded_url": "https://twitter.com/i/web/status/1220699647414538242",
                "indices": [
                  117,
                  140
                ],
                "url": "https://t.co/5mQ6zM2Hk1"
              }
            ],
            "hashtags": [],
            "symbols": []
          },
          "in_reply_to_status_id": null,
          "retweet_count": 1203,
          "truncated": true
        },
        "favorite_count": 883,
        "created_at": "Sun Jan 26 15:25:22 +0000 2020",
        "entities": {
          "user_mentions": [],
          "urls": [
            {
              "display_url": "twitter.com/i/web/status/1…",
              "expanded_url": "https://twitter.com/i/web/status/1221454086341627905",
              "indices": [
                116,
                139
              ],
              "url": "https://t.co/CgDC5hMMDg"
            }
          ],
          "hashtags": [],
          "symbols": []
        },
        "in_reply_to_status_id_str": null,
        "id_str": "1221454086341627905",
        "extended_tweet": {
          "display_text_range": [
            0,
            260
          ],
          "full_text": "Deplorable es que alguien que fue Canciller emita un juicio de tan poca profundidad y rigurosidad. Que triste como están terminando su vida política muchos de los que en algún momento condujeron desde un reformismo socialdemócrata. Entregados al Frente Amplio!",
          "entities": {
            "user_mentions": [],
            "urls": [],
            "hashtags": [],
            "symbols": []
          }
        },
        "in_reply_to_screen_name": null,
        "place": null,
        "filter_level": "low",
        "retweeted": false,
        "text": "Deplorable es que alguien que fue Canciller emita un juicio de tan poca profundidad y rigurosidad. Que triste como… https://t.co/CgDC5hMMDg",
        "in_reply_to_user_id_str": null,
        "contributors": null,
        "id": 1221454086341627905,
        "user": {
          "profile_sidebar_border_color": "000000",
          "is_translator": false,
          "screen_name": "Diego_Schalper",
          "followers_count": 56114,
          "created_at": "Sun Sep 06 02:44:00 +0000 2009",
          "profile_background_color": "330E1D",
          "profile_image_url_https": "https://pbs.twimg.com/profile_images/854359352039411716/VLkUr3Jh_normal.jpg",
          "profile_sidebar_fill_color": "DDEEF6",
          "name": "Diego Schalper",
          "url": null,
          "default_profile": false,
          "translator_type": "none",
          "profile_text_color": "333333",
          "listed_count": 171,
          "profile_background_image_url": "http://abs.twimg.com/images/themes/theme1/bg.png",
          "following": null,
          "profile_background_tile": false,
          "default_profile_image": false,
          "protected": false,
          "id": 71949243,
          "contributors_enabled": false,
          "geo_enabled": true,
          "utc_offset": null,
          "description": "Abogado. Diputado del distrito 15. Jugado por la solidaridad.",
          "time_zone": null,
          "follow_request_sent": null,
          "favourites_count": 1438,
          "friends_count": 3303,
          "verified": false,
          "profile_background_image_url_https": "https://abs.twimg.com/images/themes/theme1/bg.png",
          "id_str": "71949243",
          "statuses_count": 13907,
          "profile_image_url": "http://pbs.twimg.com/profile_images/854359352039411716/VLkUr3Jh_normal.jpg",
          "notifications": null,
          "location": "Chile",
          "lang": null,
          "profile_use_background_image": false,
          "profile_link_color": "1B95E0",
          "profile_banner_url": "https://pbs.twimg.com/profile_banners/71949243/1438712405"
        },
        "quote_count": 16,
        "geo": null,
        "retweet_count": 395,
        "is_quote_status": true,
        "source": "<a href=\"http://twitter.com/download/iphone\" rel=\"nofollow\">Twitter for iPhone</a>",
        "favorited": false,
        "reply_count": 64,
        "lang": "es",
        "quoted_status_permalink": {
          "display": "twitter.com/heraldomunoz/s…",
          "expanded": "https://twitter.com/heraldomunoz/status/1220699647414538242",
          "url": "https://t.co/snXxaHJEhd"
        },
        "in_reply_to_user_id": null,
        "truncated": true,
        "in_reply_to_status_id": null,
        "coordinates": null,
        "quoted_status_id": 1220699647414538242
      },
      "retweeted": false,
      "text": "RT @Diego_Schalper: Deplorable es que alguien que fue Canciller emita un juicio de tan poca profundidad y rigurosidad. Que triste como está…",
      "in_reply_to_user_id_str": null,
      "contributors": null,
      "id": 1221502089655877635,
      "user": {
        "profile_sidebar_border_color": "A8C7F7",
        "is_translator": false,
        "screen_name": "pedroguaita",
        "followers_count": 340,
        "created_at": "Thu Jan 07 04:20:28 +0000 2010",
        "profile_background_color": "022330",
        "profile_image_url_https": "https://pbs.twimg.com/profile_images/1189744926868803584/SueS2of8_normal.jpg",
        "profile_sidebar_fill_color": "C0DFEC",
        "name": "pedro guaita",
        "url": null,
        "default_profile": false,
        "translator_type": "none",
        "profile_text_color": "333333",
        "listed_count": 0,
        "profile_background_image_url": "http://abs.twimg.com/images/themes/theme15/bg.png",
        "following": null,
        "profile_background_tile": false,
        "default_profile_image": false,
        "protected": false,
        "id": 102573768,
        "contributors_enabled": false,
        "geo_enabled": true,
        "utc_offset": null,
        "description": "Hombre/hijo/padre/Abg/derecha",
        "time_zone": null,
        "follow_request_sent": null,
        "favourites_count": 20273,
        "friends_count": 733,
        "verified": false,
        "profile_background_image_url_https": "https://abs.twimg.com/images/themes/theme15/bg.png",
        "id_str": "102573768",
        "statuses_count": 11611,
        "profile_image_url": "http://pbs.twimg.com/profile_images/1189744926868803584/SueS2of8_normal.jpg",
        "notifications": null,
        "location": "Venezuela/brasil/Copiapó Chile",
        "lang": null,
        "profile_use_background_image": true,
        "profile_link_color": "0084B4",
        "profile_banner_url": "https://pbs.twimg.com/profile_banners/102573768/1547515368"
      },
      "quote_count": 0,
      "geo": null,
      "favorite_count": 0,
      "retweet_count": 0,
      "id_str": "1221502089655877635",
      "source": "<a href=\"http://twitter.com/download/android\" rel=\"nofollow\">Twitter for Android</a>",
      "favorited": false,
      "reply_count": 0,
      "timestamp_ms": "1580063767242",
      "lang": "es",
      "quoted_status_permalink": {
        "display": "twitter.com/heraldomunoz/s…",
        "expanded": "https://twitter.com/heraldomunoz/status/1220699647414538242",
        "url": "https://t.co/snXxaHJEhd"
      },
      "in_reply_to_user_id": null,
      "truncated": false,
      "in_reply_to_status_id": null,
      "coordinates": null,
      "quoted_status_id": 1220699647414538242
    },
    {
      "favorite_count": 0,
      "created_at": "Sun Jan 26 18:36:07 +0000 2020",
      "in_reply_to_status_id_str": null,
      "id_str": "1221502090327068675",
      "extended_tweet": {
        "display_text_range": [
          0,
          160
        ],
        "extended_entities": {
          "media": [
            {
              "id_str": "1221502088783548416",
              "id": 1221502088783548416,
              "indices": [
                161,
                184
              ],
              "expanded_url": "https://twitter.com/elpopular_pe/status/1221502090327068675/photo/1",
              "media_url": "http://pbs.twimg.com/media/EPOlrY5XUAA6bT1.jpg",
              "display_url": "pic.twitter.com/219dNHNE1W",
              "type": "photo",
              "media_url_https": "https://pbs.twimg.com/media/EPOlrY5XUAA6bT1.jpg",
              "url": "https://t.co/219dNHNE1W",
              "sizes": {
                "thumb": {
                  "h": 150,
                  "w": 150,
                  "resize": "crop"
                },
                "small": {
                  "h": 465,
                  "w": 620,
                  "resize": "fit"
                },
                "medium": {
                  "h": 465,
                  "w": 620,
                  "resize": "fit"
                },
                "large": {
                  "h": 465,
                  "w": 620,
                  "resize": "fit"
                }
              }
            }
          ]
        },
        "full_text": "#Elecciones2020 Keiko Fujimori tras emitir su voto: “El martes estaré con mi familia a la espera de que la justicia se imponga” | VIDEO ►https://t.co/q4UWcoRnr0 https://t.co/219dNHNE1W",
        "entities": {
          "user_mentions": [],
          "urls": [
            {
              "display_url": "buff.ly/2GrosGk",
              "expanded_url": "https://buff.ly/2GrosGk",
              "indices": [
                137,
                160
              ],
              "url": "https://t.co/q4UWcoRnr0"
            }
          ],
          "hashtags": [
            {
              "indices": [
                0,
                15
              ],
              "text": "Elecciones2020"
            }
          ],
          "media": [
            {
              "id_str": "1221502088783548416",
              "id": 1221502088783548416,
              "indices": [
                161,
                184
              ],
              "expanded_url": "https://twitter.com/elpopular_pe/status/1221502090327068675/photo/1",
              "media_url": "http://pbs.twimg.com/media/EPOlrY5XUAA6bT1.jpg",
              "display_url": "pic.twitter.com/219dNHNE1W",
              "type": "photo",
              "media_url_https": "https://pbs.twimg.com/media/EPOlrY5XUAA6bT1.jpg",
              "url": "https://t.co/219dNHNE1W",
              "sizes": {
                "thumb": {
                  "h": 150,
                  "w": 150,
                  "resize": "crop"
                },
                "small": {
                  "h": 465,
                  "w": 620,
                  "resize": "fit"
                },
                "medium": {
                  "h": 465,
                  "w": 620,
                  "resize": "fit"
                },
                "large": {
                  "h": 465,
                  "w": 620,
                  "resize": "fit"
                }
              }
            }
          ],
          "symbols": []
        }
      },
      "in_reply_to_screen_name": null,
      "place": null,
      "filter_level": "low",
      "retweeted": false,
      "text": "#Elecciones2020 Keiko Fujimori tras emitir su voto: “El martes estaré con mi familia a la espera de que la justicia… https://t.co/35fYHzeD9a",
      "in_reply_to_user_id_str": null,
      "contributors": null,
      "id": 1221502090327068675,
      "user": {
        "profile_sidebar_border_color": "FFFFFF",
        "is_translator": false,
        "screen_name": "elpopular_pe",
        "followers_count": 67908,
        "created_at": "Tue Oct 19 21:23:44 +0000 2010",
        "profile_background_color": "F0DB3E",
        "profile_image_url_https": "https://pbs.twimg.com/profile_images/1156934194779570181/zs7_mNIi_normal.jpg",
        "profile_sidebar_fill_color": "DDEEF6",
        "name": "El Popular",
        "url": "http://www.elpopular.pe/",
        "default_profile": false,
        "translator_type": "none",
        "profile_text_color": "333333",
        "listed_count": 361,
        "profile_background_image_url": "http://abs.twimg.com/images/themes/theme1/bg.png",
        "following": null,
        "profile_background_tile": false,
        "default_profile_image": false,
        "protected": false,
        "id": 204962679,
        "contributors_enabled": false,
        "geo_enabled": true,
        "utc_offset": null,
        "description": "Tu diario El Popular también te informa y entretiene en Twitter. Síguenos y participa de las promociones que tenemos para ti.",
        "time_zone": null,
        "follow_request_sent": null,
        "favourites_count": 256,
        "friends_count": 961,
        "verified": false,
        "profile_background_image_url_https": "https://abs.twimg.com/images/themes/theme1/bg.png",
        "id_str": "204962679",
        "statuses_count": 168819,
        "profile_image_url": "http://pbs.twimg.com/profile_images/1156934194779570181/zs7_mNIi_normal.jpg",
        "notifications": null,
        "location": "Perú",
        "lang": null,
        "profile_use_background_image": true,
        "profile_link_color": "0084B4",
        "profile_banner_url": "https://pbs.twimg.com/profile_banners/204962679/1579298064"
      },
      "display_text_range": [
        0,
        140
      ],
      "quote_count": 0,
      "geo": null,
      "retweet_count": 0,
      "is_quote_status": false,
      "source": "<a href=\"https://buffer.com\" rel=\"nofollow\">Buffer</a>",
      "favorited": false,
      "reply_count": 0,
      "timestamp_ms": "1580063767402",
      "lang": "es",
      "in_reply_to_user_id": null,
      "entities": {
        "user_mentions": [],
        "urls": [
          {
            "display_url": "twitter.com/i/web/status/1…",
            "expanded_url": "https://twitter.com/i/web/status/1221502090327068675",
            "indices": [
              117,
              140
            ],
            "url": "https://t.co/35fYHzeD9a"
          }
        ],
        "hashtags": [
          {
            "indices": [
              0,
              15
            ],
            "text": "Elecciones2020"
          }
        ],
        "symbols": []
      },
      "in_reply_to_status_id": null,
      "coordinates": null,
      "possibly_sensitive": false,
      "truncated": true
    },
    {
      "favorite_count": 0,
      "created_at": "Sun Jan 26 18:36:07 +0000 2020",
      "in_reply_to_status_id_str": null,
      "id_str": "1221502091220455425",
      "in_reply_to_screen_name": null,
      "place": null,
      "filter_level": "low",
      "retweeted_status": {
        "favorite_count": 1012,
        "created_at": "Sun Jan 26 06:25:57 +0000 2020",
        "in_reply_to_status_id_str": null,
        "id_str": "1221318337524830208",
        "extended_tweet": {
          "display_text_range": [
            0,
            147
          ],
          "full_text": "|￣￣￣￣￣￣￣￣￣￣￣|\n|    MARTHA CHÁVEZ     |\n|           NUNCA MÁS        |\n|＿＿＿＿＿＿＿＿＿＿＿| \n             (\\__/) ||\n             (•ㅅ•) ||\n            / 　 づ",
          "entities": {
            "user_mentions": [],
            "urls": [],
            "hashtags": [],
            "symbols": []
          }
        },
        "in_reply_to_screen_name": null,
        "place": null,
        "filter_level": "low",
        "retweeted": false,
        "text": "|￣￣￣￣￣￣￣￣￣￣￣|\n|    MARTHA CHÁVEZ     |\n|           NUNCA MÁS        |\n|＿＿＿＿＿＿＿＿＿＿＿| \n             (\\__/) ||… https://t.co/6gNXGVxf4J",
        "in_reply_to_user_id_str": null,
        "contributors": null,
        "id": 1221318337524830208,
        "user": {
          "profile_sidebar_border_color": "C0DEED",
          "is_translator": false,
          "screen_name": "displicente_98",
          "followers_count": 736,
          "created_at": "Mon Sep 17 18:17:18 +0000 2018",
          "profile_background_color": "F5F8FA",
          "profile_image_url_https": "https://pbs.twimg.com/profile_images/1211196597910016000/9FH5-FRc_normal.jpg",
          "profile_sidebar_fill_color": "DDEEF6",
          "name": "Renato 🇵🇪",
          "url": null,
          "default_profile": true,
          "translator_type": "none",
          "profile_text_color": "333333",
          "listed_count": 1,
          "profile_background_image_url": "",
          "following": null,
          "profile_background_tile": false,
          "default_profile_image": false,
          "protected": false,
          "id": 1041752971913166848,
          "contributors_enabled": false,
          "geo_enabled": true,
          "utc_offset": null,
          "description": "Amante de la política / Ingeniería / PUCP / Fan de Marvel",
          "time_zone": null,
          "follow_request_sent": null,
          "favourites_count": 37163,
          "friends_count": 794,
          "verified": false,
          "profile_background_image_url_https": "",
          "id_str": "1041752971913166848",
          "statuses_count": 20139,
          "profile_image_url": "http://pbs.twimg.com/profile_images/1211196597910016000/9FH5-FRc_normal.jpg",
          "notifications": null,
          "location": "Miraflores, Peru",
          "lang": null,
          "profile_use_background_image": true,
          "profile_link_color": "1DA1F2",
          "profile_banner_url": "https://pbs.twimg.com/profile_banners/1041752971913166848/1578435744"
        },
        "quote_count": 9,
        "geo": null,
        "coordinates": null,
        "is_quote_status": false,
        "source": "<a href=\"http://twitter.com/download/android\" rel=\"nofollow\">Twitter for Android</a>",
        "favorited": false,
        "reply_count": 18,
        "lang": "es",
        "in_reply_to_user_id": null,
        "entities": {
          "user_mentions": [],
          "urls": [
            {
              "display_url": "twitter.com/i/web/status/1…",
              "expanded_url": "https://twitter.com/i/web/status/1221318337524830208",
              "indices": [
                109,
                132
              ],
              "url": "https://t.co/6gNXGVxf4J"
            }
          ],
          "hashtags": [],
          "symbols": []
        },
        "in_reply_to_status_id": null,
        "retweet_count": 428,
        "truncated": true
      },
      "retweeted": false,
      "text": "RT @displicente_98: |￣￣￣￣￣￣￣￣￣￣￣|\n|    MARTHA CHÁVEZ     |\n|           NUNCA MÁS        |\n|＿＿＿＿＿＿＿＿＿＿＿| \n             (\\__/) ||…",
      "in_reply_to_user_id_str": null,
      "contributors": null,
      "id": 1221502091220455425,
      "user": {
        "profile_sidebar_border_color": "BDDCAD",
        "is_translator": false,
        "screen_name": "Jonkatan",
        "followers_count": 1123,
        "created_at": "Fri Mar 27 14:45:48 +0000 2009",
        "profile_background_color": "9AE4E8",
        "profile_image_url_https": "https://pbs.twimg.com/profile_images/954200803018969089/dfdsZvwn_normal.jpg",
        "profile_sidebar_fill_color": "DDFFCC",
        "name": "Jonkatan",
        "url": null,
        "default_profile": false,
        "translator_type": "none",
        "profile_text_color": "333333",
        "listed_count": 22,
        "profile_background_image_url": "http://abs.twimg.com/images/themes/theme1/bg.png",
        "following": null,
        "profile_background_tile": true,
        "default_profile_image": false,
        "protected": false,
        "id": 27017592,
        "contributors_enabled": false,
        "geo_enabled": true,
        "utc_offset": null,
        "description": "The world spins madly on / Hincha de Radiohead, Leusemia y Pink Floyd /",
        "time_zone": null,
        "follow_request_sent": null,
        "favourites_count": 4148,
        "friends_count": 1297,
        "verified": false,
        "profile_background_image_url_https": "https://abs.twimg.com/images/themes/theme1/bg.png",
        "id_str": "27017592",
        "statuses_count": 58953,
        "profile_image_url": "http://pbs.twimg.com/profile_images/954200803018969089/dfdsZvwn_normal.jpg",
        "notifications": null,
        "location": "Lima, Peru ",
        "lang": null,
        "profile_use_background_image": true,
        "profile_link_color": "0084B4",
        "profile_banner_url": "https://pbs.twimg.com/profile_banners/27017592/1352496190"
      },
      "quote_count": 0,
      "geo": null,
      "coordinates": null,
      "is_quote_status": false,
      "source": "<a href=\"http://twitter.com/download/android\" rel=\"nofollow\">Twitter for Android</a>",
      "favorited": false,
      "reply_count": 0,
      "timestamp_ms": "1580063767615",
      "lang": "es",
      "in_reply_to_user_id": null,
      "entities": {
        "user_mentions": [
          {
            "id_str": "1041752971913166848",
            "id": 1041752971913166848,
            "indices": [
              3,
              18
            ],
            "screen_name": "displicente_98",
            "name": "Renato 🇵🇪"
          }
        ],
        "urls": [],
        "hashtags": [],
        "symbols": []
      },
      "in_reply_to_status_id": null,
      "retweet_count": 0,
      "truncated": false
    },
    {
      "favorite_count": 0,
      "created_at": "Sun Jan 26 18:36:08 +0000 2020",
      "in_reply_to_status_id_str": null,
      "id_str": "1221502095427358721",
      "in_reply_to_screen_name": null,
      "place": null,
      "filter_level": "low",
      "retweeted_status": {
        "favorite_count": 1,
        "created_at": "Sun Jan 26 18:28:53 +0000 2020",
        "in_reply_to_status_id_str": null,
        "id_str": "1221500270024241152",
        "extended_tweet": {
          "display_text_range": [
            0,
            165
          ],
          "full_text": "Carajo al parecer la flaca que solo tiene unos años como militante de acción popular será congresista esa huevona se va alinear donde mejor le convenga. Mal con todo",
          "entities": {
            "user_mentions": [],
            "urls": [],
            "hashtags": [],
            "symbols": []
          }
        },
        "in_reply_to_screen_name": null,
        "place": null,
        "filter_level": "low",
        "retweeted": false,
        "text": "Carajo al parecer la flaca que solo tiene unos años como militante de acción popular será congresista esa huevona s… https://t.co/jSkaahWbgA",
        "in_reply_to_user_id_str": null,
        "contributors": null,
        "id": 1221500270024241152,
        "user": {
          "profile_sidebar_border_color": "EEEEEE",
          "is_translator": false,
          "screen_name": "_MELOW",
          "followers_count": 1028,
          "created_at": "Tue Nov 18 21:19:17 +0000 2008",
          "profile_background_color": "131516",
          "profile_image_url_https": "https://pbs.twimg.com/profile_images/562728425991860224/NxKgutnJ_normal.jpeg",
          "profile_sidebar_fill_color": "EFEFEF",
          "name": "La chica YeYe",
          "url": null,
          "default_profile": false,
          "translator_type": "regular",
          "profile_text_color": "333333",
          "listed_count": 19,
          "profile_background_image_url": "http://abs.twimg.com/images/themes/theme14/bg.gif",
          "following": null,
          "profile_background_tile": true,
          "default_profile_image": false,
          "protected": false,
          "id": 17471781,
          "contributors_enabled": false,
          "geo_enabled": true,
          "utc_offset": null,
          "description": "Un día mi Mamá me dijo que las señoritas no salen de noche.\r\nA veces hamster, a veces humano.   \r\n\r\n\r\nQuien dice que el amor debe ser tierno y suave...",
          "time_zone": null,
          "follow_request_sent": null,
          "favourites_count": 2009,
          "friends_count": 695,
          "verified": false,
          "profile_background_image_url_https": "https://abs.twimg.com/images/themes/theme14/bg.gif",
          "id_str": "17471781",
          "statuses_count": 107218,
          "profile_image_url": "http://pbs.twimg.com/profile_images/562728425991860224/NxKgutnJ_normal.jpeg",
          "notifications": null,
          "location": "lima peru",
          "lang": null,
          "profile_use_background_image": true,
          "profile_link_color": "009999",
          "profile_banner_url": "https://pbs.twimg.com/profile_banners/17471781/1422999251"
        },
        "quote_count": 0,
        "geo": null,
        "coordinates": null,
        "is_quote_status": false,
        "source": "<a href=\"http://twitter.com/download/android\" rel=\"nofollow\">Twitter for Android</a>",
        "favorited": false,
        "reply_count": 1,
        "lang": "es",
        "in_reply_to_user_id": null,
        "entities": {
          "user_mentions": [],
          "urls": [
            {
              "display_url": "twitter.com/i/web/status/1…",
              "expanded_url": "https://twitter.com/i/web/status/1221500270024241152",
              "indices": [
                117,
                140
              ],
              "url": "https://t.co/jSkaahWbgA"
            }
          ],
          "hashtags": [],
          "symbols": []
        },
        "in_reply_to_status_id": null,
        "retweet_count": 1,
        "truncated": true
      },
      "retweeted": false,
      "text": "RT @_MELOW: Carajo al parecer la flaca que solo tiene unos años como militante de acción popular será congresista esa huevona se va alinear…",
      "in_reply_to_user_id_str": null,
      "contributors": null,
      "id": 1221502095427358721,
      "user": {
        "profile_sidebar_border_color": "FFFFFF",
        "is_translator": false,
        "screen_name": "ssaenzb",
        "followers_count": 1981,
        "created_at": "Fri Nov 28 04:05:15 +0000 2008",
        "profile_background_color": "3C94D9",
        "profile_image_url_https": "https://pbs.twimg.com/profile_images/1049317331120402437/p2NNZVNN_normal.jpg",
        "profile_sidebar_fill_color": "DAECF4",
        "name": "Stephany Saenz",
        "url": "http://bit.ly/ssaenzb",
        "default_profile": false,
        "translator_type": "none",
        "profile_text_color": "663B12",
        "listed_count": 62,
        "profile_background_image_url": "http://abs.twimg.com/images/themes/theme2/bg.gif",
        "following": null,
        "profile_background_tile": false,
        "default_profile_image": false,
        "protected": false,
        "id": 17698458,
        "contributors_enabled": false,
        "geo_enabled": true,
        "utc_offset": null,
        "description": "Opiniones personales en este TL Periodista y ailurofílica🐱. Período de pausa",
        "time_zone": null,
        "follow_request_sent": null,
        "favourites_count": 105044,
        "friends_count": 3010,
        "verified": false,
        "profile_background_image_url_https": "https://abs.twimg.com/images/themes/theme2/bg.gif",
        "id_str": "17698458",
        "statuses_count": 132499,
        "profile_image_url": "http://pbs.twimg.com/profile_images/1049317331120402437/p2NNZVNN_normal.jpg",
        "notifications": null,
        "location": "Planeta Tierra",
        "lang": null,
        "profile_use_background_image": true,
        "profile_link_color": "981CEB",
        "profile_banner_url": "https://pbs.twimg.com/profile_banners/17698458/1539012919"
      },
      "quote_count": 0,
      "geo": null,
      "coordinates": null,
      "is_quote_status": false,
      "source": "<a href=\"http://twitter.com/download/android\" rel=\"nofollow\">Twitter for Android</a>",
      "favorited": false,
      "reply_count": 0,
      "timestamp_ms": "1580063768618",
      "lang": "es",
      "in_reply_to_user_id": null,
      "entities": {
        "user_mentions": [
          {
            "id_str": "17471781",
            "id": 17471781,
            "indices": [
              3,
              10
            ],
            "screen_name": "_MELOW",
            "name": "La chica YeYe"
          }
        ],
        "urls": [],
        "hashtags": [],
        "symbols": []
      },
      "in_reply_to_status_id": null,
      "retweet_count": 0,
      "truncated": false
    },
    {
      "favorite_count": 0,
      "created_at": "Sun Jan 26 18:36:10 +0000 2020",
      "in_reply_to_status_id_str": "1221500004784836608",
      "id_str": "1221502102045974531",
      "in_reply_to_screen_name": "Renzoiban",
      "place": null,
      "filter_level": "low",
      "retweeted": false,
      "text": "@Renzoiban Ya vote x 6 y el 1 del Apra, suerte, y hagan las cosas bien, al menos confío en uds. No nos defrauden",
      "in_reply_to_user_id_str": "252040220",
      "contributors": null,
      "id": 1221502102045974531,
      "user": {
        "profile_sidebar_border_color": "C0DEED",
        "is_translator": false,
        "screen_name": "JuradoMagder",
        "followers_count": 19,
        "created_at": "Tue Jun 11 15:14:40 +0000 2019",
        "profile_background_color": "F5F8FA",
        "profile_image_url_https": "https://pbs.twimg.com/profile_images/1211478720365527040/_rx5Hjt-_normal.jpg",
        "profile_sidebar_fill_color": "DDEEF6",
        "name": "MJG",
        "url": null,
        "default_profile": true,
        "translator_type": "none",
        "profile_text_color": "333333",
        "listed_count": 0,
        "profile_background_image_url": "",
        "following": null,
        "profile_background_tile": false,
        "protected": false,
        "id": 1138464572128387072,
        "contributors_enabled": false,
        "geo_enabled": false,
        "utc_offset": null,
        "description": "CREMA DE CORAZON",
        "time_zone": null,
        "follow_request_sent": null,
        "favourites_count": 483,
        "friends_count": 73,
        "verified": false,
        "profile_background_image_url_https": "",
        "id_str": "1138464572128387072",
        "statuses_count": 532,
        "profile_image_url": "http://pbs.twimg.com/profile_images/1211478720365527040/_rx5Hjt-_normal.jpg",
        "notifications": null,
        "location": null,
        "lang": null,
        "profile_use_background_image": true,
        "profile_link_color": "1DA1F2",
        "default_profile_image": false
      },
      "display_text_range": [
        11,
        112
      ],
      "quote_count": 0,
      "geo": null,
      "coordinates": null,
      "is_quote_status": false,
      "source": "<a href=\"http://twitter.com/download/android\" rel=\"nofollow\">Twitter for Android</a>",
      "favorited": false,
      "reply_count": 0,
      "timestamp_ms": "1580063770196",
      "lang": "es",
      "in_reply_to_user_id": 252040220,
      "entities": {
        "user_mentions": [
          {
            "id_str": "252040220",
            "id": 252040220,
            "indices": [
              0,
              10
            ],
            "screen_name": "Renzoiban",
            "name": "Renzo Ibáñez"
          }
        ],
        "urls": [],
        "hashtags": [],
        "symbols": []
      },
      "in_reply_to_status_id": 1221500004784836608,
      "retweet_count": 0,
      "truncated": false
    },
    {
      "favorite_count": 0,
      "created_at": "Sun Jan 26 18:36:10 +0000 2020",
      "in_reply_to_status_id_str": null,
      "id_str": "1221502104306622465",
      "in_reply_to_screen_name": null,
      "place": null,
      "filter_level": "low",
      "retweeted_status": {
        "favorite_count": 469,
        "created_at": "Sun Jan 26 14:59:20 +0000 2020",
        "in_reply_to_status_id_str": null,
        "id_str": "1221447534771609601",
        "extended_tweet": {
          "display_text_range": [
            0,
            262
          ],
          "full_text": "La Fiscalía General de Bolivia amplía a Uruguay la investigación por los pagos a Podemos. \n\nExisten sospechas de que desde feudos controlados por el Frente Amplio de Tabaré Vazquez pudo haberse destinado dinero a la estructura de Podemos. https://t.co/UPRzuTl9A1",
          "entities": {
            "user_mentions": [],
            "urls": [
              {
                "display_url": "okdiario.com/espana/fiscali…",
                "expanded_url": "https://okdiario.com/espana/fiscalia-general-bolivia-amplia-uruguay-investigacion-pagos-podemos-5080912",
                "indices": [
                  239,
                  262
                ],
                "url": "https://t.co/UPRzuTl9A1"
              }
            ],
            "hashtags": [],
            "symbols": []
          }
        },
        "in_reply_to_screen_name": null,
        "place": null,
        "filter_level": "low",
        "retweeted": false,
        "text": "La Fiscalía General de Bolivia amplía a Uruguay la investigación por los pagos a Podemos. \n\nExisten sospechas de qu… https://t.co/uH94Inyw7a",
        "in_reply_to_user_id_str": null,
        "contributors": null,
        "id": 1221447534771609601,
        "user": {
          "profile_sidebar_border_color": "000000",
          "is_translator": false,
          "screen_name": "maibortpetit",
          "followers_count": 421697,
          "created_at": "Fri Oct 09 21:04:28 +0000 2009",
          "profile_background_color": "ABB8C2",
          "profile_image_url_https": "https://pbs.twimg.com/profile_images/1140687715371048962/n9Itt72j_normal.jpg",
          "profile_sidebar_fill_color": "000000",
          "name": "Maibort Petit",
          "url": "https://maibortpetit.blogspot.com",
          "default_profile": false,
          "translator_type": "none",
          "profile_text_color": "000000",
          "listed_count": 1324,
          "profile_background_image_url": "http://abs.twimg.com/images/themes/theme19/bg.gif",
          "following": null,
          "profile_background_tile": false,
          "default_profile_image": false,
          "protected": false,
          "id": 81202321,
          "contributors_enabled": false,
          "geo_enabled": true,
          "utc_offset": null,
          "description": "Periodista Investigadora, especializada en corrupción, narcotráfico y lavado de dinero. Escritora. IG: http://instagram.com/maibortpetit/",
          "time_zone": null,
          "follow_request_sent": null,
          "favourites_count": 2620,
          "friends_count": 3189,
          "verified": false,
          "profile_background_image_url_https": "https://abs.twimg.com/images/themes/theme19/bg.gif",
          "id_str": "81202321",
          "statuses_count": 131904,
          "profile_image_url": "http://pbs.twimg.com/profile_images/1140687715371048962/n9Itt72j_normal.jpg",
          "notifications": null,
          "location": "United States",
          "lang": null,
          "profile_use_background_image": true,
          "profile_link_color": "111111",
          "profile_banner_url": "https://pbs.twimg.com/profile_banners/81202321/1560795081"
        },
        "quote_count": 13,
        "geo": null,
        "coordinates": null,
        "is_quote_status": false,
        "source": "<a href=\"http://twitter.com/download/iphone\" rel=\"nofollow\">Twitter for iPhone</a>",
        "favorited": false,
        "reply_count": 19,
        "lang": "es",
        "in_reply_to_user_id": null,
        "entities": {
          "user_mentions": [],
          "urls": [
            {
              "display_url": "twitter.com/i/web/status/1…",
              "expanded_url": "https://twitter.com/i/web/status/1221447534771609601",
              "indices": [
                117,
                140
              ],
              "url": "https://t.co/uH94Inyw7a"
            }
          ],
          "hashtags": [],
          "symbols": []
        },
        "in_reply_to_status_id": null,
        "retweet_count": 806,
        "possibly_sensitive": false,
        "truncated": true
      },
      "retweeted": false,
      "text": "RT @maibortpetit: La Fiscalía General de Bolivia amplía a Uruguay la investigación por los pagos a Podemos. \n\nExisten sospechas de que desd…",
      "in_reply_to_user_id_str": null,
      "contributors": null,
      "id": 1221502104306622465,
      "user": {
        "profile_sidebar_border_color": "C0DEED",
        "is_translator": false,
        "screen_name": "marliperd",
        "followers_count": 302,
        "created_at": "Fri Jun 25 15:23:49 +0000 2010",
        "profile_background_color": "C0DEED",
        "profile_image_url_https": "https://pbs.twimg.com/profile_images/903634223394947072/P335oFNk_normal.jpg",
        "profile_sidebar_fill_color": "DDEEF6",
        "name": "MarliPerd",
        "url": null,
        "default_profile": true,
        "translator_type": "none",
        "profile_text_color": "333333",
        "listed_count": 5,
        "profile_background_image_url": "http://abs.twimg.com/images/themes/theme1/bg.png",
        "following": null,
        "profile_background_tile": false,
        "protected": false,
        "id": 159504943,
        "contributors_enabled": false,
        "geo_enabled": true,
        "utc_offset": null,
        "description": "me gusta la libertad más no el libertinaje,soy aprendiz de la vida y el arte es mi pasion",
        "time_zone": null,
        "follow_request_sent": null,
        "favourites_count": 371,
        "friends_count": 1550,
        "verified": false,
        "profile_background_image_url_https": "https://abs.twimg.com/images/themes/theme1/bg.png",
        "id_str": "159504943",
        "statuses_count": 36629,
        "profile_image_url": "http://pbs.twimg.com/profile_images/903634223394947072/P335oFNk_normal.jpg",
        "notifications": null,
        "location": null,
        "lang": null,
        "profile_use_background_image": true,
        "profile_link_color": "1DA1F2",
        "default_profile_image": false
      },
      "quote_count": 0,
      "geo": null,
      "coordinates": null,
      "is_quote_status": false,
      "source": "<a href=\"http://twitter.com/download/android\" rel=\"nofollow\">Twitter for Android</a>",
      "favorited": false,
      "reply_count": 0,
      "timestamp_ms": "1580063770735",
      "lang": "es",
      "in_reply_to_user_id": null,
      "entities": {
        "user_mentions": [
          {
            "id_str": "81202321",
            "id": 81202321,
            "indices": [
              3,
              16
            ],
            "screen_name": "maibortpetit",
            "name": "Maibort Petit"
          }
        ],
        "urls": [],
        "hashtags": [],
        "symbols": []
      },
      "in_reply_to_status_id": null,
      "retweet_count": 0,
      "truncated": false
    },
    {
      "quoted_status_id_str": "1221448320393986049",
      "quoted_status": {
        "favorite_count": 7,
        "created_at": "Sun Jan 26 15:02:27 +0000 2020",
        "in_reply_to_status_id_str": null,
        "id_str": "1221448320393986049",
        "extended_tweet": {
          "display_text_range": [
            0,
            201
          ],
          "extended_entities": {
            "media": [
              {
                "id_str": "1221448318133227522",
                "id": 1221448318133227522,
                "indices": [
                  202,
                  225
                ],
                "expanded_url": "https://twitter.com/Cdte_Gal_/status/1221448320393986049/photo/1",
                "media_url": "http://pbs.twimg.com/media/EPN0xhnUUAIm_CL.jpg",
                "display_url": "pic.twitter.com/Gayrw5c4Cc",
                "type": "photo",
                "media_url_https": "https://pbs.twimg.com/media/EPN0xhnUUAIm_CL.jpg",
                "url": "https://t.co/Gayrw5c4Cc",
                "sizes": {
                  "thumb": {
                    "h": 150,
                    "w": 150,
                    "resize": "crop"
                  },
                  "small": {
                    "h": 459,
                    "w": 631,
                    "resize": "fit"
                  },
                  "medium": {
                    "h": 459,
                    "w": 631,
                    "resize": "fit"
                  },
                  "large": {
                    "h": 459,
                    "w": 631,
                    "resize": "fit"
                  }
                }
              }
            ]
          },
          "full_text": "Y cómo decían que estábamos muertos !!!\nEl Fujimorismo (por convicción) más FUERTE QUE NUNCA !!!\nCc @albertofujimori @KeikoFujimori @hectorbecerrilr @mili_Brujita @Giberita @MarthaChavezC @amerinoreyna https://t.co/Gayrw5c4Cc",
          "entities": {
            "user_mentions": [
              {
                "id_str": "66017025",
                "id": 66017025,
                "indices": [
                  100,
                  116
                ],
                "screen_name": "albertofujimori",
                "name": "Alberto Fujimori Fujimori"
              },
              {
                "id_str": "53189543",
                "id": 53189543,
                "indices": [
                  117,
                  131
                ],
                "screen_name": "KeikoFujimori",
                "name": "Keiko Fujimori"
              },
              {
                "id_str": "525822471",
                "id": 525822471,
                "indices": [
                  132,
                  148
                ],
                "screen_name": "hectorbecerrilr",
                "name": "HÉCTOR BECERRIL R."
              },
              {
                "id_str": "3083442007",
                "id": 3083442007,
                "indices": [
                  149,
                  162
                ],
                "screen_name": "mili_Brujita",
                "name": "Militt♏ Brujita🔮😘"
              },
              {
                "id_str": "2211772758",
                "id": 2211772758,
                "indices": [
                  163,
                  172
                ],
                "screen_name": "Giberita",
                "name": "♑ KAREN G ♕"
              },
              {
                "id_str": "240551153",
                "id": 240551153,
                "indices": [
                  173,
                  187
                ],
                "screen_name": "MarthaChavezC",
                "name": "Martha Chávez Cossío"
              },
              {
                "id_str": "392511116",
                "id": 392511116,
                "indices": [
                  188,
                  201
                ],
                "screen_name": "amerinoreyna",
                "name": "Amador Merino Reyna"
              }
            ],
            "urls": [],
            "hashtags": [],
            "media": [
              {
                "id_str": "1221448318133227522",
                "id": 1221448318133227522,
                "indices": [
                  202,
                  225
                ],
                "expanded_url": "https://twitter.com/Cdte_Gal_/status/1221448320393986049/photo/1",
                "media_url": "http://pbs.twimg.com/media/EPN0xhnUUAIm_CL.jpg",
                "display_url": "pic.twitter.com/Gayrw5c4Cc",
                "type": "photo",
                "media_url_https": "https://pbs.twimg.com/media/EPN0xhnUUAIm_CL.jpg",
                "url": "https://t.co/Gayrw5c4Cc",
                "sizes": {
                  "thumb": {
                    "h": 150,
                    "w": 150,
                    "resize": "crop"
                  },
                  "small": {
                    "h": 459,
                    "w": 631,
                    "resize": "fit"
                  },
                  "medium": {
                    "h": 459,
                    "w": 631,
                    "resize": "fit"
                  },
                  "large": {
                    "h": 459,
                    "w": 631,
                    "resize": "fit"
                  }
                }
              }
            ],
            "symbols": []
          }
        },
        "in_reply_to_screen_name": null,
        "place": null,
        "filter_level": "low",
        "retweeted": false,
        "text": "Y cómo decían que estábamos muertos !!!\nEl Fujimorismo (por convicción) más FUERTE QUE NUNCA !!!\nCc… https://t.co/SuelRKOUS9",
        "in_reply_to_user_id_str": null,
        "contributors": null,
        "id": 1221448320393986049,
        "user": {
          "profile_sidebar_border_color": "C0DEED",
          "is_translator": false,
          "screen_name": "Cdte_Gal_",
          "followers_count": 864,
          "created_at": "Mon May 10 19:16:20 +0000 2010",
          "profile_background_color": "C0DEED",
          "profile_image_url_https": "https://pbs.twimg.com/profile_images/1090451850459938817/1TEDQVnd_normal.jpg",
          "profile_sidebar_fill_color": "DDEEF6",
          "name": "Io_Gal_",
          "url": null,
          "default_profile": true,
          "translator_type": "none",
          "profile_text_color": "333333",
          "listed_count": 0,
          "profile_background_image_url": "http://abs.twimg.com/images/themes/theme1/bg.png",
          "following": null,
          "profile_background_tile": false,
          "default_profile_image": false,
          "protected": false,
          "id": 142388828,
          "contributors_enabled": false,
          "geo_enabled": false,
          "utc_offset": null,
          "description": "Médico. Natural killer y fagocito de IDL, caviares, proterrucos, rojos y parásitos afines. Juntos por un Perú sin estas lacras. Rock ochentero.",
          "time_zone": null,
          "follow_request_sent": null,
          "favourites_count": 134306,
          "friends_count": 890,
          "verified": false,
          "profile_background_image_url_https": "https://abs.twimg.com/images/themes/theme1/bg.png",
          "id_str": "142388828",
          "statuses_count": 53872,
          "profile_image_url": "http://pbs.twimg.com/profile_images/1090451850459938817/1TEDQVnd_normal.jpg",
          "notifications": null,
          "location": "Perú",
          "lang": null,
          "profile_use_background_image": true,
          "profile_link_color": "1DA1F2",
          "profile_banner_url": "https://pbs.twimg.com/profile_banners/142388828/1548819406"
        },
        "display_text_range": [
          0,
          140
        ],
        "quote_count": 1,
        "geo": null,
        "retweet_count": 3,
        "is_quote_status": false,
        "source": "<a href=\"http://twitter.com/download/android\" rel=\"nofollow\">Twitter for Android</a>",
        "favorited": false,
        "reply_count": 1,
        "lang": "es",
        "in_reply_to_user_id": null,
        "entities": {
          "user_mentions": [],
          "urls": [
            {
              "display_url": "twitter.com/i/web/status/1…",
              "expanded_url": "https://twitter.com/i/web/status/1221448320393986049",
              "indices": [
                101,
                124
              ],
              "url": "https://t.co/SuelRKOUS9"
            }
          ],
          "hashtags": [],
          "symbols": []
        },
        "in_reply_to_status_id": null,
        "coordinates": null,
        "possibly_sensitive": false,
        "truncated": true
      },
      "is_quote_status": true,
      "created_at": "Sun Jan 26 18:36:11 +0000 2020",
      "entities": {
        "user_mentions": [
          {
            "id_str": "3083442007",
            "id": 3083442007,
            "indices": [
              3,
              16
            ],
            "screen_name": "mili_Brujita",
            "name": "Militt♏ Brujita🔮😘"
          }
        ],
        "urls": [],
        "hashtags": [
          {
            "indices": [
              18,
              33
            ],
            "text": "VamosKonFuerza"
          }
        ],
        "symbols": []
      },
      "in_reply_to_status_id_str": null,
      "filter_level": "low",
      "in_reply_to_screen_name": null,
      "place": null,
      "retweeted_status": {
        "quoted_status_id_str": "1221448320393986049",
        "quoted_status": {
          "favorite_count": 7,
          "created_at": "Sun Jan 26 15:02:27 +0000 2020",
          "in_reply_to_status_id_str": null,
          "id_str": "1221448320393986049",
          "extended_tweet": {
            "display_text_range": [
              0,
              201
            ],
            "extended_entities": {
              "media": [
                {
                  "id_str": "1221448318133227522",
                  "id": 1221448318133227522,
                  "indices": [
                    202,
                    225
                  ],
                  "expanded_url": "https://twitter.com/Cdte_Gal_/status/1221448320393986049/photo/1",
                  "media_url": "http://pbs.twimg.com/media/EPN0xhnUUAIm_CL.jpg",
                  "display_url": "pic.twitter.com/Gayrw5c4Cc",
                  "type": "photo",
                  "media_url_https": "https://pbs.twimg.com/media/EPN0xhnUUAIm_CL.jpg",
                  "url": "https://t.co/Gayrw5c4Cc",
                  "sizes": {
                    "thumb": {
                      "h": 150,
                      "w": 150,
                      "resize": "crop"
                    },
                    "small": {
                      "h": 459,
                      "w": 631,
                      "resize": "fit"
                    },
                    "medium": {
                      "h": 459,
                      "w": 631,
                      "resize": "fit"
                    },
                    "large": {
                      "h": 459,
                      "w": 631,
                      "resize": "fit"
                    }
                  }
                }
              ]
            },
            "full_text": "Y cómo decían que estábamos muertos !!!\nEl Fujimorismo (por convicción) más FUERTE QUE NUNCA !!!\nCc @albertofujimori @KeikoFujimori @hectorbecerrilr @mili_Brujita @Giberita @MarthaChavezC @amerinoreyna https://t.co/Gayrw5c4Cc",
            "entities": {
              "user_mentions": [
                {
                  "id_str": "66017025",
                  "id": 66017025,
                  "indices": [
                    100,
                    116
                  ],
                  "screen_name": "albertofujimori",
                  "name": "Alberto Fujimori Fujimori"
                },
                {
                  "id_str": "53189543",
                  "id": 53189543,
                  "indices": [
                    117,
                    131
                  ],
                  "screen_name": "KeikoFujimori",
                  "name": "Keiko Fujimori"
                },
                {
                  "id_str": "525822471",
                  "id": 525822471,
                  "indices": [
                    132,
                    148
                  ],
                  "screen_name": "hectorbecerrilr",
                  "name": "HÉCTOR BECERRIL R."
                },
                {
                  "id_str": "3083442007",
                  "id": 3083442007,
                  "indices": [
                    149,
                    162
                  ],
                  "screen_name": "mili_Brujita",
                  "name": "Militt♏ Brujita🔮😘"
                },
                {
                  "id_str": "2211772758",
                  "id": 2211772758,
                  "indices": [
                    163,
                    172
                  ],
                  "screen_name": "Giberita",
                  "name": "♑ KAREN G ♕"
                },
                {
                  "id_str": "240551153",
                  "id": 240551153,
                  "indices": [
                    173,
                    187
                  ],
                  "screen_name": "MarthaChavezC",
                  "name": "Martha Chávez Cossío"
                },
                {
                  "id_str": "392511116",
                  "id": 392511116,
                  "indices": [
                    188,
                    201
                  ],
                  "screen_name": "amerinoreyna",
                  "name": "Amador Merino Reyna"
                }
              ],
              "urls": [],
              "hashtags": [],
              "media": [
                {
                  "id_str": "1221448318133227522",
                  "id": 1221448318133227522,
                  "indices": [
                    202,
                    225
                  ],
                  "expanded_url": "https://twitter.com/Cdte_Gal_/status/1221448320393986049/photo/1",
                  "media_url": "http://pbs.twimg.com/media/EPN0xhnUUAIm_CL.jpg",
                  "display_url": "pic.twitter.com/Gayrw5c4Cc",
                  "type": "photo",
                  "media_url_https": "https://pbs.twimg.com/media/EPN0xhnUUAIm_CL.jpg",
                  "url": "https://t.co/Gayrw5c4Cc",
                  "sizes": {
                    "thumb": {
                      "h": 150,
                      "w": 150,
                      "resize": "crop"
                    },
                    "small": {
                      "h": 459,
                      "w": 631,
                      "resize": "fit"
                    },
                    "medium": {
                      "h": 459,
                      "w": 631,
                      "resize": "fit"
                    },
                    "large": {
                      "h": 459,
                      "w": 631,
                      "resize": "fit"
                    }
                  }
                }
              ],
              "symbols": []
            }
          },
          "in_reply_to_screen_name": null,
          "place": null,
          "filter_level": "low",
          "retweeted": false,
          "text": "Y cómo decían que estábamos muertos !!!\nEl Fujimorismo (por convicción) más FUERTE QUE NUNCA !!!\nCc… https://t.co/SuelRKOUS9",
          "in_reply_to_user_id_str": null,
          "contributors": null,
          "id": 1221448320393986049,
          "user": {
            "profile_sidebar_border_color": "C0DEED",
            "is_translator": false,
            "screen_name": "Cdte_Gal_",
            "followers_count": 864,
            "created_at": "Mon May 10 19:16:20 +0000 2010",
            "profile_background_color": "C0DEED",
            "profile_image_url_https": "https://pbs.twimg.com/profile_images/1090451850459938817/1TEDQVnd_normal.jpg",
            "profile_sidebar_fill_color": "DDEEF6",
            "name": "Io_Gal_",
            "url": null,
            "default_profile": true,
            "translator_type": "none",
            "profile_text_color": "333333",
            "listed_count": 0,
            "profile_background_image_url": "http://abs.twimg.com/images/themes/theme1/bg.png",
            "following": null,
            "profile_background_tile": false,
            "default_profile_image": false,
            "protected": false,
            "id": 142388828,
            "contributors_enabled": false,
            "geo_enabled": false,
            "utc_offset": null,
            "description": "Médico. Natural killer y fagocito de IDL, caviares, proterrucos, rojos y parásitos afines. Juntos por un Perú sin estas lacras. Rock ochentero.",
            "time_zone": null,
            "follow_request_sent": null,
            "favourites_count": 134306,
            "friends_count": 890,
            "verified": false,
            "profile_background_image_url_https": "https://abs.twimg.com/images/themes/theme1/bg.png",
            "id_str": "142388828",
            "statuses_count": 53872,
            "profile_image_url": "http://pbs.twimg.com/profile_images/1090451850459938817/1TEDQVnd_normal.jpg",
            "notifications": null,
            "location": "Perú",
            "lang": null,
            "profile_use_background_image": true,
            "profile_link_color": "1DA1F2",
            "profile_banner_url": "https://pbs.twimg.com/profile_banners/142388828/1548819406"
          },
          "display_text_range": [
            0,
            140
          ],
          "quote_count": 1,
          "geo": null,
          "retweet_count": 3,
          "is_quote_status": false,
          "source": "<a href=\"http://twitter.com/download/android\" rel=\"nofollow\">Twitter for Android</a>",
          "favorited": false,
          "reply_count": 1,
          "lang": "es",
          "in_reply_to_user_id": null,
          "entities": {
            "user_mentions": [],
            "urls": [
              {
                "display_url": "twitter.com/i/web/status/1…",
                "expanded_url": "https://twitter.com/i/web/status/1221448320393986049",
                "indices": [
                  101,
                  124
                ],
                "url": "https://t.co/SuelRKOUS9"
              }
            ],
            "hashtags": [],
            "symbols": []
          },
          "in_reply_to_status_id": null,
          "coordinates": null,
          "possibly_sensitive": false,
          "truncated": true
        },
        "favorite_count": 29,
        "created_at": "Sun Jan 26 15:05:27 +0000 2020",
        "entities": {
          "user_mentions": [],
          "urls": [],
          "hashtags": [
            {
              "indices": [
                0,
                15
              ],
              "text": "VamosKonFuerza"
            }
          ],
          "symbols": []
        },
        "in_reply_to_status_id_str": null,
        "id_str": "1221449075998056448",
        "in_reply_to_screen_name": null,
        "place": null,
        "filter_level": "low",
        "retweeted": false,
        "text": "#VamosKonFuerza 💪🏼🍊🍊🍊🍊🍊🍊🍊🍊🍊🍊🍊🍊🍊",
        "in_reply_to_user_id_str": null,
        "contributors": null,
        "id": 1221449075998056448,
        "user": {
          "profile_sidebar_border_color": "C0DEED",
          "is_translator": false,
          "screen_name": "mili_Brujita",
          "followers_count": 5012,
          "created_at": "Sun Mar 15 04:00:47 +0000 2015",
          "profile_background_color": "C0DEED",
          "profile_image_url_https": "https://pbs.twimg.com/profile_images/1220530757044711426/lleCZ_KX_normal.jpg",
          "profile_sidebar_fill_color": "DDEEF6",
          "name": "Militt♏ Brujita🔮😘",
          "url": null,
          "default_profile": true,
          "translator_type": "none",
          "profile_text_color": "333333",
          "listed_count": 23,
          "profile_background_image_url": "http://abs.twimg.com/images/themes/theme1/bg.png",
          "following": null,
          "profile_background_tile": false,
          "default_profile_image": false,
          "protected": false,
          "id": 3083442007,
          "contributors_enabled": false,
          "geo_enabled": true,
          "utc_offset": null,
          "description": "FUJIMORISTA,Católica, me gusta el fútbol,me fascina cocinar,escorpiona,AL💙ProVida,simplemente soy mujer de retos. ANTIHUEVERA.http://Instagram.com/milita.sala",
          "time_zone": null,
          "follow_request_sent": null,
          "favourites_count": 134333,
          "friends_count": 531,
          "verified": false,
          "profile_background_image_url_https": "https://abs.twimg.com/images/themes/theme1/bg.png",
          "id_str": "3083442007",
          "statuses_count": 95066,
          "profile_image_url": "http://pbs.twimg.com/profile_images/1220530757044711426/lleCZ_KX_normal.jpg",
          "notifications": null,
          "location": "Lima, Peru",
          "lang": null,
          "profile_use_background_image": true,
          "profile_link_color": "1DA1F2",
          "profile_banner_url": "https://pbs.twimg.com/profile_banners/3083442007/1564803626"
        },
        "quote_count": 1,
        "geo": null,
        "retweet_count": 12,
        "is_quote_status": true,
        "source": "<a href=\"http://twitter.com/download/iphone\" rel=\"nofollow\">Twitter for iPhone</a>",
        "favorited": false,
        "reply_count": 0,
        "lang": "und",
        "quoted_status_permalink": {
          "display": "twitter.com/cdte_gal_/stat…",
          "expanded": "https://twitter.com/cdte_gal_/status/1221448320393986049",
          "url": "https://t.co/DrrestWLuS"
        },
        "in_reply_to_user_id": null,
        "truncated": false,
        "in_reply_to_status_id": null,
        "coordinates": null,
        "quoted_status_id": 1221448320393986049
      },
      "retweeted": false,
      "text": "RT @mili_Brujita: #VamosKonFuerza 💪🏼🍊🍊🍊🍊🍊🍊🍊🍊🍊🍊🍊🍊🍊",
      "in_reply_to_user_id_str": null,
      "contributors": null,
      "id": 1221502107334914048,
      "user": {
        "profile_sidebar_border_color": "C0DEED",
        "is_translator": false,
        "screen_name": "AFSALVOELPERU",
        "followers_count": 70,
        "created_at": "Wed Oct 16 01:17:39 +0000 2019",
        "profile_background_color": "F5F8FA",
        "profile_image_url_https": "https://pbs.twimg.com/profile_images/1184280253348237317/39xkrJPg_normal.jpg",
        "profile_sidebar_fill_color": "DDEEF6",
        "name": "Soloelfujimorism",
        "url": null,
        "default_profile": true,
        "translator_type": "none",
        "profile_text_color": "333333",
        "listed_count": 1,
        "profile_background_image_url": "",
        "following": null,
        "profile_background_tile": false,
        "protected": false,
        "id": 1184277078461444096,
        "contributors_enabled": false,
        "geo_enabled": false,
        "utc_offset": null,
        "description": "SOLO EL FUJIMORISMO SALVO Y SALVARA EL PERÚ !!!!",
        "time_zone": null,
        "follow_request_sent": null,
        "favourites_count": 1908,
        "friends_count": 96,
        "verified": false,
        "profile_background_image_url_https": "",
        "id_str": "1184277078461444096",
        "statuses_count": 10319,
        "profile_image_url": "http://pbs.twimg.com/profile_images/1184280253348237317/39xkrJPg_normal.jpg",
        "notifications": null,
        "location": "o",
        "lang": null,
        "profile_use_background_image": true,
        "profile_link_color": "1DA1F2",
        "default_profile_image": false
      },
      "quote_count": 0,
      "geo": null,
      "favorite_count": 0,
      "retweet_count": 0,
      "id_str": "1221502107334914048",
      "source": "<a href=\"http://twitter.com/download/android\" rel=\"nofollow\">Twitter for Android</a>",
      "favorited": false,
      "reply_count": 0,
      "timestamp_ms": "1580063771457",
      "lang": "und",
      "quoted_status_permalink": {
        "display": "twitter.com/cdte_gal_/stat…",
        "expanded": "https://twitter.com/cdte_gal_/status/1221448320393986049",
        "url": "https://t.co/DrrestWLuS"
      },
      "in_reply_to_user_id": null,
      "truncated": false,
      "in_reply_to_status_id": null,
      "coordinates": null,
      "quoted_status_id": 1221448320393986049
    },
    {
      "quoted_status_id_str": "1221489973767045120",
      "quoted_status": {
        "favorite_count": 11,
        "created_at": "Sun Jan 26 17:47:58 +0000 2020",
        "in_reply_to_status_id_str": null,
        "id_str": "1221489973767045120",
        "extended_tweet": {
          "display_text_range": [
            0,
            124
          ],
          "extended_entities": {
            "media": [
              {
                "display_url": "pic.twitter.com/Um7hYYdXnu",
                "id": 1221489529703600129,
                "media_url": "http://pbs.twimg.com/ext_tw_video_thumb/1221489529703600129/pu/img/iDA5-RhTUnUsgvfU.jpg",
                "sizes": {
                  "thumb": {
                    "h": 150,
                    "w": 150,
                    "resize": "crop"
                  },
                  "small": {
                    "h": 383,
                    "w": 680,
                    "resize": "fit"
                  },
                  "medium": {
                    "h": 675,
                    "w": 1200,
                    "resize": "fit"
                  },
                  "large": {
                    "h": 720,
                    "w": 1280,
                    "resize": "fit"
                  }
                },
                "url": "https://t.co/Um7hYYdXnu",
                "id_str": "1221489529703600129",
                "expanded_url": "https://twitter.com/mariomejiah/status/1221489973767045120/video/1",
                "indices": [
                  125,
                  148
                ],
                "video_info": {
                  "variants": [
                    {
                      "content_type": "application/x-mpegURL",
                      "url": "https://video.twimg.com/ext_tw_video/1221489529703600129/pu/pl/BW5vXjE0iTZUeGwr.m3u8?tag=10"
                    },
                    {
                      "bitrate": 2176000,
                      "content_type": "video/mp4",
                      "url": "https://video.twimg.com/ext_tw_video/1221489529703600129/pu/vid/1280x720/2eKJ1Y5ZYNnpB4Z_.mp4?tag=10"
                    },
                    {
                      "bitrate": 832000,
                      "content_type": "video/mp4",
                      "url": "https://video.twimg.com/ext_tw_video/1221489529703600129/pu/vid/640x360/UT85AwwyOHasEwrE.mp4?tag=10"
                    },
                    {
                      "bitrate": 256000,
                      "content_type": "video/mp4",
                      "url": "https://video.twimg.com/ext_tw_video/1221489529703600129/pu/vid/480x270/VfcWh0zqwvBfprl4.mp4?tag=10"
                    }
                  ],
                  "aspect_ratio": [
                    16,
                    9
                  ],
                  "duration_millis": 44968
                },
                "type": "video",
                "additional_media_info": {
                  "monetizable": false
                },
                "media_url_https": "https://pbs.twimg.com/ext_tw_video_thumb/1221489529703600129/pu/img/iDA5-RhTUnUsgvfU.jpg"
              }
            ]
          },
          "full_text": "Accidentada salida de Keiko Fujimori luego de votar en una escuela de Surco. @Politica_ECpe  #Elecciones2020  #EleccionesXEC https://t.co/Um7hYYdXnu",
          "entities": {
            "user_mentions": [
              {
                "id_str": "1616146872",
                "id": 1616146872,
                "indices": [
                  77,
                  91
                ],
                "screen_name": "Politica_ECpe",
                "name": "Política El Comercio"
              }
            ],
            "urls": [],
            "hashtags": [
              {
                "indices": [
                  93,
                  108
                ],
                "text": "Elecciones2020"
              },
              {
                "indices": [
                  110,
                  124
                ],
                "text": "EleccionesXEC"
              }
            ],
            "media": [
              {
                "display_url": "pic.twitter.com/Um7hYYdXnu",
                "id": 1221489529703600129,
                "media_url": "http://pbs.twimg.com/ext_tw_video_thumb/1221489529703600129/pu/img/iDA5-RhTUnUsgvfU.jpg",
                "sizes": {
                  "thumb": {
                    "h": 150,
                    "w": 150,
                    "resize": "crop"
                  },
                  "small": {
                    "h": 383,
                    "w": 680,
                    "resize": "fit"
                  },
                  "medium": {
                    "h": 675,
                    "w": 1200,
                    "resize": "fit"
                  },
                  "large": {
                    "h": 720,
                    "w": 1280,
                    "resize": "fit"
                  }
                },
                "url": "https://t.co/Um7hYYdXnu",
                "id_str": "1221489529703600129",
                "expanded_url": "https://twitter.com/mariomejiah/status/1221489973767045120/video/1",
                "indices": [
                  125,
                  148
                ],
                "video_info": {
                  "variants": [
                    {
                      "content_type": "application/x-mpegURL",
                      "url": "https://video.twimg.com/ext_tw_video/1221489529703600129/pu/pl/BW5vXjE0iTZUeGwr.m3u8?tag=10"
                    },
                    {
                      "bitrate": 2176000,
                      "content_type": "video/mp4",
                      "url": "https://video.twimg.com/ext_tw_video/1221489529703600129/pu/vid/1280x720/2eKJ1Y5ZYNnpB4Z_.mp4?tag=10"
                    },
                    {
                      "bitrate": 832000,
                      "content_type": "video/mp4",
                      "url": "https://video.twimg.com/ext_tw_video/1221489529703600129/pu/vid/640x360/UT85AwwyOHasEwrE.mp4?tag=10"
                    },
                    {
                      "bitrate": 256000,
                      "content_type": "video/mp4",
                      "url": "https://video.twimg.com/ext_tw_video/1221489529703600129/pu/vid/480x270/VfcWh0zqwvBfprl4.mp4?tag=10"
                    }
                  ],
                  "aspect_ratio": [
                    16,
                    9
                  ],
                  "duration_millis": 44968
                },
                "type": "video",
                "additional_media_info": {
                  "monetizable": false
                },
                "media_url_https": "https://pbs.twimg.com/ext_tw_video_thumb/1221489529703600129/pu/img/iDA5-RhTUnUsgvfU.jpg"
              }
            ],
            "symbols": []
          }
        },
        "in_reply_to_screen_name": null,
        "place": null,
        "filter_level": "low",
        "retweeted": false,
        "text": "Accidentada salida de Keiko Fujimori luego de votar en una escuela de Surco. @Politica_ECpe  #Elecciones2020… https://t.co/LaUseT0xrj",
        "in_reply_to_user_id_str": null,
        "contributors": null,
        "id": 1221489973767045120,
        "user": {
          "profile_sidebar_border_color": "C0DEED",
          "is_translator": false,
          "screen_name": "mariomejiah",
          "followers_count": 9862,
          "created_at": "Thu Oct 22 18:43:10 +0000 2009",
          "profile_background_color": "C0DEED",
          "profile_image_url_https": "https://pbs.twimg.com/profile_images/1152324078/marioMEJIA_normal.jpg",
          "profile_sidebar_fill_color": "DDEEF6",
          "name": "Mario Mejia Huaraca",
          "url": null,
          "default_profile": true,
          "translator_type": "none",
          "profile_text_color": "333333",
          "listed_count": 88,
          "profile_background_image_url": "http://abs.twimg.com/images/themes/theme1/bg.png",
          "following": null,
          "profile_background_tile": false,
          "protected": false,
          "id": 84392096,
          "contributors_enabled": false,
          "geo_enabled": false,
          "utc_offset": null,
          "description": "Periodista de la sección Política de El Comercio. Sanmarquino, salsero y corredor de fin de semana.",
          "time_zone": null,
          "follow_request_sent": null,
          "favourites_count": 670,
          "friends_count": 733,
          "verified": false,
          "profile_background_image_url_https": "https://abs.twimg.com/images/themes/theme1/bg.png",
          "id_str": "84392096",
          "statuses_count": 20593,
          "profile_image_url": "http://pbs.twimg.com/profile_images/1152324078/marioMEJIA_normal.jpg",
          "notifications": null,
          "location": "Lima",
          "lang": null,
          "profile_use_background_image": true,
          "profile_link_color": "1DA1F2",
          "default_profile_image": false
        },
        "display_text_range": [
          0,
          140
        ],
        "quote_count": 0,
        "geo": null,
        "retweet_count": 9,
        "is_quote_status": false,
        "source": "<a href=\"http://twitter.com/download/android\" rel=\"nofollow\">Twitter for Android</a>",
        "favorited": false,
        "reply_count": 14,
        "lang": "es",
        "in_reply_to_user_id": null,
        "entities": {
          "user_mentions": [
            {
              "id_str": "1616146872",
              "id": 1616146872,
              "indices": [
                77,
                91
              ],
              "screen_name": "Politica_ECpe",
              "name": "Política El Comercio"
            }
          ],
          "urls": [
            {
              "display_url": "twitter.com/i/web/status/1…",
              "expanded_url": "https://twitter.com/i/web/status/1221489973767045120",
              "indices": [
                110,
                133
              ],
              "url": "https://t.co/LaUseT0xrj"
            }
          ],
          "hashtags": [
            {
              "indices": [
                93,
                108
              ],
              "text": "Elecciones2020"
            }
          ],
          "symbols": []
        },
        "in_reply_to_status_id": null,
        "coordinates": null,
        "possibly_sensitive": false,
        "truncated": true
      },
      "favorite_count": 0,
      "created_at": "Sun Jan 26 18:36:11 +0000 2020",
      "entities": {
        "user_mentions": [],
        "urls": [],
        "hashtags": [],
        "symbols": []
      },
      "in_reply_to_status_id_str": null,
      "id_str": "1221502108316372992",
      "in_reply_to_screen_name": null,
      "place": null,
      "filter_level": "low",
      "retweeted": false,
      "text": "Fuira ricon..............",
      "in_reply_to_user_id_str": null,
      "contributors": null,
      "id": 1221502108316372992,
      "user": {
        "profile_sidebar_border_color": "FFFFFF",
        "is_translator": false,
        "screen_name": "jaimedelcastill",
        "followers_count": 3616,
        "created_at": "Sat Jul 04 10:05:03 +0000 2009",
        "profile_background_color": "FAFAF7",
        "profile_image_url_https": "https://pbs.twimg.com/profile_images/1095853322664361986/VuBFHT3W_normal.png",
        "profile_sidebar_fill_color": "121101",
        "name": "Jaime Del Castillo Jaramillo",
        "url": "http://fororepublicanoperuano.blogspot.com",
        "default_profile": false,
        "translator_type": "none",
        "profile_text_color": "FA3A0A",
        "listed_count": 136,
        "profile_background_image_url": "http://abs.twimg.com/images/themes/theme12/bg.gif",
        "following": null,
        "profile_background_tile": true,
        "default_profile_image": false,
        "protected": false,
        "id": 53640933,
        "contributors_enabled": false,
        "geo_enabled": false,
        "utc_offset": null,
        "description": "Abogado, politólogo, maestría en Ciencia Política, catedrático, comunicador social, melómano, salsero, conductor d SALSA CON CAUSA x Mambo-Inn Radio, Lima",
        "time_zone": null,
        "follow_request_sent": null,
        "favourites_count": 4403,
        "friends_count": 1233,
        "verified": false,
        "profile_background_image_url_https": "https://abs.twimg.com/images/themes/theme12/bg.gif",
        "id_str": "53640933",
        "statuses_count": 130205,
        "profile_image_url": "http://pbs.twimg.com/profile_images/1095853322664361986/VuBFHT3W_normal.png",
        "notifications": null,
        "location": "Perú",
        "lang": null,
        "profile_use_background_image": true,
        "profile_link_color": "89C9FA",
        "profile_banner_url": "https://pbs.twimg.com/profile_banners/53640933/1565783136"
      },
      "quote_count": 0,
      "geo": null,
      "retweet_count": 0,
      "is_quote_status": true,
      "source": "<a href=\"http://twitter.com/download/android\" rel=\"nofollow\">Twitter for Android</a>",
      "favorited": false,
      "reply_count": 0,
      "timestamp_ms": "1580063771691",
      "lang": "es",
      "quoted_status_permalink": {
        "display": "twitter.com/mariomejiah/st…",
        "expanded": "https://twitter.com/mariomejiah/status/1221489973767045120",
        "url": "https://t.co/59LiofrQrU"
      },
      "in_reply_to_user_id": null,
      "truncated": false,
      "in_reply_to_status_id": null,
      "coordinates": null,
      "quoted_status_id": 1221489973767045120
    },
    {
      "favorite_count": 0,
      "created_at": "Sun Jan 26 18:36:13 +0000 2020",
      "in_reply_to_status_id_str": null,
      "id_str": "1221502115048148992",
      "in_reply_to_screen_name": null,
      "place": null,
      "filter_level": "low",
      "retweeted_status": {
        "favorite_count": 899,
        "created_at": "Sun Jan 26 05:50:21 +0000 2020",
        "in_reply_to_status_id_str": null,
        "id_str": "1221309380915712000",
        "extended_tweet": {
          "display_text_range": [
            0,
            275
          ],
          "full_text": "stream lola amour, the juans, munimuni, calein, the good times, over october, meryl, pusakalye, laluna, cup of joe, swallowed by the whale, geiko, any name's okay, down by 18, hulyo, shane dandan, sleep alley, unique, keiko necesario kung gusto mo mag relax and chill hahaha.",
          "entities": {
            "user_mentions": [],
            "urls": [],
            "hashtags": [],
            "symbols": []
          }
        },
        "in_reply_to_screen_name": null,
        "place": null,
        "filter_level": "low",
        "retweeted": false,
        "text": "stream lola amour, the juans, munimuni, calein, the good times, over october, meryl, pusakalye, laluna, cup of joe,… https://t.co/sQkN7CgUSv",
        "in_reply_to_user_id_str": null,
        "contributors": null,
        "id": 1221309380915712000,
        "user": {
          "profile_sidebar_border_color": "000000",
          "is_translator": false,
          "screen_name": "marcuspao_",
          "followers_count": 252,
          "created_at": "Fri Apr 06 08:23:39 +0000 2018",
          "profile_background_color": "000000",
          "profile_image_url_https": "https://pbs.twimg.com/profile_images/1221422376665042944/p1h-TEE4_normal.jpg",
          "profile_sidebar_fill_color": "000000",
          "name": "pao",
          "url": "https://open.spotify.com/track/59Bc4RPzSL3nYPANh25a6J?si=A9O7lhgkR2y2GJttqY2l9g",
          "default_profile": false,
          "translator_type": "none",
          "profile_text_color": "000000",
          "listed_count": 0,
          "profile_background_image_url": "http://abs.twimg.com/images/themes/theme1/bg.png",
          "following": null,
          "profile_background_tile": false,
          "default_profile_image": false,
          "protected": false,
          "id": 982171966684590081,
          "contributors_enabled": false,
          "geo_enabled": true,
          "utc_offset": null,
          "description": "once a dreamer.",
          "time_zone": null,
          "follow_request_sent": null,
          "favourites_count": 7815,
          "friends_count": 523,
          "verified": false,
          "profile_background_image_url_https": "https://abs.twimg.com/images/themes/theme1/bg.png",
          "id_str": "982171966684590081",
          "statuses_count": 7496,
          "profile_image_url": "http://pbs.twimg.com/profile_images/1221422376665042944/p1h-TEE4_normal.jpg",
          "notifications": null,
          "location": null,
          "lang": null,
          "profile_use_background_image": false,
          "profile_link_color": "981CEB",
          "profile_banner_url": "https://pbs.twimg.com/profile_banners/982171966684590081/1580008077"
        },
        "quote_count": 47,
        "geo": null,
        "coordinates": null,
        "is_quote_status": false,
        "source": "<a href=\"http://twitter.com/download/android\" rel=\"nofollow\">Twitter for Android</a>",
        "favorited": false,
        "reply_count": 6,
        "lang": "en",
        "in_reply_to_user_id": null,
        "entities": {
          "user_mentions": [],
          "urls": [
            {
              "display_url": "twitter.com/i/web/status/1…",
              "expanded_url": "https://twitter.com/i/web/status/1221309380915712000",
              "indices": [
                117,
                140
              ],
              "url": "https://t.co/sQkN7CgUSv"
            }
          ],
          "hashtags": [],
          "symbols": []
        },
        "in_reply_to_status_id": null,
        "retweet_count": 239,
        "truncated": true
      },
      "retweeted": false,
      "text": "RT @marcuspao_: stream lola amour, the juans, munimuni, calein, the good times, over october, meryl, pusakalye, laluna, cup of joe, swallow…",
      "in_reply_to_user_id_str": null,
      "contributors": null,
      "id": 1221502115048148992,
      "user": {
        "profile_sidebar_border_color": "000000",
        "is_translator": false,
        "screen_name": "friesmenez",
        "followers_count": 1085,
        "created_at": "Fri Nov 08 14:11:58 +0000 2013",
        "profile_background_color": "981CEB",
        "profile_image_url_https": "https://pbs.twimg.com/profile_images/1191735074926026753/zwYR4Jkf_normal.jpg",
        "profile_sidebar_fill_color": "000000",
        "name": "𝙚𝙡𝙡𝙖",
        "url": "http://instagram.com/jimenez_mikaa",
        "default_profile": false,
        "translator_type": "none",
        "profile_text_color": "000000",
        "listed_count": 3,
        "profile_background_image_url": "http://abs.twimg.com/images/themes/theme11/bg.gif",
        "following": null,
        "profile_background_tile": true,
        "default_profile_image": false,
        "protected": false,
        "id": 2182281414,
        "contributors_enabled": false,
        "geo_enabled": false,
        "utc_offset": null,
        "description": "be kind 🤍 | tequila sunrise | 18",
        "time_zone": null,
        "follow_request_sent": null,
        "favourites_count": 49957,
        "friends_count": 827,
        "verified": false,
        "profile_background_image_url_https": "https://abs.twimg.com/images/themes/theme11/bg.gif",
        "id_str": "2182281414",
        "statuses_count": 10079,
        "profile_image_url": "http://pbs.twimg.com/profile_images/1191735074926026753/zwYR4Jkf_normal.jpg",
        "notifications": null,
        "location": "喬 // piyu",
        "lang": null,
        "profile_use_background_image": true,
        "profile_link_color": "FAB81E",
        "profile_banner_url": "https://pbs.twimg.com/profile_banners/2182281414/1578263192"
      },
      "quote_count": 0,
      "geo": null,
      "coordinates": null,
      "is_quote_status": false,
      "source": "<a href=\"https://mobile.twitter.com\" rel=\"nofollow\">Twitter Web App</a>",
      "favorited": false,
      "reply_count": 0,
      "timestamp_ms": "1580063773296",
      "lang": "en",
      "in_reply_to_user_id": null,
      "entities": {
        "user_mentions": [
          {
            "id_str": "982171966684590081",
            "id": 982171966684590081,
            "indices": [
              3,
              14
            ],
            "screen_name": "marcuspao_",
            "name": "pao"
          }
        ],
        "urls": [],
        "hashtags": [],
        "symbols": []
      },
      "in_reply_to_status_id": null,
      "retweet_count": 0,
      "truncated": false
    }
  ]
}