{
  "request_date": "2020-01-07-22:44:16",
  "data": [
    {
      "truncated": false,
      "contributors": null,
      "quoted_status_permalink": {
        "expanded": "https://twitter.com/realdonaldtrump/status/1214739853025394693",
        "url": "https://t.co/aDHnotwBP8",
        "display": "twitter.com/realdonaldtrum…"
      },
      "favorited": false,
      "source": "<a href=\"http://twitter.com/download/iphone\" rel=\"nofollow\">Twitter for iPhone</a>",
      "retweet_count": 0,
      "text": "RT @jennfranconews: #BREAKING: President Trump’s first tweet since Iranian missiles strikes in Iraq.",
      "id": 1214754647598075904,
      "in_reply_to_user_id": null,
      "lang": "en",
      "retweeted_status": {
        "truncated": false,
        "contributors": null,
        "quoted_status_permalink": {
          "expanded": "https://twitter.com/realdonaldtrump/status/1214739853025394693",
          "url": "https://t.co/aDHnotwBP8",
          "display": "twitter.com/realdonaldtrum…"
        },
        "favorited": false,
        "source": "<a href=\"http://twitter.com/download/iphone\" rel=\"nofollow\">Twitter for iPhone</a>",
        "retweet_count": 77,
        "text": "#BREAKING: President Trump’s first tweet since Iranian missiles strikes in Iraq.",
        "id": 1214740244609695744,
        "in_reply_to_user_id": null,
        "lang": "en",
        "is_quote_status": true,
        "quote_count": 1,
        "in_reply_to_status_id_str": null,
        "entities": {
          "urls": [],
          "user_mentions": [],
          "symbols": [],
          "hashtags": [
            {
              "indices": [
                0,
                9
              ],
              "text": "BREAKING"
            }
          ]
        },
        "in_reply_to_screen_name": null,
        "in_reply_to_user_id_str": null,
        "id_str": "1214740244609695744",
        "in_reply_to_status_id": null,
        "quoted_status_id": 1214739853025394693,
        "coordinates": null,
        "geo": null,
        "filter_level": "low",
        "quoted_status": {
          "reply_count": 54007,
          "contributors": null,
          "user": {
            "verified": true,
            "profile_image_url": "http://pbs.twimg.com/profile_images/874276197357596672/kUuht00m_normal.jpg",
            "follow_request_sent": null,
            "profile_use_background_image": true,
            "profile_link_color": "1B95E0",
            "profile_background_tile": true,
            "profile_image_url_https": "https://pbs.twimg.com/profile_images/874276197357596672/kUuht00m_normal.jpg",
            "profile_background_color": "6D5C18",
            "utc_offset": null,
            "name": "Donald J. Trump",
            "geo_enabled": true,
            "url": "http://www.Instagram.com/realDonaldTrump",
            "profile_banner_url": "https://pbs.twimg.com/profile_banners/25073877/1560920145",
            "id": 25073877,
            "lang": null,
            "contributors_enabled": false,
            "followers_count": 69783104,
            "friends_count": 47,
            "profile_sidebar_border_color": "BDDCAD",
            "following": null,
            "default_profile": false,
            "statuses_count": 47739,
            "description": "45th President of the United States of America🇺🇸",
            "screen_name": "realDonaldTrump",
            "id_str": "25073877",
            "protected": false,
            "is_translator": false,
            "location": "Washington, DC",
            "default_profile_image": false,
            "profile_background_image_url_https": "https://abs.twimg.com/images/themes/theme1/bg.png",
            "notifications": null,
            "profile_sidebar_fill_color": "C5CEC0",
            "profile_background_image_url": "http://abs.twimg.com/images/themes/theme1/bg.png",
            "favourites_count": 6,
            "translator_type": "regular",
            "created_at": "Wed Mar 18 13:46:38 +0000 2009",
            "time_zone": null,
            "listed_count": 112762,
            "profile_text_color": "333333"
          },
          "favorited": false,
          "source": "<a href=\"http://twitter.com/download/iphone\" rel=\"nofollow\">Twitter for iPhone</a>",
          "retweet_count": 72350,
          "text": "All is well! Missiles launched from Iran at two military bases located in Iraq. Assessment of casualties &amp; damages… https://t.co/5OSmLxzhin",
          "id": 1214739853025394693,
          "in_reply_to_user_id": null,
          "lang": "en",
          "is_quote_status": false,
          "quote_count": 27505,
          "geo": null,
          "entities": {
            "urls": [
              {
                "url": "https://t.co/5OSmLxzhin",
                "display_url": "twitter.com/i/web/status/1…",
                "expanded_url": "https://twitter.com/i/web/status/1214739853025394693",
                "indices": [
                  120,
                  143
                ]
              }
            ],
            "user_mentions": [],
            "symbols": [],
            "hashtags": []
          },
          "in_reply_to_screen_name": null,
          "extended_tweet": {
            "entities": {
              "urls": [],
              "user_mentions": [],
              "symbols": [],
              "hashtags": []
            },
            "full_text": "All is well! Missiles launched from Iran at two military bases located in Iraq. Assessment of casualties &amp; damages taking place now. So far, so good! We have the most powerful and well equipped military anywhere in the world, by far! I will be making a statement tomorrow morning.",
            "display_text_range": [
              0,
              284
            ]
          },
          "in_reply_to_user_id_str": null,
          "id_str": "1214739853025394693",
          "in_reply_to_status_id": null,
          "coordinates": null,
          "retweeted": false,
          "filter_level": "low",
          "truncated": true,
          "favorite_count": 251828,
          "place": null,
          "in_reply_to_status_id_str": null,
          "created_at": "Wed Jan 08 02:45:24 +0000 2020"
        },
        "favorite_count": 309,
        "place": null,
        "quoted_status_id_str": "1214739853025394693",
        "created_at": "Wed Jan 08 02:46:57 +0000 2020",
        "retweeted": false,
        "user": {
          "verified": true,
          "profile_image_url": "http://pbs.twimg.com/profile_images/566020836792864769/tpwX4Bay_normal.jpeg",
          "follow_request_sent": null,
          "profile_use_background_image": false,
          "profile_link_color": "1B95E0",
          "profile_background_tile": false,
          "profile_image_url_https": "https://pbs.twimg.com/profile_images/566020836792864769/tpwX4Bay_normal.jpeg",
          "profile_background_color": "000000",
          "utc_offset": null,
          "name": "Jennifer Franco",
          "geo_enabled": false,
          "url": null,
          "profile_banner_url": "https://pbs.twimg.com/profile_banners/749686190/1456896448",
          "id": 749686190,
          "lang": null,
          "contributors_enabled": false,
          "followers_count": 40838,
          "friends_count": 2365,
          "profile_sidebar_border_color": "000000",
          "following": null,
          "default_profile": false,
          "statuses_count": 5423,
          "description": "Anchor @OANN Weekdays at 12PM, 3PM, & 6PM EST",
          "screen_name": "jennfranconews",
          "id_str": "749686190",
          "protected": false,
          "is_translator": false,
          "location": "San Diego",
          "default_profile_image": false,
          "profile_background_image_url_https": "https://abs.twimg.com/images/themes/theme1/bg.png",
          "notifications": null,
          "profile_sidebar_fill_color": "000000",
          "profile_background_image_url": "http://abs.twimg.com/images/themes/theme1/bg.png",
          "favourites_count": 9175,
          "translator_type": "none",
          "created_at": "Fri Aug 10 16:56:27 +0000 2012",
          "time_zone": null,
          "listed_count": 234,
          "profile_text_color": "000000"
        },
        "reply_count": 3
      },
      "quote_count": 0,
      "is_quote_status": true,
      "in_reply_to_status_id_str": null,
      "entities": {
        "urls": [],
        "user_mentions": [
          {
            "screen_name": "jennfranconews",
            "id_str": "749686190",
            "name": "Jennifer Franco",
            "indices": [
              3,
              18
            ],
            "id": 749686190
          }
        ],
        "symbols": [],
        "hashtags": [
          {
            "indices": [
              20,
              29
            ],
            "text": "BREAKING"
          }
        ]
      },
      "in_reply_to_screen_name": null,
      "in_reply_to_user_id_str": null,
      "id_str": "1214754647598075904",
      "in_reply_to_status_id": null,
      "quoted_status_id": 1214739853025394693,
      "timestamp_ms": "1578455051694",
      "coordinates": null,
      "geo": null,
      "filter_level": "low",
      "quoted_status": {
        "reply_count": 54007,
        "contributors": null,
        "user": {
          "verified": true,
          "profile_image_url": "http://pbs.twimg.com/profile_images/874276197357596672/kUuht00m_normal.jpg",
          "follow_request_sent": null,
          "profile_use_background_image": true,
          "profile_link_color": "1B95E0",
          "profile_background_tile": true,
          "profile_image_url_https": "https://pbs.twimg.com/profile_images/874276197357596672/kUuht00m_normal.jpg",
          "profile_background_color": "6D5C18",
          "utc_offset": null,
          "name": "Donald J. Trump",
          "geo_enabled": true,
          "url": "http://www.Instagram.com/realDonaldTrump",
          "profile_banner_url": "https://pbs.twimg.com/profile_banners/25073877/1560920145",
          "id": 25073877,
          "lang": null,
          "contributors_enabled": false,
          "followers_count": 69783104,
          "friends_count": 47,
          "profile_sidebar_border_color": "BDDCAD",
          "following": null,
          "default_profile": false,
          "statuses_count": 47739,
          "description": "45th President of the United States of America🇺🇸",
          "screen_name": "realDonaldTrump",
          "id_str": "25073877",
          "protected": false,
          "is_translator": false,
          "location": "Washington, DC",
          "default_profile_image": false,
          "profile_background_image_url_https": "https://abs.twimg.com/images/themes/theme1/bg.png",
          "notifications": null,
          "profile_sidebar_fill_color": "C5CEC0",
          "profile_background_image_url": "http://abs.twimg.com/images/themes/theme1/bg.png",
          "favourites_count": 6,
          "translator_type": "regular",
          "created_at": "Wed Mar 18 13:46:38 +0000 2009",
          "time_zone": null,
          "listed_count": 112762,
          "profile_text_color": "333333"
        },
        "favorited": false,
        "source": "<a href=\"http://twitter.com/download/iphone\" rel=\"nofollow\">Twitter for iPhone</a>",
        "retweet_count": 72350,
        "text": "All is well! Missiles launched from Iran at two military bases located in Iraq. Assessment of casualties &amp; damages… https://t.co/5OSmLxzhin",
        "id": 1214739853025394693,
        "in_reply_to_user_id": null,
        "lang": "en",
        "is_quote_status": false,
        "quote_count": 27505,
        "geo": null,
        "entities": {
          "urls": [
            {
              "url": "https://t.co/5OSmLxzhin",
              "display_url": "twitter.com/i/web/status/1…",
              "expanded_url": "https://twitter.com/i/web/status/1214739853025394693",
              "indices": [
                120,
                143
              ]
            }
          ],
          "user_mentions": [],
          "symbols": [],
          "hashtags": []
        },
        "in_reply_to_screen_name": null,
        "extended_tweet": {
          "entities": {
            "urls": [],
            "user_mentions": [],
            "symbols": [],
            "hashtags": []
          },
          "full_text": "All is well! Missiles launched from Iran at two military bases located in Iraq. Assessment of casualties &amp; damages taking place now. So far, so good! We have the most powerful and well equipped military anywhere in the world, by far! I will be making a statement tomorrow morning.",
          "display_text_range": [
            0,
            284
          ]
        },
        "in_reply_to_user_id_str": null,
        "id_str": "1214739853025394693",
        "in_reply_to_status_id": null,
        "coordinates": null,
        "retweeted": false,
        "filter_level": "low",
        "truncated": true,
        "favorite_count": 251828,
        "place": null,
        "in_reply_to_status_id_str": null,
        "created_at": "Wed Jan 08 02:45:24 +0000 2020"
      },
      "favorite_count": 0,
      "place": null,
      "quoted_status_id_str": "1214739853025394693",
      "created_at": "Wed Jan 08 03:44:11 +0000 2020",
      "retweeted": false,
      "user": {
        "verified": false,
        "profile_image_url": "http://abs.twimg.com/sticky/default_profile_images/default_profile_normal.png",
        "follow_request_sent": null,
        "profile_use_background_image": true,
        "profile_link_color": "1DA1F2",
        "profile_background_tile": false,
        "profile_image_url_https": "https://abs.twimg.com/sticky/default_profile_images/default_profile_normal.png",
        "profile_background_color": "C0DEED",
        "utc_offset": null,
        "name": "Merle",
        "geo_enabled": false,
        "url": null,
        "id": 381856625,
        "lang": null,
        "contributors_enabled": false,
        "followers_count": 62,
        "friends_count": 107,
        "profile_sidebar_border_color": "C0DEED",
        "following": null,
        "default_profile": true,
        "statuses_count": 19688,
        "description": null,
        "screen_name": "Ldyblkbd",
        "id_str": "381856625",
        "protected": false,
        "is_translator": false,
        "location": null,
        "default_profile_image": false,
        "profile_background_image_url_https": "https://abs.twimg.com/images/themes/theme1/bg.png",
        "notifications": null,
        "profile_sidebar_fill_color": "DDEEF6",
        "profile_background_image_url": "http://abs.twimg.com/images/themes/theme1/bg.png",
        "favourites_count": 18146,
        "translator_type": "none",
        "created_at": "Thu Sep 29 02:04:22 +0000 2011",
        "time_zone": null,
        "listed_count": 2,
        "profile_text_color": "333333"
      },
      "reply_count": 0
    },
    {
      "truncated": false,
      "contributors": null,
      "quoted_status_permalink": {
        "expanded": "https://twitter.com/breaking911/status/1214753577580802048",
        "url": "https://t.co/hyVLxeA4fJ",
        "display": "twitter.com/breaking911/st…"
      },
      "favorited": false,
      "source": "<a href=\"http://twitter.com/#!/download/ipad\" rel=\"nofollow\">Twitter for iPad</a>",
      "retweet_count": 0,
      "text": "What the freaking day ... 🤦‍♀️👀🙏",
      "id": 1214754647665020929,
      "in_reply_to_user_id": null,
      "lang": "en",
      "is_quote_status": true,
      "quote_count": 0,
      "in_reply_to_status_id_str": null,
      "entities": {
        "urls": [],
        "user_mentions": [],
        "symbols": [],
        "hashtags": []
      },
      "in_reply_to_screen_name": null,
      "in_reply_to_user_id_str": null,
      "id_str": "1214754647665020929",
      "in_reply_to_status_id": null,
      "quoted_status_id": 1214753577580802048,
      "timestamp_ms": "1578455051710",
      "coordinates": null,
      "geo": null,
      "filter_level": "low",
      "quoted_status": {
        "truncated": true,
        "contributors": null,
        "user": {
          "verified": false,
          "profile_image_url": "http://pbs.twimg.com/profile_images/619546088995979264/KuG27bBK_normal.jpg",
          "follow_request_sent": null,
          "profile_use_background_image": true,
          "profile_link_color": "0084B4",
          "profile_background_tile": false,
          "profile_image_url_https": "https://pbs.twimg.com/profile_images/619546088995979264/KuG27bBK_normal.jpg",
          "profile_background_color": "C0DEED",
          "utc_offset": null,
          "name": "Breaking911",
          "geo_enabled": false,
          "url": "http://Breaking911.com",
          "profile_banner_url": "https://pbs.twimg.com/profile_banners/375721095/1496844300",
          "id": 375721095,
          "lang": null,
          "contributors_enabled": false,
          "followers_count": 428037,
          "friends_count": 0,
          "profile_sidebar_border_color": "FFFFFF",
          "following": null,
          "default_profile": false,
          "statuses_count": 810,
          "description": "Breaking news in live time for over 8 years. Now 400K strong! Follow @Breaking911 and visit http://Breaking911.com to stay updated",
          "screen_name": "Breaking911",
          "id_str": "375721095",
          "protected": false,
          "is_translator": false,
          "location": "Nashville",
          "default_profile_image": false,
          "profile_background_image_url_https": "https://abs.twimg.com/images/themes/theme1/bg.png",
          "notifications": null,
          "profile_sidebar_fill_color": "DDEEF6",
          "profile_background_image_url": "http://abs.twimg.com/images/themes/theme1/bg.png",
          "favourites_count": 2,
          "translator_type": "none",
          "created_at": "Sun Sep 18 16:36:06 +0000 2011",
          "time_zone": null,
          "listed_count": 5146,
          "profile_text_color": "333333"
        },
        "favorited": false,
        "source": "<a href=\"https://mobile.twitter.com\" rel=\"nofollow\">Twitter Web App</a>",
        "retweet_count": 195,
        "text": "BREAKING NEWS: Passenger Jet Carrying 180 Passengers Crashes In Iran, Local Media Reports\n\nHere's What We Know &gt;&gt;… https://t.co/YyyAep7Jlc",
        "id": 1214753577580802048,
        "in_reply_to_user_id": null,
        "lang": "en",
        "is_quote_status": false,
        "quote_count": 58,
        "geo": null,
        "entities": {
          "urls": [
            {
              "url": "https://t.co/YyyAep7Jlc",
              "display_url": "twitter.com/i/web/status/1…",
              "expanded_url": "https://twitter.com/i/web/status/1214753577580802048",
              "indices": [
                121,
                144
              ]
            }
          ],
          "user_mentions": [],
          "symbols": [],
          "hashtags": []
        },
        "in_reply_to_screen_name": null,
        "possibly_sensitive": false,
        "extended_tweet": {
          "entities": {
            "urls": [
              {
                "url": "https://t.co/bPL6AWQFVw",
                "display_url": "breaking911.com/breaking-passe…",
                "expanded_url": "https://breaking911.com/breaking-passenger-jet-carrying-180-passengers-crashes-in-iran/",
                "indices": [
                  120,
                  143
                ]
              }
            ],
            "user_mentions": [],
            "media": [
              {
                "url": "https://t.co/oFfSUyfyBP",
                "id": 1214753574116380672,
                "display_url": "pic.twitter.com/oFfSUyfyBP",
                "id_str": "1214753574116380672",
                "expanded_url": "https://twitter.com/Breaking911/status/1214753577580802048/photo/1",
                "type": "photo",
                "media_url_https": "https://pbs.twimg.com/media/ENur8IrX0AACFqv.jpg",
                "indices": [
                  144,
                  167
                ],
                "media_url": "http://pbs.twimg.com/media/ENur8IrX0AACFqv.jpg",
                "sizes": {
                  "medium": {
                    "h": 576,
                    "w": 1024,
                    "resize": "fit"
                  },
                  "thumb": {
                    "h": 150,
                    "w": 150,
                    "resize": "crop"
                  },
                  "small": {
                    "h": 383,
                    "w": 680,
                    "resize": "fit"
                  },
                  "large": {
                    "h": 576,
                    "w": 1024,
                    "resize": "fit"
                  }
                }
              }
            ],
            "symbols": [],
            "hashtags": []
          },
          "extended_entities": {
            "media": [
              {
                "url": "https://t.co/oFfSUyfyBP",
                "id": 1214753574116380672,
                "display_url": "pic.twitter.com/oFfSUyfyBP",
                "id_str": "1214753574116380672",
                "expanded_url": "https://twitter.com/Breaking911/status/1214753577580802048/photo/1",
                "type": "photo",
                "media_url_https": "https://pbs.twimg.com/media/ENur8IrX0AACFqv.jpg",
                "indices": [
                  144,
                  167
                ],
                "media_url": "http://pbs.twimg.com/media/ENur8IrX0AACFqv.jpg",
                "sizes": {
                  "medium": {
                    "h": 576,
                    "w": 1024,
                    "resize": "fit"
                  },
                  "thumb": {
                    "h": 150,
                    "w": 150,
                    "resize": "crop"
                  },
                  "small": {
                    "h": 383,
                    "w": 680,
                    "resize": "fit"
                  },
                  "large": {
                    "h": 576,
                    "w": 1024,
                    "resize": "fit"
                  }
                }
              }
            ]
          },
          "full_text": "BREAKING NEWS: Passenger Jet Carrying 180 Passengers Crashes In Iran, Local Media Reports\n\nHere's What We Know &gt;&gt; https://t.co/bPL6AWQFVw https://t.co/oFfSUyfyBP",
          "display_text_range": [
            0,
            143
          ]
        },
        "in_reply_to_user_id_str": null,
        "id_str": "1214753577580802048",
        "in_reply_to_status_id": null,
        "coordinates": null,
        "display_text_range": [
          0,
          140
        ],
        "filter_level": "low",
        "reply_count": 50,
        "favorite_count": 174,
        "place": null,
        "in_reply_to_status_id_str": null,
        "created_at": "Wed Jan 08 03:39:56 +0000 2020",
        "retweeted": false
      },
      "favorite_count": 0,
      "place": null,
      "quoted_status_id_str": "1214753577580802048",
      "created_at": "Wed Jan 08 03:44:11 +0000 2020",
      "retweeted": false,
      "user": {
        "verified": false,
        "profile_image_url": "http://pbs.twimg.com/profile_images/1211433112741171200/IWp3Iuh6_normal.jpg",
        "follow_request_sent": null,
        "profile_use_background_image": true,
        "profile_link_color": "7700FF",
        "profile_background_tile": true,
        "profile_image_url_https": "https://pbs.twimg.com/profile_images/1211433112741171200/IWp3Iuh6_normal.jpg",
        "profile_background_color": "642D8B",
        "utc_offset": null,
        "name": "ePearce4Q",
        "geo_enabled": true,
        "url": null,
        "profile_banner_url": "https://pbs.twimg.com/profile_banners/1658859332/1577081476",
        "id": 1658859332,
        "lang": null,
        "contributors_enabled": false,
        "followers_count": 417,
        "friends_count": 47,
        "profile_sidebar_border_color": "000000",
        "following": null,
        "default_profile": false,
        "statuses_count": 2109,
        "description": "Life is a combination of adjustments&compromises.If you fall once,get up.If you fall twice,get up.If you fall for the third time, tie your f*cking shoelaces!",
        "screen_name": "ePearce4Q",
        "id_str": "1658859332",
        "protected": false,
        "is_translator": false,
        "location": null,
        "default_profile_image": false,
        "profile_background_image_url_https": "https://abs.twimg.com/images/themes/theme10/bg.gif",
        "notifications": null,
        "profile_sidebar_fill_color": "7AC3EE",
        "profile_background_image_url": "http://abs.twimg.com/images/themes/theme10/bg.gif",
        "favourites_count": 3973,
        "translator_type": "none",
        "created_at": "Fri Aug 09 23:59:09 +0000 2013",
        "time_zone": null,
        "listed_count": 1,
        "profile_text_color": "3D1957"
      },
      "reply_count": 0
    },
    {
      "reply_count": 0,
      "contributors": null,
      "user": {
        "verified": false,
        "profile_image_url": "http://pbs.twimg.com/profile_images/1209790830443204609/IcomSITw_normal.jpg",
        "follow_request_sent": null,
        "profile_use_background_image": true,
        "profile_link_color": "0404B4",
        "profile_background_tile": false,
        "profile_image_url_https": "https://pbs.twimg.com/profile_images/1209790830443204609/IcomSITw_normal.jpg",
        "profile_background_color": "1A1B1F",
        "utc_offset": null,
        "name": "Handson Matheus",
        "geo_enabled": false,
        "url": null,
        "profile_banner_url": "https://pbs.twimg.com/profile_banners/346829857/1552323741",
        "id": 346829857,
        "lang": null,
        "contributors_enabled": false,
        "followers_count": 5874,
        "friends_count": 6081,
        "profile_sidebar_border_color": "000000",
        "following": null,
        "default_profile": false,
        "statuses_count": 5104,
        "description": "Eu sou Doutor em ciências ocultas, filosofia dramática, pediatria charlatânica, biologia dogmática e astrologia eletrônica.",
        "screen_name": "HandsonMatheus",
        "id_str": "346829857",
        "protected": false,
        "is_translator": false,
        "location": "Pernambuco, Brasil",
        "default_profile_image": false,
        "profile_background_image_url_https": "https://abs.twimg.com/images/themes/theme9/bg.gif",
        "notifications": null,
        "profile_sidebar_fill_color": "000000",
        "profile_background_image_url": "http://abs.twimg.com/images/themes/theme9/bg.gif",
        "favourites_count": 223,
        "translator_type": "none",
        "created_at": "Mon Aug 01 22:17:31 +0000 2011",
        "time_zone": null,
        "listed_count": 9,
        "profile_text_color": "000000"
      },
      "favorited": false,
      "source": "<a href=\"https://mobile.twitter.com\" rel=\"nofollow\">Twitter Web App</a>",
      "retweet_count": 0,
      "text": "RT @MaureenAnnMoran: @prayingmedic @realDonaldTrump Iran has deployed its Air Force https://t.co/SXPeW9cT4M",
      "id": 1214754647761674240,
      "in_reply_to_user_id": null,
      "lang": "en",
      "retweeted_status": {
        "truncated": false,
        "contributors": null,
        "user": {
          "verified": false,
          "profile_image_url": "http://pbs.twimg.com/profile_images/883159568402055169/v5cyyryn_normal.jpg",
          "follow_request_sent": null,
          "profile_use_background_image": false,
          "profile_link_color": "0084B4",
          "profile_background_tile": false,
          "profile_image_url_https": "https://pbs.twimg.com/profile_images/883159568402055169/v5cyyryn_normal.jpg",
          "profile_background_color": "C0DEED",
          "utc_offset": null,
          "name": "ULTRAMO",
          "geo_enabled": true,
          "url": "http://www.maureenmoran.com",
          "profile_banner_url": "https://pbs.twimg.com/profile_banners/33533303/1562038732",
          "id": 33533303,
          "lang": null,
          "contributors_enabled": false,
          "followers_count": 3209,
          "friends_count": 3885,
          "profile_sidebar_border_color": "C0DEED",
          "following": null,
          "default_profile": false,
          "statuses_count": 5925,
          "description": "Proudly followed by General Flynn!",
          "screen_name": "MaureenAnnMoran",
          "id_str": "33533303",
          "protected": false,
          "is_translator": false,
          "location": "La Mesa, CA",
          "default_profile_image": false,
          "profile_background_image_url_https": "https://abs.twimg.com/images/themes/theme1/bg.png",
          "notifications": null,
          "profile_sidebar_fill_color": "DDEEF6",
          "profile_background_image_url": "http://abs.twimg.com/images/themes/theme1/bg.png",
          "favourites_count": 166560,
          "translator_type": "none",
          "created_at": "Mon Apr 20 14:43:54 +0000 2009",
          "time_zone": null,
          "listed_count": 14,
          "profile_text_color": "333333"
        },
        "favorited": false,
        "source": "<a href=\"http://twitter.com/download/android\" rel=\"nofollow\">Twitter for Android</a>",
        "retweet_count": 329,
        "text": "@prayingmedic @realDonaldTrump Iran has deployed its Air Force https://t.co/SXPeW9cT4M",
        "id": 1214743863010578432,
        "in_reply_to_user_id": 83932539,
        "lang": "en",
        "is_quote_status": false,
        "quote_count": 19,
        "geo": null,
        "entities": {
          "urls": [],
          "user_mentions": [
            {
              "screen_name": "prayingmedic",
              "id_str": "83932539",
              "name": "Praying Medic",
              "indices": [
                0,
                13
              ],
              "id": 83932539
            },
            {
              "screen_name": "realDonaldTrump",
              "id_str": "25073877",
              "name": "Donald J. Trump",
              "indices": [
                14,
                30
              ],
              "id": 25073877
            }
          ],
          "media": [
            {
              "url": "https://t.co/SXPeW9cT4M",
              "id": 1214743860741472257,
              "display_url": "pic.twitter.com/SXPeW9cT4M",
              "id_str": "1214743860741472257",
              "expanded_url": "https://twitter.com/MaureenAnnMoran/status/1214743863010578432/photo/1",
              "type": "photo",
              "media_url_https": "https://pbs.twimg.com/media/ENujGviVAAECdhR.jpg",
              "indices": [
                63,
                86
              ],
              "media_url": "http://pbs.twimg.com/media/ENujGviVAAECdhR.jpg",
              "sizes": {
                "medium": {
                  "h": 638,
                  "w": 640,
                  "resize": "fit"
                },
                "thumb": {
                  "h": 150,
                  "w": 150,
                  "resize": "crop"
                },
                "large": {
                  "h": 638,
                  "w": 640,
                  "resize": "fit"
                },
                "small": {
                  "h": 638,
                  "w": 640,
                  "resize": "fit"
                }
              }
            }
          ],
          "symbols": [],
          "hashtags": []
        },
        "in_reply_to_screen_name": "prayingmedic",
        "possibly_sensitive": false,
        "in_reply_to_user_id_str": "83932539",
        "id_str": "1214743863010578432",
        "in_reply_to_status_id": 1214741677467787271,
        "coordinates": null,
        "display_text_range": [
          31,
          62
        ],
        "filter_level": "low",
        "reply_count": 156,
        "favorite_count": 2458,
        "place": null,
        "extended_entities": {
          "media": [
            {
              "url": "https://t.co/SXPeW9cT4M",
              "id": 1214743860741472257,
              "display_url": "pic.twitter.com/SXPeW9cT4M",
              "id_str": "1214743860741472257",
              "expanded_url": "https://twitter.com/MaureenAnnMoran/status/1214743863010578432/photo/1",
              "type": "photo",
              "media_url_https": "https://pbs.twimg.com/media/ENujGviVAAECdhR.jpg",
              "indices": [
                63,
                86
              ],
              "media_url": "http://pbs.twimg.com/media/ENujGviVAAECdhR.jpg",
              "sizes": {
                "medium": {
                  "h": 638,
                  "w": 640,
                  "resize": "fit"
                },
                "thumb": {
                  "h": 150,
                  "w": 150,
                  "resize": "crop"
                },
                "large": {
                  "h": 638,
                  "w": 640,
                  "resize": "fit"
                },
                "small": {
                  "h": 638,
                  "w": 640,
                  "resize": "fit"
                }
              }
            }
          ]
        },
        "in_reply_to_status_id_str": "1214741677467787271",
        "created_at": "Wed Jan 08 03:01:20 +0000 2020",
        "retweeted": false
      },
      "quote_count": 0,
      "is_quote_status": false,
      "geo": null,
      "entities": {
        "urls": [],
        "user_mentions": [
          {
            "screen_name": "MaureenAnnMoran",
            "id_str": "33533303",
            "name": "ULTRAMO",
            "indices": [
              3,
              19
            ],
            "id": 33533303
          },
          {
            "screen_name": "prayingmedic",
            "id_str": "83932539",
            "name": "Praying Medic",
            "indices": [
              21,
              34
            ],
            "id": 83932539
          },
          {
            "screen_name": "realDonaldTrump",
            "id_str": "25073877",
            "name": "Donald J. Trump",
            "indices": [
              35,
              51
            ],
            "id": 25073877
          }
        ],
        "media": [
          {
            "source_user_id_str": "33533303",
            "id_str": "1214743860741472257",
            "media_url_https": "https://pbs.twimg.com/media/ENujGviVAAECdhR.jpg",
            "source_status_id_str": "1214743863010578432",
            "expanded_url": "https://twitter.com/MaureenAnnMoran/status/1214743863010578432/photo/1",
            "url": "https://t.co/SXPeW9cT4M",
            "display_url": "pic.twitter.com/SXPeW9cT4M",
            "source_status_id": 1214743863010578432,
            "id": 1214743860741472257,
            "source_user_id": 33533303,
            "media_url": "http://pbs.twimg.com/media/ENujGviVAAECdhR.jpg",
            "indices": [
              84,
              107
            ],
            "type": "photo",
            "sizes": {
              "medium": {
                "h": 638,
                "w": 640,
                "resize": "fit"
              },
              "thumb": {
                "h": 150,
                "w": 150,
                "resize": "crop"
              },
              "large": {
                "h": 638,
                "w": 640,
                "resize": "fit"
              },
              "small": {
                "h": 638,
                "w": 640,
                "resize": "fit"
              }
            }
          }
        ],
        "symbols": [],
        "hashtags": []
      },
      "in_reply_to_screen_name": null,
      "possibly_sensitive": false,
      "in_reply_to_user_id_str": null,
      "id_str": "1214754647761674240",
      "in_reply_to_status_id": null,
      "timestamp_ms": "1578455051733",
      "coordinates": null,
      "retweeted": false,
      "filter_level": "low",
      "truncated": false,
      "favorite_count": 0,
      "place": null,
      "extended_entities": {
        "media": [
          {
            "source_user_id_str": "33533303",
            "id_str": "1214743860741472257",
            "media_url_https": "https://pbs.twimg.com/media/ENujGviVAAECdhR.jpg",
            "source_status_id_str": "1214743863010578432",
            "expanded_url": "https://twitter.com/MaureenAnnMoran/status/1214743863010578432/photo/1",
            "url": "https://t.co/SXPeW9cT4M",
            "display_url": "pic.twitter.com/SXPeW9cT4M",
            "source_status_id": 1214743863010578432,
            "id": 1214743860741472257,
            "source_user_id": 33533303,
            "media_url": "http://pbs.twimg.com/media/ENujGviVAAECdhR.jpg",
            "indices": [
              84,
              107
            ],
            "type": "photo",
            "sizes": {
              "medium": {
                "h": 638,
                "w": 640,
                "resize": "fit"
              },
              "thumb": {
                "h": 150,
                "w": 150,
                "resize": "crop"
              },
              "large": {
                "h": 638,
                "w": 640,
                "resize": "fit"
              },
              "small": {
                "h": 638,
                "w": 640,
                "resize": "fit"
              }
            }
          }
        ]
      },
      "in_reply_to_status_id_str": null,
      "created_at": "Wed Jan 08 03:44:11 +0000 2020"
    },
    {
      "reply_count": 0,
      "contributors": null,
      "user": {
        "verified": false,
        "profile_image_url": "http://pbs.twimg.com/profile_images/1099905073079975937/2xw7l1TB_normal.jpg",
        "follow_request_sent": null,
        "profile_use_background_image": true,
        "profile_link_color": "1DA1F2",
        "profile_background_tile": false,
        "profile_image_url_https": "https://pbs.twimg.com/profile_images/1099905073079975937/2xw7l1TB_normal.jpg",
        "profile_background_color": "F5F8FA",
        "utc_offset": null,
        "name": "Michael Carey",
        "geo_enabled": false,
        "url": null,
        "id": 711609866423414784,
        "lang": null,
        "contributors_enabled": false,
        "followers_count": 25,
        "friends_count": 279,
        "profile_sidebar_border_color": "C0DEED",
        "following": null,
        "default_profile": true,
        "statuses_count": 444,
        "description": null,
        "screen_name": "mcarey_InMotion",
        "id_str": "711609866423414784",
        "protected": false,
        "is_translator": false,
        "location": "San Pedro, Los Angeles",
        "default_profile_image": false,
        "profile_background_image_url_https": "",
        "notifications": null,
        "profile_sidebar_fill_color": "DDEEF6",
        "profile_background_image_url": "",
        "favourites_count": 375,
        "translator_type": "none",
        "created_at": "Sun Mar 20 17:46:28 +0000 2016",
        "time_zone": null,
        "listed_count": 0,
        "profile_text_color": "333333"
      },
      "favorited": false,
      "source": "<a href=\"http://twitter.com/download/android\" rel=\"nofollow\">Twitter for Android</a>",
      "retweet_count": 0,
      "text": "RT @DilleyShow: More people died attending Solelamadingdong's funeral than the \"fiery revenge\" Iran launched in his name.\n\n😂🤣😂🤣😂🤣😂🤣😂🤣😂🤣😂 ht…",
      "id": 1214754647803604994,
      "in_reply_to_user_id": null,
      "lang": "en",
      "retweeted_status": {
        "truncated": true,
        "contributors": null,
        "user": {
          "verified": false,
          "profile_image_url": "http://pbs.twimg.com/profile_images/1205932001817063425/8TIMoj3B_normal.jpg",
          "follow_request_sent": null,
          "profile_use_background_image": true,
          "profile_link_color": "1DA1F2",
          "profile_background_tile": false,
          "profile_image_url_https": "https://pbs.twimg.com/profile_images/1205932001817063425/8TIMoj3B_normal.jpg",
          "profile_background_color": "F5F8FA",
          "utc_offset": null,
          "name": "🇺🇸Brenden Sir Hublife Dilley🇺🇸",
          "geo_enabled": false,
          "url": null,
          "profile_banner_url": "https://pbs.twimg.com/profile_banners/968847322653306880/1576011134",
          "id": 968847322653306880,
          "lang": null,
          "contributors_enabled": false,
          "followers_count": 25104,
          "friends_count": 10088,
          "profile_sidebar_border_color": "C0DEED",
          "following": null,
          "default_profile": true,
          "statuses_count": 3300,
          "description": "Defender of POTUS Trump \n-Author-\nThedilleyshow@gmail.com\nhttp://www.SponsorDilley.com\n\nHost - The Dilley Show\nhttp://pscp.tv/therealhublife \nM-F at 12pm Est",
          "screen_name": "DilleyShow",
          "id_str": "968847322653306880",
          "protected": false,
          "is_translator": false,
          "location": null,
          "default_profile_image": false,
          "profile_background_image_url_https": "",
          "notifications": null,
          "profile_sidebar_fill_color": "DDEEF6",
          "profile_background_image_url": "",
          "favourites_count": 15610,
          "translator_type": "none",
          "created_at": "Wed Feb 28 13:56:16 +0000 2018",
          "time_zone": null,
          "listed_count": 42,
          "profile_text_color": "333333"
        },
        "favorited": false,
        "source": "<a href=\"http://twitter.com/download/android\" rel=\"nofollow\">Twitter for Android</a>",
        "retweet_count": 256,
        "text": "More people died attending Solelamadingdong's funeral than the \"fiery revenge\" Iran launched in his name.\n\n😂🤣😂🤣😂🤣😂🤣… https://t.co/NuTgBwb9hm",
        "id": 1214738045963948032,
        "in_reply_to_user_id": null,
        "lang": "en",
        "is_quote_status": false,
        "quote_count": 21,
        "geo": null,
        "entities": {
          "urls": [
            {
              "url": "https://t.co/NuTgBwb9hm",
              "display_url": "twitter.com/i/web/status/1…",
              "expanded_url": "https://twitter.com/i/web/status/1214738045963948032",
              "indices": [
                117,
                140
              ]
            }
          ],
          "user_mentions": [],
          "symbols": [],
          "hashtags": []
        },
        "in_reply_to_screen_name": null,
        "possibly_sensitive": false,
        "extended_tweet": {
          "entities": {
            "urls": [],
            "user_mentions": [],
            "media": [
              {
                "url": "https://t.co/8X6j82Rfqa",
                "sizes": {
                  "medium": {
                    "h": 138,
                    "w": 208,
                    "resize": "fit"
                  },
                  "thumb": {
                    "h": 138,
                    "w": 138,
                    "resize": "crop"
                  },
                  "large": {
                    "h": 138,
                    "w": 208,
                    "resize": "fit"
                  },
                  "small": {
                    "h": 138,
                    "w": 208,
                    "resize": "fit"
                  }
                },
                "id": 1214738035947888640,
                "display_url": "pic.twitter.com/8X6j82Rfqa",
                "id_str": "1214738035947888640",
                "expanded_url": "https://twitter.com/DilleyShow/status/1214738045963948032/photo/1",
                "type": "animated_gif",
                "media_url_https": "https://pbs.twimg.com/tweet_video_thumb/ENudzsfUYAAIaOC.jpg",
                "indices": [
                  121,
                  144
                ],
                "media_url": "http://pbs.twimg.com/tweet_video_thumb/ENudzsfUYAAIaOC.jpg",
                "video_info": {
                  "variants": [
                    {
                      "bitrate": 0,
                      "url": "https://video.twimg.com/tweet_video/ENudzsfUYAAIaOC.mp4",
                      "content_type": "video/mp4"
                    }
                  ],
                  "aspect_ratio": [
                    104,
                    69
                  ]
                }
              }
            ],
            "symbols": [],
            "hashtags": []
          },
          "extended_entities": {
            "media": [
              {
                "url": "https://t.co/8X6j82Rfqa",
                "sizes": {
                  "medium": {
                    "h": 138,
                    "w": 208,
                    "resize": "fit"
                  },
                  "thumb": {
                    "h": 138,
                    "w": 138,
                    "resize": "crop"
                  },
                  "large": {
                    "h": 138,
                    "w": 208,
                    "resize": "fit"
                  },
                  "small": {
                    "h": 138,
                    "w": 208,
                    "resize": "fit"
                  }
                },
                "id": 1214738035947888640,
                "display_url": "pic.twitter.com/8X6j82Rfqa",
                "id_str": "1214738035947888640",
                "expanded_url": "https://twitter.com/DilleyShow/status/1214738045963948032/photo/1",
                "type": "animated_gif",
                "media_url_https": "https://pbs.twimg.com/tweet_video_thumb/ENudzsfUYAAIaOC.jpg",
                "indices": [
                  121,
                  144
                ],
                "media_url": "http://pbs.twimg.com/tweet_video_thumb/ENudzsfUYAAIaOC.jpg",
                "video_info": {
                  "variants": [
                    {
                      "bitrate": 0,
                      "url": "https://video.twimg.com/tweet_video/ENudzsfUYAAIaOC.mp4",
                      "content_type": "video/mp4"
                    }
                  ],
                  "aspect_ratio": [
                    104,
                    69
                  ]
                }
              }
            ]
          },
          "full_text": "More people died attending Solelamadingdong's funeral than the \"fiery revenge\" Iran launched in his name.\n\n😂🤣😂🤣😂🤣😂🤣😂🤣😂🤣😂 https://t.co/8X6j82Rfqa",
          "display_text_range": [
            0,
            120
          ]
        },
        "in_reply_to_user_id_str": null,
        "id_str": "1214738045963948032",
        "in_reply_to_status_id": null,
        "coordinates": null,
        "display_text_range": [
          0,
          140
        ],
        "filter_level": "low",
        "reply_count": 42,
        "favorite_count": 518,
        "place": null,
        "in_reply_to_status_id_str": null,
        "created_at": "Wed Jan 08 02:38:13 +0000 2020",
        "retweeted": false
      },
      "quote_count": 0,
      "is_quote_status": false,
      "geo": null,
      "entities": {
        "urls": [],
        "user_mentions": [
          {
            "screen_name": "DilleyShow",
            "id_str": "968847322653306880",
            "name": "🇺🇸Brenden Sir Hublife Dilley🇺🇸",
            "indices": [
              3,
              14
            ],
            "id": 968847322653306880
          }
        ],
        "symbols": [],
        "hashtags": []
      },
      "in_reply_to_screen_name": null,
      "in_reply_to_user_id_str": null,
      "id_str": "1214754647803604994",
      "in_reply_to_status_id": null,
      "timestamp_ms": "1578455051743",
      "coordinates": null,
      "retweeted": false,
      "filter_level": "low",
      "truncated": false,
      "favorite_count": 0,
      "place": null,
      "in_reply_to_status_id_str": null,
      "created_at": "Wed Jan 08 03:44:11 +0000 2020"
    },
    {
      "reply_count": 0,
      "contributors": null,
      "user": {
        "verified": false,
        "profile_image_url": "http://pbs.twimg.com/profile_images/847459768255954944/gFWFMzYX_normal.jpg",
        "follow_request_sent": null,
        "profile_use_background_image": true,
        "profile_link_color": "55ED2F",
        "profile_background_tile": false,
        "profile_image_url_https": "https://pbs.twimg.com/profile_images/847459768255954944/gFWFMzYX_normal.jpg",
        "profile_background_color": "1A1B1F",
        "utc_offset": null,
        "name": "nikkiz999",
        "geo_enabled": true,
        "url": null,
        "profile_banner_url": "https://pbs.twimg.com/profile_banners/16177897/1490885078",
        "id": 16177897,
        "lang": null,
        "contributors_enabled": false,
        "followers_count": 1026,
        "friends_count": 1858,
        "profile_sidebar_border_color": "FFFFFF",
        "following": null,
        "default_profile": false,
        "statuses_count": 91179,
        "description": "New Yorker, Marinite",
        "screen_name": "nikkiz999",
        "id_str": "16177897",
        "protected": false,
        "is_translator": false,
        "location": null,
        "default_profile_image": false,
        "profile_background_image_url_https": "https://abs.twimg.com/images/themes/theme9/bg.gif",
        "notifications": null,
        "profile_sidebar_fill_color": "FFF7CC",
        "profile_background_image_url": "http://abs.twimg.com/images/themes/theme9/bg.gif",
        "favourites_count": 61641,
        "translator_type": "none",
        "created_at": "Mon Sep 08 02:22:29 +0000 2008",
        "time_zone": null,
        "listed_count": 7,
        "profile_text_color": "0C3E53"
      },
      "favorited": false,
      "source": "<a href=\"http://twitter.com/#!/download/ipad\" rel=\"nofollow\">Twitter for iPad</a>",
      "retweet_count": 0,
      "text": "RT @JoyAnnReid: This piece ran in the Wapo in 2013 as President Obama was in the midst of painstaking negotiations for a nuclear deal with…",
      "id": 1214754647811903489,
      "in_reply_to_user_id": null,
      "lang": "en",
      "retweeted_status": {
        "reply_count": 50,
        "contributors": null,
        "user": {
          "verified": true,
          "profile_image_url": "http://pbs.twimg.com/profile_images/868433375706701824/xJ3Me1KK_normal.jpg",
          "follow_request_sent": null,
          "profile_use_background_image": true,
          "profile_link_color": "0042A6",
          "profile_background_tile": true,
          "profile_image_url_https": "https://pbs.twimg.com/profile_images/868433375706701824/xJ3Me1KK_normal.jpg",
          "profile_background_color": "1A1B1F",
          "utc_offset": null,
          "name": "Joy Reid",
          "geo_enabled": true,
          "url": "https://www.amazon.com/author/joyannreid",
          "profile_banner_url": "https://pbs.twimg.com/profile_banners/49698134/1561574533",
          "id": 49698134,
          "lang": null,
          "contributors_enabled": false,
          "followers_count": 1517280,
          "friends_count": 5873,
          "profile_sidebar_border_color": "000000",
          "following": null,
          "default_profile": false,
          "statuses_count": 152884,
          "description": "“Ignorance, allied with power, is the most ferocious enemy justice can have.” - James Baldwin #AMJoy #reiders",
          "screen_name": "JoyAnnReid",
          "id_str": "49698134",
          "protected": false,
          "is_translator": false,
          "location": "NYC",
          "default_profile_image": false,
          "profile_background_image_url_https": "https://abs.twimg.com/images/themes/theme9/bg.gif",
          "notifications": null,
          "profile_sidebar_fill_color": "252429",
          "profile_background_image_url": "http://abs.twimg.com/images/themes/theme9/bg.gif",
          "favourites_count": 30402,
          "translator_type": "none",
          "created_at": "Mon Jun 22 17:29:54 +0000 2009",
          "time_zone": null,
          "listed_count": 11186,
          "profile_text_color": "666666"
        },
        "favorited": false,
        "source": "<a href=\"http://twitter.com/download/iphone\" rel=\"nofollow\">Twitter for iPhone</a>",
        "retweet_count": 541,
        "text": "This piece ran in the Wapo in 2013 as President Obama was in the midst of painstaking negotiations for a nuclear de… https://t.co/ZfXgrx0Doy",
        "id": 1214748836083765249,
        "in_reply_to_user_id": null,
        "lang": "en",
        "is_quote_status": false,
        "quote_count": 15,
        "geo": null,
        "entities": {
          "urls": [
            {
              "url": "https://t.co/ZfXgrx0Doy",
              "display_url": "twitter.com/i/web/status/1…",
              "expanded_url": "https://twitter.com/i/web/status/1214748836083765249",
              "indices": [
                117,
                140
              ]
            }
          ],
          "user_mentions": [],
          "symbols": [],
          "hashtags": []
        },
        "in_reply_to_screen_name": null,
        "possibly_sensitive": false,
        "extended_tweet": {
          "entities": {
            "urls": [
              {
                "url": "https://t.co/GSBmZMkqzo",
                "display_url": "washingtonpost.com/news/worldview…",
                "expanded_url": "https://www.washingtonpost.com/news/worldviews/wp/2013/10/16/the-forgotten-story-of-iran-air-flight-655/",
                "indices": [
                  254,
                  277
                ]
              }
            ],
            "user_mentions": [],
            "symbols": [],
            "hashtags": []
          },
          "full_text": "This piece ran in the Wapo in 2013 as President Obama was in the midst of painstaking negotiations for a nuclear deal with Iran. You simply cannot understate how hard  and crucial making that deal was, and the horrendous cost of Trump throwing it away.  https://t.co/GSBmZMkqzo",
          "display_text_range": [
            0,
            277
          ]
        },
        "in_reply_to_user_id_str": null,
        "id_str": "1214748836083765249",
        "in_reply_to_status_id": null,
        "coordinates": null,
        "retweeted": false,
        "filter_level": "low",
        "truncated": true,
        "favorite_count": 1277,
        "place": null,
        "in_reply_to_status_id_str": null,
        "created_at": "Wed Jan 08 03:21:06 +0000 2020"
      },
      "quote_count": 0,
      "is_quote_status": false,
      "geo": null,
      "entities": {
        "urls": [],
        "user_mentions": [
          {
            "screen_name": "JoyAnnReid",
            "id_str": "49698134",
            "name": "Joy Reid",
            "indices": [
              3,
              14
            ],
            "id": 49698134
          }
        ],
        "symbols": [],
        "hashtags": []
      },
      "in_reply_to_screen_name": null,
      "in_reply_to_user_id_str": null,
      "id_str": "1214754647811903489",
      "in_reply_to_status_id": null,
      "timestamp_ms": "1578455051745",
      "coordinates": null,
      "retweeted": false,
      "filter_level": "low",
      "truncated": false,
      "favorite_count": 0,
      "place": null,
      "in_reply_to_status_id_str": null,
      "created_at": "Wed Jan 08 03:44:11 +0000 2020"
    },
    {
      "reply_count": 0,
      "contributors": null,
      "user": {
        "verified": false,
        "profile_image_url": "http://pbs.twimg.com/profile_images/1193210638589448192/yTZS-IVx_normal.jpg",
        "follow_request_sent": null,
        "profile_use_background_image": false,
        "profile_link_color": "FF691F",
        "profile_background_tile": false,
        "profile_image_url_https": "https://pbs.twimg.com/profile_images/1193210638589448192/yTZS-IVx_normal.jpg",
        "profile_background_color": "000000",
        "utc_offset": null,
        "name": "Picaro Dios Tuitero",
        "geo_enabled": true,
        "url": "http://findelmundo.com",
        "profile_banner_url": "https://pbs.twimg.com/profile_banners/914694320422375424/1552866375",
        "id": 914694320422375424,
        "lang": null,
        "contributors_enabled": false,
        "followers_count": 392,
        "friends_count": 454,
        "profile_sidebar_border_color": "000000",
        "following": null,
        "default_profile": false,
        "statuses_count": 106144,
        "description": "Discípulo de chuck norris, abanderado de las causas resueltas por mac giver y como no abnegado e ilustre buscador de la verdad como goku. Busco mi media naranja",
        "screen_name": "Guille_Sero",
        "id_str": "914694320422375424",
        "protected": false,
        "is_translator": false,
        "location": "Pueblo Libre, Peru",
        "default_profile_image": false,
        "profile_background_image_url_https": "https://abs.twimg.com/images/themes/theme1/bg.png",
        "notifications": null,
        "profile_sidebar_fill_color": "000000",
        "profile_background_image_url": "http://abs.twimg.com/images/themes/theme1/bg.png",
        "favourites_count": 20745,
        "translator_type": "none",
        "created_at": "Mon Oct 02 03:31:35 +0000 2017",
        "time_zone": null,
        "listed_count": 2,
        "profile_text_color": "000000"
      },
      "favorited": false,
      "source": "<a href=\"http://twitter.com/download/android\" rel=\"nofollow\">Twitter for Android</a>",
      "retweet_count": 0,
      "text": "RT @AlertaNews24: 🇮🇷 | URGENTE: Un avión de pasajeros de Ukrainian Airlines con 180 personas a bordo se estrelló poco después de despegar d…",
      "id": 1214754647849807873,
      "in_reply_to_user_id": null,
      "lang": "es",
      "retweeted_status": {
        "reply_count": 29,
        "contributors": null,
        "user": {
          "verified": false,
          "profile_image_url": "http://pbs.twimg.com/profile_images/1880036851/13_Mayo_2011_normal.JPG",
          "follow_request_sent": null,
          "profile_use_background_image": true,
          "profile_link_color": "0084B4",
          "profile_background_tile": false,
          "profile_image_url_https": "https://pbs.twimg.com/profile_images/1880036851/13_Mayo_2011_normal.JPG",
          "profile_background_color": "C0DEED",
          "utc_offset": null,
          "name": "Alerta News 24",
          "geo_enabled": true,
          "url": null,
          "profile_banner_url": "https://pbs.twimg.com/profile_banners/39692424/1578244456",
          "id": 39692424,
          "lang": null,
          "contributors_enabled": false,
          "followers_count": 172018,
          "friends_count": 377,
          "profile_sidebar_border_color": "C0DEED",
          "following": null,
          "default_profile": false,
          "statuses_count": 50541,
          "description": "Alertas desde todas partes del mundo las 24 horas en tiempo real. (Imagen 03/01: 🇺🇸🇮🇷🇮🇶 | TENSIÓN EN MEDIO ORIENTE).",
          "screen_name": "AlertaNews24",
          "id_str": "39692424",
          "protected": false,
          "is_translator": false,
          "location": "Global",
          "default_profile_image": false,
          "profile_background_image_url_https": "https://abs.twimg.com/images/themes/theme1/bg.png",
          "notifications": null,
          "profile_sidebar_fill_color": "DDEEF6",
          "profile_background_image_url": "http://abs.twimg.com/images/themes/theme1/bg.png",
          "favourites_count": 59,
          "translator_type": "none",
          "created_at": "Wed May 13 05:02:36 +0000 2009",
          "time_zone": null,
          "listed_count": 1627,
          "profile_text_color": "333333"
        },
        "favorited": false,
        "source": "<a href=\"http://twitter.com/download/iphone\" rel=\"nofollow\">Twitter for iPhone</a>",
        "retweet_count": 379,
        "text": "🇮🇷 | URGENTE: Un avión de pasajeros de Ukrainian Airlines con 180 personas a bordo se estrelló poco después de desp… https://t.co/B3KMCT35rT",
        "id": 1214753412669149184,
        "in_reply_to_user_id": null,
        "lang": "es",
        "is_quote_status": false,
        "quote_count": 76,
        "geo": null,
        "entities": {
          "urls": [
            {
              "url": "https://t.co/B3KMCT35rT",
              "display_url": "twitter.com/i/web/status/1…",
              "expanded_url": "https://twitter.com/i/web/status/1214753412669149184",
              "indices": [
                117,
                140
              ]
            }
          ],
          "user_mentions": [],
          "symbols": [],
          "hashtags": []
        },
        "in_reply_to_screen_name": null,
        "extended_tweet": {
          "entities": {
            "urls": [],
            "user_mentions": [],
            "symbols": [],
            "hashtags": []
          },
          "full_text": "🇮🇷 | URGENTE: Un avión de pasajeros de Ukrainian Airlines con 180 personas a bordo se estrelló poco después de despegar del aeropuerto Imam Khomeini en la capital iraní de Teherán, debido a problemas técnicos, informó la Agencia Fars.",
          "display_text_range": [
            0,
            234
          ]
        },
        "in_reply_to_user_id_str": null,
        "id_str": "1214753412669149184",
        "in_reply_to_status_id": null,
        "coordinates": null,
        "retweeted": false,
        "filter_level": "low",
        "truncated": true,
        "favorite_count": 335,
        "place": null,
        "in_reply_to_status_id_str": null,
        "created_at": "Wed Jan 08 03:39:17 +0000 2020"
      },
      "quote_count": 0,
      "is_quote_status": false,
      "geo": null,
      "entities": {
        "urls": [],
        "user_mentions": [
          {
            "screen_name": "AlertaNews24",
            "id_str": "39692424",
            "name": "Alerta News 24",
            "indices": [
              3,
              16
            ],
            "id": 39692424
          }
        ],
        "symbols": [],
        "hashtags": []
      },
      "in_reply_to_screen_name": null,
      "in_reply_to_user_id_str": null,
      "id_str": "1214754647849807873",
      "in_reply_to_status_id": null,
      "timestamp_ms": "1578455051754",
      "coordinates": null,
      "retweeted": false,
      "filter_level": "low",
      "truncated": false,
      "favorite_count": 0,
      "place": null,
      "in_reply_to_status_id_str": null,
      "created_at": "Wed Jan 08 03:44:11 +0000 2020"
    },
    {
      "reply_count": 0,
      "contributors": null,
      "user": {
        "verified": false,
        "profile_image_url": "http://pbs.twimg.com/profile_images/1100101737044574208/3Riy9Cq8_normal.jpg",
        "follow_request_sent": null,
        "profile_use_background_image": true,
        "profile_link_color": "3B94D9",
        "profile_background_tile": true,
        "profile_image_url_https": "https://pbs.twimg.com/profile_images/1100101737044574208/3Riy9Cq8_normal.jpg",
        "profile_background_color": "FCEBB6",
        "utc_offset": null,
        "name": "LOOK4GOOD07",
        "geo_enabled": false,
        "url": null,
        "profile_banner_url": "https://pbs.twimg.com/profile_banners/17909644/1576348789",
        "id": 17909644,
        "lang": null,
        "contributors_enabled": false,
        "followers_count": 636,
        "friends_count": 701,
        "profile_sidebar_border_color": "F0A830",
        "following": null,
        "default_profile": false,
        "statuses_count": 2035,
        "description": "#QAnon #WWG1WGA #PSBArmy \n#Qarmy #WAKEUPAMERICA #FACTSMATTER #SAVEAMERICA #UNITEDNOTDIVIDED #WWG1WGA #ONESQUADUNDERGOD",
        "screen_name": "look4good07",
        "id_str": "17909644",
        "protected": false,
        "is_translator": false,
        "location": "San Diego,  CA",
        "default_profile_image": false,
        "profile_background_image_url_https": "https://abs.twimg.com/images/themes/theme4/bg.gif",
        "notifications": null,
        "profile_sidebar_fill_color": "78C0A8",
        "profile_background_image_url": "http://abs.twimg.com/images/themes/theme4/bg.gif",
        "favourites_count": 8543,
        "translator_type": "none",
        "created_at": "Fri Dec 05 22:13:15 +0000 2008",
        "time_zone": null,
        "listed_count": 9,
        "profile_text_color": "5E412F"
      },
      "favorited": false,
      "source": "<a href=\"https://mobile.twitter.com\" rel=\"nofollow\">Twitter Web App</a>",
      "retweet_count": 0,
      "text": "RT @DeplorablySassy: BREAKING: \n\nThe only person who actually got bombed tonight was Nancy Pelosi, after diving into 4 vodkas while “keepin…",
      "id": 1214754647837032448,
      "in_reply_to_user_id": null,
      "lang": "en",
      "retweeted_status": {
        "reply_count": 5,
        "contributors": null,
        "user": {
          "verified": false,
          "profile_image_url": "http://pbs.twimg.com/profile_images/1199313327308050434/6MVHRrl-_normal.jpg",
          "follow_request_sent": null,
          "profile_use_background_image": true,
          "profile_link_color": "1DA1F2",
          "profile_background_tile": false,
          "profile_image_url_https": "https://pbs.twimg.com/profile_images/1199313327308050434/6MVHRrl-_normal.jpg",
          "profile_background_color": "F5F8FA",
          "utc_offset": null,
          "name": "DeplorablySassy ⭐️⭐️⭐️",
          "geo_enabled": false,
          "url": null,
          "profile_banner_url": "https://pbs.twimg.com/profile_banners/1072589785452163073/1574773819",
          "id": 1072589785452163073,
          "lang": null,
          "contributors_enabled": false,
          "followers_count": 1750,
          "friends_count": 366,
          "profile_sidebar_border_color": "C0DEED",
          "following": null,
          "default_profile": true,
          "statuses_count": 2829,
          "description": "2016 you hadn’t seen nothing yet —- wait until 2020 🤫",
          "screen_name": "DeplorablySassy",
          "id_str": "1072589785452163073",
          "protected": false,
          "is_translator": false,
          "location": null,
          "default_profile_image": false,
          "profile_background_image_url_https": "",
          "notifications": null,
          "profile_sidebar_fill_color": "DDEEF6",
          "profile_background_image_url": "",
          "favourites_count": 3413,
          "translator_type": "none",
          "created_at": "Tue Dec 11 20:31:47 +0000 2018",
          "time_zone": null,
          "listed_count": 3,
          "profile_text_color": "333333"
        },
        "favorited": false,
        "source": "<a href=\"http://twitter.com/download/iphone\" rel=\"nofollow\">Twitter for iPhone</a>",
        "retweet_count": 15,
        "text": "BREAKING: \n\nThe only person who actually got bombed tonight was Nancy Pelosi, after diving into 4 vodkas while “kee… https://t.co/QK5jmiRdWW",
        "id": 1214752373056380929,
        "in_reply_to_user_id": null,
        "lang": "en",
        "is_quote_status": false,
        "quote_count": 0,
        "geo": null,
        "entities": {
          "urls": [
            {
              "url": "https://t.co/QK5jmiRdWW",
              "display_url": "twitter.com/i/web/status/1…",
              "expanded_url": "https://twitter.com/i/web/status/1214752373056380929",
              "indices": [
                117,
                140
              ]
            }
          ],
          "user_mentions": [],
          "symbols": [],
          "hashtags": []
        },
        "in_reply_to_screen_name": null,
        "extended_tweet": {
          "entities": {
            "urls": [],
            "user_mentions": [],
            "symbols": [],
            "hashtags": []
          },
          "full_text": "BREAKING: \n\nThe only person who actually got bombed tonight was Nancy Pelosi, after diving into 4 vodkas while “keeping an eye” on the Iran situation \n\n🙈🙈🤷‍♀️",
          "display_text_range": [
            0,
            158
          ]
        },
        "in_reply_to_user_id_str": null,
        "id_str": "1214752373056380929",
        "in_reply_to_status_id": null,
        "coordinates": null,
        "retweeted": false,
        "filter_level": "low",
        "truncated": true,
        "favorite_count": 44,
        "place": null,
        "in_reply_to_status_id_str": null,
        "created_at": "Wed Jan 08 03:35:09 +0000 2020"
      },
      "quote_count": 0,
      "is_quote_status": false,
      "geo": null,
      "entities": {
        "urls": [],
        "user_mentions": [
          {
            "screen_name": "DeplorablySassy",
            "id_str": "1072589785452163073",
            "name": "DeplorablySassy ⭐️⭐️⭐️",
            "indices": [
              3,
              19
            ],
            "id": 1072589785452163073
          }
        ],
        "symbols": [],
        "hashtags": []
      },
      "in_reply_to_screen_name": null,
      "in_reply_to_user_id_str": null,
      "id_str": "1214754647837032448",
      "in_reply_to_status_id": null,
      "timestamp_ms": "1578455051751",
      "coordinates": null,
      "retweeted": false,
      "filter_level": "low",
      "truncated": false,
      "favorite_count": 0,
      "place": null,
      "in_reply_to_status_id_str": null,
      "created_at": "Wed Jan 08 03:44:11 +0000 2020"
    },
    {
      "reply_count": 0,
      "contributors": null,
      "user": {
        "verified": false,
        "profile_image_url": "http://pbs.twimg.com/profile_images/1210056680907644929/BljBGtHD_normal.jpg",
        "follow_request_sent": null,
        "profile_use_background_image": false,
        "profile_link_color": "1B95E0",
        "profile_background_tile": false,
        "profile_image_url_https": "https://pbs.twimg.com/profile_images/1210056680907644929/BljBGtHD_normal.jpg",
        "profile_background_color": "000000",
        "utc_offset": null,
        "name": "🇺🇸⚡🇮🇹𝐋𝐈𝐙™⭐⭐⭐",
        "geo_enabled": false,
        "url": null,
        "profile_banner_url": "https://pbs.twimg.com/profile_banners/830603169055010820/1550354842",
        "id": 830603169055010820,
        "lang": null,
        "contributors_enabled": false,
        "followers_count": 65828,
        "friends_count": 65630,
        "profile_sidebar_border_color": "000000",
        "following": null,
        "default_profile": false,
        "statuses_count": 71132,
        "description": "🇺🇸ʟ-ᴏ-ᴠ-ᴇ ᴏᴜʀ ᴘʀᴇsɪᴅᴇɴᴛ🇺🇸 FB @KAG1776MAGA & @killabeas69  #BlueLivesMatter #TeamPatriotsGroup  #myfavgator #LMMETOO2 #MAGIC4LM #Twins #45MAGAGWGEXPRESS #717",
        "screen_name": "hoppinmama5",
        "id_str": "830603169055010820",
        "protected": false,
        "is_translator": false,
        "location": "Florida, USA",
        "default_profile_image": false,
        "profile_background_image_url_https": "https://abs.twimg.com/images/themes/theme1/bg.png",
        "notifications": null,
        "profile_sidebar_fill_color": "000000",
        "profile_background_image_url": "http://abs.twimg.com/images/themes/theme1/bg.png",
        "favourites_count": 96852,
        "translator_type": "none",
        "created_at": "Sun Feb 12 02:23:22 +0000 2017",
        "time_zone": null,
        "listed_count": 22,
        "profile_text_color": "000000"
      },
      "favorited": false,
      "source": "<a href=\"http://twitter.com/download/android\" rel=\"nofollow\">Twitter for Android</a>",
      "retweet_count": 0,
      "text": "RT @Ih8uJ: @realDonaldTrump was been too quiet... \n\nIRAN better RUN  🤣\n\n#ShitsBout2GetReal https://t.co/f46Jt5UfCp",
      "id": 1214754647505866752,
      "in_reply_to_user_id": null,
      "lang": "en",
      "retweeted_status": {
        "truncated": false,
        "contributors": null,
        "user": {
          "verified": false,
          "profile_image_url": "http://pbs.twimg.com/profile_images/1210396344659169283/oIFpksh7_normal.png",
          "follow_request_sent": null,
          "profile_use_background_image": false,
          "profile_link_color": "FF691F",
          "profile_background_tile": false,
          "profile_image_url_https": "https://pbs.twimg.com/profile_images/1210396344659169283/oIFpksh7_normal.png",
          "profile_background_color": "000000",
          "utc_offset": null,
          "name": "Ih8uJack",
          "geo_enabled": false,
          "url": "https://www.youtube.com/user/MCNB9396/videos",
          "profile_banner_url": "https://pbs.twimg.com/profile_banners/1114128840262131712/1574041578",
          "id": 1114128840262131712,
          "lang": null,
          "contributors_enabled": false,
          "followers_count": 29383,
          "friends_count": 29582,
          "profile_sidebar_border_color": "000000",
          "following": null,
          "default_profile": false,
          "statuses_count": 16396,
          "description": "✨#PATRIOT ✨#TRUMP2020 ✨ ✨#MAGA✨#KAG ✨🛡️⚔️#ᗰᗩGᗩᗯᗩᖇᖇIOᖇS⚔️🛡️✨ ✨💥#GWG💥✨🔥💥#MEMEWARS💥🔥✨  ✨#TTBKDOT ✨ ✨@Ih8uJ ack 🖕 ✨/I'hate'you'Jack/✨",
          "screen_name": "Ih8uJ",
          "id_str": "1114128840262131712",
          "protected": false,
          "is_translator": false,
          "location": "BFE",
          "default_profile_image": false,
          "profile_background_image_url_https": "https://abs.twimg.com/images/themes/theme1/bg.png",
          "notifications": null,
          "profile_sidebar_fill_color": "000000",
          "profile_background_image_url": "http://abs.twimg.com/images/themes/theme1/bg.png",
          "favourites_count": 3979,
          "translator_type": "none",
          "created_at": "Fri Apr 05 11:33:09 +0000 2019",
          "time_zone": null,
          "listed_count": 7,
          "profile_text_color": "000000"
        },
        "favorited": false,
        "source": "<a href=\"http://twitter.com\" rel=\"nofollow\">Twitter Web Client</a>",
        "retweet_count": 117,
        "text": "@realDonaldTrump was been too quiet... \n\nIRAN better RUN  🤣\n\n#ShitsBout2GetReal https://t.co/f46Jt5UfCp",
        "id": 1214718624906272768,
        "in_reply_to_user_id": 25073877,
        "lang": "en",
        "is_quote_status": false,
        "quote_count": 2,
        "geo": null,
        "entities": {
          "urls": [],
          "user_mentions": [
            {
              "screen_name": "realDonaldTrump",
              "id_str": "25073877",
              "name": "Donald J. Trump",
              "indices": [
                0,
                16
              ],
              "id": 25073877
            }
          ],
          "media": [
            {
              "url": "https://t.co/f46Jt5UfCp",
              "id": 1214718588722003968,
              "display_url": "pic.twitter.com/f46Jt5UfCp",
              "id_str": "1214718588722003968",
              "expanded_url": "https://twitter.com/Ih8uJ/status/1214718624906272768/photo/1",
              "type": "photo",
              "media_url_https": "https://pbs.twimg.com/media/ENuMHt7WwAAJNwW.jpg",
              "indices": [
                80,
                103
              ],
              "media_url": "http://pbs.twimg.com/media/ENuMHt7WwAAJNwW.jpg",
              "sizes": {
                "medium": {
                  "h": 433,
                  "w": 720,
                  "resize": "fit"
                },
                "thumb": {
                  "h": 150,
                  "w": 150,
                  "resize": "crop"
                },
                "large": {
                  "h": 433,
                  "w": 720,
                  "resize": "fit"
                },
                "small": {
                  "h": 409,
                  "w": 680,
                  "resize": "fit"
                }
              }
            }
          ],
          "symbols": [],
          "hashtags": [
            {
              "indices": [
                61,
                79
              ],
              "text": "ShitsBout2GetReal"
            }
          ]
        },
        "in_reply_to_screen_name": "realDonaldTrump",
        "possibly_sensitive": false,
        "in_reply_to_user_id_str": "25073877",
        "id_str": "1214718624906272768",
        "in_reply_to_status_id": null,
        "coordinates": null,
        "display_text_range": [
          0,
          79
        ],
        "filter_level": "low",
        "reply_count": 9,
        "favorite_count": 130,
        "place": null,
        "extended_entities": {
          "media": [
            {
              "url": "https://t.co/f46Jt5UfCp",
              "id": 1214718588722003968,
              "display_url": "pic.twitter.com/f46Jt5UfCp",
              "id_str": "1214718588722003968",
              "expanded_url": "https://twitter.com/Ih8uJ/status/1214718624906272768/photo/1",
              "type": "photo",
              "media_url_https": "https://pbs.twimg.com/media/ENuMHt7WwAAJNwW.jpg",
              "indices": [
                80,
                103
              ],
              "media_url": "http://pbs.twimg.com/media/ENuMHt7WwAAJNwW.jpg",
              "sizes": {
                "medium": {
                  "h": 433,
                  "w": 720,
                  "resize": "fit"
                },
                "thumb": {
                  "h": 150,
                  "w": 150,
                  "resize": "crop"
                },
                "large": {
                  "h": 433,
                  "w": 720,
                  "resize": "fit"
                },
                "small": {
                  "h": 409,
                  "w": 680,
                  "resize": "fit"
                }
              }
            }
          ]
        },
        "in_reply_to_status_id_str": null,
        "created_at": "Wed Jan 08 01:21:03 +0000 2020",
        "retweeted": false
      },
      "quote_count": 0,
      "is_quote_status": false,
      "geo": null,
      "entities": {
        "urls": [],
        "user_mentions": [
          {
            "screen_name": "Ih8uJ",
            "id_str": "1114128840262131712",
            "name": "Ih8uJack",
            "indices": [
              3,
              9
            ],
            "id": 1114128840262131712
          },
          {
            "screen_name": "realDonaldTrump",
            "id_str": "25073877",
            "name": "Donald J. Trump",
            "indices": [
              11,
              27
            ],
            "id": 25073877
          }
        ],
        "media": [
          {
            "source_user_id_str": "1114128840262131712",
            "id_str": "1214718588722003968",
            "media_url_https": "https://pbs.twimg.com/media/ENuMHt7WwAAJNwW.jpg",
            "source_status_id_str": "1214718624906272768",
            "expanded_url": "https://twitter.com/Ih8uJ/status/1214718624906272768/photo/1",
            "url": "https://t.co/f46Jt5UfCp",
            "display_url": "pic.twitter.com/f46Jt5UfCp",
            "source_status_id": 1214718624906272768,
            "id": 1214718588722003968,
            "source_user_id": 1114128840262131712,
            "media_url": "http://pbs.twimg.com/media/ENuMHt7WwAAJNwW.jpg",
            "indices": [
              91,
              114
            ],
            "type": "photo",
            "sizes": {
              "medium": {
                "h": 433,
                "w": 720,
                "resize": "fit"
              },
              "thumb": {
                "h": 150,
                "w": 150,
                "resize": "crop"
              },
              "large": {
                "h": 433,
                "w": 720,
                "resize": "fit"
              },
              "small": {
                "h": 409,
                "w": 680,
                "resize": "fit"
              }
            }
          }
        ],
        "symbols": [],
        "hashtags": [
          {
            "indices": [
              72,
              90
            ],
            "text": "ShitsBout2GetReal"
          }
        ]
      },
      "in_reply_to_screen_name": null,
      "possibly_sensitive": false,
      "in_reply_to_user_id_str": null,
      "id_str": "1214754647505866752",
      "in_reply_to_status_id": null,
      "timestamp_ms": "1578455051672",
      "coordinates": null,
      "retweeted": false,
      "filter_level": "low",
      "truncated": false,
      "favorite_count": 0,
      "place": null,
      "extended_entities": {
        "media": [
          {
            "source_user_id_str": "1114128840262131712",
            "id_str": "1214718588722003968",
            "media_url_https": "https://pbs.twimg.com/media/ENuMHt7WwAAJNwW.jpg",
            "source_status_id_str": "1214718624906272768",
            "expanded_url": "https://twitter.com/Ih8uJ/status/1214718624906272768/photo/1",
            "url": "https://t.co/f46Jt5UfCp",
            "display_url": "pic.twitter.com/f46Jt5UfCp",
            "source_status_id": 1214718624906272768,
            "id": 1214718588722003968,
            "source_user_id": 1114128840262131712,
            "media_url": "http://pbs.twimg.com/media/ENuMHt7WwAAJNwW.jpg",
            "indices": [
              91,
              114
            ],
            "type": "photo",
            "sizes": {
              "medium": {
                "h": 433,
                "w": 720,
                "resize": "fit"
              },
              "thumb": {
                "h": 150,
                "w": 150,
                "resize": "crop"
              },
              "large": {
                "h": 433,
                "w": 720,
                "resize": "fit"
              },
              "small": {
                "h": 409,
                "w": 680,
                "resize": "fit"
              }
            }
          }
        ]
      },
      "in_reply_to_status_id_str": null,
      "created_at": "Wed Jan 08 03:44:11 +0000 2020"
    },
    {
      "reply_count": 0,
      "contributors": null,
      "user": {
        "verified": false,
        "profile_image_url": "http://pbs.twimg.com/profile_images/581891842569973760/VwQd56dI_normal.jpg",
        "follow_request_sent": null,
        "profile_use_background_image": false,
        "profile_link_color": "3B94D9",
        "profile_background_tile": false,
        "profile_image_url_https": "https://pbs.twimg.com/profile_images/581891842569973760/VwQd56dI_normal.jpg",
        "profile_background_color": "000000",
        "utc_offset": null,
        "name": "Sean Shannon Collier",
        "geo_enabled": true,
        "url": null,
        "profile_banner_url": "https://pbs.twimg.com/profile_banners/2809720950/1481659122",
        "id": 2809720950,
        "lang": null,
        "contributors_enabled": false,
        "followers_count": 4040,
        "friends_count": 4985,
        "profile_sidebar_border_color": "000000",
        "following": null,
        "default_profile": false,
        "statuses_count": 86368,
        "description": "RT is not necessarily my endorsement",
        "screen_name": "ReillocNaes",
        "id_str": "2809720950",
        "protected": false,
        "is_translator": false,
        "location": null,
        "default_profile_image": false,
        "profile_background_image_url_https": "https://abs.twimg.com/images/themes/theme1/bg.png",
        "notifications": null,
        "profile_sidebar_fill_color": "000000",
        "profile_background_image_url": "http://abs.twimg.com/images/themes/theme1/bg.png",
        "favourites_count": 104495,
        "translator_type": "none",
        "created_at": "Sun Sep 14 16:29:17 +0000 2014",
        "time_zone": null,
        "listed_count": 103,
        "profile_text_color": "000000"
      },
      "favorited": false,
      "source": "<a href=\"http://twitter.com/download/iphone\" rel=\"nofollow\">Twitter for iPhone</a>",
      "retweet_count": 0,
      "text": "RT @DavidLauter: Trump tweets \"All is well!\" &amp; Iranian foreign minister Zarif tweets that Iran does \"not seek escalation or war.\" Both side…",
      "id": 1214754647967174659,
      "in_reply_to_user_id": null,
      "lang": "en",
      "retweeted_status": {
        "reply_count": 139,
        "contributors": null,
        "user": {
          "verified": true,
          "profile_image_url": "http://pbs.twimg.com/profile_images/415616557054570496/CTRPctc4_normal.jpeg",
          "follow_request_sent": null,
          "profile_use_background_image": true,
          "profile_link_color": "1DA1F2",
          "profile_background_tile": false,
          "profile_image_url_https": "https://pbs.twimg.com/profile_images/415616557054570496/CTRPctc4_normal.jpeg",
          "profile_background_color": "C0DEED",
          "utc_offset": null,
          "name": "David Lauter",
          "geo_enabled": false,
          "url": null,
          "profile_banner_url": "https://pbs.twimg.com/profile_banners/322658287/1398278060",
          "id": 322658287,
          "lang": null,
          "contributors_enabled": false,
          "followers_count": 8970,
          "friends_count": 214,
          "profile_sidebar_border_color": "C0DEED",
          "following": null,
          "default_profile": true,
          "statuses_count": 21093,
          "description": "Washington Bureau chief, Los Angeles Times",
          "screen_name": "DavidLauter",
          "id_str": "322658287",
          "protected": false,
          "is_translator": false,
          "location": null,
          "default_profile_image": false,
          "profile_background_image_url_https": "https://abs.twimg.com/images/themes/theme1/bg.png",
          "notifications": null,
          "profile_sidebar_fill_color": "DDEEF6",
          "profile_background_image_url": "http://abs.twimg.com/images/themes/theme1/bg.png",
          "favourites_count": 985,
          "translator_type": "none",
          "created_at": "Thu Jun 23 14:53:29 +0000 2011",
          "time_zone": null,
          "listed_count": 414,
          "profile_text_color": "333333"
        },
        "favorited": false,
        "source": "<a href=\"https://mobile.twitter.com\" rel=\"nofollow\">Twitter Web App</a>",
        "retweet_count": 358,
        "text": "Trump tweets \"All is well!\" &amp; Iranian foreign minister Zarif tweets that Iran does \"not seek escalation or war.\" Bo… https://t.co/cw4kP2p7ef",
        "id": 1214743859986599936,
        "in_reply_to_user_id": null,
        "lang": "en",
        "is_quote_status": false,
        "quote_count": 76,
        "geo": null,
        "entities": {
          "urls": [
            {
              "url": "https://t.co/cw4kP2p7ef",
              "display_url": "twitter.com/i/web/status/1…",
              "expanded_url": "https://twitter.com/i/web/status/1214743859986599936",
              "indices": [
                121,
                144
              ]
            }
          ],
          "user_mentions": [],
          "symbols": [],
          "hashtags": []
        },
        "in_reply_to_screen_name": null,
        "extended_tweet": {
          "entities": {
            "urls": [],
            "user_mentions": [],
            "symbols": [],
            "hashtags": []
          },
          "full_text": "Trump tweets \"All is well!\" &amp; Iranian foreign minister Zarif tweets that Iran does \"not seek escalation or war.\" Both sides seem to be signaling a possible face-saving break in the escalation. Could easily break down, tho.",
          "display_text_range": [
            0,
            226
          ]
        },
        "in_reply_to_user_id_str": null,
        "id_str": "1214743859986599936",
        "in_reply_to_status_id": null,
        "coordinates": null,
        "retweeted": false,
        "filter_level": "low",
        "truncated": true,
        "favorite_count": 1379,
        "place": null,
        "in_reply_to_status_id_str": null,
        "created_at": "Wed Jan 08 03:01:19 +0000 2020"
      },
      "quote_count": 0,
      "is_quote_status": false,
      "geo": null,
      "entities": {
        "urls": [],
        "user_mentions": [
          {
            "screen_name": "DavidLauter",
            "id_str": "322658287",
            "name": "David Lauter",
            "indices": [
              3,
              15
            ],
            "id": 322658287
          }
        ],
        "symbols": [],
        "hashtags": []
      },
      "in_reply_to_screen_name": null,
      "in_reply_to_user_id_str": null,
      "id_str": "1214754647967174659",
      "in_reply_to_status_id": null,
      "timestamp_ms": "1578455051782",
      "coordinates": null,
      "retweeted": false,
      "filter_level": "low",
      "truncated": false,
      "favorite_count": 0,
      "place": null,
      "in_reply_to_status_id_str": null,
      "created_at": "Wed Jan 08 03:44:11 +0000 2020"
    },
    {
      "reply_count": 0,
      "contributors": null,
      "user": {
        "verified": false,
        "profile_image_url": "http://pbs.twimg.com/profile_images/782882854011334656/-W8kjkjB_normal.jpg",
        "follow_request_sent": null,
        "profile_use_background_image": true,
        "profile_link_color": "1DA1F2",
        "profile_background_tile": false,
        "profile_image_url_https": "https://pbs.twimg.com/profile_images/782882854011334656/-W8kjkjB_normal.jpg",
        "profile_background_color": "C0DEED",
        "utc_offset": null,
        "name": "Pjobbe",
        "geo_enabled": false,
        "url": null,
        "profile_banner_url": "https://pbs.twimg.com/profile_banners/1904741886/1427191998",
        "id": 1904741886,
        "lang": null,
        "contributors_enabled": false,
        "followers_count": 2120,
        "friends_count": 2250,
        "profile_sidebar_border_color": "C0DEED",
        "following": null,
        "default_profile": true,
        "statuses_count": 45328,
        "description": "Har förnuftet kvar, är därför ett frågetecken. Världen går mot ekonomisk härdsmälta. Sverige kommer att falla samman, socialt och ekonomiskt. Så lev idag!",
        "screen_name": "Pjobbe",
        "id_str": "1904741886",
        "protected": false,
        "is_translator": false,
        "location": null,
        "default_profile_image": false,
        "profile_background_image_url_https": "https://abs.twimg.com/images/themes/theme1/bg.png",
        "notifications": null,
        "profile_sidebar_fill_color": "DDEEF6",
        "profile_background_image_url": "http://abs.twimg.com/images/themes/theme1/bg.png",
        "favourites_count": 11950,
        "translator_type": "none",
        "created_at": "Wed Sep 25 16:41:24 +0000 2013",
        "time_zone": null,
        "listed_count": 26,
        "profile_text_color": "333333"
      },
      "favorited": false,
      "source": "<a href=\"https://mobile.twitter.com\" rel=\"nofollow\">Twitter Web App</a>",
      "retweet_count": 0,
      "text": "Bill Gates säger att skatten för väbärgade var dubbel mot nu när han startade Microsoft men ingen led av det. Trump… https://t.co/54vUU6irwo",
      "id": 1214754647874981889,
      "in_reply_to_user_id": null,
      "lang": "sv",
      "is_quote_status": false,
      "quote_count": 0,
      "geo": null,
      "entities": {
        "urls": [
          {
            "url": "https://t.co/54vUU6irwo",
            "display_url": "twitter.com/i/web/status/1…",
            "expanded_url": "https://twitter.com/i/web/status/1214754647874981889",
            "indices": [
              117,
              140
            ]
          }
        ],
        "user_mentions": [],
        "symbols": [],
        "hashtags": []
      },
      "in_reply_to_screen_name": null,
      "possibly_sensitive": false,
      "extended_tweet": {
        "entities": {
          "urls": [
            {
              "url": "https://t.co/HhbrRib5tT",
              "display_url": "cnbc.com/2020/01/06/bil…",
              "expanded_url": "https://www.cnbc.com/2020/01/06/bill-gates-high-taxes-didnt-discourage-him-from-launching-microsoft.html?__source=twitter%7Cmain",
              "indices": [
                205,
                228
              ]
            }
          ],
          "user_mentions": [],
          "symbols": [],
          "hashtags": []
        },
        "full_text": "Bill Gates säger att skatten för väbärgade var dubbel mot nu när han startade Microsoft men ingen led av det. Trump har sänkt skatten för mijardärer och stenrika företag. USA lånar pengar till sänkningen.\nhttps://t.co/HhbrRib5tT",
        "display_text_range": [
          0,
          228
        ]
      },
      "in_reply_to_user_id_str": null,
      "id_str": "1214754647874981889",
      "in_reply_to_status_id": null,
      "timestamp_ms": "1578455051760",
      "coordinates": null,
      "retweeted": false,
      "filter_level": "low",
      "truncated": true,
      "favorite_count": 0,
      "place": null,
      "in_reply_to_status_id_str": null,
      "created_at": "Wed Jan 08 03:44:11 +0000 2020"
    }
  ]
}