{
  "request_date": "2020-01-07-22:35:41",
  "data": [
    {
      "reply_count": 0,
      "contributors": null,
      "user": {
        "verified": false,
        "profile_image_url": "http://pbs.twimg.com/profile_images/1031097882894581760/fsDbIcXn_normal.jpg",
        "follow_request_sent": null,
        "profile_use_background_image": true,
        "profile_link_color": "038543",
        "profile_background_tile": true,
        "profile_image_url_https": "https://pbs.twimg.com/profile_images/1031097882894581760/fsDbIcXn_normal.jpg",
        "profile_background_color": "ACDED6",
        "utc_offset": null,
        "name": "David Pattony",
        "geo_enabled": false,
        "url": "http://www.facebook.com/TopVipNet",
        "profile_banner_url": "https://pbs.twimg.com/profile_banners/400197159/1543749644",
        "id": 400197159,
        "lang": null,
        "contributors_enabled": false,
        "followers_count": 122,
        "friends_count": 1052,
        "profile_sidebar_border_color": "FFFFFF",
        "following": null,
        "default_profile": false,
        "statuses_count": 1085,
        "description": "“Antes de vivir con los demás tengo que vivir conmigo mismo, y la única cosa que no se rige por la regla de la mayoría es la propia conciencia”",
        "screen_name": "davidpattony",
        "id_str": "400197159",
        "protected": false,
        "is_translator": false,
        "location": "México",
        "default_profile_image": false,
        "profile_background_image_url_https": "https://abs.twimg.com/images/themes/theme18/bg.gif",
        "notifications": null,
        "profile_sidebar_fill_color": "F6F6F6",
        "profile_background_image_url": "http://abs.twimg.com/images/themes/theme18/bg.gif",
        "favourites_count": 666,
        "translator_type": "none",
        "created_at": "Fri Oct 28 17:05:42 +0000 2011",
        "time_zone": null,
        "listed_count": 0,
        "profile_text_color": "333333"
      },
      "favorited": false,
      "source": "<a href=\"http://twitter.com/download/android\" rel=\"nofollow\">Twitter for Android</a>",
      "retweet_count": 0,
      "text": "RT @AJEnglish: Iran has launched missile attacks on US forces in Iraq, in retaliation to the killing of General Qassem Soleimani. https://t…",
      "id": 1214752487607017473,
      "in_reply_to_user_id": null,
      "lang": "en",
      "retweeted_status": {
        "truncated": false,
        "contributors": null,
        "user": {
          "verified": true,
          "profile_image_url": "http://pbs.twimg.com/profile_images/1190503555901394944/T4qowO0X_normal.jpg",
          "follow_request_sent": null,
          "profile_use_background_image": false,
          "profile_link_color": "234D8C",
          "profile_background_tile": true,
          "profile_image_url_https": "https://pbs.twimg.com/profile_images/1190503555901394944/T4qowO0X_normal.jpg",
          "profile_background_color": "FFFFFF",
          "utc_offset": null,
          "name": "Al Jazeera English",
          "geo_enabled": true,
          "url": "http://aljazeera.com",
          "profile_banner_url": "https://pbs.twimg.com/profile_banners/4970411/1578048923",
          "id": 4970411,
          "lang": null,
          "contributors_enabled": false,
          "followers_count": 5704362,
          "friends_count": 241,
          "profile_sidebar_border_color": "FFFFFF",
          "following": null,
          "default_profile": false,
          "statuses_count": 242632,
          "description": "Hear the human story and join the discussion. For more news follow @AJENews.",
          "screen_name": "AJEnglish",
          "id_str": "4970411",
          "protected": false,
          "is_translator": false,
          "location": "Doha, Qatar",
          "default_profile_image": false,
          "profile_background_image_url_https": "https://abs.twimg.com/images/themes/theme1/bg.png",
          "notifications": null,
          "profile_sidebar_fill_color": "DDDDDD",
          "profile_background_image_url": "http://abs.twimg.com/images/themes/theme1/bg.png",
          "favourites_count": 5100,
          "translator_type": "none",
          "created_at": "Tue Apr 17 08:23:08 +0000 2007",
          "time_zone": null,
          "listed_count": 52874,
          "profile_text_color": "000000"
        },
        "favorited": false,
        "source": "<a href=\"https://studio.twitter.com\" rel=\"nofollow\">Twitter Media Studio</a>",
        "retweet_count": 276,
        "text": "Iran has launched missile attacks on US forces in Iraq, in retaliation to the killing of General Qassem Soleimani. https://t.co/oXFTYZPUdc",
        "id": 1214747477552828416,
        "in_reply_to_user_id": null,
        "lang": "en",
        "is_quote_status": false,
        "quote_count": 43,
        "geo": null,
        "entities": {
          "urls": [],
          "user_mentions": [],
          "media": [
            {
              "type": "photo",
              "url": "https://t.co/oXFTYZPUdc",
              "media_url_https": "https://pbs.twimg.com/media/ENumH73WsAACoFO.jpg",
              "display_url": "pic.twitter.com/oXFTYZPUdc",
              "id_str": "1214745274024898560",
              "expanded_url": "https://twitter.com/AJEnglish/status/1214747477552828416/video/1",
              "additional_media_info": {
                "title": "Video: Iran launches missile attacks on US forces in Iraq",
                "monetizable": false,
                "embeddable": true,
                "description": "aljazeera.com"
              },
              "id": 1214745274024898560,
              "indices": [
                115,
                138
              ],
              "media_url": "http://pbs.twimg.com/media/ENumH73WsAACoFO.jpg",
              "sizes": {
                "medium": {
                  "h": 1080,
                  "w": 1080,
                  "resize": "fit"
                },
                "thumb": {
                  "h": 150,
                  "w": 150,
                  "resize": "crop"
                },
                "large": {
                  "h": 1080,
                  "w": 1080,
                  "resize": "fit"
                },
                "small": {
                  "h": 680,
                  "w": 680,
                  "resize": "fit"
                }
              }
            }
          ],
          "symbols": [],
          "hashtags": []
        },
        "in_reply_to_screen_name": null,
        "possibly_sensitive": false,
        "in_reply_to_user_id_str": null,
        "id_str": "1214747477552828416",
        "in_reply_to_status_id": null,
        "coordinates": null,
        "display_text_range": [
          0,
          114
        ],
        "filter_level": "low",
        "reply_count": 20,
        "favorite_count": 354,
        "place": null,
        "extended_entities": {
          "media": [
            {
              "id_str": "1214745274024898560",
              "media_url_https": "https://pbs.twimg.com/media/ENumH73WsAACoFO.jpg",
              "expanded_url": "https://twitter.com/AJEnglish/status/1214747477552828416/video/1",
              "video_info": {
                "duration_millis": 75480,
                "variants": [
                  {
                    "bitrate": 1280000,
                    "url": "https://video.twimg.com/amplify_video/1214745274024898560/vid/720x720/013nBnXvgmG6-4Q7.mp4?tag=13",
                    "content_type": "video/mp4"
                  },
                  {
                    "bitrate": 832000,
                    "url": "https://video.twimg.com/amplify_video/1214745274024898560/vid/480x480/f8PdzH11025-2xIp.mp4?tag=13",
                    "content_type": "video/mp4"
                  },
                  {
                    "bitrate": 432000,
                    "url": "https://video.twimg.com/amplify_video/1214745274024898560/vid/320x320/9CV96FyqE8DFQbX8.mp4?tag=13",
                    "content_type": "video/mp4"
                  },
                  {
                    "url": "https://video.twimg.com/amplify_video/1214745274024898560/pl/YZIVj1Ut9lMLH7sI.m3u8?tag=13",
                    "content_type": "application/x-mpegURL"
                  }
                ],
                "aspect_ratio": [
                  1,
                  1
                ]
              },
              "url": "https://t.co/oXFTYZPUdc",
              "display_url": "pic.twitter.com/oXFTYZPUdc",
              "id": 1214745274024898560,
              "additional_media_info": {
                "title": "Video: Iran launches missile attacks on US forces in Iraq",
                "monetizable": false,
                "embeddable": true,
                "description": "aljazeera.com"
              },
              "media_url": "http://pbs.twimg.com/media/ENumH73WsAACoFO.jpg",
              "indices": [
                115,
                138
              ],
              "type": "video",
              "sizes": {
                "medium": {
                  "h": 1080,
                  "w": 1080,
                  "resize": "fit"
                },
                "thumb": {
                  "h": 150,
                  "w": 150,
                  "resize": "crop"
                },
                "large": {
                  "h": 1080,
                  "w": 1080,
                  "resize": "fit"
                },
                "small": {
                  "h": 680,
                  "w": 680,
                  "resize": "fit"
                }
              }
            }
          ]
        },
        "in_reply_to_status_id_str": null,
        "created_at": "Wed Jan 08 03:15:42 +0000 2020",
        "retweeted": false
      },
      "quote_count": 0,
      "is_quote_status": false,
      "geo": null,
      "entities": {
        "urls": [],
        "user_mentions": [
          {
            "screen_name": "AJEnglish",
            "id_str": "4970411",
            "name": "Al Jazeera English",
            "indices": [
              3,
              13
            ],
            "id": 4970411
          }
        ],
        "symbols": [],
        "hashtags": []
      },
      "in_reply_to_screen_name": null,
      "in_reply_to_user_id_str": null,
      "id_str": "1214752487607017473",
      "in_reply_to_status_id": null,
      "timestamp_ms": "1578454536712",
      "coordinates": null,
      "retweeted": false,
      "filter_level": "low",
      "truncated": false,
      "favorite_count": 0,
      "place": null,
      "in_reply_to_status_id_str": null,
      "created_at": "Wed Jan 08 03:35:36 +0000 2020"
    },
    {
      "reply_count": 0,
      "contributors": null,
      "user": {
        "verified": false,
        "profile_image_url": "http://pbs.twimg.com/profile_images/973002720041996288/maD2XfAl_normal.jpg",
        "follow_request_sent": null,
        "profile_use_background_image": true,
        "profile_link_color": "1DA1F2",
        "profile_background_tile": false,
        "profile_image_url_https": "https://pbs.twimg.com/profile_images/973002720041996288/maD2XfAl_normal.jpg",
        "profile_background_color": "F5F8FA",
        "utc_offset": null,
        "name": "Barb",
        "geo_enabled": false,
        "url": null,
        "id": 972996809021886465,
        "lang": null,
        "contributors_enabled": false,
        "followers_count": 1238,
        "friends_count": 1712,
        "profile_sidebar_border_color": "C0DEED",
        "following": null,
        "default_profile": true,
        "statuses_count": 45241,
        "description": "Not a bot but a true patriot! 🇺🇸🇺🇸🇺🇸🇺🇸 our Vets and service men/women rock! *I follow MANY but twitter has me shadowbanned!",
        "screen_name": "Barbnotbot",
        "id_str": "972996809021886465",
        "protected": false,
        "is_translator": false,
        "location": null,
        "default_profile_image": false,
        "profile_background_image_url_https": "",
        "notifications": null,
        "profile_sidebar_fill_color": "DDEEF6",
        "profile_background_image_url": "",
        "favourites_count": 53827,
        "translator_type": "none",
        "created_at": "Mon Mar 12 00:44:51 +0000 2018",
        "time_zone": null,
        "listed_count": 2,
        "profile_text_color": "333333"
      },
      "favorited": false,
      "source": "<a href=\"http://twitter.com/download/android\" rel=\"nofollow\">Twitter for Android</a>",
      "retweet_count": 0,
      "text": "RT @SiCk_DiAbLo: During Obama Years, Biden Reportedly Helped Soleimani, Iran Gain More Power in Middle East https://t.co/JV8RsVwrZI",
      "id": 1214752487648960513,
      "in_reply_to_user_id": null,
      "lang": "en",
      "retweeted_status": {
        "reply_count": 2,
        "favorite_count": 30,
        "user": {
          "verified": false,
          "profile_image_url": "http://pbs.twimg.com/profile_images/966754587398098944/fq5nlJ_2_normal.jpg",
          "follow_request_sent": null,
          "profile_use_background_image": true,
          "profile_link_color": "FF691F",
          "profile_background_tile": true,
          "profile_image_url_https": "https://pbs.twimg.com/profile_images/966754587398098944/fq5nlJ_2_normal.jpg",
          "profile_background_color": "131516",
          "utc_offset": null,
          "name": "Junior ❌🇺🇸",
          "geo_enabled": true,
          "url": "https://youtu.be/FUEWcH-6x4g",
          "profile_banner_url": "https://pbs.twimg.com/profile_banners/19519035/1570903736",
          "id": 19519035,
          "lang": null,
          "contributors_enabled": false,
          "followers_count": 14944,
          "friends_count": 15044,
          "profile_sidebar_border_color": "EEEEEE",
          "following": null,
          "default_profile": false,
          "statuses_count": 101725,
          "description": "Living life the Best I can, So enjoy yerself now. Because Tomorrow could be Gone! Proud #American #Greek!!† #MAGA #CowboysNation  #KAG #NRA #2A ΜΟΛΩΝ ΛΑΒΕ",
          "screen_name": "SiCk_DiAbLo",
          "id_str": "19519035",
          "protected": false,
          "is_translator": false,
          "location": null,
          "default_profile_image": false,
          "profile_background_image_url_https": "https://abs.twimg.com/images/themes/theme14/bg.gif",
          "notifications": null,
          "profile_sidebar_fill_color": "EFEFEF",
          "profile_background_image_url": "http://abs.twimg.com/images/themes/theme14/bg.gif",
          "favourites_count": 70360,
          "translator_type": "none",
          "created_at": "Mon Jan 26 03:44:26 +0000 2009",
          "time_zone": null,
          "listed_count": 93,
          "profile_text_color": "333333"
        },
        "favorited": false,
        "source": "<a href=\"http://twitter.com\" rel=\"nofollow\">Twitter Web Client</a>",
        "retweet_count": 39,
        "text": "During Obama Years, Biden Reportedly Helped Soleimani, Iran Gain More Power in Middle East https://t.co/JV8RsVwrZI",
        "id": 1214746255835844608,
        "in_reply_to_user_id": null,
        "lang": "en",
        "is_quote_status": false,
        "quote_count": 0,
        "geo": null,
        "entities": {
          "urls": [
            {
              "url": "https://t.co/JV8RsVwrZI",
              "display_url": "westernjournal.com/obama-years-bi…",
              "expanded_url": "https://www.westernjournal.com/obama-years-biden-reportedly-helped-soleimani-iran-gain-power-middle-east/?utm_source=Twitter&utm_medium=PostSideSharingButtons&utm_campaign=websitesharingbuttons",
              "indices": [
                91,
                114
              ]
            }
          ],
          "user_mentions": [],
          "symbols": [],
          "hashtags": []
        },
        "in_reply_to_screen_name": null,
        "possibly_sensitive": false,
        "in_reply_to_user_id_str": null,
        "id_str": "1214746255835844608",
        "in_reply_to_status_id": null,
        "coordinates": null,
        "retweeted": false,
        "filter_level": "low",
        "truncated": false,
        "place": null,
        "in_reply_to_status_id_str": null,
        "created_at": "Wed Jan 08 03:10:50 +0000 2020",
        "contributors": null
      },
      "quote_count": 0,
      "is_quote_status": false,
      "geo": null,
      "entities": {
        "urls": [
          {
            "url": "https://t.co/JV8RsVwrZI",
            "display_url": "westernjournal.com/obama-years-bi…",
            "expanded_url": "https://www.westernjournal.com/obama-years-biden-reportedly-helped-soleimani-iran-gain-power-middle-east/?utm_source=Twitter&utm_medium=PostSideSharingButtons&utm_campaign=websitesharingbuttons",
            "indices": [
              108,
              131
            ]
          }
        ],
        "user_mentions": [
          {
            "screen_name": "SiCk_DiAbLo",
            "id_str": "19519035",
            "name": "Junior ❌🇺🇸",
            "indices": [
              3,
              15
            ],
            "id": 19519035
          }
        ],
        "symbols": [],
        "hashtags": []
      },
      "in_reply_to_screen_name": null,
      "possibly_sensitive": false,
      "in_reply_to_user_id_str": null,
      "id_str": "1214752487648960513",
      "in_reply_to_status_id": null,
      "timestamp_ms": "1578454536722",
      "coordinates": null,
      "retweeted": false,
      "filter_level": "low",
      "truncated": false,
      "favorite_count": 0,
      "place": null,
      "in_reply_to_status_id_str": null,
      "created_at": "Wed Jan 08 03:35:36 +0000 2020"
    },
    {
      "reply_count": 0,
      "contributors": null,
      "user": {
        "verified": false,
        "profile_image_url": "http://pbs.twimg.com/profile_images/1200243409815912448/2jicxXd3_normal.jpg",
        "follow_request_sent": null,
        "profile_use_background_image": true,
        "profile_link_color": "1DA1F2",
        "profile_background_tile": false,
        "profile_image_url_https": "https://pbs.twimg.com/profile_images/1200243409815912448/2jicxXd3_normal.jpg",
        "profile_background_color": "C0DEED",
        "utc_offset": null,
        "name": "PartyofOne",
        "geo_enabled": true,
        "url": null,
        "profile_banner_url": "https://pbs.twimg.com/profile_banners/327720735/1562368057",
        "id": 327720735,
        "lang": null,
        "contributors_enabled": false,
        "followers_count": 7025,
        "friends_count": 5580,
        "profile_sidebar_border_color": "C0DEED",
        "following": null,
        "default_profile": true,
        "statuses_count": 258725,
        "description": "Baseball mom to 3 boys. No group dms pls! No dms period. No NeverTrumpers.",
        "screen_name": "ADmomof3",
        "id_str": "327720735",
        "protected": false,
        "is_translator": false,
        "location": null,
        "default_profile_image": false,
        "profile_background_image_url_https": "https://abs.twimg.com/images/themes/theme1/bg.png",
        "notifications": null,
        "profile_sidebar_fill_color": "DDEEF6",
        "profile_background_image_url": "http://abs.twimg.com/images/themes/theme1/bg.png",
        "favourites_count": 80301,
        "translator_type": "none",
        "created_at": "Sat Jul 02 01:31:14 +0000 2011",
        "time_zone": null,
        "listed_count": 67,
        "profile_text_color": "333333"
      },
      "favorited": false,
      "source": "<a href=\"http://twitter.com/download/iphone\" rel=\"nofollow\">Twitter for iPhone</a>",
      "retweet_count": 0,
      "text": "RT @TimRunsHisMouth: Kentucky gun ranges need to watch the news to see if any videos of them end up being labeled \"conflict in Iran.\"",
      "id": 1214752487741124608,
      "in_reply_to_user_id": null,
      "lang": "en",
      "retweeted_status": {
        "reply_count": 16,
        "favorite_count": 582,
        "user": {
          "verified": true,
          "profile_image_url": "http://pbs.twimg.com/profile_images/1214735727491256321/MKZ-7nwJ_normal.jpg",
          "follow_request_sent": null,
          "profile_use_background_image": true,
          "profile_link_color": "FF0000",
          "profile_background_tile": false,
          "profile_image_url_https": "https://pbs.twimg.com/profile_images/1214735727491256321/MKZ-7nwJ_normal.jpg",
          "profile_background_color": "090A0A",
          "utc_offset": null,
          "name": "Tim Young",
          "geo_enabled": true,
          "url": "http://www.NoThingsConsidered.com",
          "profile_banner_url": "https://pbs.twimg.com/profile_banners/34367582/1550269097",
          "id": 34367582,
          "lang": null,
          "contributors_enabled": false,
          "followers_count": 233956,
          "friends_count": 73258,
          "profile_sidebar_border_color": "000000",
          "following": null,
          "default_profile": false,
          "statuses_count": 23165,
          "description": "Author, Host, Humorist, @fox5dc contributor |\n'Tim runs his mouth' -My mom... and 1000s of trolls who have plagiarized her \n\nContact: Tim@timyoung.com",
          "screen_name": "TimRunsHisMouth",
          "id_str": "34367582",
          "protected": false,
          "is_translator": false,
          "location": "Washington, DC",
          "default_profile_image": false,
          "profile_background_image_url_https": "https://abs.twimg.com/images/themes/theme1/bg.png",
          "notifications": null,
          "profile_sidebar_fill_color": "D90D0D",
          "profile_background_image_url": "http://abs.twimg.com/images/themes/theme1/bg.png",
          "favourites_count": 41561,
          "translator_type": "regular",
          "created_at": "Wed Apr 22 19:20:20 +0000 2009",
          "time_zone": null,
          "listed_count": 1134,
          "profile_text_color": "333333"
        },
        "favorited": false,
        "source": "<a href=\"http://twitter.com/download/android\" rel=\"nofollow\">Twitter for Android</a>",
        "retweet_count": 167,
        "text": "Kentucky gun ranges need to watch the news to see if any videos of them end up being labeled \"conflict in Iran.\"",
        "id": 1214721166578982913,
        "in_reply_to_user_id": null,
        "lang": "en",
        "is_quote_status": false,
        "quote_count": 8,
        "geo": null,
        "entities": {
          "urls": [],
          "user_mentions": [],
          "symbols": [],
          "hashtags": []
        },
        "in_reply_to_screen_name": null,
        "in_reply_to_user_id_str": null,
        "id_str": "1214721166578982913",
        "in_reply_to_status_id": null,
        "coordinates": null,
        "retweeted": false,
        "filter_level": "low",
        "truncated": false,
        "place": null,
        "in_reply_to_status_id_str": null,
        "created_at": "Wed Jan 08 01:31:09 +0000 2020",
        "contributors": null
      },
      "quote_count": 0,
      "is_quote_status": false,
      "geo": null,
      "entities": {
        "urls": [],
        "user_mentions": [
          {
            "screen_name": "TimRunsHisMouth",
            "id_str": "34367582",
            "name": "Tim Young",
            "indices": [
              3,
              19
            ],
            "id": 34367582
          }
        ],
        "symbols": [],
        "hashtags": []
      },
      "in_reply_to_screen_name": null,
      "in_reply_to_user_id_str": null,
      "id_str": "1214752487741124608",
      "in_reply_to_status_id": null,
      "timestamp_ms": "1578454536744",
      "coordinates": null,
      "retweeted": false,
      "filter_level": "low",
      "truncated": false,
      "favorite_count": 0,
      "place": null,
      "in_reply_to_status_id_str": null,
      "created_at": "Wed Jan 08 03:35:36 +0000 2020"
    },
    {
      "truncated": false,
      "contributors": null,
      "quoted_status_permalink": {
        "expanded": "https://twitter.com/JZarif/status/1214736614217469953",
        "url": "https://t.co/hAavMJHbgS",
        "display": "twitter.com/JZarif/status/…"
      },
      "favorited": false,
      "source": "<a href=\"http://twitter.com/download/iphone\" rel=\"nofollow\">Twitter for iPhone</a>",
      "retweet_count": 0,
      "text": "RT @IraninJapan: イランは、自国の市民と政府高官に対する卑劣な武力攻撃が実行された基地を標的として、国連憲章51条に基づき、自衛のための相応の手段をとった。\n我々は、エスカレーションや戦争を望んでいないが、いかなる侵攻に対しても自らを守る。\n#イラン\n#ミサイル…",
      "id": 1214752487736918016,
      "in_reply_to_user_id": null,
      "lang": "ja",
      "retweeted_status": {
        "truncated": true,
        "contributors": null,
        "quoted_status_permalink": {
          "expanded": "https://twitter.com/JZarif/status/1214736614217469953",
          "url": "https://t.co/hAavMJHbgS",
          "display": "twitter.com/JZarif/status/…"
        },
        "in_reply_to_status_id_str": null,
        "source": "<a href=\"https://mobile.twitter.com\" rel=\"nofollow\">Twitter Web App</a>",
        "retweet_count": 17,
        "text": "イランは、自国の市民と政府高官に対する卑劣な武力攻撃が実行された基地を標的として、国連憲章51条に基づき、自衛のための相応の手段をとった。\n我々は、エスカレーションや戦争を望んでいないが、いかなる侵攻に対しても自らを守る。… https://t.co/ZXucfOiBpO",
        "id": 1214750986062811137,
        "in_reply_to_user_id": null,
        "lang": "ja",
        "is_quote_status": true,
        "quote_count": 0,
        "geo": null,
        "entities": {
          "urls": [
            {
              "url": "https://t.co/ZXucfOiBpO",
              "display_url": "twitter.com/i/web/status/1…",
              "expanded_url": "https://twitter.com/i/web/status/1214750986062811137",
              "indices": [
                113,
                136
              ]
            }
          ],
          "user_mentions": [],
          "symbols": [],
          "hashtags": []
        },
        "in_reply_to_screen_name": null,
        "possibly_sensitive": false,
        "extended_tweet": {
          "entities": {
            "urls": [],
            "user_mentions": [],
            "media": [
              {
                "url": "https://t.co/kH1gN7Iyjl",
                "id": 1214750980647948288,
                "display_url": "pic.twitter.com/kH1gN7Iyjl",
                "id_str": "1214750980647948288",
                "expanded_url": "https://twitter.com/IraninJapan/status/1214750986062811137/photo/1",
                "type": "photo",
                "media_url_https": "https://pbs.twimg.com/media/ENuplLQUEAAVhW3.png",
                "indices": [
                  125,
                  148
                ],
                "media_url": "http://pbs.twimg.com/media/ENuplLQUEAAVhW3.png",
                "sizes": {
                  "medium": {
                    "h": 187,
                    "w": 269,
                    "resize": "fit"
                  },
                  "thumb": {
                    "h": 150,
                    "w": 150,
                    "resize": "crop"
                  },
                  "large": {
                    "h": 187,
                    "w": 269,
                    "resize": "fit"
                  },
                  "small": {
                    "h": 187,
                    "w": 269,
                    "resize": "fit"
                  }
                }
              }
            ],
            "symbols": [],
            "hashtags": [
              {
                "indices": [
                  112,
                  116
                ],
                "text": "イラン"
              },
              {
                "indices": [
                  117,
                  124
                ],
                "text": "ミサイル攻撃"
              }
            ]
          },
          "extended_entities": {
            "media": [
              {
                "url": "https://t.co/kH1gN7Iyjl",
                "id": 1214750980647948288,
                "display_url": "pic.twitter.com/kH1gN7Iyjl",
                "id_str": "1214750980647948288",
                "expanded_url": "https://twitter.com/IraninJapan/status/1214750986062811137/photo/1",
                "type": "photo",
                "media_url_https": "https://pbs.twimg.com/media/ENuplLQUEAAVhW3.png",
                "indices": [
                  125,
                  148
                ],
                "media_url": "http://pbs.twimg.com/media/ENuplLQUEAAVhW3.png",
                "sizes": {
                  "medium": {
                    "h": 187,
                    "w": 269,
                    "resize": "fit"
                  },
                  "thumb": {
                    "h": 150,
                    "w": 150,
                    "resize": "crop"
                  },
                  "large": {
                    "h": 187,
                    "w": 269,
                    "resize": "fit"
                  },
                  "small": {
                    "h": 187,
                    "w": 269,
                    "resize": "fit"
                  }
                }
              }
            ]
          },
          "full_text": "イランは、自国の市民と政府高官に対する卑劣な武力攻撃が実行された基地を標的として、国連憲章51条に基づき、自衛のための相応の手段をとった。\n我々は、エスカレーションや戦争を望んでいないが、いかなる侵攻に対しても自らを守る。\n#イラン\n#ミサイル攻撃 https://t.co/kH1gN7Iyjl",
          "display_text_range": [
            0,
            124
          ]
        },
        "in_reply_to_user_id_str": null,
        "id_str": "1214750986062811137",
        "in_reply_to_status_id": null,
        "quoted_status_id": 1214736614217469953,
        "favorited": false,
        "coordinates": null,
        "display_text_range": [
          0,
          140
        ],
        "filter_level": "low",
        "quoted_status": {
          "reply_count": 3618,
          "contributors": null,
          "user": {
            "verified": true,
            "profile_image_url": "http://pbs.twimg.com/profile_images/919044790129479680/ynB-VNL-_normal.jpg",
            "follow_request_sent": null,
            "profile_use_background_image": true,
            "profile_link_color": "0084B4",
            "profile_background_tile": false,
            "profile_image_url_https": "https://pbs.twimg.com/profile_images/919044790129479680/ynB-VNL-_normal.jpg",
            "profile_background_color": "C0DEED",
            "utc_offset": null,
            "name": "Javad Zarif",
            "geo_enabled": false,
            "url": null,
            "profile_banner_url": "https://pbs.twimg.com/profile_banners/47813521/1454225639",
            "id": 47813521,
            "lang": null,
            "contributors_enabled": false,
            "followers_count": 1384993,
            "friends_count": 10,
            "profile_sidebar_border_color": "FFFFFF",
            "following": null,
            "default_profile": false,
            "statuses_count": 805,
            "description": "Foreign Minister of Islamic Republic of Iran",
            "screen_name": "JZarif",
            "id_str": "47813521",
            "protected": false,
            "is_translator": false,
            "location": "Tehran, Iran",
            "default_profile_image": false,
            "profile_background_image_url_https": "https://abs.twimg.com/images/themes/theme1/bg.png",
            "notifications": null,
            "profile_sidebar_fill_color": "DDEEF6",
            "profile_background_image_url": "http://abs.twimg.com/images/themes/theme1/bg.png",
            "favourites_count": 4,
            "translator_type": "none",
            "created_at": "Wed Jun 17 01:54:58 +0000 2009",
            "time_zone": null,
            "listed_count": 4290,
            "profile_text_color": "333333"
          },
          "favorited": false,
          "source": "<a href=\"https://mobile.twitter.com\" rel=\"nofollow\">Twitter Web App</a>",
          "retweet_count": 7935,
          "text": "Iran took &amp; concluded proportionate measures in self-defense under Article 51 of UN Charter targeting base from whi… https://t.co/9borI5dFIK",
          "id": 1214736614217469953,
          "in_reply_to_user_id": null,
          "lang": "en",
          "is_quote_status": false,
          "quote_count": 2520,
          "geo": null,
          "entities": {
            "urls": [
              {
                "url": "https://t.co/9borI5dFIK",
                "display_url": "twitter.com/i/web/status/1…",
                "expanded_url": "https://twitter.com/i/web/status/1214736614217469953",
                "indices": [
                  121,
                  144
                ]
              }
            ],
            "user_mentions": [],
            "symbols": [],
            "hashtags": []
          },
          "in_reply_to_screen_name": null,
          "extended_tweet": {
            "entities": {
              "urls": [],
              "user_mentions": [],
              "symbols": [],
              "hashtags": []
            },
            "full_text": "Iran took &amp; concluded proportionate measures in self-defense under Article 51 of UN Charter targeting base from which cowardly armed attack against our citizens &amp; senior officials were launched.\n\nWe do not seek escalation or war, but will defend ourselves against any aggression.",
            "display_text_range": [
              0,
              287
            ]
          },
          "in_reply_to_user_id_str": null,
          "id_str": "1214736614217469953",
          "in_reply_to_status_id": null,
          "coordinates": null,
          "retweeted": false,
          "filter_level": "low",
          "truncated": true,
          "favorite_count": 15139,
          "place": null,
          "in_reply_to_status_id_str": null,
          "created_at": "Wed Jan 08 02:32:32 +0000 2020"
        },
        "favorite_count": 14,
        "place": null,
        "quoted_status_id_str": "1214736614217469953",
        "created_at": "Wed Jan 08 03:29:38 +0000 2020",
        "retweeted": false,
        "user": {
          "verified": false,
          "profile_image_url": "http://pbs.twimg.com/profile_images/1113746435009171458/zjCM70rp_normal.png",
          "follow_request_sent": null,
          "profile_use_background_image": true,
          "profile_link_color": "1DA1F2",
          "profile_background_tile": false,
          "profile_image_url_https": "https://pbs.twimg.com/profile_images/1113746435009171458/zjCM70rp_normal.png",
          "profile_background_color": "F5F8FA",
          "utc_offset": null,
          "name": "IranInJapan/ 駐日イラン大使館",
          "geo_enabled": false,
          "url": "https://japan.mfa.ir/jp",
          "profile_banner_url": "https://pbs.twimg.com/profile_banners/1024209796193378304/1536138256",
          "id": 1024209796193378304,
          "lang": null,
          "contributors_enabled": false,
          "followers_count": 2639,
          "friends_count": 17,
          "profile_sidebar_border_color": "C0DEED",
          "following": null,
          "default_profile": true,
          "statuses_count": 1031,
          "description": "Embassy of the I.R. of Iran in Japan 03-3446-8011〜5\n駐日イラン・イスラム共和国大使館の公式アカウントです\nتوييتر رسمى سفارت جمهورى اسلامى ايران در ژاپن",
          "screen_name": "IraninJapan",
          "id_str": "1024209796193378304",
          "protected": false,
          "is_translator": false,
          "location": "Minato-ku, Tokyo              ",
          "default_profile_image": false,
          "profile_background_image_url_https": "",
          "notifications": null,
          "profile_sidebar_fill_color": "DDEEF6",
          "profile_background_image_url": "",
          "favourites_count": 638,
          "translator_type": "none",
          "created_at": "Tue Jul 31 08:26:59 +0000 2018",
          "time_zone": null,
          "listed_count": 86,
          "profile_text_color": "333333"
        },
        "reply_count": 3
      },
      "quote_count": 0,
      "is_quote_status": true,
      "in_reply_to_status_id_str": null,
      "entities": {
        "urls": [],
        "user_mentions": [
          {
            "screen_name": "IraninJapan",
            "id_str": "1024209796193378304",
            "name": "IranInJapan/ 駐日イラン大使館",
            "indices": [
              3,
              15
            ],
            "id": 1024209796193378304
          }
        ],
        "symbols": [],
        "hashtags": [
          {
            "indices": [
              129,
              133
            ],
            "text": "イラン"
          }
        ]
      },
      "in_reply_to_screen_name": null,
      "in_reply_to_user_id_str": null,
      "id_str": "1214752487736918016",
      "in_reply_to_status_id": null,
      "quoted_status_id": 1214736614217469953,
      "timestamp_ms": "1578454536743",
      "coordinates": null,
      "geo": null,
      "filter_level": "low",
      "quoted_status": {
        "reply_count": 3618,
        "contributors": null,
        "user": {
          "verified": true,
          "profile_image_url": "http://pbs.twimg.com/profile_images/919044790129479680/ynB-VNL-_normal.jpg",
          "follow_request_sent": null,
          "profile_use_background_image": true,
          "profile_link_color": "0084B4",
          "profile_background_tile": false,
          "profile_image_url_https": "https://pbs.twimg.com/profile_images/919044790129479680/ynB-VNL-_normal.jpg",
          "profile_background_color": "C0DEED",
          "utc_offset": null,
          "name": "Javad Zarif",
          "geo_enabled": false,
          "url": null,
          "profile_banner_url": "https://pbs.twimg.com/profile_banners/47813521/1454225639",
          "id": 47813521,
          "lang": null,
          "contributors_enabled": false,
          "followers_count": 1384993,
          "friends_count": 10,
          "profile_sidebar_border_color": "FFFFFF",
          "following": null,
          "default_profile": false,
          "statuses_count": 805,
          "description": "Foreign Minister of Islamic Republic of Iran",
          "screen_name": "JZarif",
          "id_str": "47813521",
          "protected": false,
          "is_translator": false,
          "location": "Tehran, Iran",
          "default_profile_image": false,
          "profile_background_image_url_https": "https://abs.twimg.com/images/themes/theme1/bg.png",
          "notifications": null,
          "profile_sidebar_fill_color": "DDEEF6",
          "profile_background_image_url": "http://abs.twimg.com/images/themes/theme1/bg.png",
          "favourites_count": 4,
          "translator_type": "none",
          "created_at": "Wed Jun 17 01:54:58 +0000 2009",
          "time_zone": null,
          "listed_count": 4290,
          "profile_text_color": "333333"
        },
        "favorited": false,
        "source": "<a href=\"https://mobile.twitter.com\" rel=\"nofollow\">Twitter Web App</a>",
        "retweet_count": 7935,
        "text": "Iran took &amp; concluded proportionate measures in self-defense under Article 51 of UN Charter targeting base from whi… https://t.co/9borI5dFIK",
        "id": 1214736614217469953,
        "in_reply_to_user_id": null,
        "lang": "en",
        "is_quote_status": false,
        "quote_count": 2520,
        "geo": null,
        "entities": {
          "urls": [
            {
              "url": "https://t.co/9borI5dFIK",
              "display_url": "twitter.com/i/web/status/1…",
              "expanded_url": "https://twitter.com/i/web/status/1214736614217469953",
              "indices": [
                121,
                144
              ]
            }
          ],
          "user_mentions": [],
          "symbols": [],
          "hashtags": []
        },
        "in_reply_to_screen_name": null,
        "extended_tweet": {
          "entities": {
            "urls": [],
            "user_mentions": [],
            "symbols": [],
            "hashtags": []
          },
          "full_text": "Iran took &amp; concluded proportionate measures in self-defense under Article 51 of UN Charter targeting base from which cowardly armed attack against our citizens &amp; senior officials were launched.\n\nWe do not seek escalation or war, but will defend ourselves against any aggression.",
          "display_text_range": [
            0,
            287
          ]
        },
        "in_reply_to_user_id_str": null,
        "id_str": "1214736614217469953",
        "in_reply_to_status_id": null,
        "coordinates": null,
        "retweeted": false,
        "filter_level": "low",
        "truncated": true,
        "favorite_count": 15139,
        "place": null,
        "in_reply_to_status_id_str": null,
        "created_at": "Wed Jan 08 02:32:32 +0000 2020"
      },
      "favorite_count": 0,
      "place": null,
      "quoted_status_id_str": "1214736614217469953",
      "created_at": "Wed Jan 08 03:35:36 +0000 2020",
      "retweeted": false,
      "user": {
        "verified": false,
        "profile_image_url": "http://pbs.twimg.com/profile_images/586284440332058624/rLchCOhb_normal.jpg",
        "follow_request_sent": null,
        "profile_use_background_image": true,
        "profile_link_color": "0099B9",
        "profile_background_tile": false,
        "profile_image_url_https": "https://pbs.twimg.com/profile_images/586284440332058624/rLchCOhb_normal.jpg",
        "profile_background_color": "0099B9",
        "utc_offset": null,
        "name": "KAYO",
        "geo_enabled": false,
        "url": null,
        "profile_banner_url": "https://pbs.twimg.com/profile_banners/636960626/1495954420",
        "id": 636960626,
        "lang": null,
        "contributors_enabled": false,
        "followers_count": 1034,
        "friends_count": 470,
        "profile_sidebar_border_color": "5ED4DC",
        "following": null,
        "default_profile": false,
        "statuses_count": 286690,
        "description": "歴史が好き、和食が好き、スポーツが好き、 ネコが好き、アニメが好き、漫画が好き。バレーボールが好き(イラン)",
        "screen_name": "kayoy1",
        "id_str": "636960626",
        "protected": false,
        "is_translator": false,
        "location": "日本(JAPAN)",
        "default_profile_image": false,
        "profile_background_image_url_https": "https://abs.twimg.com/images/themes/theme4/bg.gif",
        "notifications": null,
        "profile_sidebar_fill_color": "95E8EC",
        "profile_background_image_url": "http://abs.twimg.com/images/themes/theme4/bg.gif",
        "favourites_count": 741,
        "translator_type": "none",
        "created_at": "Mon Jul 16 13:11:48 +0000 2012",
        "time_zone": null,
        "listed_count": 19,
        "profile_text_color": "3C3940"
      },
      "reply_count": 0
    },
    {
      "reply_count": 0,
      "favorite_count": 0,
      "user": {
        "verified": false,
        "profile_image_url": "http://pbs.twimg.com/profile_images/664255450360098816/vS5XVSrW_normal.jpg",
        "follow_request_sent": null,
        "profile_use_background_image": true,
        "profile_link_color": "1DA1F2",
        "profile_background_tile": false,
        "profile_image_url_https": "https://pbs.twimg.com/profile_images/664255450360098816/vS5XVSrW_normal.jpg",
        "profile_background_color": "C0DEED",
        "utc_offset": null,
        "name": "Clifford Bustria",
        "geo_enabled": false,
        "url": null,
        "profile_banner_url": "https://pbs.twimg.com/profile_banners/2823253743/1447205629",
        "id": 2823253743,
        "lang": null,
        "contributors_enabled": false,
        "followers_count": 409,
        "friends_count": 815,
        "profile_sidebar_border_color": "C0DEED",
        "following": null,
        "default_profile": true,
        "statuses_count": 11023,
        "description": "WANTED:'Ultra Nationalist Anti-Zio Anti-BabylonVatican Anti-Federal Reserve guy for the U.S. President. I like people and things that fascinate.",
        "screen_name": "BustriaClifford",
        "id_str": "2823253743",
        "protected": false,
        "is_translator": false,
        "location": " facebook",
        "default_profile_image": false,
        "profile_background_image_url_https": "https://abs.twimg.com/images/themes/theme1/bg.png",
        "notifications": null,
        "profile_sidebar_fill_color": "DDEEF6",
        "profile_background_image_url": "http://abs.twimg.com/images/themes/theme1/bg.png",
        "favourites_count": 17170,
        "translator_type": "none",
        "created_at": "Sat Oct 11 18:18:03 +0000 2014",
        "time_zone": null,
        "listed_count": 10,
        "profile_text_color": "333333"
      },
      "favorited": false,
      "source": "<a href=\"http://twitter.com/download/android\" rel=\"nofollow\">Twitter for Android</a>",
      "retweet_count": 0,
      "text": "Israeli 9\n\nIran missile launch update \n\n9\nhttps://t.co/saUiGNRElj",
      "id": 1214752487791423493,
      "in_reply_to_user_id": null,
      "lang": "en",
      "is_quote_status": false,
      "quote_count": 0,
      "geo": null,
      "entities": {
        "urls": [
          {
            "url": "https://t.co/saUiGNRElj",
            "display_url": "youtu.be/CRJ566M1AVc",
            "expanded_url": "https://youtu.be/CRJ566M1AVc",
            "indices": [
              42,
              65
            ]
          }
        ],
        "user_mentions": [],
        "symbols": [],
        "hashtags": []
      },
      "in_reply_to_screen_name": null,
      "possibly_sensitive": false,
      "in_reply_to_user_id_str": null,
      "id_str": "1214752487791423493",
      "in_reply_to_status_id": null,
      "timestamp_ms": "1578454536756",
      "coordinates": null,
      "retweeted": false,
      "filter_level": "low",
      "truncated": false,
      "place": null,
      "in_reply_to_status_id_str": null,
      "created_at": "Wed Jan 08 03:35:36 +0000 2020",
      "contributors": null
    },
    {
      "reply_count": 0,
      "contributors": null,
      "user": {
        "verified": false,
        "profile_image_url": "http://pbs.twimg.com/profile_images/859168954601943040/PNLQw7mt_normal.jpg",
        "follow_request_sent": null,
        "profile_use_background_image": true,
        "profile_link_color": "1DA1F2",
        "profile_background_tile": false,
        "profile_image_url_https": "https://pbs.twimg.com/profile_images/859168954601943040/PNLQw7mt_normal.jpg",
        "profile_background_color": "C0DEED",
        "utc_offset": null,
        "name": "General Surgeon",
        "geo_enabled": false,
        "url": "http://www.surgeonyellow.com/",
        "profile_banner_url": "https://pbs.twimg.com/profile_banners/256622279/1493676872",
        "id": 256622279,
        "lang": null,
        "contributors_enabled": false,
        "followers_count": 178,
        "friends_count": 47,
        "profile_sidebar_border_color": "C0DEED",
        "following": null,
        "default_profile": true,
        "statuses_count": 26443,
        "description": "Find surgery and medical jobs at http://www.surgeonyellow.com!",
        "screen_name": "surgeon_yellow",
        "id_str": "256622279",
        "protected": false,
        "is_translator": false,
        "location": null,
        "default_profile_image": false,
        "profile_background_image_url_https": "https://abs.twimg.com/images/themes/theme1/bg.png",
        "notifications": null,
        "profile_sidebar_fill_color": "DDEEF6",
        "profile_background_image_url": "http://abs.twimg.com/images/themes/theme1/bg.png",
        "favourites_count": 0,
        "translator_type": "none",
        "created_at": "Wed Feb 23 18:37:51 +0000 2011",
        "time_zone": null,
        "listed_count": 1,
        "profile_text_color": "333333"
      },
      "favorited": false,
      "source": "<a href=\"https://www.socialoomph.com\" rel=\"nofollow\">SocialOomph</a>",
      "retweet_count": 0,
      "text": "Jersey City NJ USA - Breast, RWJBarnabas Health is seeking a Director of Breast Surgery in Jersey Ci: This director… https://t.co/YE4FVPfUYl",
      "id": 1214752487707697152,
      "in_reply_to_user_id": null,
      "lang": "en",
      "is_quote_status": false,
      "quote_count": 0,
      "geo": null,
      "entities": {
        "urls": [
          {
            "url": "https://t.co/YE4FVPfUYl",
            "display_url": "twitter.com/i/web/status/1…",
            "expanded_url": "https://twitter.com/i/web/status/1214752487707697152",
            "indices": [
              117,
              140
            ]
          }
        ],
        "user_mentions": [],
        "symbols": [],
        "hashtags": []
      },
      "in_reply_to_screen_name": null,
      "possibly_sensitive": false,
      "extended_tweet": {
        "entities": {
          "urls": [
            {
              "url": "https://t.co/Xylnohz2Pk",
              "display_url": "dld.bz/hP6ta",
              "expanded_url": "http://dld.bz/hP6ta",
              "indices": [
                236,
                259
              ]
            }
          ],
          "user_mentions": [],
          "symbols": [],
          "hashtags": []
        },
        "full_text": "Jersey City NJ USA - Breast, RWJBarnabas Health is seeking a Director of Breast Surgery in Jersey Ci: This director position is 100 breast surgery no general surgery with privileges at Jersey City Medical Center. This is a SURGERY JOBS https://t.co/Xylnohz2Pk",
        "display_text_range": [
          0,
          259
        ]
      },
      "in_reply_to_user_id_str": null,
      "id_str": "1214752487707697152",
      "in_reply_to_status_id": null,
      "timestamp_ms": "1578454536736",
      "coordinates": null,
      "retweeted": false,
      "filter_level": "low",
      "truncated": true,
      "favorite_count": 0,
      "place": null,
      "in_reply_to_status_id_str": null,
      "created_at": "Wed Jan 08 03:35:36 +0000 2020"
    },
    {
      "reply_count": 0,
      "contributors": null,
      "user": {
        "verified": false,
        "profile_image_url": "http://pbs.twimg.com/profile_images/1214590128816934913/82sJwOiu_normal.jpg",
        "follow_request_sent": null,
        "profile_use_background_image": true,
        "profile_link_color": "E30D98",
        "profile_background_tile": true,
        "profile_image_url_https": "https://pbs.twimg.com/profile_images/1214590128816934913/82sJwOiu_normal.jpg",
        "profile_background_color": "642D8B",
        "utc_offset": null,
        "name": "ᴵ ʰᵒᵖᵉ ᵗᵒ ˢᵉᵉ ʸᵒᵘ ᵃᵍᵃⁱⁿ⁻ᴰᵉᵐᵒ.¹♡",
        "geo_enabled": true,
        "url": "https://curiouscat.me/EmeldaMaimunah",
        "profile_banner_url": "https://pbs.twimg.com/profile_banners/1974514752/1577832701",
        "id": 1974514752,
        "lang": null,
        "contributors_enabled": false,
        "followers_count": 658,
        "friends_count": 1557,
        "profile_sidebar_border_color": "000000",
        "following": null,
        "default_profile": false,
        "statuses_count": 27647,
        "description": "🇲🇾ᴮᵒᵇᵇʸⁿᵃᵗᵒʳ ♥️\n\n-ᴴᵃⁿᵇⁱⁿ, ᴶⁱⁿʰʷᵃⁿ, ᴶⁱʷᵒⁿ, ʸᵘⁿʰʸᵉᵒⁿᵍ, ᴶᵘⁿʰᵒᵉ, ᴰᵒⁿᵍʰʸᵘᵏ, ᶜʰᵃⁿʷᵒᵒ- 🐣⁷ᴷᴼᴺ,ᵃˡʷᵃʸˢ ⁿᵒ ᵐᵉᵗᵗᵉʳ ʷʰᵃᵗ♡\n \n𝓨𝓸𝓾𝓷𝓖𝔂𝓾𝓵 ♡♡",
        "screen_name": "EmeldaMaimunah",
        "id_str": "1974514752",
        "protected": false,
        "is_translator": false,
        "location": "HANBIN LAND",
        "default_profile_image": false,
        "profile_background_image_url_https": "https://abs.twimg.com/images/themes/theme10/bg.gif",
        "notifications": null,
        "profile_sidebar_fill_color": "FFB8A3",
        "profile_background_image_url": "http://abs.twimg.com/images/themes/theme10/bg.gif",
        "favourites_count": 27257,
        "translator_type": "none",
        "created_at": "Sun Oct 20 09:45:03 +0000 2013",
        "time_zone": null,
        "listed_count": 5,
        "profile_text_color": "FF9E9E"
      },
      "favorited": false,
      "source": "<a href=\"http://twitter.com/download/android\" rel=\"nofollow\">Twitter for Android</a>",
      "retweet_count": 0,
      "text": "RT @nylahuda: Iran mula serang pangkalan tentera AS, puluhan peluru berpandu dilancar.\n\nHarga minyak mentah meningkat hampir 4%.\n\nPresiden…",
      "id": 1214752487913115659,
      "in_reply_to_user_id": null,
      "lang": "in",
      "retweeted_status": {
        "reply_count": 12,
        "contributors": null,
        "user": {
          "verified": false,
          "profile_image_url": "http://pbs.twimg.com/profile_images/1191214593730740224/ayi_6Gbl_normal.jpg",
          "follow_request_sent": null,
          "profile_use_background_image": false,
          "profile_link_color": "FF691F",
          "profile_background_tile": false,
          "profile_image_url_https": "https://pbs.twimg.com/profile_images/1191214593730740224/ayi_6Gbl_normal.jpg",
          "profile_background_color": "000000",
          "utc_offset": null,
          "name": "Nailah Huda",
          "geo_enabled": true,
          "url": null,
          "profile_banner_url": "https://pbs.twimg.com/profile_banners/1071227118657265665/1544361702",
          "id": 1071227118657265665,
          "lang": null,
          "contributors_enabled": false,
          "followers_count": 6911,
          "friends_count": 337,
          "profile_sidebar_border_color": "000000",
          "following": null,
          "default_profile": false,
          "statuses_count": 1992,
          "description": "Journalist. Views expressed are solely mine. Tweets in BM/English/nonsense.",
          "screen_name": "nylahuda",
          "id_str": "1071227118657265665",
          "protected": false,
          "is_translator": false,
          "location": "Kuala Lumpur",
          "default_profile_image": false,
          "profile_background_image_url_https": "https://abs.twimg.com/images/themes/theme1/bg.png",
          "notifications": null,
          "profile_sidebar_fill_color": "000000",
          "profile_background_image_url": "http://abs.twimg.com/images/themes/theme1/bg.png",
          "favourites_count": 9655,
          "translator_type": "none",
          "created_at": "Sat Dec 08 02:17:02 +0000 2018",
          "time_zone": null,
          "listed_count": 14,
          "profile_text_color": "000000"
        },
        "favorited": false,
        "source": "<a href=\"https://mobile.twitter.com\" rel=\"nofollow\">Twitter Web App</a>",
        "retweet_count": 1745,
        "text": "Iran mula serang pangkalan tentera AS, puluhan peluru berpandu dilancar.\n\nHarga minyak mentah meningkat hampir 4%.… https://t.co/3bCIrHKE5Y",
        "id": 1214705739165356032,
        "in_reply_to_user_id": null,
        "lang": "in",
        "is_quote_status": false,
        "quote_count": 84,
        "geo": null,
        "entities": {
          "urls": [
            {
              "url": "https://t.co/3bCIrHKE5Y",
              "display_url": "twitter.com/i/web/status/1…",
              "expanded_url": "https://twitter.com/i/web/status/1214705739165356032",
              "indices": [
                116,
                139
              ]
            }
          ],
          "user_mentions": [],
          "symbols": [],
          "hashtags": []
        },
        "in_reply_to_screen_name": null,
        "possibly_sensitive": false,
        "extended_tweet": {
          "entities": {
            "urls": [
              {
                "url": "https://t.co/0pnqCQJXaP",
                "display_url": "astroawani.com/berita-dunia/i…",
                "expanded_url": "http://www.astroawani.com/berita-dunia/iran-mula-serang-pangkalan-tentera-puluhan-peluru-berpandu-dilancar-227445",
                "indices": [
                  223,
                  246
                ]
              }
            ],
            "user_mentions": [
              {
                "screen_name": "501Awani",
                "id_str": "497665754",
                "name": "🇲🇾Astro AWANI🇲🇾",
                "indices": [
                  211,
                  220
                ],
                "id": 497665754
              }
            ],
            "symbols": [],
            "hashtags": []
          },
          "full_text": "Iran mula serang pangkalan tentera AS, puluhan peluru berpandu dilancar.\n\nHarga minyak mentah meningkat hampir 4%.\n\nPresiden Trump telah dimaklumkan mengenai serangan itu.\n\nWhite House sedang menilai situasi.\n\n.@501Awani \n\nhttps://t.co/0pnqCQJXaP",
          "display_text_range": [
            0,
            246
          ]
        },
        "in_reply_to_user_id_str": null,
        "id_str": "1214705739165356032",
        "in_reply_to_status_id": null,
        "coordinates": null,
        "retweeted": false,
        "filter_level": "low",
        "truncated": true,
        "favorite_count": 920,
        "place": null,
        "in_reply_to_status_id_str": null,
        "created_at": "Wed Jan 08 00:29:51 +0000 2020"
      },
      "quote_count": 0,
      "is_quote_status": false,
      "geo": null,
      "entities": {
        "urls": [],
        "user_mentions": [
          {
            "screen_name": "nylahuda",
            "id_str": "1071227118657265665",
            "name": "Nailah Huda",
            "indices": [
              3,
              12
            ],
            "id": 1071227118657265665
          }
        ],
        "symbols": [],
        "hashtags": []
      },
      "in_reply_to_screen_name": null,
      "in_reply_to_user_id_str": null,
      "id_str": "1214752487913115659",
      "in_reply_to_status_id": null,
      "timestamp_ms": "1578454536785",
      "coordinates": null,
      "retweeted": false,
      "filter_level": "low",
      "truncated": false,
      "favorite_count": 0,
      "place": null,
      "in_reply_to_status_id_str": null,
      "created_at": "Wed Jan 08 03:35:36 +0000 2020"
    },
    {
      "reply_count": 0,
      "contributors": null,
      "user": {
        "verified": false,
        "profile_image_url": "http://pbs.twimg.com/profile_images/958126334898778114/RqzexzBA_normal.jpg",
        "follow_request_sent": null,
        "profile_use_background_image": true,
        "profile_link_color": "1DA1F2",
        "profile_background_tile": false,
        "profile_image_url_https": "https://pbs.twimg.com/profile_images/958126334898778114/RqzexzBA_normal.jpg",
        "profile_background_color": "F5F8FA",
        "utc_offset": null,
        "name": "richard gurganus",
        "geo_enabled": false,
        "url": null,
        "id": 957134682633711616,
        "lang": null,
        "contributors_enabled": false,
        "followers_count": 778,
        "friends_count": 922,
        "profile_sidebar_border_color": "C0DEED",
        "following": null,
        "default_profile": true,
        "statuses_count": 8625,
        "description": "God loving/Fearing Christian,Supports President Trump,Army Vet,Loves our Country.",
        "screen_name": "richardgurganu3",
        "id_str": "957134682633711616",
        "protected": false,
        "is_translator": false,
        "location": "Alabama, USA",
        "default_profile_image": false,
        "profile_background_image_url_https": "",
        "notifications": null,
        "profile_sidebar_fill_color": "DDEEF6",
        "profile_background_image_url": "",
        "favourites_count": 31717,
        "translator_type": "none",
        "created_at": "Sat Jan 27 06:14:25 +0000 2018",
        "time_zone": null,
        "listed_count": 0,
        "profile_text_color": "333333"
      },
      "favorited": false,
      "source": "<a href=\"http://twitter.com/download/iphone\" rel=\"nofollow\">Twitter for iPhone</a>",
      "retweet_count": 0,
      "text": "RT @RyanAFournier: It’s absolutely disgusting to see American citizens praising and supporting Iran for their attacks on our military bases…",
      "id": 1214752487825199107,
      "in_reply_to_user_id": null,
      "lang": "en",
      "retweeted_status": {
        "reply_count": 305,
        "contributors": null,
        "user": {
          "verified": true,
          "profile_image_url": "http://pbs.twimg.com/profile_images/1171465484450947076/0RgZ2Kac_normal.jpg",
          "follow_request_sent": null,
          "profile_use_background_image": true,
          "profile_link_color": "E81C4F",
          "profile_background_tile": true,
          "profile_image_url_https": "https://pbs.twimg.com/profile_images/1171465484450947076/0RgZ2Kac_normal.jpg",
          "profile_background_color": "303D5D",
          "utc_offset": null,
          "name": "Ryan Fournier",
          "geo_enabled": true,
          "url": "http://instagram.com/ryanafournier",
          "profile_banner_url": "https://pbs.twimg.com/profile_banners/166751745/1574661575",
          "id": 166751745,
          "lang": null,
          "contributors_enabled": false,
          "followers_count": 777424,
          "friends_count": 320219,
          "profile_sidebar_border_color": "000000",
          "following": null,
          "default_profile": false,
          "statuses_count": 12208,
          "description": "Founder and Co-Chairman of @TrumpStudents / Turning Point Action 📧 press@ryanfournier.com",
          "screen_name": "RyanAFournier",
          "id_str": "166751745",
          "protected": false,
          "is_translator": false,
          "location": "Washington, DC & Raleigh, NC",
          "default_profile_image": false,
          "profile_background_image_url_https": "https://abs.twimg.com/images/themes/theme15/bg.png",
          "notifications": null,
          "profile_sidebar_fill_color": "C2C5D1",
          "profile_background_image_url": "http://abs.twimg.com/images/themes/theme15/bg.png",
          "favourites_count": 23577,
          "translator_type": "none",
          "created_at": "Wed Jul 14 22:44:56 +0000 2010",
          "time_zone": null,
          "listed_count": 2734,
          "profile_text_color": "D4443F"
        },
        "favorited": false,
        "source": "<a href=\"http://twitter.com/download/iphone\" rel=\"nofollow\">Twitter for iPhone</a>",
        "retweet_count": 2781,
        "text": "It’s absolutely disgusting to see American citizens praising and supporting Iran for their attacks on our military… https://t.co/OjBZbymqds",
        "id": 1214729464837365760,
        "in_reply_to_user_id": null,
        "lang": "en",
        "is_quote_status": false,
        "quote_count": 89,
        "geo": null,
        "entities": {
          "urls": [
            {
              "url": "https://t.co/OjBZbymqds",
              "display_url": "twitter.com/i/web/status/1…",
              "expanded_url": "https://twitter.com/i/web/status/1214729464837365760",
              "indices": [
                116,
                139
              ]
            }
          ],
          "user_mentions": [],
          "symbols": [],
          "hashtags": []
        },
        "in_reply_to_screen_name": null,
        "extended_tweet": {
          "entities": {
            "urls": [],
            "user_mentions": [],
            "symbols": [],
            "hashtags": []
          },
          "full_text": "It’s absolutely disgusting to see American citizens praising and supporting Iran for their attacks on our military bases.\n\nThey will say and do anything just to oppose this President.\n\nDisgusting.",
          "display_text_range": [
            0,
            196
          ]
        },
        "in_reply_to_user_id_str": null,
        "id_str": "1214729464837365760",
        "in_reply_to_status_id": null,
        "coordinates": null,
        "retweeted": false,
        "filter_level": "low",
        "truncated": true,
        "favorite_count": 8709,
        "place": null,
        "in_reply_to_status_id_str": null,
        "created_at": "Wed Jan 08 02:04:07 +0000 2020"
      },
      "quote_count": 0,
      "is_quote_status": false,
      "geo": null,
      "entities": {
        "urls": [],
        "user_mentions": [
          {
            "screen_name": "RyanAFournier",
            "id_str": "166751745",
            "name": "Ryan Fournier",
            "indices": [
              3,
              17
            ],
            "id": 166751745
          }
        ],
        "symbols": [],
        "hashtags": []
      },
      "in_reply_to_screen_name": null,
      "in_reply_to_user_id_str": null,
      "id_str": "1214752487825199107",
      "in_reply_to_status_id": null,
      "timestamp_ms": "1578454536764",
      "coordinates": null,
      "retweeted": false,
      "filter_level": "low",
      "truncated": false,
      "favorite_count": 0,
      "place": null,
      "in_reply_to_status_id_str": null,
      "created_at": "Wed Jan 08 03:35:36 +0000 2020"
    },
    {
      "reply_count": 0,
      "contributors": null,
      "user": {
        "verified": false,
        "profile_image_url": "http://pbs.twimg.com/profile_images/844035680825094144/-8X6eu6W_normal.jpg",
        "follow_request_sent": null,
        "profile_use_background_image": true,
        "profile_link_color": "1DA1F2",
        "profile_background_tile": false,
        "profile_image_url_https": "https://pbs.twimg.com/profile_images/844035680825094144/-8X6eu6W_normal.jpg",
        "profile_background_color": "F5F8FA",
        "utc_offset": null,
        "name": "🇺🇸 StormOn⭐⭐⭐",
        "geo_enabled": false,
        "url": "https://inthematrixxx.com/qposts/",
        "profile_banner_url": "https://pbs.twimg.com/profile_banners/826580990516621313/1572705564",
        "id": 826580990516621313,
        "lang": null,
        "contributors_enabled": false,
        "followers_count": 2063,
        "friends_count": 1997,
        "profile_sidebar_border_color": "C0DEED",
        "following": null,
        "default_profile": true,
        "statuses_count": 35420,
        "description": "Hey cabal....SOON! +++🇺🇸 #Q #TickTock #2a #WWG1WGA #IStandWithFlynn #Justice #Godspeed  🐇 #DigitalPatriot\n#TheStormIsHere",
        "screen_name": "PushbackcatsCa",
        "id_str": "826580990516621313",
        "protected": false,
        "is_translator": false,
        "location": "SoCal.",
        "default_profile_image": false,
        "profile_background_image_url_https": "",
        "notifications": null,
        "profile_sidebar_fill_color": "DDEEF6",
        "profile_background_image_url": "",
        "favourites_count": 71378,
        "translator_type": "none",
        "created_at": "Wed Feb 01 00:00:40 +0000 2017",
        "time_zone": null,
        "listed_count": 2,
        "profile_text_color": "333333"
      },
      "favorited": false,
      "source": "<a href=\"http://twitter.com/download/android\" rel=\"nofollow\">Twitter for Android</a>",
      "retweet_count": 0,
      "text": "RT @realDonaldTrump: All is well! Missiles launched from Iran at two military bases located in Iraq. Assessment of casualties &amp; damages tak…",
      "id": 1214752487892115457,
      "in_reply_to_user_id": null,
      "lang": "en",
      "retweeted_status": {
        "reply_count": 50354,
        "contributors": null,
        "user": {
          "verified": true,
          "profile_image_url": "http://pbs.twimg.com/profile_images/874276197357596672/kUuht00m_normal.jpg",
          "follow_request_sent": null,
          "profile_use_background_image": true,
          "profile_link_color": "1B95E0",
          "profile_background_tile": true,
          "profile_image_url_https": "https://pbs.twimg.com/profile_images/874276197357596672/kUuht00m_normal.jpg",
          "profile_background_color": "6D5C18",
          "utc_offset": null,
          "name": "Donald J. Trump",
          "geo_enabled": true,
          "url": "http://www.Instagram.com/realDonaldTrump",
          "profile_banner_url": "https://pbs.twimg.com/profile_banners/25073877/1560920145",
          "id": 25073877,
          "lang": null,
          "contributors_enabled": false,
          "followers_count": 69765246,
          "friends_count": 47,
          "profile_sidebar_border_color": "BDDCAD",
          "following": null,
          "default_profile": false,
          "statuses_count": 47740,
          "description": "45th President of the United States of America🇺🇸",
          "screen_name": "realDonaldTrump",
          "id_str": "25073877",
          "protected": false,
          "is_translator": false,
          "location": "Washington, DC",
          "default_profile_image": false,
          "profile_background_image_url_https": "https://abs.twimg.com/images/themes/theme1/bg.png",
          "notifications": null,
          "profile_sidebar_fill_color": "C5CEC0",
          "profile_background_image_url": "http://abs.twimg.com/images/themes/theme1/bg.png",
          "favourites_count": 6,
          "translator_type": "regular",
          "created_at": "Wed Mar 18 13:46:38 +0000 2009",
          "time_zone": null,
          "listed_count": 112862,
          "profile_text_color": "333333"
        },
        "favorited": false,
        "source": "<a href=\"http://twitter.com/download/iphone\" rel=\"nofollow\">Twitter for iPhone</a>",
        "retweet_count": 68427,
        "text": "All is well! Missiles launched from Iran at two military bases located in Iraq. Assessment of casualties &amp; damages… https://t.co/5OSmLxzhin",
        "id": 1214739853025394693,
        "in_reply_to_user_id": null,
        "lang": "en",
        "is_quote_status": false,
        "quote_count": 25756,
        "geo": null,
        "entities": {
          "urls": [
            {
              "url": "https://t.co/5OSmLxzhin",
              "display_url": "twitter.com/i/web/status/1…",
              "expanded_url": "https://twitter.com/i/web/status/1214739853025394693",
              "indices": [
                120,
                143
              ]
            }
          ],
          "user_mentions": [],
          "symbols": [],
          "hashtags": []
        },
        "in_reply_to_screen_name": null,
        "extended_tweet": {
          "entities": {
            "urls": [],
            "user_mentions": [],
            "symbols": [],
            "hashtags": []
          },
          "full_text": "All is well! Missiles launched from Iran at two military bases located in Iraq. Assessment of casualties &amp; damages taking place now. So far, so good! We have the most powerful and well equipped military anywhere in the world, by far! I will be making a statement tomorrow morning.",
          "display_text_range": [
            0,
            284
          ]
        },
        "in_reply_to_user_id_str": null,
        "id_str": "1214739853025394693",
        "in_reply_to_status_id": null,
        "coordinates": null,
        "retweeted": false,
        "filter_level": "low",
        "truncated": true,
        "favorite_count": 234509,
        "place": null,
        "in_reply_to_status_id_str": null,
        "created_at": "Wed Jan 08 02:45:24 +0000 2020"
      },
      "quote_count": 0,
      "is_quote_status": false,
      "geo": null,
      "entities": {
        "urls": [],
        "user_mentions": [
          {
            "screen_name": "realDonaldTrump",
            "id_str": "25073877",
            "name": "Donald J. Trump",
            "indices": [
              3,
              19
            ],
            "id": 25073877
          }
        ],
        "symbols": [],
        "hashtags": []
      },
      "in_reply_to_screen_name": null,
      "in_reply_to_user_id_str": null,
      "id_str": "1214752487892115457",
      "in_reply_to_status_id": null,
      "timestamp_ms": "1578454536780",
      "coordinates": null,
      "retweeted": false,
      "filter_level": "low",
      "truncated": false,
      "favorite_count": 0,
      "place": null,
      "in_reply_to_status_id_str": null,
      "created_at": "Wed Jan 08 03:35:36 +0000 2020"
    },
    {
      "reply_count": 0,
      "contributors": null,
      "user": {
        "verified": false,
        "profile_image_url": "http://pbs.twimg.com/profile_images/1046854563444260864/Wa4d5Hp8_normal.jpg",
        "follow_request_sent": null,
        "profile_use_background_image": true,
        "profile_link_color": "1DA1F2",
        "profile_background_tile": false,
        "profile_image_url_https": "https://pbs.twimg.com/profile_images/1046854563444260864/Wa4d5Hp8_normal.jpg",
        "profile_background_color": "F5F8FA",
        "utc_offset": null,
        "name": "Zola🦇’Proud Cunt‘🦇Clyde",
        "geo_enabled": false,
        "url": null,
        "profile_banner_url": "https://pbs.twimg.com/profile_banners/839026958524637184/1537770149",
        "id": 839026958524637184,
        "lang": null,
        "contributors_enabled": false,
        "followers_count": 4041,
        "friends_count": 4848,
        "profile_sidebar_border_color": "C0DEED",
        "following": null,
        "default_profile": true,
        "statuses_count": 209121,
        "description": "🖤🦇Democrat. Feminist. Avid Trump Hater. Political Junkie. “When the going gets weird, the weird turn pro.” – Hunter S. Thompson #Kamala💎 #VoteLikeBlackWomen",
        "screen_name": "ZolaClyde1",
        "id_str": "839026958524637184",
        "protected": false,
        "is_translator": false,
        "location": "Bored in Western MA ",
        "default_profile_image": false,
        "profile_background_image_url_https": "",
        "notifications": null,
        "profile_sidebar_fill_color": "DDEEF6",
        "profile_background_image_url": "",
        "favourites_count": 391796,
        "translator_type": "none",
        "created_at": "Tue Mar 07 08:16:30 +0000 2017",
        "time_zone": null,
        "listed_count": 29,
        "profile_text_color": "333333"
      },
      "favorited": false,
      "source": "<a href=\"http://twitter.com/#!/download/ipad\" rel=\"nofollow\">Twitter for iPad</a>",
      "retweet_count": 0,
      "text": "RT @WestWingReport: President in no rush to get briefed tomorrow; he says he’ll have something to say on Iran in AM https://t.co/r0tVsrMa8z",
      "id": 1214752487925780482,
      "in_reply_to_user_id": null,
      "lang": "en",
      "retweeted_status": {
        "truncated": false,
        "contributors": null,
        "user": {
          "verified": true,
          "profile_image_url": "http://pbs.twimg.com/profile_images/692726797197119488/UEg5exR4_normal.png",
          "follow_request_sent": null,
          "profile_use_background_image": true,
          "profile_link_color": "0084B4",
          "profile_background_tile": false,
          "profile_image_url_https": "https://pbs.twimg.com/profile_images/692726797197119488/UEg5exR4_normal.png",
          "profile_background_color": "9AE4E8",
          "utc_offset": null,
          "name": "West Wing Reports",
          "geo_enabled": true,
          "url": "http://WestWingReports.com",
          "profile_banner_url": "https://pbs.twimg.com/profile_banners/20182089/1552371823",
          "id": 20182089,
          "lang": null,
          "contributors_enabled": false,
          "followers_count": 378475,
          "friends_count": 1011,
          "profile_sidebar_border_color": "BDDCAD",
          "following": null,
          "default_profile": false,
          "statuses_count": 114196,
          "description": "Paul Brandus: Historian, author, speaker: 7 presidential libraries, Fortune 500 cos.. USAToday, DowJones/MarketWatch columnist. Ex Russia, NBC. pbrandus@gmail",
          "screen_name": "WestWingReport",
          "id_str": "20182089",
          "protected": false,
          "is_translator": false,
          "location": "White House & elsewhere",
          "default_profile_image": false,
          "profile_background_image_url_https": "https://abs.twimg.com/images/themes/theme1/bg.png",
          "notifications": null,
          "profile_sidebar_fill_color": "DDFFCC",
          "profile_background_image_url": "http://abs.twimg.com/images/themes/theme1/bg.png",
          "favourites_count": 5537,
          "translator_type": "none",
          "created_at": "Thu Feb 05 20:12:05 +0000 2009",
          "time_zone": null,
          "listed_count": 7014,
          "profile_text_color": "333333"
        },
        "favorited": false,
        "source": "<a href=\"http://twitter.com/download/iphone\" rel=\"nofollow\">Twitter for iPhone</a>",
        "retweet_count": 16,
        "text": "President in no rush to get briefed tomorrow; he says he’ll have something to say on Iran in AM https://t.co/r0tVsrMa8z",
        "id": 1214745230991335424,
        "in_reply_to_user_id": null,
        "lang": "en",
        "is_quote_status": false,
        "quote_count": 5,
        "geo": null,
        "entities": {
          "urls": [],
          "user_mentions": [],
          "media": [
            {
              "url": "https://t.co/r0tVsrMa8z",
              "id": 1214745227568799746,
              "display_url": "pic.twitter.com/r0tVsrMa8z",
              "id_str": "1214745227568799746",
              "expanded_url": "https://twitter.com/WestWingReport/status/1214745230991335424/photo/1",
              "type": "photo",
              "media_url_https": "https://pbs.twimg.com/media/ENukWTXW4AIxioE.jpg",
              "indices": [
                96,
                119
              ],
              "media_url": "http://pbs.twimg.com/media/ENukWTXW4AIxioE.jpg",
              "sizes": {
                "medium": {
                  "h": 651,
                  "w": 640,
                  "resize": "fit"
                },
                "thumb": {
                  "h": 150,
                  "w": 150,
                  "resize": "crop"
                },
                "large": {
                  "h": 651,
                  "w": 640,
                  "resize": "fit"
                },
                "small": {
                  "h": 651,
                  "w": 640,
                  "resize": "fit"
                }
              }
            }
          ],
          "symbols": [],
          "hashtags": []
        },
        "in_reply_to_screen_name": null,
        "possibly_sensitive": false,
        "in_reply_to_user_id_str": null,
        "id_str": "1214745230991335424",
        "in_reply_to_status_id": null,
        "coordinates": null,
        "display_text_range": [
          0,
          95
        ],
        "filter_level": "low",
        "reply_count": 12,
        "favorite_count": 26,
        "place": null,
        "extended_entities": {
          "media": [
            {
              "url": "https://t.co/r0tVsrMa8z",
              "id": 1214745227568799746,
              "display_url": "pic.twitter.com/r0tVsrMa8z",
              "id_str": "1214745227568799746",
              "expanded_url": "https://twitter.com/WestWingReport/status/1214745230991335424/photo/1",
              "type": "photo",
              "media_url_https": "https://pbs.twimg.com/media/ENukWTXW4AIxioE.jpg",
              "indices": [
                96,
                119
              ],
              "media_url": "http://pbs.twimg.com/media/ENukWTXW4AIxioE.jpg",
              "sizes": {
                "medium": {
                  "h": 651,
                  "w": 640,
                  "resize": "fit"
                },
                "thumb": {
                  "h": 150,
                  "w": 150,
                  "resize": "crop"
                },
                "large": {
                  "h": 651,
                  "w": 640,
                  "resize": "fit"
                },
                "small": {
                  "h": 651,
                  "w": 640,
                  "resize": "fit"
                }
              }
            }
          ]
        },
        "in_reply_to_status_id_str": null,
        "created_at": "Wed Jan 08 03:06:46 +0000 2020",
        "retweeted": false
      },
      "quote_count": 0,
      "is_quote_status": false,
      "geo": null,
      "entities": {
        "urls": [],
        "user_mentions": [
          {
            "screen_name": "WestWingReport",
            "id_str": "20182089",
            "name": "West Wing Reports",
            "indices": [
              3,
              18
            ],
            "id": 20182089
          }
        ],
        "media": [
          {
            "source_user_id_str": "20182089",
            "id_str": "1214745227568799746",
            "media_url_https": "https://pbs.twimg.com/media/ENukWTXW4AIxioE.jpg",
            "source_status_id_str": "1214745230991335424",
            "expanded_url": "https://twitter.com/WestWingReport/status/1214745230991335424/photo/1",
            "url": "https://t.co/r0tVsrMa8z",
            "display_url": "pic.twitter.com/r0tVsrMa8z",
            "source_status_id": 1214745230991335424,
            "id": 1214745227568799746,
            "source_user_id": 20182089,
            "media_url": "http://pbs.twimg.com/media/ENukWTXW4AIxioE.jpg",
            "indices": [
              116,
              139
            ],
            "type": "photo",
            "sizes": {
              "medium": {
                "h": 651,
                "w": 640,
                "resize": "fit"
              },
              "thumb": {
                "h": 150,
                "w": 150,
                "resize": "crop"
              },
              "large": {
                "h": 651,
                "w": 640,
                "resize": "fit"
              },
              "small": {
                "h": 651,
                "w": 640,
                "resize": "fit"
              }
            }
          }
        ],
        "symbols": [],
        "hashtags": []
      },
      "in_reply_to_screen_name": null,
      "possibly_sensitive": false,
      "in_reply_to_user_id_str": null,
      "id_str": "1214752487925780482",
      "in_reply_to_status_id": null,
      "timestamp_ms": "1578454536788",
      "coordinates": null,
      "retweeted": false,
      "filter_level": "low",
      "truncated": false,
      "favorite_count": 0,
      "place": null,
      "extended_entities": {
        "media": [
          {
            "source_user_id_str": "20182089",
            "id_str": "1214745227568799746",
            "media_url_https": "https://pbs.twimg.com/media/ENukWTXW4AIxioE.jpg",
            "source_status_id_str": "1214745230991335424",
            "expanded_url": "https://twitter.com/WestWingReport/status/1214745230991335424/photo/1",
            "url": "https://t.co/r0tVsrMa8z",
            "display_url": "pic.twitter.com/r0tVsrMa8z",
            "source_status_id": 1214745230991335424,
            "id": 1214745227568799746,
            "source_user_id": 20182089,
            "media_url": "http://pbs.twimg.com/media/ENukWTXW4AIxioE.jpg",
            "indices": [
              116,
              139
            ],
            "type": "photo",
            "sizes": {
              "medium": {
                "h": 651,
                "w": 640,
                "resize": "fit"
              },
              "thumb": {
                "h": 150,
                "w": 150,
                "resize": "crop"
              },
              "large": {
                "h": 651,
                "w": 640,
                "resize": "fit"
              },
              "small": {
                "h": 651,
                "w": 640,
                "resize": "fit"
              }
            }
          }
        ]
      },
      "in_reply_to_status_id_str": null,
      "created_at": "Wed Jan 08 03:35:36 +0000 2020"
    }
  ]
}