{
  "request_date": "2020-01-07-22:49:29",
  "data": [
    {
      "reply_count": 0,
      "contributors": null,
      "user": {
        "verified": false,
        "profile_image_url": "http://pbs.twimg.com/profile_images/1203047524828958721/PyNh1sOW_normal.jpg",
        "follow_request_sent": null,
        "profile_use_background_image": false,
        "profile_link_color": "91D2FA",
        "profile_background_tile": false,
        "profile_image_url_https": "https://pbs.twimg.com/profile_images/1203047524828958721/PyNh1sOW_normal.jpg",
        "profile_background_color": "000000",
        "utc_offset": null,
        "name": "PC Patriot",
        "geo_enabled": false,
        "url": null,
        "profile_banner_url": "https://pbs.twimg.com/profile_banners/4278286775/1565594930",
        "id": 4278286775,
        "lang": null,
        "contributors_enabled": false,
        "followers_count": 3194,
        "friends_count": 3537,
        "profile_sidebar_border_color": "000000",
        "following": null,
        "default_profile": false,
        "statuses_count": 22778,
        "description": "#MAGA #Patriot #Deplorable #KAG. I proudly stand for the American Flag🇺🇸 and Humbly kneel at the Cross.🙏 #Americafirst Trump 2020",
        "screen_name": "pscherie88",
        "id_str": "4278286775",
        "protected": false,
        "is_translator": false,
        "location": "Texas, USA",
        "default_profile_image": false,
        "profile_background_image_url_https": "https://abs.twimg.com/images/themes/theme1/bg.png",
        "notifications": null,
        "profile_sidebar_fill_color": "000000",
        "profile_background_image_url": "http://abs.twimg.com/images/themes/theme1/bg.png",
        "favourites_count": 16838,
        "translator_type": "none",
        "created_at": "Wed Nov 25 21:06:43 +0000 2015",
        "time_zone": null,
        "listed_count": 0,
        "profile_text_color": "000000"
      },
      "favorited": false,
      "source": "<a href=\"http://twitter.com/download/android\" rel=\"nofollow\">Twitter for Android</a>",
      "retweet_count": 0,
      "text": "RT @Brink_Thinker: God is Great!. \n\nRain pours in Sydney, Australia, giving residents hope as the region grapples with devastating bushfire…",
      "id": 1214755960511709184,
      "in_reply_to_user_id": null,
      "lang": "en",
      "retweeted_status": {
        "reply_count": 18,
        "contributors": null,
        "user": {
          "verified": false,
          "profile_image_url": "http://pbs.twimg.com/profile_images/1131823976441962496/dzNgiQDY_normal.jpg",
          "follow_request_sent": null,
          "profile_use_background_image": true,
          "profile_link_color": "1DA1F2",
          "profile_background_tile": false,
          "profile_image_url_https": "https://pbs.twimg.com/profile_images/1131823976441962496/dzNgiQDY_normal.jpg",
          "profile_background_color": "F5F8FA",
          "utc_offset": null,
          "name": "Kevin W.",
          "geo_enabled": false,
          "url": "https://brinkofgreatness.com/",
          "profile_banner_url": "https://pbs.twimg.com/profile_banners/1131818069184135168/1558682961",
          "id": 1131818069184135168,
          "lang": null,
          "contributors_enabled": false,
          "followers_count": 21140,
          "friends_count": 14509,
          "profile_sidebar_border_color": "C0DEED",
          "following": null,
          "default_profile": true,
          "statuses_count": 7828,
          "description": "Co-Host and Producer of America Out Loud - “The Brink of Greatness”. Enjoys politics and believes anyone can make a difference.",
          "screen_name": "Brink_Thinker",
          "id_str": "1131818069184135168",
          "protected": false,
          "is_translator": false,
          "location": "North Carolina",
          "default_profile_image": false,
          "profile_background_image_url_https": "",
          "notifications": null,
          "profile_sidebar_fill_color": "DDEEF6",
          "profile_background_image_url": "",
          "favourites_count": 369,
          "translator_type": "none",
          "created_at": "Fri May 24 07:03:50 +0000 2019",
          "time_zone": null,
          "listed_count": 34,
          "profile_text_color": "333333"
        },
        "favorited": false,
        "source": "<a href=\"http://twitter.com/download/android\" rel=\"nofollow\">Twitter for Android</a>",
        "retweet_count": 141,
        "text": "God is Great!. \n\nRain pours in Sydney, Australia, giving residents hope as the region grapples with devastating bus… https://t.co/3wNCbP6d6a",
        "id": 1214511211288678400,
        "in_reply_to_user_id": null,
        "lang": "en",
        "is_quote_status": false,
        "quote_count": 16,
        "geo": null,
        "entities": {
          "urls": [
            {
              "url": "https://t.co/3wNCbP6d6a",
              "display_url": "twitter.com/i/web/status/1…",
              "expanded_url": "https://twitter.com/i/web/status/1214511211288678400",
              "indices": [
                117,
                140
              ]
            }
          ],
          "user_mentions": [],
          "symbols": [],
          "hashtags": []
        },
        "in_reply_to_screen_name": null,
        "possibly_sensitive": false,
        "extended_tweet": {
          "entities": {
            "urls": [],
            "user_mentions": [],
            "media": [
              {
                "source_user_id_str": "28785486",
                "id_str": "1214212028002271232",
                "media_url_https": "https://pbs.twimg.com/amplify_video_thumb/1214212028002271232/img/fpOCCW5yHVcZPq2b.jpg",
                "source_status_id_str": "1214296017761382400",
                "source_user_id": 28785486,
                "expanded_url": "https://twitter.com/ABC/status/1214296017761382400/video/1",
                "video_info": {
                  "duration_millis": 64400,
                  "variants": [
                    {
                      "bitrate": 2176000,
                      "url": "https://video.twimg.com/amplify_video/1214212028002271232/vid/720x1280/KEdor66gCsfjRZSG.mp4?tag=13",
                      "content_type": "video/mp4"
                    },
                    {
                      "bitrate": 832000,
                      "url": "https://video.twimg.com/amplify_video/1214212028002271232/vid/360x640/2qUqu0WH60d0TI-K.mp4?tag=13",
                      "content_type": "video/mp4"
                    },
                    {
                      "url": "https://video.twimg.com/amplify_video/1214212028002271232/pl/oNW4pAje_wMlR2MQ.m3u8?tag=13",
                      "content_type": "application/x-mpegURL"
                    },
                    {
                      "bitrate": 632000,
                      "url": "https://video.twimg.com/amplify_video/1214212028002271232/vid/320x568/uXd8wS9KHNl2J-vW.mp4?tag=13",
                      "content_type": "video/mp4"
                    }
                  ],
                  "aspect_ratio": [
                    9,
                    16
                  ]
                },
                "url": "https://t.co/9T3gv3tvSb",
                "display_url": "pic.twitter.com/9T3gv3tvSb",
                "source_status_id": 1214296017761382400,
                "id": 1214212028002271232,
                "additional_media_info": {
                  "monetizable": false
                },
                "media_url": "http://pbs.twimg.com/amplify_video_thumb/1214212028002271232/img/fpOCCW5yHVcZPq2b.jpg",
                "indices": [
                  124,
                  147
                ],
                "type": "video",
                "sizes": {
                  "medium": {
                    "h": 1200,
                    "w": 675,
                    "resize": "fit"
                  },
                  "thumb": {
                    "h": 150,
                    "w": 150,
                    "resize": "crop"
                  },
                  "large": {
                    "h": 1280,
                    "w": 720,
                    "resize": "fit"
                  },
                  "small": {
                    "h": 680,
                    "w": 383,
                    "resize": "fit"
                  }
                }
              }
            ],
            "symbols": [],
            "hashtags": []
          },
          "extended_entities": {
            "media": [
              {
                "source_user_id_str": "28785486",
                "id_str": "1214212028002271232",
                "media_url_https": "https://pbs.twimg.com/amplify_video_thumb/1214212028002271232/img/fpOCCW5yHVcZPq2b.jpg",
                "source_status_id_str": "1214296017761382400",
                "source_user_id": 28785486,
                "expanded_url": "https://twitter.com/ABC/status/1214296017761382400/video/1",
                "video_info": {
                  "duration_millis": 64400,
                  "variants": [
                    {
                      "bitrate": 2176000,
                      "url": "https://video.twimg.com/amplify_video/1214212028002271232/vid/720x1280/KEdor66gCsfjRZSG.mp4?tag=13",
                      "content_type": "video/mp4"
                    },
                    {
                      "bitrate": 832000,
                      "url": "https://video.twimg.com/amplify_video/1214212028002271232/vid/360x640/2qUqu0WH60d0TI-K.mp4?tag=13",
                      "content_type": "video/mp4"
                    },
                    {
                      "url": "https://video.twimg.com/amplify_video/1214212028002271232/pl/oNW4pAje_wMlR2MQ.m3u8?tag=13",
                      "content_type": "application/x-mpegURL"
                    },
                    {
                      "bitrate": 632000,
                      "url": "https://video.twimg.com/amplify_video/1214212028002271232/vid/320x568/uXd8wS9KHNl2J-vW.mp4?tag=13",
                      "content_type": "video/mp4"
                    }
                  ],
                  "aspect_ratio": [
                    9,
                    16
                  ]
                },
                "url": "https://t.co/9T3gv3tvSb",
                "display_url": "pic.twitter.com/9T3gv3tvSb",
                "source_status_id": 1214296017761382400,
                "id": 1214212028002271232,
                "additional_media_info": {
                  "monetizable": false
                },
                "media_url": "http://pbs.twimg.com/amplify_video_thumb/1214212028002271232/img/fpOCCW5yHVcZPq2b.jpg",
                "indices": [
                  124,
                  147
                ],
                "type": "video",
                "sizes": {
                  "medium": {
                    "h": 1200,
                    "w": 675,
                    "resize": "fit"
                  },
                  "thumb": {
                    "h": 150,
                    "w": 150,
                    "resize": "crop"
                  },
                  "large": {
                    "h": 1280,
                    "w": 720,
                    "resize": "fit"
                  },
                  "small": {
                    "h": 680,
                    "w": 383,
                    "resize": "fit"
                  }
                }
              }
            ]
          },
          "full_text": "God is Great!. \n\nRain pours in Sydney, Australia, giving residents hope as the region grapples with devastating bushfires.  https://t.co/9T3gv3tvSb",
          "display_text_range": [
            0,
            147
          ]
        },
        "in_reply_to_user_id_str": null,
        "id_str": "1214511211288678400",
        "in_reply_to_status_id": null,
        "coordinates": null,
        "retweeted": false,
        "filter_level": "low",
        "truncated": true,
        "favorite_count": 686,
        "place": null,
        "in_reply_to_status_id_str": null,
        "created_at": "Tue Jan 07 11:36:51 +0000 2020"
      },
      "quote_count": 0,
      "is_quote_status": false,
      "geo": null,
      "entities": {
        "urls": [],
        "user_mentions": [
          {
            "screen_name": "Brink_Thinker",
            "id_str": "1131818069184135168",
            "name": "Kevin W.",
            "indices": [
              3,
              17
            ],
            "id": 1131818069184135168
          }
        ],
        "symbols": [],
        "hashtags": []
      },
      "in_reply_to_screen_name": null,
      "in_reply_to_user_id_str": null,
      "id_str": "1214755960511709184",
      "in_reply_to_status_id": null,
      "timestamp_ms": "1578455364717",
      "coordinates": null,
      "retweeted": false,
      "filter_level": "low",
      "truncated": false,
      "favorite_count": 0,
      "place": null,
      "in_reply_to_status_id_str": null,
      "created_at": "Wed Jan 08 03:49:24 +0000 2020"
    },
    {
      "reply_count": 0,
      "contributors": null,
      "user": {
        "verified": false,
        "profile_image_url": "http://pbs.twimg.com/profile_images/1214745547032219648/mdJOkdtP_normal.jpg",
        "follow_request_sent": null,
        "profile_use_background_image": true,
        "profile_link_color": "1DA1F2",
        "profile_background_tile": false,
        "profile_image_url_https": "https://pbs.twimg.com/profile_images/1214745547032219648/mdJOkdtP_normal.jpg",
        "profile_background_color": "F5F8FA",
        "utc_offset": null,
        "name": "beynashe.",
        "geo_enabled": true,
        "url": "http://instagram.com/wydsephine",
        "profile_banner_url": "https://pbs.twimg.com/profile_banners/1074666548302897152/1568824921",
        "id": 1074666548302897152,
        "lang": null,
        "contributors_enabled": false,
        "followers_count": 827,
        "friends_count": 809,
        "profile_sidebar_border_color": "C0DEED",
        "following": null,
        "default_profile": true,
        "statuses_count": 9875,
        "description": "🎙your favorite's favorite                      \n           \n\n                  💫 http://instagram.com/wydsephine ⬅️",
        "screen_name": "wydsephine",
        "id_str": "1074666548302897152",
        "protected": false,
        "is_translator": false,
        "location": "main location⬇️⬇️⬇️⬇️",
        "default_profile_image": false,
        "profile_background_image_url_https": "",
        "notifications": null,
        "profile_sidebar_fill_color": "DDEEF6",
        "profile_background_image_url": "",
        "favourites_count": 17122,
        "translator_type": "none",
        "created_at": "Mon Dec 17 14:04:06 +0000 2018",
        "time_zone": null,
        "listed_count": 3,
        "profile_text_color": "333333"
      },
      "favorited": false,
      "source": "<a href=\"http://twitter.com/download/android\" rel=\"nofollow\">Twitter for Android</a>",
      "retweet_count": 0,
      "text": "western media really tryna make me believe iran took that ukrainian plane down as retaliation against the US lmaooo… https://t.co/WiedxhIZda",
      "id": 1214755960532676608,
      "in_reply_to_user_id": null,
      "lang": "en",
      "is_quote_status": false,
      "quote_count": 0,
      "geo": null,
      "entities": {
        "urls": [
          {
            "url": "https://t.co/WiedxhIZda",
            "display_url": "twitter.com/i/web/status/1…",
            "expanded_url": "https://twitter.com/i/web/status/1214755960532676608",
            "indices": [
              117,
              140
            ]
          }
        ],
        "user_mentions": [],
        "symbols": [],
        "hashtags": []
      },
      "in_reply_to_screen_name": null,
      "extended_tweet": {
        "entities": {
          "urls": [],
          "user_mentions": [],
          "symbols": [],
          "hashtags": []
        },
        "full_text": "western media really tryna make me believe iran took that ukrainian plane down as retaliation against the US lmaooooo bro you must be out of ur damn mind 😂",
        "display_text_range": [
          0,
          155
        ]
      },
      "in_reply_to_user_id_str": null,
      "id_str": "1214755960532676608",
      "in_reply_to_status_id": null,
      "timestamp_ms": "1578455364722",
      "coordinates": null,
      "retweeted": false,
      "filter_level": "low",
      "truncated": true,
      "favorite_count": 0,
      "place": null,
      "in_reply_to_status_id_str": null,
      "created_at": "Wed Jan 08 03:49:24 +0000 2020"
    },
    {
      "reply_count": 0,
      "contributors": null,
      "user": {
        "verified": false,
        "profile_image_url": "http://pbs.twimg.com/profile_images/641951589113032704/4DGebLBq_normal.jpg",
        "follow_request_sent": null,
        "profile_use_background_image": true,
        "profile_link_color": "1DA1F2",
        "profile_background_tile": false,
        "profile_image_url_https": "https://pbs.twimg.com/profile_images/641951589113032704/4DGebLBq_normal.jpg",
        "profile_background_color": "C0DEED",
        "utc_offset": null,
        "name": "Kieren B 🌹",
        "geo_enabled": false,
        "url": null,
        "id": 385988604,
        "lang": null,
        "contributors_enabled": false,
        "followers_count": 90,
        "friends_count": 315,
        "profile_sidebar_border_color": "C0DEED",
        "following": null,
        "default_profile": true,
        "statuses_count": 9648,
        "description": null,
        "screen_name": "arminius75",
        "id_str": "385988604",
        "protected": false,
        "is_translator": false,
        "location": null,
        "default_profile_image": false,
        "profile_background_image_url_https": "https://abs.twimg.com/images/themes/theme1/bg.png",
        "notifications": null,
        "profile_sidebar_fill_color": "DDEEF6",
        "profile_background_image_url": "http://abs.twimg.com/images/themes/theme1/bg.png",
        "favourites_count": 19487,
        "translator_type": "none",
        "created_at": "Thu Oct 06 13:50:59 +0000 2011",
        "time_zone": null,
        "listed_count": 1,
        "profile_text_color": "333333"
      },
      "favorited": false,
      "source": "<a href=\"http://twitter.com/download/android\" rel=\"nofollow\">Twitter for Android</a>",
      "retweet_count": 0,
      "text": "RT @RevDrBarber: Iran has hit bases in Iraq that house American soldiers. Trump &amp; his enablers have us heading into war. He has led the way…",
      "id": 1214755960763215872,
      "in_reply_to_user_id": null,
      "lang": "en",
      "retweeted_status": {
        "reply_count": 57,
        "contributors": null,
        "user": {
          "verified": true,
          "profile_image_url": "http://pbs.twimg.com/profile_images/1198313990109237253/70GFbswm_normal.jpg",
          "follow_request_sent": null,
          "profile_use_background_image": true,
          "profile_link_color": "1DA1F2",
          "profile_background_tile": false,
          "profile_image_url_https": "https://pbs.twimg.com/profile_images/1198313990109237253/70GFbswm_normal.jpg",
          "profile_background_color": "C0DEED",
          "utc_offset": null,
          "name": "Rev. Dr. William J. Barber II",
          "geo_enabled": true,
          "url": "http://www.breachrepairers.org",
          "profile_banner_url": "https://pbs.twimg.com/profile_banners/2400284491/1526406279",
          "id": 2400284491,
          "lang": null,
          "contributors_enabled": false,
          "followers_count": 215289,
          "friends_count": 1152,
          "profile_sidebar_border_color": "C0DEED",
          "following": null,
          "default_profile": true,
          "statuses_count": 5056,
          "description": "President & senior lecturer of @BRepairers, architect of the Moral Mondays movement & co-chair of @unitethepoor #MoralMovement #MoralRevival Text MORAL to 90975",
          "screen_name": "RevDrBarber",
          "id_str": "2400284491",
          "protected": false,
          "is_translator": false,
          "location": null,
          "default_profile_image": false,
          "profile_background_image_url_https": "https://abs.twimg.com/images/themes/theme1/bg.png",
          "notifications": null,
          "profile_sidebar_fill_color": "DDEEF6",
          "profile_background_image_url": "http://abs.twimg.com/images/themes/theme1/bg.png",
          "favourites_count": 1854,
          "translator_type": "none",
          "created_at": "Thu Mar 20 18:27:34 +0000 2014",
          "time_zone": null,
          "listed_count": 1740,
          "profile_text_color": "333333"
        },
        "favorited": false,
        "source": "<a href=\"http://twitter.com/#!/download/ipad\" rel=\"nofollow\">Twitter for iPad</a>",
        "retweet_count": 713,
        "text": "Iran has hit bases in Iraq that house American soldiers. Trump &amp; his enablers have us heading into war. He has led… https://t.co/DXSHgCf2Vb",
        "id": 1214731975740792833,
        "in_reply_to_user_id": null,
        "lang": "en",
        "is_quote_status": false,
        "quote_count": 15,
        "geo": null,
        "entities": {
          "urls": [
            {
              "url": "https://t.co/DXSHgCf2Vb",
              "display_url": "twitter.com/i/web/status/1…",
              "expanded_url": "https://twitter.com/i/web/status/1214731975740792833",
              "indices": [
                120,
                143
              ]
            }
          ],
          "user_mentions": [],
          "symbols": [],
          "hashtags": []
        },
        "in_reply_to_screen_name": null,
        "extended_tweet": {
          "entities": {
            "urls": [],
            "user_mentions": [],
            "symbols": [],
            "hashtags": []
          },
          "full_text": "Iran has hit bases in Iraq that house American soldiers. Trump &amp; his enablers have us heading into war. He has led the way to turn back health care, give tax cuts to the wealthy, push the policy &amp; words of racism. Now he &amp; his enablers have turned us to war.",
          "display_text_range": [
            0,
            270
          ]
        },
        "in_reply_to_user_id_str": null,
        "id_str": "1214731975740792833",
        "in_reply_to_status_id": null,
        "coordinates": null,
        "retweeted": false,
        "filter_level": "low",
        "truncated": true,
        "favorite_count": 2168,
        "place": null,
        "in_reply_to_status_id_str": null,
        "created_at": "Wed Jan 08 02:14:06 +0000 2020"
      },
      "quote_count": 0,
      "is_quote_status": false,
      "geo": null,
      "entities": {
        "urls": [],
        "user_mentions": [
          {
            "screen_name": "RevDrBarber",
            "id_str": "2400284491",
            "name": "Rev. Dr. William J. Barber II",
            "indices": [
              3,
              15
            ],
            "id": 2400284491
          }
        ],
        "symbols": [],
        "hashtags": []
      },
      "in_reply_to_screen_name": null,
      "in_reply_to_user_id_str": null,
      "id_str": "1214755960763215872",
      "in_reply_to_status_id": null,
      "timestamp_ms": "1578455364777",
      "coordinates": null,
      "retweeted": false,
      "filter_level": "low",
      "truncated": false,
      "favorite_count": 0,
      "place": null,
      "in_reply_to_status_id_str": null,
      "created_at": "Wed Jan 08 03:49:24 +0000 2020"
    },
    {
      "truncated": false,
      "contributors": null,
      "quoted_status_permalink": {
        "expanded": "https://twitter.com/bitterfck1/status/1214250438826110983",
        "url": "https://t.co/HLfvHaYyag",
        "display": "twitter.com/bitterfck1/sta…"
      },
      "favorited": false,
      "source": "<a href=\"http://twitter.com/download/iphone\" rel=\"nofollow\">Twitter for iPhone</a>",
      "retweet_count": 0,
      "text": "RT @HeatherMcDonald: This is everything",
      "id": 1214755960729698304,
      "in_reply_to_user_id": null,
      "lang": "en",
      "retweeted_status": {
        "truncated": false,
        "contributors": null,
        "quoted_status_permalink": {
          "expanded": "https://twitter.com/bitterfck1/status/1214250438826110983",
          "url": "https://t.co/HLfvHaYyag",
          "display": "twitter.com/bitterfck1/sta…"
        },
        "favorited": false,
        "source": "<a href=\"http://twitter.com/download/iphone\" rel=\"nofollow\">Twitter for iPhone</a>",
        "retweet_count": 253,
        "text": "This is everything",
        "id": 1214409728580714496,
        "in_reply_to_user_id": null,
        "lang": "en",
        "is_quote_status": true,
        "quote_count": 37,
        "in_reply_to_status_id_str": null,
        "entities": {
          "urls": [],
          "user_mentions": [],
          "symbols": [],
          "hashtags": []
        },
        "in_reply_to_screen_name": null,
        "in_reply_to_user_id_str": null,
        "id_str": "1214409728580714496",
        "in_reply_to_status_id": null,
        "quoted_status_id": 1214250438826110983,
        "coordinates": null,
        "geo": null,
        "filter_level": "low",
        "quoted_status": {
          "truncated": true,
          "contributors": null,
          "user": {
            "verified": false,
            "profile_image_url": "http://pbs.twimg.com/profile_images/1204656907094503426/jvsJWYuR_normal.jpg",
            "follow_request_sent": null,
            "profile_use_background_image": true,
            "profile_link_color": "1DA1F2",
            "profile_background_tile": false,
            "profile_image_url_https": "https://pbs.twimg.com/profile_images/1204656907094503426/jvsJWYuR_normal.jpg",
            "profile_background_color": "F5F8FA",
            "utc_offset": null,
            "name": "Bitterfck",
            "geo_enabled": true,
            "url": "http://www.instagram.com/bitterfck1",
            "profile_banner_url": "https://pbs.twimg.com/profile_banners/1186139842381524992/1575611006",
            "id": 1186139842381524992,
            "lang": null,
            "contributors_enabled": false,
            "followers_count": 168,
            "friends_count": 0,
            "profile_sidebar_border_color": "C0DEED",
            "following": null,
            "default_profile": true,
            "statuses_count": 186,
            "description": "News from all over the globe\nFollow us and subscribe\n📰",
            "screen_name": "Bitterfck1",
            "id_str": "1186139842381524992",
            "protected": false,
            "is_translator": false,
            "location": "somewhere",
            "default_profile_image": false,
            "profile_background_image_url_https": "",
            "notifications": null,
            "profile_sidebar_fill_color": "DDEEF6",
            "profile_background_image_url": "",
            "favourites_count": 20,
            "translator_type": "none",
            "created_at": "Mon Oct 21 04:39:18 +0000 2019",
            "time_zone": null,
            "listed_count": 0,
            "profile_text_color": "333333"
          },
          "favorited": false,
          "source": "<a href=\"http://twitter.com/download/android\" rel=\"nofollow\">Twitter for Android</a>",
          "retweet_count": 3168,
          "text": "Rescued kangaroo can't stop hugging volunteer who saved him from the mighty fires in #Australia. -… https://t.co/d06RE8F0wF",
          "id": 1214250438826110983,
          "in_reply_to_user_id": null,
          "lang": "en",
          "is_quote_status": false,
          "quote_count": 415,
          "geo": null,
          "entities": {
            "urls": [
              {
                "url": "https://t.co/d06RE8F0wF",
                "display_url": "twitter.com/i/web/status/1…",
                "expanded_url": "https://twitter.com/i/web/status/1214250438826110983",
                "indices": [
                  100,
                  123
                ]
              }
            ],
            "user_mentions": [],
            "symbols": [],
            "hashtags": [
              {
                "indices": [
                  85,
                  95
                ],
                "text": "Australia"
              }
            ]
          },
          "in_reply_to_screen_name": null,
          "possibly_sensitive": false,
          "extended_tweet": {
            "entities": {
              "urls": [],
              "user_mentions": [],
              "media": [
                {
                  "id_str": "1214249905813938176",
                  "media_url_https": "https://pbs.twimg.com/ext_tw_video_thumb/1214249905813938176/pu/img/qQ8UjRNDKbwuGERT.jpg",
                  "expanded_url": "https://twitter.com/Bitterfck1/status/1214250438826110983/video/1",
                  "video_info": {
                    "duration_millis": 39133,
                    "variants": [
                      {
                        "bitrate": 632000,
                        "url": "https://video.twimg.com/ext_tw_video/1214249905813938176/pu/vid/320x400/jguEvW3MPmDWln9K.mp4?tag=10",
                        "content_type": "video/mp4"
                      },
                      {
                        "url": "https://video.twimg.com/ext_tw_video/1214249905813938176/pu/pl/67_V5O5nc1dd7qKT.m3u8?tag=10",
                        "content_type": "application/x-mpegURL"
                      }
                    ],
                    "aspect_ratio": [
                      4,
                      5
                    ]
                  },
                  "url": "https://t.co/k0HUVFmwdN",
                  "display_url": "pic.twitter.com/k0HUVFmwdN",
                  "id": 1214249905813938176,
                  "additional_media_info": {
                    "monetizable": false
                  },
                  "media_url": "http://pbs.twimg.com/ext_tw_video_thumb/1214249905813938176/pu/img/qQ8UjRNDKbwuGERT.jpg",
                  "indices": [
                    155,
                    178
                  ],
                  "type": "video",
                  "sizes": {
                    "medium": {
                      "h": 400,
                      "w": 320,
                      "resize": "fit"
                    },
                    "thumb": {
                      "h": 150,
                      "w": 150,
                      "resize": "crop"
                    },
                    "large": {
                      "h": 400,
                      "w": 320,
                      "resize": "fit"
                    },
                    "small": {
                      "h": 400,
                      "w": 320,
                      "resize": "fit"
                    }
                  }
                }
              ],
              "symbols": [],
              "hashtags": [
                {
                  "indices": [
                    85,
                    95
                  ],
                  "text": "Australia"
                },
                {
                  "indices": [
                    99,
                    118
                  ],
                  "text": "AustralianBushfire"
                },
                {
                  "indices": [
                    119,
                    136
                  ],
                  "text": "AuthorsForFireys"
                },
                {
                  "indices": [
                    137,
                    154
                  ],
                  "text": "AustraliaBurning"
                }
              ]
            },
            "extended_entities": {
              "media": [
                {
                  "id_str": "1214249905813938176",
                  "media_url_https": "https://pbs.twimg.com/ext_tw_video_thumb/1214249905813938176/pu/img/qQ8UjRNDKbwuGERT.jpg",
                  "expanded_url": "https://twitter.com/Bitterfck1/status/1214250438826110983/video/1",
                  "video_info": {
                    "duration_millis": 39133,
                    "variants": [
                      {
                        "bitrate": 632000,
                        "url": "https://video.twimg.com/ext_tw_video/1214249905813938176/pu/vid/320x400/jguEvW3MPmDWln9K.mp4?tag=10",
                        "content_type": "video/mp4"
                      },
                      {
                        "url": "https://video.twimg.com/ext_tw_video/1214249905813938176/pu/pl/67_V5O5nc1dd7qKT.m3u8?tag=10",
                        "content_type": "application/x-mpegURL"
                      }
                    ],
                    "aspect_ratio": [
                      4,
                      5
                    ]
                  },
                  "url": "https://t.co/k0HUVFmwdN",
                  "display_url": "pic.twitter.com/k0HUVFmwdN",
                  "id": 1214249905813938176,
                  "additional_media_info": {
                    "monetizable": false
                  },
                  "media_url": "http://pbs.twimg.com/ext_tw_video_thumb/1214249905813938176/pu/img/qQ8UjRNDKbwuGERT.jpg",
                  "indices": [
                    155,
                    178
                  ],
                  "type": "video",
                  "sizes": {
                    "medium": {
                      "h": 400,
                      "w": 320,
                      "resize": "fit"
                    },
                    "thumb": {
                      "h": 150,
                      "w": 150,
                      "resize": "crop"
                    },
                    "large": {
                      "h": 400,
                      "w": 320,
                      "resize": "fit"
                    },
                    "small": {
                      "h": 400,
                      "w": 320,
                      "resize": "fit"
                    }
                  }
                }
              ]
            },
            "full_text": "Rescued kangaroo can't stop hugging volunteer who saved him from the mighty fires in #Australia. - #AustralianBushfire #AuthorsForFireys #AustraliaBurning https://t.co/k0HUVFmwdN",
            "display_text_range": [
              0,
              154
            ]
          },
          "in_reply_to_user_id_str": null,
          "id_str": "1214250438826110983",
          "in_reply_to_status_id": null,
          "coordinates": null,
          "display_text_range": [
            0,
            140
          ],
          "filter_level": "low",
          "reply_count": 134,
          "favorite_count": 11441,
          "place": null,
          "in_reply_to_status_id_str": null,
          "created_at": "Mon Jan 06 18:20:38 +0000 2020",
          "retweeted": false
        },
        "favorite_count": 1979,
        "place": {
          "url": "https://api.twitter.com/1.1/geo/id/3b77caf94bfc81fe.json",
          "country_code": "US",
          "country": "United States",
          "id": "3b77caf94bfc81fe",
          "name": "Los Angeles",
          "bounding_box": {
            "coordinates": [
              [
                [
                  -118.668404,
                  33.704538
                ],
                [
                  -118.668404,
                  34.337041
                ],
                [
                  -118.155409,
                  34.337041
                ],
                [
                  -118.155409,
                  33.704538
                ]
              ]
            ],
            "type": "Polygon"
          },
          "full_name": "Los Angeles, CA",
          "place_type": "city",
          "attributes": {}
        },
        "quoted_status_id_str": "1214250438826110983",
        "created_at": "Tue Jan 07 04:53:36 +0000 2020",
        "retweeted": false,
        "user": {
          "verified": true,
          "profile_image_url": "http://pbs.twimg.com/profile_images/757954240010592257/eDhUOudN_normal.jpg",
          "follow_request_sent": null,
          "profile_use_background_image": true,
          "profile_link_color": "009999",
          "profile_background_tile": true,
          "profile_image_url_https": "https://pbs.twimg.com/profile_images/757954240010592257/eDhUOudN_normal.jpg",
          "profile_background_color": "131516",
          "utc_offset": null,
          "name": "HEATHER McDONALD",
          "geo_enabled": true,
          "url": "http://heathermcdonald.net",
          "profile_banner_url": "https://pbs.twimg.com/profile_banners/22633584/1469545348",
          "id": 22633584,
          "lang": null,
          "contributors_enabled": false,
          "followers_count": 267394,
          "friends_count": 874,
          "profile_sidebar_border_color": "EEEEEE",
          "following": null,
          "default_profile": false,
          "statuses_count": 34410,
          "description": "Juicy Scoop Podcast, Stand up Netflix & Showtime Special, NYT Best Sellers You'll Never Blue Ball & My Inappropriate Life Chelsea Lately",
          "screen_name": "HeatherMcDonald",
          "id_str": "22633584",
          "protected": false,
          "is_translator": false,
          "location": "Hollywood, CA",
          "default_profile_image": false,
          "profile_background_image_url_https": "https://abs.twimg.com/images/themes/theme14/bg.gif",
          "notifications": null,
          "profile_sidebar_fill_color": "EFEFEF",
          "profile_background_image_url": "http://abs.twimg.com/images/themes/theme14/bg.gif",
          "favourites_count": 24987,
          "translator_type": "none",
          "created_at": "Tue Mar 03 15:21:32 +0000 2009",
          "time_zone": null,
          "listed_count": 2186,
          "profile_text_color": "333333"
        },
        "reply_count": 42
      },
      "quote_count": 0,
      "is_quote_status": true,
      "in_reply_to_status_id_str": null,
      "entities": {
        "urls": [],
        "user_mentions": [
          {
            "screen_name": "HeatherMcDonald",
            "id_str": "22633584",
            "name": "HEATHER McDONALD",
            "indices": [
              3,
              19
            ],
            "id": 22633584
          }
        ],
        "symbols": [],
        "hashtags": []
      },
      "in_reply_to_screen_name": null,
      "in_reply_to_user_id_str": null,
      "id_str": "1214755960729698304",
      "in_reply_to_status_id": null,
      "quoted_status_id": 1214250438826110983,
      "timestamp_ms": "1578455364769",
      "coordinates": null,
      "geo": null,
      "filter_level": "low",
      "quoted_status": {
        "truncated": true,
        "contributors": null,
        "user": {
          "verified": false,
          "profile_image_url": "http://pbs.twimg.com/profile_images/1204656907094503426/jvsJWYuR_normal.jpg",
          "follow_request_sent": null,
          "profile_use_background_image": true,
          "profile_link_color": "1DA1F2",
          "profile_background_tile": false,
          "profile_image_url_https": "https://pbs.twimg.com/profile_images/1204656907094503426/jvsJWYuR_normal.jpg",
          "profile_background_color": "F5F8FA",
          "utc_offset": null,
          "name": "Bitterfck",
          "geo_enabled": true,
          "url": "http://www.instagram.com/bitterfck1",
          "profile_banner_url": "https://pbs.twimg.com/profile_banners/1186139842381524992/1575611006",
          "id": 1186139842381524992,
          "lang": null,
          "contributors_enabled": false,
          "followers_count": 168,
          "friends_count": 0,
          "profile_sidebar_border_color": "C0DEED",
          "following": null,
          "default_profile": true,
          "statuses_count": 186,
          "description": "News from all over the globe\nFollow us and subscribe\n📰",
          "screen_name": "Bitterfck1",
          "id_str": "1186139842381524992",
          "protected": false,
          "is_translator": false,
          "location": "somewhere",
          "default_profile_image": false,
          "profile_background_image_url_https": "",
          "notifications": null,
          "profile_sidebar_fill_color": "DDEEF6",
          "profile_background_image_url": "",
          "favourites_count": 20,
          "translator_type": "none",
          "created_at": "Mon Oct 21 04:39:18 +0000 2019",
          "time_zone": null,
          "listed_count": 0,
          "profile_text_color": "333333"
        },
        "favorited": false,
        "source": "<a href=\"http://twitter.com/download/android\" rel=\"nofollow\">Twitter for Android</a>",
        "retweet_count": 3168,
        "text": "Rescued kangaroo can't stop hugging volunteer who saved him from the mighty fires in #Australia. -… https://t.co/d06RE8F0wF",
        "id": 1214250438826110983,
        "in_reply_to_user_id": null,
        "lang": "en",
        "is_quote_status": false,
        "quote_count": 415,
        "geo": null,
        "entities": {
          "urls": [
            {
              "url": "https://t.co/d06RE8F0wF",
              "display_url": "twitter.com/i/web/status/1…",
              "expanded_url": "https://twitter.com/i/web/status/1214250438826110983",
              "indices": [
                100,
                123
              ]
            }
          ],
          "user_mentions": [],
          "symbols": [],
          "hashtags": [
            {
              "indices": [
                85,
                95
              ],
              "text": "Australia"
            }
          ]
        },
        "in_reply_to_screen_name": null,
        "possibly_sensitive": false,
        "extended_tweet": {
          "entities": {
            "urls": [],
            "user_mentions": [],
            "media": [
              {
                "id_str": "1214249905813938176",
                "media_url_https": "https://pbs.twimg.com/ext_tw_video_thumb/1214249905813938176/pu/img/qQ8UjRNDKbwuGERT.jpg",
                "expanded_url": "https://twitter.com/Bitterfck1/status/1214250438826110983/video/1",
                "video_info": {
                  "duration_millis": 39133,
                  "variants": [
                    {
                      "bitrate": 632000,
                      "url": "https://video.twimg.com/ext_tw_video/1214249905813938176/pu/vid/320x400/jguEvW3MPmDWln9K.mp4?tag=10",
                      "content_type": "video/mp4"
                    },
                    {
                      "url": "https://video.twimg.com/ext_tw_video/1214249905813938176/pu/pl/67_V5O5nc1dd7qKT.m3u8?tag=10",
                      "content_type": "application/x-mpegURL"
                    }
                  ],
                  "aspect_ratio": [
                    4,
                    5
                  ]
                },
                "url": "https://t.co/k0HUVFmwdN",
                "display_url": "pic.twitter.com/k0HUVFmwdN",
                "id": 1214249905813938176,
                "additional_media_info": {
                  "monetizable": false
                },
                "media_url": "http://pbs.twimg.com/ext_tw_video_thumb/1214249905813938176/pu/img/qQ8UjRNDKbwuGERT.jpg",
                "indices": [
                  155,
                  178
                ],
                "type": "video",
                "sizes": {
                  "medium": {
                    "h": 400,
                    "w": 320,
                    "resize": "fit"
                  },
                  "thumb": {
                    "h": 150,
                    "w": 150,
                    "resize": "crop"
                  },
                  "large": {
                    "h": 400,
                    "w": 320,
                    "resize": "fit"
                  },
                  "small": {
                    "h": 400,
                    "w": 320,
                    "resize": "fit"
                  }
                }
              }
            ],
            "symbols": [],
            "hashtags": [
              {
                "indices": [
                  85,
                  95
                ],
                "text": "Australia"
              },
              {
                "indices": [
                  99,
                  118
                ],
                "text": "AustralianBushfire"
              },
              {
                "indices": [
                  119,
                  136
                ],
                "text": "AuthorsForFireys"
              },
              {
                "indices": [
                  137,
                  154
                ],
                "text": "AustraliaBurning"
              }
            ]
          },
          "extended_entities": {
            "media": [
              {
                "id_str": "1214249905813938176",
                "media_url_https": "https://pbs.twimg.com/ext_tw_video_thumb/1214249905813938176/pu/img/qQ8UjRNDKbwuGERT.jpg",
                "expanded_url": "https://twitter.com/Bitterfck1/status/1214250438826110983/video/1",
                "video_info": {
                  "duration_millis": 39133,
                  "variants": [
                    {
                      "bitrate": 632000,
                      "url": "https://video.twimg.com/ext_tw_video/1214249905813938176/pu/vid/320x400/jguEvW3MPmDWln9K.mp4?tag=10",
                      "content_type": "video/mp4"
                    },
                    {
                      "url": "https://video.twimg.com/ext_tw_video/1214249905813938176/pu/pl/67_V5O5nc1dd7qKT.m3u8?tag=10",
                      "content_type": "application/x-mpegURL"
                    }
                  ],
                  "aspect_ratio": [
                    4,
                    5
                  ]
                },
                "url": "https://t.co/k0HUVFmwdN",
                "display_url": "pic.twitter.com/k0HUVFmwdN",
                "id": 1214249905813938176,
                "additional_media_info": {
                  "monetizable": false
                },
                "media_url": "http://pbs.twimg.com/ext_tw_video_thumb/1214249905813938176/pu/img/qQ8UjRNDKbwuGERT.jpg",
                "indices": [
                  155,
                  178
                ],
                "type": "video",
                "sizes": {
                  "medium": {
                    "h": 400,
                    "w": 320,
                    "resize": "fit"
                  },
                  "thumb": {
                    "h": 150,
                    "w": 150,
                    "resize": "crop"
                  },
                  "large": {
                    "h": 400,
                    "w": 320,
                    "resize": "fit"
                  },
                  "small": {
                    "h": 400,
                    "w": 320,
                    "resize": "fit"
                  }
                }
              }
            ]
          },
          "full_text": "Rescued kangaroo can't stop hugging volunteer who saved him from the mighty fires in #Australia. - #AustralianBushfire #AuthorsForFireys #AustraliaBurning https://t.co/k0HUVFmwdN",
          "display_text_range": [
            0,
            154
          ]
        },
        "in_reply_to_user_id_str": null,
        "id_str": "1214250438826110983",
        "in_reply_to_status_id": null,
        "coordinates": null,
        "display_text_range": [
          0,
          140
        ],
        "filter_level": "low",
        "reply_count": 134,
        "favorite_count": 11441,
        "place": null,
        "in_reply_to_status_id_str": null,
        "created_at": "Mon Jan 06 18:20:38 +0000 2020",
        "retweeted": false
      },
      "favorite_count": 0,
      "place": null,
      "quoted_status_id_str": "1214250438826110983",
      "created_at": "Wed Jan 08 03:49:24 +0000 2020",
      "retweeted": false,
      "user": {
        "verified": false,
        "profile_image_url": "http://abs.twimg.com/sticky/default_profile_images/default_profile_normal.png",
        "follow_request_sent": null,
        "profile_use_background_image": true,
        "profile_link_color": "1DA1F2",
        "profile_background_tile": false,
        "profile_image_url_https": "https://abs.twimg.com/sticky/default_profile_images/default_profile_normal.png",
        "profile_background_color": "C0DEED",
        "utc_offset": null,
        "name": "cindy",
        "geo_enabled": false,
        "url": null,
        "id": 41444220,
        "lang": null,
        "contributors_enabled": false,
        "followers_count": 21,
        "friends_count": 115,
        "profile_sidebar_border_color": "C0DEED",
        "following": null,
        "default_profile": true,
        "statuses_count": 1755,
        "description": null,
        "screen_name": "lunchlady33",
        "id_str": "41444220",
        "protected": false,
        "is_translator": false,
        "location": null,
        "default_profile_image": false,
        "profile_background_image_url_https": "https://abs.twimg.com/images/themes/theme1/bg.png",
        "notifications": null,
        "profile_sidebar_fill_color": "DDEEF6",
        "profile_background_image_url": "http://abs.twimg.com/images/themes/theme1/bg.png",
        "favourites_count": 2060,
        "translator_type": "none",
        "created_at": "Wed May 20 20:39:24 +0000 2009",
        "time_zone": null,
        "listed_count": 0,
        "profile_text_color": "333333"
      },
      "reply_count": 0
    },
    {
      "reply_count": 0,
      "contributors": null,
      "user": {
        "verified": false,
        "profile_image_url": "http://pbs.twimg.com/profile_images/1001287801420185600/Q0EKpAWa_normal.jpg",
        "follow_request_sent": null,
        "profile_use_background_image": true,
        "profile_link_color": "1DA1F2",
        "profile_background_tile": false,
        "profile_image_url_https": "https://pbs.twimg.com/profile_images/1001287801420185600/Q0EKpAWa_normal.jpg",
        "profile_background_color": "C0DEED",
        "utc_offset": null,
        "name": "syou",
        "geo_enabled": true,
        "url": null,
        "profile_banner_url": "https://pbs.twimg.com/profile_banners/736690314/1515160451",
        "id": 736690314,
        "lang": null,
        "contributors_enabled": false,
        "followers_count": 106,
        "friends_count": 991,
        "profile_sidebar_border_color": "C0DEED",
        "following": null,
        "default_profile": true,
        "statuses_count": 5350,
        "description": null,
        "screen_name": "sunxxian",
        "id_str": "736690314",
        "protected": false,
        "is_translator": false,
        "location": null,
        "default_profile_image": false,
        "profile_background_image_url_https": "https://abs.twimg.com/images/themes/theme1/bg.png",
        "notifications": null,
        "profile_sidebar_fill_color": "DDEEF6",
        "profile_background_image_url": "http://abs.twimg.com/images/themes/theme1/bg.png",
        "favourites_count": 6239,
        "translator_type": "none",
        "created_at": "Sat Aug 04 12:56:50 +0000 2012",
        "time_zone": null,
        "listed_count": 3,
        "profile_text_color": "333333"
      },
      "favorited": false,
      "source": "<a href=\"http://twitter.com/download/iphone\" rel=\"nofollow\">Twitter for iPhone</a>",
      "retweet_count": 0,
      "text": "RT @NewsBreaking: NEWS BREAKING ALERT: A Ukranian passenger plane carrying 180 people has reportedly crashed near Tehran, Iran (10:30 p.m.…",
      "id": 1214755960733847552,
      "in_reply_to_user_id": null,
      "lang": "en",
      "retweeted_status": {
        "reply_count": 111,
        "contributors": null,
        "user": {
          "verified": false,
          "profile_image_url": "http://pbs.twimg.com/profile_images/1153198508024799232/xRV7N-1P_normal.jpg",
          "follow_request_sent": null,
          "profile_use_background_image": true,
          "profile_link_color": "2FC2EF",
          "profile_background_tile": false,
          "profile_image_url_https": "https://pbs.twimg.com/profile_images/1153198508024799232/xRV7N-1P_normal.jpg",
          "profile_background_color": "1A1B1F",
          "utc_offset": null,
          "name": "LIVE Breaking News",
          "geo_enabled": false,
          "url": "http://www.newsbreakinglive.com",
          "profile_banner_url": "https://pbs.twimg.com/profile_banners/18112970/1537368029",
          "id": 18112970,
          "lang": null,
          "contributors_enabled": false,
          "followers_count": 160188,
          "friends_count": 122064,
          "profile_sidebar_border_color": "181A1E",
          "following": null,
          "default_profile": false,
          "statuses_count": 72744,
          "description": "A LIVE Twitter news wire with Breaking News and top stories from around the world.",
          "screen_name": "NewsBreaking",
          "id_str": "18112970",
          "protected": false,
          "is_translator": false,
          "location": "United States",
          "default_profile_image": false,
          "profile_background_image_url_https": "https://abs.twimg.com/images/themes/theme9/bg.gif",
          "notifications": null,
          "profile_sidebar_fill_color": "252429",
          "profile_background_image_url": "http://abs.twimg.com/images/themes/theme9/bg.gif",
          "favourites_count": 1664,
          "translator_type": "none",
          "created_at": "Sun Dec 14 06:38:11 +0000 2008",
          "time_zone": null,
          "listed_count": 1535,
          "profile_text_color": "666666"
        },
        "favorited": false,
        "source": "<a href=\"https://about.twitter.com/products/tweetdeck\" rel=\"nofollow\">TweetDeck</a>",
        "retweet_count": 691,
        "text": "NEWS BREAKING ALERT: A Ukranian passenger plane carrying 180 people has reportedly crashed near Tehran, Iran (10:30… https://t.co/nRIOCdBWif",
        "id": 1214752119141437446,
        "in_reply_to_user_id": null,
        "lang": "en",
        "is_quote_status": false,
        "quote_count": 163,
        "geo": null,
        "entities": {
          "urls": [
            {
              "url": "https://t.co/nRIOCdBWif",
              "display_url": "twitter.com/i/web/status/1…",
              "expanded_url": "https://twitter.com/i/web/status/1214752119141437446",
              "indices": [
                117,
                140
              ]
            }
          ],
          "user_mentions": [],
          "symbols": [],
          "hashtags": []
        },
        "in_reply_to_screen_name": null,
        "possibly_sensitive": false,
        "extended_tweet": {
          "entities": {
            "urls": [
              {
                "url": "https://t.co/Bse2GaJDin",
                "display_url": "bit.ly/2sZA4gm",
                "expanded_url": "http://bit.ly/2sZA4gm",
                "indices": [
                  132,
                  155
                ]
              }
            ],
            "user_mentions": [],
            "symbols": [],
            "hashtags": []
          },
          "full_text": "NEWS BREAKING ALERT: A Ukranian passenger plane carrying 180 people has reportedly crashed near Tehran, Iran (10:30 p.m. ET 1/7/20) https://t.co/Bse2GaJDin",
          "display_text_range": [
            0,
            155
          ]
        },
        "in_reply_to_user_id_str": null,
        "id_str": "1214752119141437446",
        "in_reply_to_status_id": null,
        "coordinates": null,
        "retweeted": false,
        "filter_level": "low",
        "truncated": true,
        "favorite_count": 450,
        "place": null,
        "in_reply_to_status_id_str": null,
        "created_at": "Wed Jan 08 03:34:08 +0000 2020"
      },
      "quote_count": 0,
      "is_quote_status": false,
      "geo": null,
      "entities": {
        "urls": [],
        "user_mentions": [
          {
            "screen_name": "NewsBreaking",
            "id_str": "18112970",
            "name": "LIVE Breaking News",
            "indices": [
              3,
              16
            ],
            "id": 18112970
          }
        ],
        "symbols": [],
        "hashtags": []
      },
      "in_reply_to_screen_name": null,
      "in_reply_to_user_id_str": null,
      "id_str": "1214755960733847552",
      "in_reply_to_status_id": null,
      "timestamp_ms": "1578455364770",
      "coordinates": null,
      "retweeted": false,
      "filter_level": "low",
      "truncated": false,
      "favorite_count": 0,
      "place": null,
      "in_reply_to_status_id_str": null,
      "created_at": "Wed Jan 08 03:49:24 +0000 2020"
    },
    {
      "reply_count": 0,
      "contributors": null,
      "user": {
        "verified": false,
        "profile_image_url": "http://pbs.twimg.com/profile_images/1212582500519890947/Im9TqLys_normal.jpg",
        "follow_request_sent": null,
        "profile_use_background_image": true,
        "profile_link_color": "19CF86",
        "profile_background_tile": true,
        "profile_image_url_https": "https://pbs.twimg.com/profile_images/1212582500519890947/Im9TqLys_normal.jpg",
        "profile_background_color": "000000",
        "utc_offset": null,
        "name": "Alexander E. Mujica",
        "geo_enabled": false,
        "url": "http://Instagram.com/alexanderemr",
        "profile_banner_url": "https://pbs.twimg.com/profile_banners/134539058/1569042426",
        "id": 134539058,
        "lang": null,
        "contributors_enabled": false,
        "followers_count": 45188,
        "friends_count": 214,
        "profile_sidebar_border_color": "FFFFFF",
        "following": null,
        "default_profile": false,
        "statuses_count": 11261,
        "description": "1995. Hijo De Dios🙏🏻",
        "screen_name": "Alexanderemr__",
        "id_str": "134539058",
        "protected": false,
        "is_translator": false,
        "location": "Venezuela",
        "default_profile_image": false,
        "profile_background_image_url_https": "https://abs.twimg.com/images/themes/theme15/bg.png",
        "notifications": null,
        "profile_sidebar_fill_color": "252429",
        "profile_background_image_url": "http://abs.twimg.com/images/themes/theme15/bg.png",
        "favourites_count": 18796,
        "translator_type": "badged",
        "created_at": "Sun Apr 18 18:27:29 +0000 2010",
        "time_zone": null,
        "listed_count": 13,
        "profile_text_color": "666666"
      },
      "favorited": false,
      "source": "<a href=\"https://mobile.twitter.com\" rel=\"nofollow\">Twitter Web App</a>",
      "retweet_count": 0,
      "text": "RT @AlbertoRodNews: LO ÚLTIMO | Trump tras ataque de Irán contra las bases en Irak: ‘Tenemos el ejército más poderoso en cualquier parte de…",
      "id": 1214755960713043968,
      "in_reply_to_user_id": null,
      "lang": "es",
      "retweeted_status": {
        "reply_count": 4,
        "contributors": null,
        "user": {
          "verified": true,
          "profile_image_url": "http://pbs.twimg.com/profile_images/1096436981393956864/r7XGsvxs_normal.jpg",
          "follow_request_sent": null,
          "profile_use_background_image": false,
          "profile_link_color": "1B95E0",
          "profile_background_tile": false,
          "profile_image_url_https": "https://pbs.twimg.com/profile_images/1096436981393956864/r7XGsvxs_normal.jpg",
          "profile_background_color": "000000",
          "utc_offset": null,
          "name": "AlbertoNews",
          "geo_enabled": true,
          "url": "http://www.albertonews.com",
          "profile_banner_url": "https://pbs.twimg.com/profile_banners/2334661493/1535606213",
          "id": 2334661493,
          "lang": null,
          "contributors_enabled": false,
          "followers_count": 478478,
          "friends_count": 20918,
          "profile_sidebar_border_color": "000000",
          "following": null,
          "default_profile": false,
          "statuses_count": 99011,
          "description": "RT's are not endorsements.\n-\nInstagram: @AlbertoRodNews",
          "screen_name": "AlbertoRodNews",
          "id_str": "2334661493",
          "protected": false,
          "is_translator": false,
          "location": "Caracas, Venezuela",
          "default_profile_image": false,
          "profile_background_image_url_https": "https://abs.twimg.com/images/themes/theme14/bg.gif",
          "notifications": null,
          "profile_sidebar_fill_color": "000000",
          "profile_background_image_url": "http://abs.twimg.com/images/themes/theme14/bg.gif",
          "favourites_count": 4880,
          "translator_type": "regular",
          "created_at": "Sun Feb 09 23:24:09 +0000 2014",
          "time_zone": null,
          "listed_count": 1892,
          "profile_text_color": "000000"
        },
        "favorited": false,
        "source": "<a href=\"http://twitter.com/download/iphone\" rel=\"nofollow\">Twitter for iPhone</a>",
        "retweet_count": 182,
        "text": "LO ÚLTIMO | Trump tras ataque de Irán contra las bases en Irak: ‘Tenemos el ejército más poderoso en cualquier part… https://t.co/5F52X4youe",
        "id": 1214743111924092928,
        "in_reply_to_user_id": null,
        "lang": "es",
        "is_quote_status": false,
        "quote_count": 5,
        "geo": null,
        "entities": {
          "urls": [
            {
              "url": "https://t.co/5F52X4youe",
              "display_url": "twitter.com/i/web/status/1…",
              "expanded_url": "https://twitter.com/i/web/status/1214743111924092928",
              "indices": [
                117,
                140
              ]
            }
          ],
          "user_mentions": [],
          "symbols": [],
          "hashtags": []
        },
        "in_reply_to_screen_name": null,
        "possibly_sensitive": false,
        "extended_tweet": {
          "entities": {
            "urls": [
              {
                "url": "https://t.co/5aa0ivt9YF",
                "display_url": "albertonews.com/uncategorized/…",
                "expanded_url": "https://albertonews.com/uncategorized/lo-ultimo-trump-tras-ataque-de-iran-contra-las-bases-en-irak-tenemos-el-ejercito-mas-poderoso-en-cualquier-parte-del-mundo-todo-esta-bien/",
                "indices": [
                  144,
                  167
                ]
              }
            ],
            "user_mentions": [],
            "symbols": [],
            "hashtags": []
          },
          "full_text": "LO ÚLTIMO | Trump tras ataque de Irán contra las bases en Irak: ‘Tenemos el ejército más poderoso en cualquier parte del mundo, todo está bien’ https://t.co/5aa0ivt9YF",
          "display_text_range": [
            0,
            167
          ]
        },
        "in_reply_to_user_id_str": null,
        "id_str": "1214743111924092928",
        "in_reply_to_status_id": null,
        "coordinates": null,
        "retweeted": false,
        "filter_level": "low",
        "truncated": true,
        "favorite_count": 263,
        "place": null,
        "in_reply_to_status_id_str": null,
        "created_at": "Wed Jan 08 02:58:21 +0000 2020"
      },
      "quote_count": 0,
      "is_quote_status": false,
      "geo": null,
      "entities": {
        "urls": [],
        "user_mentions": [
          {
            "screen_name": "AlbertoRodNews",
            "id_str": "2334661493",
            "name": "AlbertoNews",
            "indices": [
              3,
              18
            ],
            "id": 2334661493
          }
        ],
        "symbols": [],
        "hashtags": []
      },
      "in_reply_to_screen_name": null,
      "in_reply_to_user_id_str": null,
      "id_str": "1214755960713043968",
      "in_reply_to_status_id": null,
      "timestamp_ms": "1578455364765",
      "coordinates": null,
      "retweeted": false,
      "filter_level": "low",
      "truncated": false,
      "favorite_count": 0,
      "place": null,
      "in_reply_to_status_id_str": null,
      "created_at": "Wed Jan 08 03:49:24 +0000 2020"
    },
    {
      "reply_count": 0,
      "contributors": null,
      "user": {
        "verified": false,
        "profile_image_url": "http://pbs.twimg.com/profile_images/1596059185/BigMouth_normal.gif",
        "follow_request_sent": null,
        "profile_use_background_image": true,
        "profile_link_color": "2280A9",
        "profile_background_tile": false,
        "profile_image_url_https": "https://pbs.twimg.com/profile_images/1596059185/BigMouth_normal.gif",
        "profile_background_color": "020812",
        "utc_offset": null,
        "name": "Loudmouth Rep",
        "geo_enabled": false,
        "url": "http://freeusflorida.com",
        "profile_banner_url": "https://pbs.twimg.com/profile_banners/393975321/1547943763",
        "id": 393975321,
        "lang": null,
        "contributors_enabled": false,
        "followers_count": 81,
        "friends_count": 234,
        "profile_sidebar_border_color": "2280A9",
        "following": null,
        "default_profile": false,
        "statuses_count": 1524,
        "description": "I get my ass out of bed every day and go to work building America.  America and Americans first.  Trump 2020.  I say the things you are afraid to.",
        "screen_name": "loudmouthrep",
        "id_str": "393975321",
        "protected": false,
        "is_translator": false,
        "location": "Yo momma's house",
        "default_profile_image": false,
        "profile_background_image_url_https": "https://abs.twimg.com/images/themes/theme1/bg.png",
        "notifications": null,
        "profile_sidebar_fill_color": "020812",
        "profile_background_image_url": "http://abs.twimg.com/images/themes/theme1/bg.png",
        "favourites_count": 907,
        "translator_type": "none",
        "created_at": "Wed Oct 19 11:35:57 +0000 2011",
        "time_zone": null,
        "listed_count": 1,
        "profile_text_color": "17406C"
      },
      "favorited": false,
      "source": "<a href=\"https://mobile.twitter.com\" rel=\"nofollow\">Twitter Web App</a>",
      "retweet_count": 0,
      "text": "RT @willchamberlain: We killed Iran’s second most powerful official and Iran’s “retaliation” killed ZERO Americans",
      "id": 1214755960717299713,
      "in_reply_to_user_id": null,
      "lang": "en",
      "retweeted_status": {
        "reply_count": 84,
        "favorite_count": 1656,
        "user": {
          "verified": false,
          "profile_image_url": "http://pbs.twimg.com/profile_images/1151596362766651392/U6TLrCox_normal.jpg",
          "follow_request_sent": null,
          "profile_use_background_image": true,
          "profile_link_color": "1DA1F2",
          "profile_background_tile": false,
          "profile_image_url_https": "https://pbs.twimg.com/profile_images/1151596362766651392/U6TLrCox_normal.jpg",
          "profile_background_color": "C0DEED",
          "utc_offset": null,
          "name": "Will Chamberlain 🇺🇸",
          "geo_enabled": true,
          "url": "http://www.humanevents.com",
          "profile_banner_url": "https://pbs.twimg.com/profile_banners/21722318/1568416092",
          "id": 21722318,
          "lang": null,
          "contributors_enabled": false,
          "followers_count": 81412,
          "friends_count": 1246,
          "profile_sidebar_border_color": "C0DEED",
          "following": null,
          "default_profile": true,
          "statuses_count": 53469,
          "description": "Lawyer. Editor-in-Chief of @HumanEvents.",
          "screen_name": "willchamberlain",
          "id_str": "21722318",
          "protected": false,
          "is_translator": false,
          "location": "Washington, DC",
          "default_profile_image": false,
          "profile_background_image_url_https": "https://abs.twimg.com/images/themes/theme1/bg.png",
          "notifications": null,
          "profile_sidebar_fill_color": "DDEEF6",
          "profile_background_image_url": "http://abs.twimg.com/images/themes/theme1/bg.png",
          "favourites_count": 111116,
          "translator_type": "none",
          "created_at": "Tue Feb 24 02:47:26 +0000 2009",
          "time_zone": null,
          "listed_count": 592,
          "profile_text_color": "333333"
        },
        "favorited": false,
        "source": "<a href=\"http://twitter.com/download/iphone\" rel=\"nofollow\">Twitter for iPhone</a>",
        "retweet_count": 341,
        "text": "We killed Iran’s second most powerful official and Iran’s “retaliation” killed ZERO Americans",
        "id": 1214732862060150784,
        "in_reply_to_user_id": null,
        "lang": "en",
        "is_quote_status": false,
        "quote_count": 25,
        "geo": null,
        "entities": {
          "urls": [],
          "user_mentions": [],
          "symbols": [],
          "hashtags": []
        },
        "in_reply_to_screen_name": null,
        "in_reply_to_user_id_str": null,
        "id_str": "1214732862060150784",
        "in_reply_to_status_id": null,
        "coordinates": null,
        "retweeted": false,
        "filter_level": "low",
        "truncated": false,
        "place": null,
        "in_reply_to_status_id_str": null,
        "created_at": "Wed Jan 08 02:17:37 +0000 2020",
        "contributors": null
      },
      "quote_count": 0,
      "is_quote_status": false,
      "geo": null,
      "entities": {
        "urls": [],
        "user_mentions": [
          {
            "screen_name": "willchamberlain",
            "id_str": "21722318",
            "name": "Will Chamberlain 🇺🇸",
            "indices": [
              3,
              19
            ],
            "id": 21722318
          }
        ],
        "symbols": [],
        "hashtags": []
      },
      "in_reply_to_screen_name": null,
      "in_reply_to_user_id_str": null,
      "id_str": "1214755960717299713",
      "in_reply_to_status_id": null,
      "timestamp_ms": "1578455364766",
      "coordinates": null,
      "retweeted": false,
      "filter_level": "low",
      "truncated": false,
      "favorite_count": 0,
      "place": null,
      "in_reply_to_status_id_str": null,
      "created_at": "Wed Jan 08 03:49:24 +0000 2020"
    },
    {
      "truncated": false,
      "contributors": null,
      "quoted_status_permalink": {
        "expanded": "https://twitter.com/lucasrohan/status/1214740630674558976",
        "url": "https://t.co/b4D4ZTnjut",
        "display": "twitter.com/lucasrohan/sta…"
      },
      "favorited": false,
      "source": "<a href=\"https://mobile.twitter.com\" rel=\"nofollow\">Twitter Web App</a>",
      "retweet_count": 0,
      "text": "Gente?",
      "id": 1214755960616562690,
      "in_reply_to_user_id": null,
      "lang": "pt",
      "is_quote_status": true,
      "quote_count": 0,
      "in_reply_to_status_id_str": null,
      "entities": {
        "urls": [],
        "user_mentions": [],
        "symbols": [],
        "hashtags": []
      },
      "in_reply_to_screen_name": null,
      "in_reply_to_user_id_str": null,
      "id_str": "1214755960616562690",
      "in_reply_to_status_id": null,
      "quoted_status_id": 1214740630674558976,
      "timestamp_ms": "1578455364742",
      "coordinates": null,
      "geo": null,
      "filter_level": "low",
      "quoted_status": {
        "truncated": false,
        "contributors": null,
        "user": {
          "verified": true,
          "profile_image_url": "http://pbs.twimg.com/profile_images/1214314746356412416/eegA1C9g_normal.jpg",
          "follow_request_sent": null,
          "profile_use_background_image": false,
          "profile_link_color": "E81C4F",
          "profile_background_tile": false,
          "profile_image_url_https": "https://pbs.twimg.com/profile_images/1214314746356412416/eegA1C9g_normal.jpg",
          "profile_background_color": "000000",
          "utc_offset": null,
          "name": "Lucas Rohan",
          "geo_enabled": true,
          "url": "http://www.instagram.com/lucasrohan/",
          "profile_banner_url": "https://pbs.twimg.com/profile_banners/2521069856/1567625483",
          "id": 2521069856,
          "lang": null,
          "contributors_enabled": false,
          "followers_count": 84350,
          "friends_count": 831,
          "profile_sidebar_border_color": "000000",
          "following": null,
          "default_profile": false,
          "statuses_count": 3273,
          "description": "Jornalista e professor | Doutorando em Ciências da Comunicação na @nova_fcsh | Mestre em Novas Mídias | Podcast @ihmundo | https://www.facebook.com/lucasrohan/",
          "screen_name": "lucasrohan",
          "id_str": "2521069856",
          "protected": false,
          "is_translator": false,
          "location": "Lisboa, Portugal",
          "default_profile_image": false,
          "profile_background_image_url_https": "https://abs.twimg.com/images/themes/theme1/bg.png",
          "notifications": null,
          "profile_sidebar_fill_color": "000000",
          "profile_background_image_url": "http://abs.twimg.com/images/themes/theme1/bg.png",
          "favourites_count": 2251,
          "translator_type": "none",
          "created_at": "Sat May 24 18:27:36 +0000 2014",
          "time_zone": null,
          "listed_count": 283,
          "profile_text_color": "000000"
        },
        "favorited": false,
        "source": "<a href=\"https://about.twitter.com/products/tweetdeck\" rel=\"nofollow\">TweetDeck</a>",
        "retweet_count": 879,
        "text": "🔴 URGENTE\n\nTremor de 5 graus registrado há pouco no sul do Irã https://t.co/8JuRrU002t https://t.co/lSaQEyphGJ",
        "id": 1214740630674558976,
        "in_reply_to_user_id": null,
        "lang": "pt",
        "is_quote_status": false,
        "quote_count": 1215,
        "geo": null,
        "entities": {
          "urls": [
            {
              "url": "https://t.co/8JuRrU002t",
              "display_url": "volcanodiscovery.com/app/earthquake…",
              "expanded_url": "https://www.volcanodiscovery.com/app/earthquakes/quake-info/2639315/M5-Wed-8-Jan-Southern-Iran.html",
              "indices": [
                63,
                86
              ]
            }
          ],
          "user_mentions": [],
          "media": [
            {
              "url": "https://t.co/lSaQEyphGJ",
              "id": 1214740406669328389,
              "display_url": "pic.twitter.com/lSaQEyphGJ",
              "id_str": "1214740406669328389",
              "expanded_url": "https://twitter.com/lucasrohan/status/1214740630674558976/photo/1",
              "type": "photo",
              "media_url_https": "https://pbs.twimg.com/media/ENuf9sHWwAUK50Q.jpg",
              "indices": [
                87,
                110
              ],
              "media_url": "http://pbs.twimg.com/media/ENuf9sHWwAUK50Q.jpg",
              "sizes": {
                "medium": {
                  "h": 576,
                  "w": 1020,
                  "resize": "fit"
                },
                "thumb": {
                  "h": 150,
                  "w": 150,
                  "resize": "crop"
                },
                "small": {
                  "h": 384,
                  "w": 680,
                  "resize": "fit"
                },
                "large": {
                  "h": 576,
                  "w": 1020,
                  "resize": "fit"
                }
              }
            }
          ],
          "symbols": [],
          "hashtags": []
        },
        "in_reply_to_screen_name": null,
        "possibly_sensitive": false,
        "in_reply_to_user_id_str": null,
        "id_str": "1214740630674558976",
        "in_reply_to_status_id": null,
        "coordinates": null,
        "display_text_range": [
          0,
          86
        ],
        "filter_level": "low",
        "reply_count": 515,
        "favorite_count": 4309,
        "place": null,
        "extended_entities": {
          "media": [
            {
              "url": "https://t.co/lSaQEyphGJ",
              "id": 1214740406669328389,
              "display_url": "pic.twitter.com/lSaQEyphGJ",
              "id_str": "1214740406669328389",
              "expanded_url": "https://twitter.com/lucasrohan/status/1214740630674558976/photo/1",
              "type": "photo",
              "media_url_https": "https://pbs.twimg.com/media/ENuf9sHWwAUK50Q.jpg",
              "indices": [
                87,
                110
              ],
              "media_url": "http://pbs.twimg.com/media/ENuf9sHWwAUK50Q.jpg",
              "sizes": {
                "medium": {
                  "h": 576,
                  "w": 1020,
                  "resize": "fit"
                },
                "thumb": {
                  "h": 150,
                  "w": 150,
                  "resize": "crop"
                },
                "small": {
                  "h": 384,
                  "w": 680,
                  "resize": "fit"
                },
                "large": {
                  "h": 576,
                  "w": 1020,
                  "resize": "fit"
                }
              }
            }
          ]
        },
        "in_reply_to_status_id_str": null,
        "created_at": "Wed Jan 08 02:48:29 +0000 2020",
        "retweeted": false
      },
      "favorite_count": 0,
      "place": null,
      "quoted_status_id_str": "1214740630674558976",
      "created_at": "Wed Jan 08 03:49:24 +0000 2020",
      "retweeted": false,
      "user": {
        "verified": false,
        "profile_image_url": "http://pbs.twimg.com/profile_images/1214060097548226560/uLmDWE1__normal.jpg",
        "follow_request_sent": null,
        "profile_use_background_image": false,
        "profile_link_color": "ABB8C2",
        "profile_background_tile": false,
        "profile_image_url_https": "https://pbs.twimg.com/profile_images/1214060097548226560/uLmDWE1__normal.jpg",
        "profile_background_color": "000000",
        "utc_offset": null,
        "name": "rata de praia: amy winehouse",
        "geo_enabled": false,
        "url": null,
        "profile_banner_url": "https://pbs.twimg.com/profile_banners/832808465647157248/1578290405",
        "id": 832808465647157248,
        "lang": null,
        "contributors_enabled": false,
        "followers_count": 477,
        "friends_count": 331,
        "profile_sidebar_border_color": "000000",
        "following": null,
        "default_profile": false,
        "statuses_count": 30737,
        "description": "Amy Winehouse fã, porém pode encontrar outras coisas nesse perfil.",
        "screen_name": "lmixwinehouse",
        "id_str": "832808465647157248",
        "protected": false,
        "is_translator": false,
        "location": null,
        "default_profile_image": false,
        "profile_background_image_url_https": "https://abs.twimg.com/images/themes/theme1/bg.png",
        "notifications": null,
        "profile_sidebar_fill_color": "000000",
        "profile_background_image_url": "http://abs.twimg.com/images/themes/theme1/bg.png",
        "favourites_count": 8348,
        "translator_type": "none",
        "created_at": "Sat Feb 18 04:26:25 +0000 2017",
        "time_zone": null,
        "listed_count": 8,
        "profile_text_color": "000000"
      },
      "reply_count": 0
    },
    {
      "truncated": false,
      "contributors": null,
      "quoted_status_permalink": {
        "expanded": "https://twitter.com/ianbremmer/status/1214747160534769665",
        "url": "https://t.co/FLGaEiqaZs",
        "display": "twitter.com/ianbremmer/sta…"
      },
      "favorited": false,
      "source": "<a href=\"https://mobile.twitter.com\" rel=\"nofollow\">Twitter Web App</a>",
      "retweet_count": 0,
      "text": "RT @ScottAdamsSays: Possibly the best we will ever have. https://t.co/FLGaEiqaZs",
      "id": 1214755960180346881,
      "in_reply_to_user_id": null,
      "lang": "en",
      "retweeted_status": {
        "truncated": false,
        "contributors": null,
        "quoted_status_permalink": {
          "expanded": "https://twitter.com/ianbremmer/status/1214747160534769665",
          "url": "https://t.co/FLGaEiqaZs",
          "display": "twitter.com/ianbremmer/sta…"
        },
        "in_reply_to_status_id_str": null,
        "source": "<a href=\"http://twitter.com/download/iphone\" rel=\"nofollow\">Twitter for iPhone</a>",
        "retweet_count": 126,
        "text": "Possibly the best we will ever have. https://t.co/FLGaEiqaZs",
        "id": 1214751082103988224,
        "in_reply_to_user_id": null,
        "lang": "en",
        "is_quote_status": true,
        "quote_count": 10,
        "geo": null,
        "entities": {
          "urls": [
            {
              "url": "https://t.co/FLGaEiqaZs",
              "display_url": "twitter.com/ianbremmer/sta…",
              "expanded_url": "https://twitter.com/ianbremmer/status/1214747160534769665",
              "indices": [
                37,
                60
              ]
            }
          ],
          "user_mentions": [],
          "symbols": [],
          "hashtags": []
        },
        "in_reply_to_screen_name": null,
        "possibly_sensitive": false,
        "in_reply_to_user_id_str": null,
        "id_str": "1214751082103988224",
        "in_reply_to_status_id": null,
        "quoted_status_id": 1214747160534769665,
        "favorited": false,
        "coordinates": null,
        "display_text_range": [
          0,
          36
        ],
        "filter_level": "low",
        "quoted_status": {
          "reply_count": 94,
          "favorite_count": 638,
          "user": {
            "verified": true,
            "profile_image_url": "http://pbs.twimg.com/profile_images/1103368575224594433/GGWqZt8Q_normal.jpg",
            "follow_request_sent": null,
            "profile_use_background_image": true,
            "profile_link_color": "3489B3",
            "profile_background_tile": false,
            "profile_image_url_https": "https://pbs.twimg.com/profile_images/1103368575224594433/GGWqZt8Q_normal.jpg",
            "profile_background_color": "022330",
            "utc_offset": null,
            "name": "ian bremmer",
            "geo_enabled": false,
            "url": null,
            "profile_banner_url": "https://pbs.twimg.com/profile_banners/60783724/1578298575",
            "id": 60783724,
            "lang": null,
            "contributors_enabled": false,
            "followers_count": 452966,
            "friends_count": 1315,
            "profile_sidebar_border_color": "FFFFFF",
            "following": null,
            "default_profile": false,
            "statuses_count": 43009,
            "description": "political scientist, author, teach at columbia sipa, columnist at time, president @eurasiagroup, @gzeromedia. if you lived here, you'd be home now.",
            "screen_name": "ianbremmer",
            "id_str": "60783724",
            "protected": false,
            "is_translator": false,
            "location": null,
            "default_profile_image": false,
            "profile_background_image_url_https": "https://abs.twimg.com/images/themes/theme15/bg.png",
            "notifications": null,
            "profile_sidebar_fill_color": "C0DFEC",
            "profile_background_image_url": "http://abs.twimg.com/images/themes/theme15/bg.png",
            "favourites_count": 1651,
            "translator_type": "none",
            "created_at": "Tue Jul 28 02:23:28 +0000 2009",
            "time_zone": null,
            "listed_count": 9066,
            "profile_text_color": "333333"
          },
          "favorited": false,
          "source": "<a href=\"http://twitter.com/download/iphone\" rel=\"nofollow\">Twitter for iPhone</a>",
          "retweet_count": 153,
          "text": "There’s a real opening now for diplomacy between US and Iran.",
          "id": 1214747160534769665,
          "in_reply_to_user_id": null,
          "lang": "en",
          "is_quote_status": false,
          "quote_count": 28,
          "geo": null,
          "entities": {
            "urls": [],
            "user_mentions": [],
            "symbols": [],
            "hashtags": []
          },
          "in_reply_to_screen_name": null,
          "in_reply_to_user_id_str": null,
          "id_str": "1214747160534769665",
          "in_reply_to_status_id": null,
          "coordinates": null,
          "retweeted": false,
          "filter_level": "low",
          "truncated": false,
          "place": null,
          "in_reply_to_status_id_str": null,
          "created_at": "Wed Jan 08 03:14:26 +0000 2020",
          "contributors": null
        },
        "favorite_count": 640,
        "place": null,
        "quoted_status_id_str": "1214747160534769665",
        "created_at": "Wed Jan 08 03:30:01 +0000 2020",
        "retweeted": false,
        "user": {
          "verified": true,
          "profile_image_url": "http://pbs.twimg.com/profile_images/796829819807764480/8UhFDcjT_normal.jpg",
          "follow_request_sent": null,
          "profile_use_background_image": false,
          "profile_link_color": "19CF86",
          "profile_background_tile": false,
          "profile_image_url_https": "https://pbs.twimg.com/profile_images/796829819807764480/8UhFDcjT_normal.jpg",
          "profile_background_color": "000000",
          "utc_offset": null,
          "name": "Scott Adams",
          "geo_enabled": true,
          "url": "https://interface.my/ScottAdamsSays",
          "profile_banner_url": "https://pbs.twimg.com/profile_banners/2853461537/1573213587",
          "id": 2853461537,
          "lang": null,
          "contributors_enabled": false,
          "followers_count": 373107,
          "friends_count": 1213,
          "profile_sidebar_border_color": "000000",
          "following": null,
          "default_profile": false,
          "statuses_count": 59572,
          "description": "My new book LOSERTHINK is available now! Find it here: https://amzn.to/34y8vrM",
          "screen_name": "ScottAdamsSays",
          "id_str": "2853461537",
          "protected": false,
          "is_translator": false,
          "location": "Pleasanton CA",
          "default_profile_image": false,
          "profile_background_image_url_https": "https://abs.twimg.com/images/themes/theme1/bg.png",
          "notifications": null,
          "profile_sidebar_fill_color": "000000",
          "profile_background_image_url": "http://abs.twimg.com/images/themes/theme1/bg.png",
          "favourites_count": 55883,
          "translator_type": "none",
          "created_at": "Fri Oct 31 17:15:36 +0000 2014",
          "time_zone": null,
          "listed_count": 3835,
          "profile_text_color": "000000"
        },
        "reply_count": 59
      },
      "quote_count": 0,
      "is_quote_status": true,
      "in_reply_to_status_id_str": null,
      "entities": {
        "urls": [
          {
            "url": "https://t.co/FLGaEiqaZs",
            "display_url": "twitter.com/ianbremmer/sta…",
            "expanded_url": "https://twitter.com/ianbremmer/status/1214747160534769665",
            "indices": [
              57,
              80
            ]
          }
        ],
        "user_mentions": [
          {
            "screen_name": "ScottAdamsSays",
            "id_str": "2853461537",
            "name": "Scott Adams",
            "indices": [
              3,
              18
            ],
            "id": 2853461537
          }
        ],
        "symbols": [],
        "hashtags": []
      },
      "in_reply_to_screen_name": null,
      "possibly_sensitive": false,
      "in_reply_to_user_id_str": null,
      "id_str": "1214755960180346881",
      "in_reply_to_status_id": null,
      "quoted_status_id": 1214747160534769665,
      "timestamp_ms": "1578455364638",
      "coordinates": null,
      "geo": null,
      "filter_level": "low",
      "quoted_status": {
        "reply_count": 94,
        "favorite_count": 638,
        "user": {
          "verified": true,
          "profile_image_url": "http://pbs.twimg.com/profile_images/1103368575224594433/GGWqZt8Q_normal.jpg",
          "follow_request_sent": null,
          "profile_use_background_image": true,
          "profile_link_color": "3489B3",
          "profile_background_tile": false,
          "profile_image_url_https": "https://pbs.twimg.com/profile_images/1103368575224594433/GGWqZt8Q_normal.jpg",
          "profile_background_color": "022330",
          "utc_offset": null,
          "name": "ian bremmer",
          "geo_enabled": false,
          "url": null,
          "profile_banner_url": "https://pbs.twimg.com/profile_banners/60783724/1578298575",
          "id": 60783724,
          "lang": null,
          "contributors_enabled": false,
          "followers_count": 452966,
          "friends_count": 1315,
          "profile_sidebar_border_color": "FFFFFF",
          "following": null,
          "default_profile": false,
          "statuses_count": 43009,
          "description": "political scientist, author, teach at columbia sipa, columnist at time, president @eurasiagroup, @gzeromedia. if you lived here, you'd be home now.",
          "screen_name": "ianbremmer",
          "id_str": "60783724",
          "protected": false,
          "is_translator": false,
          "location": null,
          "default_profile_image": false,
          "profile_background_image_url_https": "https://abs.twimg.com/images/themes/theme15/bg.png",
          "notifications": null,
          "profile_sidebar_fill_color": "C0DFEC",
          "profile_background_image_url": "http://abs.twimg.com/images/themes/theme15/bg.png",
          "favourites_count": 1651,
          "translator_type": "none",
          "created_at": "Tue Jul 28 02:23:28 +0000 2009",
          "time_zone": null,
          "listed_count": 9066,
          "profile_text_color": "333333"
        },
        "favorited": false,
        "source": "<a href=\"http://twitter.com/download/iphone\" rel=\"nofollow\">Twitter for iPhone</a>",
        "retweet_count": 153,
        "text": "There’s a real opening now for diplomacy between US and Iran.",
        "id": 1214747160534769665,
        "in_reply_to_user_id": null,
        "lang": "en",
        "is_quote_status": false,
        "quote_count": 28,
        "geo": null,
        "entities": {
          "urls": [],
          "user_mentions": [],
          "symbols": [],
          "hashtags": []
        },
        "in_reply_to_screen_name": null,
        "in_reply_to_user_id_str": null,
        "id_str": "1214747160534769665",
        "in_reply_to_status_id": null,
        "coordinates": null,
        "retweeted": false,
        "filter_level": "low",
        "truncated": false,
        "place": null,
        "in_reply_to_status_id_str": null,
        "created_at": "Wed Jan 08 03:14:26 +0000 2020",
        "contributors": null
      },
      "favorite_count": 0,
      "place": null,
      "quoted_status_id_str": "1214747160534769665",
      "created_at": "Wed Jan 08 03:49:24 +0000 2020",
      "retweeted": false,
      "user": {
        "verified": false,
        "profile_image_url": "http://pbs.twimg.com/profile_images/1028147027262066688/T8XKKs0Q_normal.jpg",
        "follow_request_sent": null,
        "profile_use_background_image": true,
        "profile_link_color": "1DA1F2",
        "profile_background_tile": false,
        "profile_image_url_https": "https://pbs.twimg.com/profile_images/1028147027262066688/T8XKKs0Q_normal.jpg",
        "profile_background_color": "C0DEED",
        "utc_offset": null,
        "name": "Canthemum",
        "geo_enabled": false,
        "url": null,
        "id": 4286667854,
        "lang": null,
        "contributors_enabled": false,
        "followers_count": 1413,
        "friends_count": 2142,
        "profile_sidebar_border_color": "C0DEED",
        "following": null,
        "default_profile": true,
        "statuses_count": 8943,
        "description": "Black/White/Native American Conservative. #MAGA #KAG Trump supporter. I support police, ICE and military. Joined twitter for Trump and supporters. God bless USA",
        "screen_name": "Canthemum1212",
        "id_str": "4286667854",
        "protected": false,
        "is_translator": false,
        "location": null,
        "default_profile_image": false,
        "profile_background_image_url_https": "https://abs.twimg.com/images/themes/theme1/bg.png",
        "notifications": null,
        "profile_sidebar_fill_color": "DDEEF6",
        "profile_background_image_url": "http://abs.twimg.com/images/themes/theme1/bg.png",
        "favourites_count": 5593,
        "translator_type": "none",
        "created_at": "Thu Nov 19 05:47:06 +0000 2015",
        "time_zone": null,
        "listed_count": 0,
        "profile_text_color": "333333"
      },
      "reply_count": 0
    },
    {
      "reply_count": 0,
      "favorite_count": 0,
      "user": {
        "verified": false,
        "profile_image_url": "http://pbs.twimg.com/profile_images/727924206873235459/ELfMeaHH_normal.jpg",
        "follow_request_sent": null,
        "profile_use_background_image": true,
        "profile_link_color": "1DA1F2",
        "profile_background_tile": false,
        "profile_image_url_https": "https://pbs.twimg.com/profile_images/727924206873235459/ELfMeaHH_normal.jpg",
        "profile_background_color": "C0DEED",
        "utc_offset": null,
        "name": "Maximiliano Javier",
        "geo_enabled": false,
        "url": null,
        "id": 3472928117,
        "lang": null,
        "contributors_enabled": false,
        "followers_count": 1536,
        "friends_count": 3001,
        "profile_sidebar_border_color": "C0DEED",
        "following": null,
        "default_profile": true,
        "statuses_count": 36650,
        "description": null,
        "screen_name": "sinecdocal",
        "id_str": "3472928117",
        "protected": false,
        "is_translator": false,
        "location": null,
        "default_profile_image": false,
        "profile_background_image_url_https": "https://abs.twimg.com/images/themes/theme1/bg.png",
        "notifications": null,
        "profile_sidebar_fill_color": "DDEEF6",
        "profile_background_image_url": "http://abs.twimg.com/images/themes/theme1/bg.png",
        "favourites_count": 13051,
        "translator_type": "none",
        "created_at": "Fri Aug 28 20:08:34 +0000 2015",
        "time_zone": null,
        "listed_count": 8,
        "profile_text_color": "333333"
      },
      "favorited": false,
      "source": "<a href=\"https://mobile.twitter.com\" rel=\"nofollow\">Twitter Web App</a>",
      "retweet_count": 0,
      "text": "Brasil se come un pijazo iraní por tener un presidente infradotado y liba gaver de USA.",
      "id": 1214755960754970624,
      "in_reply_to_user_id": null,
      "lang": "es",
      "is_quote_status": false,
      "quote_count": 0,
      "geo": null,
      "entities": {
        "urls": [],
        "user_mentions": [],
        "symbols": [],
        "hashtags": []
      },
      "in_reply_to_screen_name": null,
      "in_reply_to_user_id_str": null,
      "id_str": "1214755960754970624",
      "in_reply_to_status_id": null,
      "timestamp_ms": "1578455364775",
      "coordinates": null,
      "retweeted": false,
      "filter_level": "low",
      "truncated": false,
      "place": null,
      "in_reply_to_status_id_str": null,
      "created_at": "Wed Jan 08 03:49:24 +0000 2020",
      "contributors": null
    }
  ]
}