{
  "data": [
    {
      "in_reply_to_status_id_str": null,
      "id": 1220847816001642497,
      "id_str": "1220847816001642497",
      "user": {
        "screen_name": "anitaborja5",
        "friends_count": 208,
        "id": 3319879210,
        "follow_request_sent": null,
        "id_str": "3319879210",
        "followers_count": 185,
        "profile_link_color": "1DA1F2",
        "profile_text_color": "333333",
        "following": null,
        "notifications": null,
        "geo_enabled": false,
        "profile_use_background_image": true,
        "location": "San Miguel, Peru",
        "profile_sidebar_fill_color": "DDEEF6",
        "description": null,
        "statuses_count": 18359,
        "favourites_count": 49534,
        "default_profile_image": false,
        "profile_background_image_url_https": "https://abs.twimg.com/images/themes/theme1/bg.png",
        "profile_image_url": "http://pbs.twimg.com/profile_images/783737468688400384/H5v3iDhr_normal.jpg",
        "name": "Ana Borja",
        "is_translator": false,
        "verified": false,
        "protected": false,
        "profile_background_tile": false,
        "listed_count": 0,
        "profile_background_color": "C0DEED",
        "translator_type": "none",
        "profile_background_image_url": "http://abs.twimg.com/images/themes/theme1/bg.png",
        "time_zone": null,
        "url": null,
        "utc_offset": null,
        "contributors_enabled": false,
        "profile_image_url_https": "https://pbs.twimg.com/profile_images/783737468688400384/H5v3iDhr_normal.jpg",
        "profile_sidebar_border_color": "C0DEED",
        "created_at": "Thu Jun 11 22:49:34 +0000 2015",
        "lang": null,
        "default_profile": true
      },
      "retweeted_status": {
        "in_reply_to_status_id_str": null,
        "id": 1220797153192353792,
        "id_str": "1220797153192353792",
        "user": {
          "screen_name": "SegundoMendezA",
          "friends_count": 2080,
          "id": 1058118893133316096,
          "follow_request_sent": null,
          "id_str": "1058118893133316096",
          "followers_count": 1668,
          "profile_link_color": "1DA1F2",
          "profile_text_color": "333333",
          "following": null,
          "profile_banner_url": "https://pbs.twimg.com/profile_banners/1058118893133316096/1557945272",
          "geo_enabled": false,
          "profile_use_background_image": true,
          "location": "Lima, Peru",
          "profile_sidebar_fill_color": "DDEEF6",
          "description": "Reformista y en contra de la cleptocracia. Nuestro país será grande cuando se logre que las generaciones sean bien educadas y formadas plenamente en valores.",
          "statuses_count": 11107,
          "favourites_count": 25971,
          "default_profile_image": false,
          "profile_background_image_url_https": "",
          "profile_image_url": "http://pbs.twimg.com/profile_images/1081567216909369349/ya_UtnVS_normal.jpg",
          "name": "Segundo Mendez",
          "is_translator": false,
          "verified": false,
          "protected": false,
          "profile_background_tile": false,
          "listed_count": 1,
          "profile_background_color": "F5F8FA",
          "translator_type": "none",
          "profile_background_image_url": "",
          "time_zone": null,
          "url": null,
          "utc_offset": null,
          "notifications": null,
          "contributors_enabled": false,
          "profile_image_url_https": "https://pbs.twimg.com/profile_images/1081567216909369349/ya_UtnVS_normal.jpg",
          "profile_sidebar_border_color": "C0DEED",
          "created_at": "Thu Nov 01 22:09:37 +0000 2018",
          "lang": null,
          "default_profile": true
        },
        "entities": {
          "urls": [
            {
              "indices": [
                117,
                140
              ],
              "expanded_url": "https://twitter.com/i/web/status/1220797153192353792",
              "display_url": "twitter.com/i/web/status/1…",
              "url": "https://t.co/1BFU5TjfxF"
            }
          ],
          "hashtags": [],
          "user_mentions": [],
          "symbols": []
        },
        "retweeted": false,
        "favorite_count": 179,
        "reply_count": 10,
        "geo": null,
        "text": "César Hildebrandt: \"Qué poco debemos querernos para votar por Keiko Fujimori\".\n\nEl 85% de la población estuvo de ac… https://t.co/1BFU5TjfxF",
        "place": null,
        "retweet_count": 100,
        "contributors": null,
        "coordinates": null,
        "in_reply_to_user_id_str": null,
        "quote_count": 2,
        "truncated": true,
        "possibly_sensitive": false,
        "is_quote_status": false,
        "extended_tweet": {
          "entities": {
            "urls": [
              {
                "indices": [
                  245,
                  268
                ],
                "expanded_url": "https://capital.pe/actualidad/cesar-hildebrandt-que-poco-debemos-querernos-para-votar-por-keiko-fujimori-noticia-966141",
                "display_url": "capital.pe/actualidad/ces…",
                "url": "https://t.co/BLT52eP5pv"
              }
            ],
            "hashtags": [],
            "user_mentions": [],
            "symbols": []
          },
          "display_text_range": [
            0,
            268
          ],
          "full_text": "César Hildebrandt: \"Qué poco debemos querernos para votar por Keiko Fujimori\".\n\nEl 85% de la población estuvo de acuerdo con la disolución del Congreso y ahora el electarado votará por los mismos que detesta...no se entiende ¿somos masoquistas?\nhttps://t.co/BLT52eP5pv"
        },
        "favorited": false,
        "created_at": "Fri Jan 24 19:54:57 +0000 2020",
        "in_reply_to_screen_name": null,
        "filter_level": "low",
        "source": "<a href=\"http://twitter.com/download/android\" rel=\"nofollow\">Twitter for Android</a>",
        "in_reply_to_status_id": null,
        "in_reply_to_user_id": null,
        "lang": "es"
      },
      "retweeted": false,
      "entities": {
        "urls": [],
        "hashtags": [],
        "user_mentions": [
          {
            "screen_name": "SegundoMendezA",
            "name": "Segundo Mendez",
            "id": 1058118893133316096,
            "id_str": "1058118893133316096",
            "indices": [
              3,
              18
            ]
          }
        ],
        "symbols": []
      },
      "favorite_count": 0,
      "reply_count": 0,
      "geo": null,
      "text": "RT @SegundoMendezA: César Hildebrandt: \"Qué poco debemos querernos para votar por Keiko Fujimori\".\n\nEl 85% de la población estuvo de acuerd…",
      "place": null,
      "retweet_count": 0,
      "contributors": null,
      "coordinates": null,
      "in_reply_to_user_id_str": null,
      "quote_count": 0,
      "truncated": false,
      "is_quote_status": false,
      "timestamp_ms": "1579907776247",
      "favorited": false,
      "created_at": "Fri Jan 24 23:16:16 +0000 2020",
      "in_reply_to_screen_name": null,
      "filter_level": "low",
      "source": "<a href=\"http://twitter.com/download/iphone\" rel=\"nofollow\">Twitter for iPhone</a>",
      "in_reply_to_status_id": null,
      "in_reply_to_user_id": null,
      "lang": "es"
    },
    {
      "in_reply_to_status_id_str": null,
      "id": 1220847877301379073,
      "id_str": "1220847877301379073",
      "user": {
        "screen_name": "greghv1980",
        "friends_count": 45,
        "id": 1156585004081852418,
        "follow_request_sent": null,
        "id_str": "1156585004081852418",
        "followers_count": 33,
        "profile_link_color": "1DA1F2",
        "profile_text_color": "333333",
        "following": null,
        "profile_banner_url": "https://pbs.twimg.com/profile_banners/1156585004081852418/1565280914",
        "geo_enabled": false,
        "profile_use_background_image": true,
        "location": null,
        "profile_sidebar_fill_color": "DDEEF6",
        "description": "people helping people",
        "statuses_count": 613,
        "favourites_count": 8555,
        "default_profile_image": false,
        "profile_background_image_url_https": "",
        "profile_image_url": "http://pbs.twimg.com/profile_images/1156585397985652736/sE6kRV93_normal.jpg",
        "name": "@greghv1980",
        "is_translator": false,
        "verified": false,
        "protected": false,
        "profile_background_tile": false,
        "listed_count": 0,
        "profile_background_color": "F5F8FA",
        "translator_type": "none",
        "profile_background_image_url": "",
        "time_zone": null,
        "url": null,
        "utc_offset": null,
        "notifications": null,
        "contributors_enabled": false,
        "profile_image_url_https": "https://pbs.twimg.com/profile_images/1156585397985652736/sE6kRV93_normal.jpg",
        "profile_sidebar_border_color": "C0DEED",
        "created_at": "Wed Jul 31 15:18:48 +0000 2019",
        "lang": null,
        "default_profile": true
      },
      "retweeted_status": {
        "in_reply_to_status_id_str": null,
        "id": 1220732643609927680,
        "id_str": "1220732643609927680",
        "user": {
          "screen_name": "JulioGarciaOrd1",
          "friends_count": 1556,
          "id": 851212923473199111,
          "follow_request_sent": null,
          "id_str": "851212923473199111",
          "followers_count": 1514,
          "profile_link_color": "1DA1F2",
          "profile_text_color": "333333",
          "following": null,
          "profile_banner_url": "https://pbs.twimg.com/profile_banners/851212923473199111/1493525400",
          "geo_enabled": true,
          "profile_use_background_image": true,
          "location": null,
          "profile_sidebar_fill_color": "DDEEF6",
          "description": "Mi tierra es el Cusco... Yo soy del Sur Rebelde con Causa!!!",
          "statuses_count": 12322,
          "favourites_count": 13822,
          "default_profile_image": false,
          "profile_background_image_url_https": "",
          "profile_image_url": "http://pbs.twimg.com/profile_images/996593768898973697/U7ZV3Xpf_normal.jpg",
          "name": "Julio Garcia Ordoñez",
          "is_translator": false,
          "verified": false,
          "protected": false,
          "profile_background_tile": false,
          "listed_count": 1,
          "profile_background_color": "F5F8FA",
          "translator_type": "none",
          "profile_background_image_url": "",
          "time_zone": null,
          "url": null,
          "utc_offset": null,
          "notifications": null,
          "contributors_enabled": false,
          "profile_image_url_https": "https://pbs.twimg.com/profile_images/996593768898973697/U7ZV3Xpf_normal.jpg",
          "profile_sidebar_border_color": "C0DEED",
          "created_at": "Sun Apr 09 23:19:10 +0000 2017",
          "lang": null,
          "default_profile": true
        },
        "entities": {
          "urls": [],
          "hashtags": [],
          "user_mentions": [],
          "media": [
            {
              "sizes": {
                "medium": {
                  "resize": "fit",
                  "h": 400,
                  "w": 480
                },
                "thumb": {
                  "resize": "crop",
                  "h": 150,
                  "w": 150
                },
                "small": {
                  "resize": "fit",
                  "h": 400,
                  "w": 480
                },
                "large": {
                  "resize": "fit",
                  "h": 400,
                  "w": 480
                }
              },
              "id": 1220732639583375360,
              "display_url": "pic.twitter.com/8w4sDB49Jd",
              "id_str": "1220732639583375360",
              "expanded_url": "https://twitter.com/JulioGarciaOrd1/status/1220732643609927680/photo/1",
              "type": "photo",
              "indices": [
                55,
                78
              ],
              "media_url_https": "https://pbs.twimg.com/media/EPDp3jQXkAAVNhA.jpg",
              "media_url": "http://pbs.twimg.com/media/EPDp3jQXkAAVNhA.jpg",
              "url": "https://t.co/8w4sDB49Jd"
            }
          ],
          "symbols": []
        },
        "retweeted": false,
        "favorite_count": 43,
        "reply_count": 7,
        "geo": null,
        "text": "Fiscal José Domingo Pérez: \"Keiko Fujimori va a fugar\" https://t.co/8w4sDB49Jd",
        "place": null,
        "extended_entities": {
          "media": [
            {
              "sizes": {
                "medium": {
                  "resize": "fit",
                  "h": 400,
                  "w": 480
                },
                "thumb": {
                  "resize": "crop",
                  "h": 150,
                  "w": 150
                },
                "small": {
                  "resize": "fit",
                  "h": 400,
                  "w": 480
                },
                "large": {
                  "resize": "fit",
                  "h": 400,
                  "w": 480
                }
              },
              "id": 1220732639583375360,
              "display_url": "pic.twitter.com/8w4sDB49Jd",
              "id_str": "1220732639583375360",
              "expanded_url": "https://twitter.com/JulioGarciaOrd1/status/1220732643609927680/photo/1",
              "type": "photo",
              "indices": [
                55,
                78
              ],
              "media_url_https": "https://pbs.twimg.com/media/EPDp3jQXkAAVNhA.jpg",
              "media_url": "http://pbs.twimg.com/media/EPDp3jQXkAAVNhA.jpg",
              "url": "https://t.co/8w4sDB49Jd"
            }
          ]
        },
        "retweet_count": 29,
        "contributors": null,
        "coordinates": null,
        "in_reply_to_user_id_str": null,
        "quote_count": 2,
        "truncated": false,
        "possibly_sensitive": false,
        "is_quote_status": false,
        "in_reply_to_user_id": null,
        "favorited": false,
        "created_at": "Fri Jan 24 15:38:37 +0000 2020",
        "in_reply_to_screen_name": null,
        "filter_level": "low",
        "source": "<a href=\"http://twitter.com/download/android\" rel=\"nofollow\">Twitter for Android</a>",
        "in_reply_to_status_id": null,
        "display_text_range": [
          0,
          54
        ],
        "lang": "es"
      },
      "retweeted": false,
      "entities": {
        "urls": [],
        "hashtags": [],
        "user_mentions": [
          {
            "screen_name": "JulioGarciaOrd1",
            "name": "Julio Garcia Ordoñez",
            "id": 851212923473199111,
            "id_str": "851212923473199111",
            "indices": [
              3,
              19
            ]
          }
        ],
        "media": [
          {
            "id": 1220732639583375360,
            "id_str": "1220732639583375360",
            "expanded_url": "https://twitter.com/JulioGarciaOrd1/status/1220732643609927680/photo/1",
            "type": "photo",
            "source_status_id_str": "1220732643609927680",
            "media_url_https": "https://pbs.twimg.com/media/EPDp3jQXkAAVNhA.jpg",
            "indices": [
              76,
              99
            ],
            "sizes": {
              "medium": {
                "resize": "fit",
                "h": 400,
                "w": 480
              },
              "thumb": {
                "resize": "crop",
                "h": 150,
                "w": 150
              },
              "small": {
                "resize": "fit",
                "h": 400,
                "w": 480
              },
              "large": {
                "resize": "fit",
                "h": 400,
                "w": 480
              }
            },
            "source_status_id": 1220732643609927680,
            "source_user_id_str": "851212923473199111",
            "url": "https://t.co/8w4sDB49Jd",
            "source_user_id": 851212923473199111,
            "display_url": "pic.twitter.com/8w4sDB49Jd",
            "media_url": "http://pbs.twimg.com/media/EPDp3jQXkAAVNhA.jpg"
          }
        ],
        "symbols": []
      },
      "favorite_count": 0,
      "reply_count": 0,
      "geo": null,
      "text": "RT @JulioGarciaOrd1: Fiscal José Domingo Pérez: \"Keiko Fujimori va a fugar\" https://t.co/8w4sDB49Jd",
      "place": null,
      "extended_entities": {
        "media": [
          {
            "id": 1220732639583375360,
            "id_str": "1220732639583375360",
            "expanded_url": "https://twitter.com/JulioGarciaOrd1/status/1220732643609927680/photo/1",
            "type": "photo",
            "source_status_id_str": "1220732643609927680",
            "media_url_https": "https://pbs.twimg.com/media/EPDp3jQXkAAVNhA.jpg",
            "indices": [
              76,
              99
            ],
            "sizes": {
              "medium": {
                "resize": "fit",
                "h": 400,
                "w": 480
              },
              "thumb": {
                "resize": "crop",
                "h": 150,
                "w": 150
              },
              "small": {
                "resize": "fit",
                "h": 400,
                "w": 480
              },
              "large": {
                "resize": "fit",
                "h": 400,
                "w": 480
              }
            },
            "source_status_id": 1220732643609927680,
            "source_user_id_str": "851212923473199111",
            "url": "https://t.co/8w4sDB49Jd",
            "source_user_id": 851212923473199111,
            "display_url": "pic.twitter.com/8w4sDB49Jd",
            "media_url": "http://pbs.twimg.com/media/EPDp3jQXkAAVNhA.jpg"
          }
        ]
      },
      "retweet_count": 0,
      "contributors": null,
      "coordinates": null,
      "in_reply_to_user_id_str": null,
      "quote_count": 0,
      "truncated": false,
      "possibly_sensitive": false,
      "is_quote_status": false,
      "timestamp_ms": "1579907790862",
      "favorited": false,
      "created_at": "Fri Jan 24 23:16:30 +0000 2020",
      "in_reply_to_screen_name": null,
      "filter_level": "low",
      "source": "<a href=\"http://twitter.com/download/android\" rel=\"nofollow\">Twitter for Android</a>",
      "in_reply_to_status_id": null,
      "in_reply_to_user_id": null,
      "lang": "es"
    },
    {
      "in_reply_to_status_id_str": null,
      "id": 1220847916446822402,
      "id_str": "1220847916446822402",
      "user": {
        "screen_name": "fredymirandal",
        "friends_count": 1279,
        "id": 798521592,
        "follow_request_sent": null,
        "id_str": "798521592",
        "followers_count": 1124,
        "profile_link_color": "1DA1F2",
        "profile_text_color": "333333",
        "following": null,
        "notifications": null,
        "geo_enabled": false,
        "profile_use_background_image": true,
        "location": null,
        "profile_sidebar_fill_color": "DDEEF6",
        "description": null,
        "statuses_count": 226040,
        "favourites_count": 220704,
        "default_profile_image": false,
        "profile_background_image_url_https": "https://abs.twimg.com/images/themes/theme1/bg.png",
        "profile_image_url": "http://pbs.twimg.com/profile_images/2569797720/qvl35s19rxnx1bbp91xl_normal.jpeg",
        "name": "fredy",
        "is_translator": false,
        "verified": false,
        "protected": false,
        "profile_background_tile": false,
        "listed_count": 1,
        "profile_background_color": "C0DEED",
        "translator_type": "none",
        "profile_background_image_url": "http://abs.twimg.com/images/themes/theme1/bg.png",
        "time_zone": null,
        "url": null,
        "utc_offset": null,
        "contributors_enabled": false,
        "profile_image_url_https": "https://pbs.twimg.com/profile_images/2569797720/qvl35s19rxnx1bbp91xl_normal.jpeg",
        "profile_sidebar_border_color": "C0DEED",
        "created_at": "Sun Sep 02 15:48:39 +0000 2012",
        "lang": null,
        "default_profile": true
      },
      "retweeted_status": {
        "in_reply_to_status_id_str": null,
        "id": 1220838163436003328,
        "id_str": "1220838163436003328",
        "user": {
          "screen_name": "jaxqhies1",
          "friends_count": 281,
          "id": 2895657938,
          "follow_request_sent": null,
          "id_str": "2895657938",
          "followers_count": 270,
          "profile_link_color": "1B95E0",
          "profile_text_color": "000000",
          "following": null,
          "profile_banner_url": "https://pbs.twimg.com/profile_banners/2895657938/1563865345",
          "geo_enabled": true,
          "profile_use_background_image": false,
          "location": "United States",
          "profile_sidebar_fill_color": "000000",
          "description": "Attorney/prosecutor studying to being a Judge in Kansas City University.",
          "statuses_count": 50112,
          "favourites_count": 58531,
          "default_profile_image": false,
          "profile_background_image_url_https": "https://abs.twimg.com/images/themes/theme1/bg.png",
          "profile_image_url": "http://pbs.twimg.com/profile_images/1182420943689388032/9Zb9IhgL_normal.jpg",
          "name": "Jacquelin",
          "is_translator": false,
          "verified": false,
          "protected": false,
          "profile_background_tile": false,
          "listed_count": 0,
          "profile_background_color": "000000",
          "translator_type": "none",
          "profile_background_image_url": "http://abs.twimg.com/images/themes/theme1/bg.png",
          "time_zone": null,
          "url": null,
          "utc_offset": null,
          "notifications": null,
          "contributors_enabled": false,
          "profile_image_url_https": "https://pbs.twimg.com/profile_images/1182420943689388032/9Zb9IhgL_normal.jpg",
          "profile_sidebar_border_color": "000000",
          "created_at": "Mon Nov 10 13:35:29 +0000 2014",
          "lang": null,
          "default_profile": false
        },
        "entities": {
          "urls": [
            {
              "indices": [
                116,
                139
              ],
              "expanded_url": "https://twitter.com/i/web/status/1220838163436003328",
              "display_url": "twitter.com/i/web/status/1…",
              "url": "https://t.co/xxUOMW1tgm"
            }
          ],
          "hashtags": [],
          "user_mentions": [],
          "symbols": []
        },
        "retweeted": false,
        "favorite_count": 6,
        "reply_count": 0,
        "geo": null,
        "text": "Donde esta la solidaridad de CONFIEP ??de los ex-Congresistas? Los empresarios como Gloria, ROMERO,Graña y Montero… https://t.co/xxUOMW1tgm",
        "place": null,
        "retweet_count": 3,
        "contributors": null,
        "coordinates": null,
        "in_reply_to_user_id_str": null,
        "quote_count": 0,
        "truncated": true,
        "is_quote_status": false,
        "extended_tweet": {
          "entities": {
            "urls": [],
            "hashtags": [],
            "user_mentions": [
              {
                "screen_name": "KeikoFujimori",
                "name": "Keiko Fujimori",
                "id": 53189543,
                "id_str": "53189543",
                "indices": [
                  168,
                  182
                ]
              }
            ],
            "symbols": []
          },
          "display_text_range": [
            0,
            279
          ],
          "full_text": "Donde esta la solidaridad de CONFIEP ??de los ex-Congresistas? Los empresarios como Gloria, ROMERO,Graña y Montero y demás empresas que aportaron millones a la vaga de @KeikoFujimori ella misma donde esta? Q no es solidaria?A estas alturas del partido todos estos son HIPÓCRITAS!"
        },
        "favorited": false,
        "created_at": "Fri Jan 24 22:37:54 +0000 2020",
        "in_reply_to_screen_name": null,
        "filter_level": "low",
        "source": "<a href=\"http://twitter.com/download/iphone\" rel=\"nofollow\">Twitter for iPhone</a>",
        "in_reply_to_status_id": null,
        "in_reply_to_user_id": null,
        "lang": "es"
      },
      "retweeted": false,
      "entities": {
        "urls": [],
        "hashtags": [],
        "user_mentions": [
          {
            "screen_name": "jaxqhies1",
            "name": "Jacquelin",
            "id": 2895657938,
            "id_str": "2895657938",
            "indices": [
              3,
              13
            ]
          }
        ],
        "symbols": []
      },
      "favorite_count": 0,
      "reply_count": 0,
      "geo": null,
      "text": "RT @jaxqhies1: Donde esta la solidaridad de CONFIEP ??de los ex-Congresistas? Los empresarios como Gloria, ROMERO,Graña y Montero y demás e…",
      "place": null,
      "retweet_count": 0,
      "contributors": null,
      "coordinates": null,
      "in_reply_to_user_id_str": null,
      "quote_count": 0,
      "truncated": false,
      "is_quote_status": false,
      "timestamp_ms": "1579907800195",
      "favorited": false,
      "created_at": "Fri Jan 24 23:16:40 +0000 2020",
      "in_reply_to_screen_name": null,
      "filter_level": "low",
      "source": "<a href=\"http://twitter.com/download/android\" rel=\"nofollow\">Twitter for Android</a>",
      "in_reply_to_status_id": null,
      "in_reply_to_user_id": null,
      "lang": "es"
    },
    {
      "in_reply_to_status_id_str": "1220739458993135621",
      "id": 1220847969668300800,
      "id_str": "1220847969668300800",
      "user": {
        "screen_name": "pride_xp",
        "friends_count": 33,
        "id": 1432127702,
        "follow_request_sent": null,
        "id_str": "1432127702",
        "followers_count": 21,
        "profile_link_color": "1DA1F2",
        "profile_text_color": "333333",
        "following": null,
        "notifications": null,
        "geo_enabled": false,
        "profile_use_background_image": true,
        "location": "Callao",
        "profile_sidebar_fill_color": "DDEEF6",
        "description": null,
        "statuses_count": 10105,
        "favourites_count": 3031,
        "default_profile_image": false,
        "profile_background_image_url_https": "https://abs.twimg.com/images/themes/theme1/bg.png",
        "profile_image_url": "http://abs.twimg.com/sticky/default_profile_images/default_profile_normal.png",
        "name": "Sued ",
        "is_translator": false,
        "verified": false,
        "protected": false,
        "profile_background_tile": false,
        "listed_count": 0,
        "profile_background_color": "C0DEED",
        "translator_type": "none",
        "profile_background_image_url": "http://abs.twimg.com/images/themes/theme1/bg.png",
        "time_zone": null,
        "url": null,
        "utc_offset": null,
        "contributors_enabled": false,
        "profile_image_url_https": "https://abs.twimg.com/sticky/default_profile_images/default_profile_normal.png",
        "profile_sidebar_border_color": "C0DEED",
        "created_at": "Thu May 16 04:14:41 +0000 2013",
        "lang": null,
        "default_profile": true
      },
      "entities": {
        "urls": [],
        "hashtags": [],
        "user_mentions": [
          {
            "screen_name": "deslengua_2",
            "name": "Deslengua2",
            "id": 2727806329,
            "id_str": "2727806329",
            "indices": [
              0,
              12
            ]
          }
        ],
        "symbols": []
      },
      "retweeted": false,
      "favorite_count": 0,
      "reply_count": 0,
      "geo": null,
      "text": "@deslengua_2 Menos esos empresarios que apoyaron a Keiko para evitar que el chavismo llegué al poder y el Perú sufra...",
      "place": null,
      "retweet_count": 0,
      "contributors": null,
      "coordinates": null,
      "in_reply_to_user_id_str": "2727806329",
      "quote_count": 0,
      "truncated": false,
      "is_quote_status": false,
      "timestamp_ms": "1579907812884",
      "in_reply_to_user_id": 2727806329,
      "favorited": false,
      "created_at": "Fri Jan 24 23:16:52 +0000 2020",
      "in_reply_to_screen_name": "deslengua_2",
      "filter_level": "low",
      "source": "<a href=\"https://mobile.twitter.com\" rel=\"nofollow\">Twitter Web App</a>",
      "in_reply_to_status_id": 1220739458993135621,
      "display_text_range": [
        13,
        119
      ],
      "lang": "es"
    },
    {
      "in_reply_to_status_id_str": "1220724079474479105",
      "id": 1220847996251918336,
      "id_str": "1220847996251918336",
      "timestamp_ms": "1579907819222",
      "user": {
        "screen_name": "jorgetorreses",
        "friends_count": 108,
        "id": 1470939254,
        "follow_request_sent": null,
        "id_str": "1470939254",
        "followers_count": 68,
        "profile_link_color": "BFE6CF",
        "profile_text_color": "333333",
        "following": null,
        "profile_banner_url": "https://pbs.twimg.com/profile_banners/1470939254/1403691558",
        "geo_enabled": false,
        "profile_use_background_image": true,
        "location": "Trujillo",
        "profile_sidebar_fill_color": "DDEEF6",
        "description": "Licenciado en Educación y Traductor e Intérprete - Inglés / Francés; Padre de familia; Interesado en opinar libremente",
        "statuses_count": 859,
        "favourites_count": 1225,
        "default_profile_image": false,
        "profile_background_image_url_https": "https://abs.twimg.com/images/themes/theme1/bg.png",
        "profile_image_url": "http://pbs.twimg.com/profile_images/860557711339114496/p0P4OOxw_normal.jpg",
        "name": "Jorge Torres Estrada",
        "is_translator": false,
        "verified": false,
        "protected": false,
        "profile_background_tile": false,
        "listed_count": 0,
        "profile_background_color": "C0DEED",
        "translator_type": "none",
        "profile_background_image_url": "http://abs.twimg.com/images/themes/theme1/bg.png",
        "time_zone": null,
        "url": null,
        "utc_offset": null,
        "notifications": null,
        "contributors_enabled": false,
        "profile_image_url_https": "https://pbs.twimg.com/profile_images/860557711339114496/p0P4OOxw_normal.jpg",
        "profile_sidebar_border_color": "C0DEED",
        "created_at": "Fri May 31 00:07:19 +0000 2013",
        "lang": null,
        "default_profile": false
      },
      "entities": {
        "urls": [
          {
            "indices": [
              116,
              139
            ],
            "expanded_url": "https://twitter.com/i/web/status/1220847996251918336",
            "display_url": "twitter.com/i/web/status/1…",
            "url": "https://t.co/VIuJFJyiCS"
          }
        ],
        "hashtags": [],
        "user_mentions": [
          {
            "screen_name": "Anarefue",
            "name": "Ana Refue",
            "id": 713377330564112388,
            "id_str": "713377330564112388",
            "indices": [
              0,
              9
            ]
          },
          {
            "screen_name": "julioarbizu",
            "name": "julioarbizu",
            "id": 66805708,
            "id_str": "66805708",
            "indices": [
              10,
              22
            ]
          }
        ],
        "symbols": []
      },
      "retweeted": false,
      "favorite_count": 0,
      "reply_count": 0,
      "geo": null,
      "text": "@Anarefue @julioarbizu Por decir su opinión es \"pésimo\"? Hay que ser más tolerantes con el pensar de los demás. El… https://t.co/VIuJFJyiCS",
      "place": null,
      "retweet_count": 0,
      "contributors": null,
      "coordinates": null,
      "in_reply_to_user_id_str": "713377330564112388",
      "quote_count": 0,
      "truncated": true,
      "is_quote_status": false,
      "extended_tweet": {
        "entities": {
          "urls": [],
          "hashtags": [],
          "user_mentions": [
            {
              "screen_name": "Anarefue",
              "name": "Ana Refue",
              "id": 713377330564112388,
              "id_str": "713377330564112388",
              "indices": [
                0,
                9
              ]
            },
            {
              "screen_name": "julioarbizu",
              "name": "julioarbizu",
              "id": 66805708,
              "id_str": "66805708",
              "indices": [
                10,
                22
              ]
            }
          ],
          "symbols": []
        },
        "display_text_range": [
          23,
          279
        ],
        "full_text": "@Anarefue @julioarbizu Por decir su opinión es \"pésimo\"? Hay que ser más tolerantes con el pensar de los demás. El gobierno actual de Venezuela nació de las urnas. ¿Cuando no me gusta quien ganó no lo reconozco? Es exactamente lo que hizo Keiko con PPK. NO LE TEMAMOS A LA VERDAD"
      },
      "in_reply_to_user_id": 713377330564112388,
      "favorited": false,
      "created_at": "Fri Jan 24 23:16:59 +0000 2020",
      "in_reply_to_screen_name": "Anarefue",
      "filter_level": "low",
      "source": "<a href=\"http://twitter.com/download/android\" rel=\"nofollow\">Twitter for Android</a>",
      "in_reply_to_status_id": 1220724079474479105,
      "display_text_range": [
        23,
        140
      ],
      "lang": "es"
    },
    {
      "in_reply_to_status_id_str": "1166851907392065537",
      "id": 1220848007995748352,
      "id_str": "1220848007995748352",
      "user": {
        "screen_name": "Amorcit33373838",
        "friends_count": 4,
        "id": 1153962113448235010,
        "follow_request_sent": null,
        "id_str": "1153962113448235010",
        "followers_count": 0,
        "profile_link_color": "1DA1F2",
        "profile_text_color": "333333",
        "following": null,
        "notifications": null,
        "geo_enabled": false,
        "profile_use_background_image": true,
        "location": null,
        "profile_sidebar_fill_color": "DDEEF6",
        "description": "mi Perú ermoso",
        "statuses_count": 1,
        "favourites_count": 0,
        "default_profile_image": false,
        "profile_background_image_url_https": "",
        "profile_image_url": "http://pbs.twimg.com/profile_images/1153962480445591553/kYYziw8X_normal.jpg",
        "name": "Amorcito",
        "is_translator": false,
        "verified": false,
        "protected": false,
        "profile_background_tile": false,
        "listed_count": 0,
        "profile_background_color": "F5F8FA",
        "translator_type": "none",
        "profile_background_image_url": "",
        "time_zone": null,
        "url": null,
        "utc_offset": null,
        "contributors_enabled": false,
        "profile_image_url_https": "https://pbs.twimg.com/profile_images/1153962480445591553/kYYziw8X_normal.jpg",
        "profile_sidebar_border_color": "C0DEED",
        "created_at": "Wed Jul 24 09:36:22 +0000 2019",
        "lang": null,
        "default_profile": true
      },
      "entities": {
        "urls": [],
        "hashtags": [],
        "user_mentions": [
          {
            "screen_name": "GiullianaLoza",
            "name": "Giulliana Loza",
            "id": 1003350317352804352,
            "id_str": "1003350317352804352",
            "indices": [
              0,
              14
            ]
          },
          {
            "screen_name": "KeikoFujimori",
            "name": "Keiko Fujimori",
            "id": 53189543,
            "id_str": "53189543",
            "indices": [
              15,
              29
            ]
          }
        ],
        "symbols": []
      },
      "retweeted": false,
      "favorite_count": 0,
      "reply_count": 0,
      "geo": null,
      "text": "@GiullianaLoza @KeikoFujimori si existe sino k lieres desfender la curruccion",
      "place": null,
      "retweet_count": 0,
      "contributors": null,
      "coordinates": null,
      "in_reply_to_user_id_str": "1003350317352804352",
      "quote_count": 0,
      "truncated": false,
      "is_quote_status": false,
      "timestamp_ms": "1579907822022",
      "in_reply_to_user_id": 1003350317352804352,
      "favorited": false,
      "created_at": "Fri Jan 24 23:17:02 +0000 2020",
      "in_reply_to_screen_name": "GiullianaLoza",
      "filter_level": "low",
      "source": "<a href=\"http://twitter.com/download/android\" rel=\"nofollow\">Twitter for Android</a>",
      "in_reply_to_status_id": 1166851907392065537,
      "display_text_range": [
        30,
        77
      ],
      "lang": "es"
    },
    {
      "in_reply_to_status_id_str": null,
      "id": 1220848051818041345,
      "id_str": "1220848051818041345",
      "user": {
        "screen_name": "aniavilllegas",
        "friends_count": 432,
        "id": 200580143,
        "follow_request_sent": null,
        "id_str": "200580143",
        "followers_count": 557,
        "profile_link_color": "1DA1F2",
        "profile_text_color": "333333",
        "following": null,
        "profile_banner_url": "https://pbs.twimg.com/profile_banners/200580143/1367459730",
        "geo_enabled": true,
        "profile_use_background_image": true,
        "location": "Lima - Peru",
        "profile_sidebar_fill_color": "DDEEF6",
        "description": "Producción de Contenidos Audiovisuales y Digitales.",
        "statuses_count": 53063,
        "favourites_count": 33555,
        "default_profile_image": false,
        "profile_background_image_url_https": "https://abs.twimg.com/images/themes/theme1/bg.png",
        "profile_image_url": "http://pbs.twimg.com/profile_images/1114402162623361024/R9jlsk1t_normal.png",
        "name": "Ania Villegas",
        "is_translator": false,
        "verified": false,
        "protected": false,
        "profile_background_tile": false,
        "listed_count": 11,
        "profile_background_color": "C0DEED",
        "translator_type": "none",
        "profile_background_image_url": "http://abs.twimg.com/images/themes/theme1/bg.png",
        "time_zone": null,
        "url": null,
        "utc_offset": null,
        "notifications": null,
        "contributors_enabled": false,
        "profile_image_url_https": "https://pbs.twimg.com/profile_images/1114402162623361024/R9jlsk1t_normal.png",
        "profile_sidebar_border_color": "C0DEED",
        "created_at": "Sat Oct 09 17:29:04 +0000 2010",
        "lang": null,
        "default_profile": true
      },
      "retweeted_status": {
        "in_reply_to_status_id_str": null,
        "id": 1220797153192353792,
        "id_str": "1220797153192353792",
        "user": {
          "screen_name": "SegundoMendezA",
          "friends_count": 2080,
          "id": 1058118893133316096,
          "follow_request_sent": null,
          "id_str": "1058118893133316096",
          "followers_count": 1668,
          "profile_link_color": "1DA1F2",
          "profile_text_color": "333333",
          "following": null,
          "profile_banner_url": "https://pbs.twimg.com/profile_banners/1058118893133316096/1557945272",
          "geo_enabled": false,
          "profile_use_background_image": true,
          "location": "Lima, Peru",
          "profile_sidebar_fill_color": "DDEEF6",
          "description": "Reformista y en contra de la cleptocracia. Nuestro país será grande cuando se logre que las generaciones sean bien educadas y formadas plenamente en valores.",
          "statuses_count": 11107,
          "favourites_count": 25971,
          "default_profile_image": false,
          "profile_background_image_url_https": "",
          "profile_image_url": "http://pbs.twimg.com/profile_images/1081567216909369349/ya_UtnVS_normal.jpg",
          "name": "Segundo Mendez",
          "is_translator": false,
          "verified": false,
          "protected": false,
          "profile_background_tile": false,
          "listed_count": 1,
          "profile_background_color": "F5F8FA",
          "translator_type": "none",
          "profile_background_image_url": "",
          "time_zone": null,
          "url": null,
          "utc_offset": null,
          "notifications": null,
          "contributors_enabled": false,
          "profile_image_url_https": "https://pbs.twimg.com/profile_images/1081567216909369349/ya_UtnVS_normal.jpg",
          "profile_sidebar_border_color": "C0DEED",
          "created_at": "Thu Nov 01 22:09:37 +0000 2018",
          "lang": null,
          "default_profile": true
        },
        "entities": {
          "urls": [
            {
              "indices": [
                117,
                140
              ],
              "expanded_url": "https://twitter.com/i/web/status/1220797153192353792",
              "display_url": "twitter.com/i/web/status/1…",
              "url": "https://t.co/1BFU5TjfxF"
            }
          ],
          "hashtags": [],
          "user_mentions": [],
          "symbols": []
        },
        "retweeted": false,
        "favorite_count": 181,
        "reply_count": 10,
        "geo": null,
        "text": "César Hildebrandt: \"Qué poco debemos querernos para votar por Keiko Fujimori\".\n\nEl 85% de la población estuvo de ac… https://t.co/1BFU5TjfxF",
        "place": null,
        "retweet_count": 101,
        "contributors": null,
        "coordinates": null,
        "in_reply_to_user_id_str": null,
        "quote_count": 2,
        "truncated": true,
        "possibly_sensitive": false,
        "is_quote_status": false,
        "extended_tweet": {
          "entities": {
            "urls": [
              {
                "indices": [
                  245,
                  268
                ],
                "expanded_url": "https://capital.pe/actualidad/cesar-hildebrandt-que-poco-debemos-querernos-para-votar-por-keiko-fujimori-noticia-966141",
                "display_url": "capital.pe/actualidad/ces…",
                "url": "https://t.co/BLT52eP5pv"
              }
            ],
            "hashtags": [],
            "user_mentions": [],
            "symbols": []
          },
          "display_text_range": [
            0,
            268
          ],
          "full_text": "César Hildebrandt: \"Qué poco debemos querernos para votar por Keiko Fujimori\".\n\nEl 85% de la población estuvo de acuerdo con la disolución del Congreso y ahora el electarado votará por los mismos que detesta...no se entiende ¿somos masoquistas?\nhttps://t.co/BLT52eP5pv"
        },
        "favorited": false,
        "created_at": "Fri Jan 24 19:54:57 +0000 2020",
        "in_reply_to_screen_name": null,
        "filter_level": "low",
        "source": "<a href=\"http://twitter.com/download/android\" rel=\"nofollow\">Twitter for Android</a>",
        "in_reply_to_status_id": null,
        "in_reply_to_user_id": null,
        "lang": "es"
      },
      "retweeted": false,
      "entities": {
        "urls": [],
        "hashtags": [],
        "user_mentions": [
          {
            "screen_name": "SegundoMendezA",
            "name": "Segundo Mendez",
            "id": 1058118893133316096,
            "id_str": "1058118893133316096",
            "indices": [
              3,
              18
            ]
          }
        ],
        "symbols": []
      },
      "favorite_count": 0,
      "reply_count": 0,
      "geo": null,
      "text": "RT @SegundoMendezA: César Hildebrandt: \"Qué poco debemos querernos para votar por Keiko Fujimori\".\n\nEl 85% de la población estuvo de acuerd…",
      "place": null,
      "retweet_count": 0,
      "contributors": null,
      "coordinates": null,
      "in_reply_to_user_id_str": null,
      "quote_count": 0,
      "truncated": false,
      "is_quote_status": false,
      "timestamp_ms": "1579907832470",
      "favorited": false,
      "created_at": "Fri Jan 24 23:17:12 +0000 2020",
      "in_reply_to_screen_name": null,
      "filter_level": "low",
      "source": "<a href=\"http://twitter.com/download/iphone\" rel=\"nofollow\">Twitter for iPhone</a>",
      "in_reply_to_status_id": null,
      "in_reply_to_user_id": null,
      "lang": "es"
    },
    {
      "in_reply_to_status_id_str": null,
      "id": 1220848054414213123,
      "lang": "es",
      "id_str": "1220848054414213123",
      "user": {
        "screen_name": "fredymirandal",
        "friends_count": 1279,
        "id": 798521592,
        "follow_request_sent": null,
        "id_str": "798521592",
        "followers_count": 1124,
        "profile_link_color": "1DA1F2",
        "profile_text_color": "333333",
        "following": null,
        "notifications": null,
        "geo_enabled": false,
        "profile_use_background_image": true,
        "location": null,
        "profile_sidebar_fill_color": "DDEEF6",
        "description": null,
        "statuses_count": 226041,
        "favourites_count": 220705,
        "default_profile_image": false,
        "profile_background_image_url_https": "https://abs.twimg.com/images/themes/theme1/bg.png",
        "profile_image_url": "http://pbs.twimg.com/profile_images/2569797720/qvl35s19rxnx1bbp91xl_normal.jpeg",
        "name": "fredy",
        "is_translator": false,
        "verified": false,
        "protected": false,
        "profile_background_tile": false,
        "listed_count": 1,
        "profile_background_color": "C0DEED",
        "translator_type": "none",
        "profile_background_image_url": "http://abs.twimg.com/images/themes/theme1/bg.png",
        "time_zone": null,
        "url": null,
        "utc_offset": null,
        "contributors_enabled": false,
        "profile_image_url_https": "https://pbs.twimg.com/profile_images/2569797720/qvl35s19rxnx1bbp91xl_normal.jpeg",
        "profile_sidebar_border_color": "C0DEED",
        "created_at": "Sun Sep 02 15:48:39 +0000 2012",
        "lang": null,
        "default_profile": true
      },
      "filter_level": "low",
      "quoted_status_id_str": "1220797153192353792",
      "retweeted": false,
      "retweeted_status": {
        "in_reply_to_status_id_str": null,
        "id": 1220839135948288005,
        "lang": "es",
        "id_str": "1220839135948288005",
        "user": {
          "screen_name": "TatianaAstengoB",
          "friends_count": 542,
          "id": 840548023,
          "follow_request_sent": null,
          "id_str": "840548023",
          "followers_count": 379926,
          "profile_link_color": "0084B4",
          "profile_text_color": "333333",
          "following": null,
          "profile_banner_url": "https://pbs.twimg.com/profile_banners/840548023/1351368885",
          "geo_enabled": true,
          "profile_use_background_image": true,
          "location": null,
          "profile_sidebar_fill_color": "DDEEF6",
          "description": "TWITTER OFICIAL de Tatiana Astengo. Actriz peruana de TEATRO, TV y CINE.",
          "statuses_count": 57638,
          "favourites_count": 94176,
          "default_profile_image": false,
          "profile_background_image_url_https": "https://abs.twimg.com/images/themes/theme1/bg.png",
          "profile_image_url": "http://pbs.twimg.com/profile_images/956541776097001472/M1LStoNB_normal.jpg",
          "name": "Tatiana Astengo",
          "is_translator": false,
          "verified": false,
          "protected": false,
          "profile_background_tile": false,
          "listed_count": 267,
          "profile_background_color": "C0DEED",
          "translator_type": "none",
          "profile_background_image_url": "http://abs.twimg.com/images/themes/theme1/bg.png",
          "time_zone": null,
          "url": "http://www.facebook.com/home.php#!/tatianaastengo?fref=ts",
          "utc_offset": null,
          "notifications": null,
          "contributors_enabled": false,
          "profile_image_url_https": "https://pbs.twimg.com/profile_images/956541776097001472/M1LStoNB_normal.jpg",
          "profile_sidebar_border_color": "FFFFFF",
          "created_at": "Sat Sep 22 22:24:04 +0000 2012",
          "lang": null,
          "default_profile": false
        },
        "quoted_status_id_str": "1220797153192353792",
        "retweeted": false,
        "entities": {
          "urls": [
            {
              "indices": [
                117,
                140
              ],
              "expanded_url": "https://twitter.com/i/web/status/1220839135948288005",
              "display_url": "twitter.com/i/web/status/1…",
              "url": "https://t.co/t2hbUzZT8E"
            }
          ],
          "hashtags": [],
          "user_mentions": [],
          "symbols": []
        },
        "truncated": true,
        "quoted_status_permalink": {
          "expanded": "https://twitter.com/segundomendeza/status/1220797153192353792",
          "display": "twitter.com/segundomendeza…",
          "url": "https://t.co/Qr8hUJ3BBs"
        },
        "reply_count": 12,
        "geo": null,
        "text": "ESO!!! Pero me rehuso a creer que mis compatriotas son suicidas para votar por corruptos que secuestraron el congre… https://t.co/t2hbUzZT8E",
        "place": null,
        "retweet_count": 52,
        "quoted_status": {
          "in_reply_to_status_id_str": null,
          "id": 1220797153192353792,
          "id_str": "1220797153192353792",
          "user": {
            "screen_name": "SegundoMendezA",
            "friends_count": 2080,
            "id": 1058118893133316096,
            "follow_request_sent": null,
            "id_str": "1058118893133316096",
            "followers_count": 1668,
            "profile_link_color": "1DA1F2",
            "profile_text_color": "333333",
            "following": null,
            "profile_banner_url": "https://pbs.twimg.com/profile_banners/1058118893133316096/1557945272",
            "geo_enabled": false,
            "profile_use_background_image": true,
            "location": "Lima, Peru",
            "profile_sidebar_fill_color": "DDEEF6",
            "description": "Reformista y en contra de la cleptocracia. Nuestro país será grande cuando se logre que las generaciones sean bien educadas y formadas plenamente en valores.",
            "statuses_count": 11107,
            "favourites_count": 25971,
            "default_profile_image": false,
            "profile_background_image_url_https": "",
            "profile_image_url": "http://pbs.twimg.com/profile_images/1081567216909369349/ya_UtnVS_normal.jpg",
            "name": "Segundo Mendez",
            "is_translator": false,
            "verified": false,
            "protected": false,
            "profile_background_tile": false,
            "listed_count": 1,
            "profile_background_color": "F5F8FA",
            "translator_type": "none",
            "profile_background_image_url": "",
            "time_zone": null,
            "url": null,
            "utc_offset": null,
            "notifications": null,
            "contributors_enabled": false,
            "profile_image_url_https": "https://pbs.twimg.com/profile_images/1081567216909369349/ya_UtnVS_normal.jpg",
            "profile_sidebar_border_color": "C0DEED",
            "created_at": "Thu Nov 01 22:09:37 +0000 2018",
            "lang": null,
            "default_profile": true
          },
          "entities": {
            "urls": [
              {
                "indices": [
                  117,
                  140
                ],
                "expanded_url": "https://twitter.com/i/web/status/1220797153192353792",
                "display_url": "twitter.com/i/web/status/1…",
                "url": "https://t.co/1BFU5TjfxF"
              }
            ],
            "hashtags": [],
            "user_mentions": [],
            "symbols": []
          },
          "retweeted": false,
          "favorite_count": 181,
          "reply_count": 10,
          "geo": null,
          "text": "César Hildebrandt: \"Qué poco debemos querernos para votar por Keiko Fujimori\".\n\nEl 85% de la población estuvo de ac… https://t.co/1BFU5TjfxF",
          "place": null,
          "retweet_count": 101,
          "contributors": null,
          "coordinates": null,
          "in_reply_to_user_id_str": null,
          "quote_count": 2,
          "truncated": true,
          "possibly_sensitive": false,
          "is_quote_status": false,
          "extended_tweet": {
            "entities": {
              "urls": [
                {
                  "indices": [
                    245,
                    268
                  ],
                  "expanded_url": "https://capital.pe/actualidad/cesar-hildebrandt-que-poco-debemos-querernos-para-votar-por-keiko-fujimori-noticia-966141",
                  "display_url": "capital.pe/actualidad/ces…",
                  "url": "https://t.co/BLT52eP5pv"
                }
              ],
              "hashtags": [],
              "user_mentions": [],
              "symbols": []
            },
            "display_text_range": [
              0,
              268
            ],
            "full_text": "César Hildebrandt: \"Qué poco debemos querernos para votar por Keiko Fujimori\".\n\nEl 85% de la población estuvo de acuerdo con la disolución del Congreso y ahora el electarado votará por los mismos que detesta...no se entiende ¿somos masoquistas?\nhttps://t.co/BLT52eP5pv"
          },
          "favorited": false,
          "created_at": "Fri Jan 24 19:54:57 +0000 2020",
          "in_reply_to_screen_name": null,
          "filter_level": "low",
          "source": "<a href=\"http://twitter.com/download/android\" rel=\"nofollow\">Twitter for Android</a>",
          "in_reply_to_status_id": null,
          "in_reply_to_user_id": null,
          "lang": "es"
        },
        "coordinates": null,
        "in_reply_to_user_id_str": null,
        "favorite_count": 127,
        "quote_count": 0,
        "quoted_status_id": 1220797153192353792,
        "is_quote_status": true,
        "extended_tweet": {
          "entities": {
            "urls": [],
            "hashtags": [
              {
                "indices": [
                  157,
                  174
                ],
                "text": "Fujimorinuncamas"
              },
              {
                "indices": [
                  176,
                  189
                ],
                "text": "Apranuncamas"
              },
              {
                "indices": [
                  191,
                  203
                ],
                "text": "Ppcnuncamas"
              },
              {
                "indices": [
                  205,
                  227
                ],
                "text": "Accionpopularnuncamas"
              }
            ],
            "user_mentions": [],
            "symbols": []
          },
          "display_text_range": [
            0,
            278
          ],
          "full_text": "ESO!!! Pero me rehuso a creer que mis compatriotas son suicidas para votar por corruptos que secuestraron el congreso . Este domingo terminamos con ellos ! \n#Fujimorinuncamas \n#Apranuncamas \n#Ppcnuncamas \n#Accionpopularnuncamas \nEllos estuvieron en contra de cerrar el congreso."
        },
        "favorited": false,
        "created_at": "Fri Jan 24 22:41:46 +0000 2020",
        "in_reply_to_screen_name": null,
        "filter_level": "low",
        "source": "<a href=\"http://twitter.com/download/iphone\" rel=\"nofollow\">Twitter for iPhone</a>",
        "in_reply_to_status_id": null,
        "in_reply_to_user_id": null,
        "contributors": null
      },
      "truncated": false,
      "quoted_status_permalink": {
        "expanded": "https://twitter.com/segundomendeza/status/1220797153192353792",
        "display": "twitter.com/segundomendeza…",
        "url": "https://t.co/Qr8hUJ3BBs"
      },
      "reply_count": 0,
      "geo": null,
      "text": "RT @TatianaAstengoB: ESO!!! Pero me rehuso a creer que mis compatriotas son suicidas para votar por corruptos que secuestraron el congreso…",
      "place": null,
      "retweet_count": 0,
      "quoted_status": {
        "in_reply_to_status_id_str": null,
        "id": 1220797153192353792,
        "id_str": "1220797153192353792",
        "user": {
          "screen_name": "SegundoMendezA",
          "friends_count": 2080,
          "id": 1058118893133316096,
          "follow_request_sent": null,
          "id_str": "1058118893133316096",
          "followers_count": 1668,
          "profile_link_color": "1DA1F2",
          "profile_text_color": "333333",
          "following": null,
          "profile_banner_url": "https://pbs.twimg.com/profile_banners/1058118893133316096/1557945272",
          "geo_enabled": false,
          "profile_use_background_image": true,
          "location": "Lima, Peru",
          "profile_sidebar_fill_color": "DDEEF6",
          "description": "Reformista y en contra de la cleptocracia. Nuestro país será grande cuando se logre que las generaciones sean bien educadas y formadas plenamente en valores.",
          "statuses_count": 11107,
          "favourites_count": 25971,
          "default_profile_image": false,
          "profile_background_image_url_https": "",
          "profile_image_url": "http://pbs.twimg.com/profile_images/1081567216909369349/ya_UtnVS_normal.jpg",
          "name": "Segundo Mendez",
          "is_translator": false,
          "verified": false,
          "protected": false,
          "profile_background_tile": false,
          "listed_count": 1,
          "profile_background_color": "F5F8FA",
          "translator_type": "none",
          "profile_background_image_url": "",
          "time_zone": null,
          "url": null,
          "utc_offset": null,
          "notifications": null,
          "contributors_enabled": false,
          "profile_image_url_https": "https://pbs.twimg.com/profile_images/1081567216909369349/ya_UtnVS_normal.jpg",
          "profile_sidebar_border_color": "C0DEED",
          "created_at": "Thu Nov 01 22:09:37 +0000 2018",
          "lang": null,
          "default_profile": true
        },
        "entities": {
          "urls": [
            {
              "indices": [
                117,
                140
              ],
              "expanded_url": "https://twitter.com/i/web/status/1220797153192353792",
              "display_url": "twitter.com/i/web/status/1…",
              "url": "https://t.co/1BFU5TjfxF"
            }
          ],
          "hashtags": [],
          "user_mentions": [],
          "symbols": []
        },
        "retweeted": false,
        "favorite_count": 181,
        "reply_count": 10,
        "geo": null,
        "text": "César Hildebrandt: \"Qué poco debemos querernos para votar por Keiko Fujimori\".\n\nEl 85% de la población estuvo de ac… https://t.co/1BFU5TjfxF",
        "place": null,
        "retweet_count": 101,
        "contributors": null,
        "coordinates": null,
        "in_reply_to_user_id_str": null,
        "quote_count": 2,
        "truncated": true,
        "possibly_sensitive": false,
        "is_quote_status": false,
        "extended_tweet": {
          "entities": {
            "urls": [
              {
                "indices": [
                  245,
                  268
                ],
                "expanded_url": "https://capital.pe/actualidad/cesar-hildebrandt-que-poco-debemos-querernos-para-votar-por-keiko-fujimori-noticia-966141",
                "display_url": "capital.pe/actualidad/ces…",
                "url": "https://t.co/BLT52eP5pv"
              }
            ],
            "hashtags": [],
            "user_mentions": [],
            "symbols": []
          },
          "display_text_range": [
            0,
            268
          ],
          "full_text": "César Hildebrandt: \"Qué poco debemos querernos para votar por Keiko Fujimori\".\n\nEl 85% de la población estuvo de acuerdo con la disolución del Congreso y ahora el electarado votará por los mismos que detesta...no se entiende ¿somos masoquistas?\nhttps://t.co/BLT52eP5pv"
        },
        "favorited": false,
        "created_at": "Fri Jan 24 19:54:57 +0000 2020",
        "in_reply_to_screen_name": null,
        "filter_level": "low",
        "source": "<a href=\"http://twitter.com/download/android\" rel=\"nofollow\">Twitter for Android</a>",
        "in_reply_to_status_id": null,
        "in_reply_to_user_id": null,
        "lang": "es"
      },
      "coordinates": null,
      "in_reply_to_user_id_str": null,
      "favorite_count": 0,
      "quote_count": 0,
      "quoted_status_id": 1220797153192353792,
      "is_quote_status": true,
      "timestamp_ms": "1579907833089",
      "favorited": false,
      "created_at": "Fri Jan 24 23:17:13 +0000 2020",
      "in_reply_to_screen_name": null,
      "entities": {
        "urls": [],
        "hashtags": [],
        "user_mentions": [
          {
            "screen_name": "TatianaAstengoB",
            "name": "Tatiana Astengo",
            "id": 840548023,
            "id_str": "840548023",
            "indices": [
              3,
              19
            ]
          }
        ],
        "symbols": []
      },
      "source": "<a href=\"http://twitter.com/download/android\" rel=\"nofollow\">Twitter for Android</a>",
      "in_reply_to_status_id": null,
      "in_reply_to_user_id": null,
      "contributors": null
    },
    {
      "in_reply_to_status_id_str": null,
      "id": 1220848067404075013,
      "id_str": "1220848067404075013",
      "user": {
        "screen_name": "chandia1967",
        "friends_count": 758,
        "id": 3051024067,
        "follow_request_sent": null,
        "id_str": "3051024067",
        "followers_count": 533,
        "profile_link_color": "1DA1F2",
        "profile_text_color": "333333",
        "following": null,
        "notifications": null,
        "geo_enabled": true,
        "profile_use_background_image": true,
        "location": null,
        "profile_sidebar_fill_color": "DDEEF6",
        "description": null,
        "statuses_count": 127368,
        "favourites_count": 40031,
        "default_profile_image": false,
        "profile_background_image_url_https": "https://abs.twimg.com/images/themes/theme1/bg.png",
        "profile_image_url": "http://abs.twimg.com/sticky/default_profile_images/default_profile_normal.png",
        "name": "joel elias chandia r",
        "is_translator": false,
        "verified": false,
        "protected": false,
        "profile_background_tile": false,
        "listed_count": 3,
        "profile_background_color": "C0DEED",
        "translator_type": "none",
        "profile_background_image_url": "http://abs.twimg.com/images/themes/theme1/bg.png",
        "time_zone": null,
        "url": null,
        "utc_offset": null,
        "contributors_enabled": false,
        "profile_image_url_https": "https://abs.twimg.com/sticky/default_profile_images/default_profile_normal.png",
        "profile_sidebar_border_color": "C0DEED",
        "created_at": "Sat Feb 28 20:23:42 +0000 2015",
        "lang": null,
        "default_profile": true
      },
      "retweeted_status": {
        "in_reply_to_status_id_str": null,
        "id": 1220841205887590409,
        "id_str": "1220841205887590409",
        "user": {
          "screen_name": "teleSURtv",
          "friends_count": 288,
          "id": 45013575,
          "follow_request_sent": null,
          "id_str": "45013575",
          "followers_count": 1808473,
          "profile_link_color": "91D2FA",
          "profile_text_color": "333333",
          "following": null,
          "profile_banner_url": "https://pbs.twimg.com/profile_banners/45013575/1578853497",
          "geo_enabled": true,
          "profile_use_background_image": true,
          "location": "Caracas",
          "profile_sidebar_fill_color": "F6F6F6",
          "description": "Con más de 40 corresponsales en el mundo, alzamos nuestra voz donde otros medios callan. teleSUR es la señal informativa de América Latina",
          "statuses_count": 1212599,
          "favourites_count": 930,
          "default_profile_image": false,
          "profile_background_image_url_https": "https://abs.twimg.com/images/themes/theme18/bg.gif",
          "profile_image_url": "http://pbs.twimg.com/profile_images/1214234559291641858/jvbPOTcs_normal.jpg",
          "name": "teleSUR TV",
          "is_translator": false,
          "verified": true,
          "protected": false,
          "profile_background_tile": false,
          "listed_count": 11891,
          "profile_background_color": "ACDED6",
          "translator_type": "none",
          "profile_background_image_url": "http://abs.twimg.com/images/themes/theme18/bg.gif",
          "time_zone": null,
          "url": "http://www.telesurtv.net",
          "utc_offset": null,
          "notifications": null,
          "contributors_enabled": false,
          "profile_image_url_https": "https://pbs.twimg.com/profile_images/1214234559291641858/jvbPOTcs_normal.jpg",
          "profile_sidebar_border_color": "FFFFFF",
          "created_at": "Fri Jun 05 22:21:49 +0000 2009",
          "lang": null,
          "default_profile": false
        },
        "entities": {
          "urls": [
            {
              "indices": [
                115,
                138
              ],
              "expanded_url": "https://twitter.com/i/web/status/1220841205887590409",
              "display_url": "twitter.com/i/web/status/1…",
              "url": "https://t.co/K6NxuC32lM"
            }
          ],
          "hashtags": [
            {
              "indices": [
                3,
                8
              ],
              "text": "Perú"
            }
          ],
          "user_mentions": [],
          "symbols": []
        },
        "retweeted": false,
        "favorite_count": 10,
        "reply_count": 0,
        "geo": null,
        "text": "En #Perú🇵🇪, se estarán realizando elecciones extraordinarias para elegir a los nuevos representantes del Congreso… https://t.co/K6NxuC32lM",
        "place": null,
        "retweet_count": 4,
        "contributors": null,
        "coordinates": null,
        "in_reply_to_user_id_str": null,
        "quote_count": 0,
        "truncated": true,
        "possibly_sensitive": false,
        "is_quote_status": false,
        "extended_tweet": {
          "extended_entities": {
            "media": [
              {
                "sizes": {
                  "medium": {
                    "resize": "fit",
                    "h": 512,
                    "w": 1024
                  },
                  "thumb": {
                    "resize": "crop",
                    "h": 150,
                    "w": 150
                  },
                  "small": {
                    "resize": "fit",
                    "h": 340,
                    "w": 680
                  },
                  "large": {
                    "resize": "fit",
                    "h": 512,
                    "w": 1024
                  }
                },
                "id": 1220706049835110400,
                "display_url": "pic.twitter.com/fsPploerIG",
                "id_str": "1220706049835110400",
                "expanded_url": "https://twitter.com/teleSURtv/status/1220841205887590409/photo/1",
                "type": "photo",
                "indices": [
                  281,
                  304
                ],
                "media_url_https": "https://pbs.twimg.com/media/EPDRr0uXkAAfGoj.jpg",
                "media_url": "http://pbs.twimg.com/media/EPDRr0uXkAAfGoj.jpg",
                "url": "https://t.co/fsPploerIG"
              }
            ]
          },
          "entities": {
            "urls": [
              {
                "indices": [
                  114,
                  137
                ],
                "expanded_url": "http://bit.ly/2GlmHKM",
                "display_url": "bit.ly/2GlmHKM",
                "url": "https://t.co/eoXhFXk4a1"
              }
            ],
            "hashtags": [
              {
                "indices": [
                  3,
                  8
                ],
                "text": "Perú"
              }
            ],
            "user_mentions": [],
            "media": [
              {
                "sizes": {
                  "medium": {
                    "resize": "fit",
                    "h": 512,
                    "w": 1024
                  },
                  "thumb": {
                    "resize": "crop",
                    "h": 150,
                    "w": 150
                  },
                  "small": {
                    "resize": "fit",
                    "h": 340,
                    "w": 680
                  },
                  "large": {
                    "resize": "fit",
                    "h": 512,
                    "w": 1024
                  }
                },
                "id": 1220706049835110400,
                "display_url": "pic.twitter.com/fsPploerIG",
                "id_str": "1220706049835110400",
                "expanded_url": "https://twitter.com/teleSURtv/status/1220841205887590409/photo/1",
                "type": "photo",
                "indices": [
                  281,
                  304
                ],
                "media_url_https": "https://pbs.twimg.com/media/EPDRr0uXkAAfGoj.jpg",
                "media_url": "http://pbs.twimg.com/media/EPDRr0uXkAAfGoj.jpg",
                "url": "https://t.co/fsPploerIG"
              }
            ],
            "symbols": []
          },
          "display_text_range": [
            0,
            280
          ],
          "full_text": "En #Perú🇵🇪, se estarán realizando elecciones extraordinarias para elegir a los nuevos representantes del Congreso https://t.co/eoXhFXk4a1\n\nEste país arrancó una crisis política en 2016, cuando el partido Fuerza Popular, liderado por Keiko Fujimori ganó las elecciones legislativas https://t.co/fsPploerIG"
        },
        "in_reply_to_user_id": null,
        "favorited": false,
        "created_at": "Fri Jan 24 22:50:00 +0000 2020",
        "in_reply_to_screen_name": null,
        "filter_level": "low",
        "source": "<a href=\"https://about.twitter.com/products/tweetdeck\" rel=\"nofollow\">TweetDeck</a>",
        "in_reply_to_status_id": null,
        "display_text_range": [
          0,
          140
        ],
        "lang": "es"
      },
      "retweeted": false,
      "entities": {
        "urls": [],
        "hashtags": [
          {
            "indices": [
              18,
              23
            ],
            "text": "Perú"
          }
        ],
        "user_mentions": [
          {
            "screen_name": "teleSURtv",
            "name": "teleSUR TV",
            "id": 45013575,
            "id_str": "45013575",
            "indices": [
              3,
              13
            ]
          }
        ],
        "symbols": []
      },
      "favorite_count": 0,
      "reply_count": 0,
      "geo": null,
      "text": "RT @teleSURtv: En #Perú🇵🇪, se estarán realizando elecciones extraordinarias para elegir a los nuevos representantes del Congreso https://t.…",
      "place": null,
      "retweet_count": 0,
      "contributors": null,
      "coordinates": null,
      "in_reply_to_user_id_str": null,
      "quote_count": 0,
      "truncated": false,
      "is_quote_status": false,
      "timestamp_ms": "1579907836186",
      "favorited": false,
      "created_at": "Fri Jan 24 23:17:16 +0000 2020",
      "in_reply_to_screen_name": null,
      "filter_level": "low",
      "source": "<a href=\"http://twitter.com/download/android\" rel=\"nofollow\">Twitter for Android</a>",
      "in_reply_to_status_id": null,
      "in_reply_to_user_id": null,
      "lang": "es"
    },
    {
      "in_reply_to_status_id_str": null,
      "id": 1220848075767472129,
      "id_str": "1220848075767472129",
      "user": {
        "screen_name": "julinhahu",
        "friends_count": 52,
        "id": 573189708,
        "follow_request_sent": null,
        "id_str": "573189708",
        "followers_count": 149,
        "profile_link_color": "1DA1F2",
        "profile_text_color": "333333",
        "following": null,
        "notifications": null,
        "geo_enabled": false,
        "profile_use_background_image": true,
        "location": null,
        "profile_sidebar_fill_color": "DDEEF6",
        "description": null,
        "statuses_count": 70552,
        "favourites_count": 27434,
        "default_profile_image": false,
        "profile_background_image_url_https": "https://abs.twimg.com/images/themes/theme1/bg.png",
        "profile_image_url": "http://abs.twimg.com/sticky/default_profile_images/default_profile_normal.png",
        "name": "julinha",
        "is_translator": false,
        "verified": false,
        "protected": false,
        "profile_background_tile": false,
        "listed_count": 0,
        "profile_background_color": "C0DEED",
        "translator_type": "none",
        "profile_background_image_url": "http://abs.twimg.com/images/themes/theme1/bg.png",
        "time_zone": null,
        "url": null,
        "utc_offset": null,
        "contributors_enabled": false,
        "profile_image_url_https": "https://abs.twimg.com/sticky/default_profile_images/default_profile_normal.png",
        "profile_sidebar_border_color": "C0DEED",
        "created_at": "Sun May 06 23:25:41 +0000 2012",
        "lang": null,
        "default_profile": true
      },
      "retweeted_status": {
        "in_reply_to_status_id_str": null,
        "id": 1220750539757096961,
        "id_str": "1220750539757096961",
        "user": {
          "screen_name": "PBODigital",
          "friends_count": 2729,
          "id": 2401702404,
          "follow_request_sent": null,
          "id_str": "2401702404",
          "followers_count": 421583,
          "profile_link_color": "1DA1F2",
          "profile_text_color": "333333",
          "following": null,
          "profile_banner_url": "https://pbs.twimg.com/profile_banners/2401702404/1557188169",
          "geo_enabled": true,
          "profile_use_background_image": true,
          "location": "PBO digital",
          "profile_sidebar_fill_color": "DDEEF6",
          "description": "🗞️Información y opinión🔎 #Noticias nacionales e internacionales\n\n➡️Conductores del programa, no necesariamente suscriben los tuits\n\n#PBOdigital #PBO #Perú",
          "statuses_count": 56384,
          "favourites_count": 3219,
          "default_profile_image": false,
          "profile_background_image_url_https": "https://abs.twimg.com/images/themes/theme1/bg.png",
          "profile_image_url": "http://pbs.twimg.com/profile_images/1124641454595424256/X0UrW8S2_normal.jpg",
          "name": "PBO Digital",
          "is_translator": false,
          "verified": false,
          "protected": false,
          "profile_background_tile": false,
          "listed_count": 585,
          "profile_background_color": "C0DEED",
          "translator_type": "none",
          "profile_background_image_url": "http://abs.twimg.com/images/themes/theme1/bg.png",
          "time_zone": null,
          "url": "http://www.pbodigital.com",
          "utc_offset": null,
          "notifications": null,
          "contributors_enabled": false,
          "profile_image_url_https": "https://pbs.twimg.com/profile_images/1124641454595424256/X0UrW8S2_normal.jpg",
          "profile_sidebar_border_color": "C0DEED",
          "created_at": "Fri Mar 21 15:05:53 +0000 2014",
          "lang": null,
          "default_profile": true
        },
        "entities": {
          "urls": [
            {
              "indices": [
                117,
                140
              ],
              "expanded_url": "https://twitter.com/i/web/status/1220750539757096961",
              "display_url": "twitter.com/i/web/status/1…",
              "url": "https://t.co/bJINAQ7MMO"
            }
          ],
          "hashtags": [
            {
              "indices": [
                89,
                103
              ],
              "text": "GiullianaLoza"
            }
          ],
          "user_mentions": [],
          "symbols": []
        },
        "retweeted": false,
        "favorite_count": 8,
        "reply_count": 4,
        "geo": null,
        "text": "Juez emitirá su fallo sobre el pedido de 18 meses de prisión preventiva el 28 de enero\n\n🔴#GiullianaLoza: “No existe… https://t.co/bJINAQ7MMO",
        "place": null,
        "retweet_count": 1,
        "contributors": null,
        "coordinates": null,
        "in_reply_to_user_id_str": null,
        "quote_count": 0,
        "truncated": true,
        "possibly_sensitive": false,
        "is_quote_status": false,
        "extended_tweet": {
          "extended_entities": {
            "media": [
              {
                "sizes": {
                  "medium": {
                    "resize": "fit",
                    "h": 630,
                    "w": 1200
                  },
                  "thumb": {
                    "resize": "crop",
                    "h": 150,
                    "w": 150
                  },
                  "small": {
                    "resize": "fit",
                    "h": 357,
                    "w": 680
                  },
                  "large": {
                    "resize": "fit",
                    "h": 630,
                    "w": 1200
                  }
                },
                "id": 1220750537936842753,
                "display_url": "pic.twitter.com/xGRukTAv9o",
                "id_str": "1220750537936842753",
                "expanded_url": "https://twitter.com/PBODigital/status/1220750539757096961/photo/1",
                "type": "photo",
                "indices": [
                  280,
                  303
                ],
                "media_url_https": "https://pbs.twimg.com/media/EPD6JX0XsAEUrZh.jpg",
                "media_url": "http://pbs.twimg.com/media/EPD6JX0XsAEUrZh.jpg",
                "url": "https://t.co/xGRukTAv9o"
              }
            ]
          },
          "entities": {
            "urls": [],
            "hashtags": [
              {
                "indices": [
                  89,
                  103
                ],
                "text": "GiullianaLoza"
              },
              {
                "indices": [
                  217,
                  223
                ],
                "text": "Keiko"
              },
              {
                "indices": [
                  226,
                  237
                ],
                "text": "PBODigital"
              },
              {
                "indices": [
                  239,
                  247
                ],
                "text": "Butters"
              },
              {
                "indices": [
                  248,
                  256
                ],
                "text": "Urgente"
              },
              {
                "indices": [
                  257,
                  263
                ],
                "text": "Keiko"
              },
              {
                "indices": [
                  264,
                  270
                ],
                "text": "Pérez"
              },
              {
                "indices": [
                  271,
                  279
                ],
                "text": "Alberto"
              }
            ],
            "user_mentions": [],
            "media": [
              {
                "sizes": {
                  "medium": {
                    "resize": "fit",
                    "h": 630,
                    "w": 1200
                  },
                  "thumb": {
                    "resize": "crop",
                    "h": 150,
                    "w": 150
                  },
                  "small": {
                    "resize": "fit",
                    "h": 357,
                    "w": 680
                  },
                  "large": {
                    "resize": "fit",
                    "h": 630,
                    "w": 1200
                  }
                },
                "id": 1220750537936842753,
                "display_url": "pic.twitter.com/xGRukTAv9o",
                "id_str": "1220750537936842753",
                "expanded_url": "https://twitter.com/PBODigital/status/1220750539757096961/photo/1",
                "type": "photo",
                "indices": [
                  280,
                  303
                ],
                "media_url_https": "https://pbs.twimg.com/media/EPD6JX0XsAEUrZh.jpg",
                "media_url": "http://pbs.twimg.com/media/EPD6JX0XsAEUrZh.jpg",
                "url": "https://t.co/xGRukTAv9o"
              }
            ],
            "symbols": []
          },
          "display_text_range": [
            0,
            279
          ],
          "full_text": "Juez emitirá su fallo sobre el pedido de 18 meses de prisión preventiva el 28 de enero\n\n🔴#GiullianaLoza: “No existe ningún nuevo elemento real que sustente una medida tan grave como la prisión preventiva en contra de #Keiko”\n\n#PBODigital \n#Butters #Urgente #Keiko #Pérez #Alberto https://t.co/xGRukTAv9o"
        },
        "in_reply_to_user_id": null,
        "favorited": false,
        "created_at": "Fri Jan 24 16:49:43 +0000 2020",
        "in_reply_to_screen_name": null,
        "filter_level": "low",
        "source": "<a href=\"https://buffer.com\" rel=\"nofollow\">Buffer</a>",
        "in_reply_to_status_id": null,
        "display_text_range": [
          0,
          140
        ],
        "lang": "es"
      },
      "retweeted": false,
      "entities": {
        "urls": [],
        "hashtags": [
          {
            "indices": [
              105,
              119
            ],
            "text": "GiullianaLoza"
          }
        ],
        "user_mentions": [
          {
            "screen_name": "PBODigital",
            "name": "PBO Digital",
            "id": 2401702404,
            "id_str": "2401702404",
            "indices": [
              3,
              14
            ]
          }
        ],
        "symbols": []
      },
      "favorite_count": 0,
      "reply_count": 0,
      "geo": null,
      "text": "RT @PBODigital: Juez emitirá su fallo sobre el pedido de 18 meses de prisión preventiva el 28 de enero\n\n🔴#GiullianaLoza: “No existe ningún…",
      "place": null,
      "retweet_count": 0,
      "contributors": null,
      "coordinates": null,
      "in_reply_to_user_id_str": null,
      "quote_count": 0,
      "truncated": false,
      "is_quote_status": false,
      "timestamp_ms": "1579907838180",
      "favorited": false,
      "created_at": "Fri Jan 24 23:17:18 +0000 2020",
      "in_reply_to_screen_name": null,
      "filter_level": "low",
      "source": "<a href=\"https://mobile.twitter.com\" rel=\"nofollow\">Twitter Web App</a>",
      "in_reply_to_status_id": null,
      "in_reply_to_user_id": null,
      "lang": "es"
    }
  ],
  "request_date": "2020-01-24-18:17:42"
}