{
  "request_date": "2020-01-07-22:36:50",
  "data": [
    {
      "truncated": true,
      "contributors": null,
      "user": {
        "verified": false,
        "profile_image_url": "http://pbs.twimg.com/profile_images/1202783116911431680/eJVr2FEA_normal.jpg",
        "follow_request_sent": null,
        "profile_use_background_image": true,
        "profile_link_color": "1DA1F2",
        "profile_background_tile": false,
        "profile_image_url_https": "https://pbs.twimg.com/profile_images/1202783116911431680/eJVr2FEA_normal.jpg",
        "profile_background_color": "F5F8FA",
        "utc_offset": null,
        "name": "Zayy 💜",
        "geo_enabled": false,
        "url": null,
        "profile_banner_url": "https://pbs.twimg.com/profile_banners/1163207715914731521/1570879815",
        "id": 1163207715914731521,
        "lang": null,
        "contributors_enabled": false,
        "followers_count": 0,
        "friends_count": 1,
        "profile_sidebar_border_color": "C0DEED",
        "following": null,
        "default_profile": true,
        "statuses_count": 508,
        "description": "IG / @celestiunal | KPOP stann | Fashion, Dance & Music 🎶 | New accountt",
        "screen_name": "celestiunal",
        "id_str": "1163207715914731521",
        "protected": false,
        "is_translator": false,
        "location": "France",
        "default_profile_image": false,
        "profile_background_image_url_https": "",
        "notifications": null,
        "profile_sidebar_fill_color": "DDEEF6",
        "profile_background_image_url": "",
        "favourites_count": 1761,
        "translator_type": "none",
        "created_at": "Sun Aug 18 21:56:18 +0000 2019",
        "time_zone": null,
        "listed_count": 0,
        "profile_text_color": "333333"
      },
      "favorited": false,
      "source": "<a href=\"http://twitter.com/download/iphone\" rel=\"nofollow\">Twitter for iPhone</a>",
      "retweet_count": 0,
      "text": "@shah_adarsha @mohammad_hich @RiosPhoenix @adnannyk @JoshDuenas24 @CuppleJohn @KBZeese @AbbyMartin I can’t believe… https://t.co/9EXmIpsdO7",
      "id": 1214752777085296641,
      "in_reply_to_user_id": 1163207715914731521,
      "lang": "en",
      "is_quote_status": false,
      "quote_count": 0,
      "geo": null,
      "entities": {
        "urls": [
          {
            "url": "https://t.co/9EXmIpsdO7",
            "display_url": "twitter.com/i/web/status/1…",
            "expanded_url": "https://twitter.com/i/web/status/1214752777085296641",
            "indices": [
              116,
              139
            ]
          }
        ],
        "user_mentions": [
          {
            "screen_name": "shah_adarsha",
            "id_str": "1092757011316592642",
            "name": "Adarsha Shah 🇳🇵",
            "indices": [
              0,
              13
            ],
            "id": 1092757011316592642
          },
          {
            "screen_name": "mohammad_hich",
            "id_str": "831258494942711809",
            "name": "مُــحَـــــــمَّدْ ✏",
            "indices": [
              14,
              28
            ],
            "id": 831258494942711809
          },
          {
            "screen_name": "RiosPhoenix",
            "id_str": "2830960303",
            "name": "Phoenix",
            "indices": [
              29,
              41
            ],
            "id": 2830960303
          },
          {
            "screen_name": "adnannyk",
            "id_str": "1168936776645447681",
            "name": "ADNAN🦂🦂🦂",
            "indices": [
              42,
              51
            ],
            "id": 1168936776645447681
          },
          {
            "screen_name": "JoshDuenas24",
            "id_str": "3027144918",
            "name": "Josh D",
            "indices": [
              52,
              65
            ],
            "id": 3027144918
          },
          {
            "screen_name": "CuppleJohn",
            "id_str": "2431761837",
            "name": "John Cupple",
            "indices": [
              66,
              77
            ],
            "id": 2431761837
          },
          {
            "screen_name": "KBZeese",
            "id_str": "220727844",
            "name": "Kevin Zeese",
            "indices": [
              78,
              86
            ],
            "id": 220727844
          },
          {
            "screen_name": "AbbyMartin",
            "id_str": "24258355",
            "name": "Abby Martin",
            "indices": [
              87,
              98
            ],
            "id": 24258355
          }
        ],
        "symbols": [],
        "hashtags": []
      },
      "in_reply_to_screen_name": "celestiunal",
      "extended_tweet": {
        "entities": {
          "urls": [],
          "user_mentions": [
            {
              "screen_name": "shah_adarsha",
              "id_str": "1092757011316592642",
              "name": "Adarsha Shah 🇳🇵",
              "indices": [
                0,
                13
              ],
              "id": 1092757011316592642
            },
            {
              "screen_name": "mohammad_hich",
              "id_str": "831258494942711809",
              "name": "مُــحَـــــــمَّدْ ✏",
              "indices": [
                14,
                28
              ],
              "id": 831258494942711809
            },
            {
              "screen_name": "RiosPhoenix",
              "id_str": "2830960303",
              "name": "Phoenix",
              "indices": [
                29,
                41
              ],
              "id": 2830960303
            },
            {
              "screen_name": "adnannyk",
              "id_str": "1168936776645447681",
              "name": "ADNAN🦂🦂🦂",
              "indices": [
                42,
                51
              ],
              "id": 1168936776645447681
            },
            {
              "screen_name": "JoshDuenas24",
              "id_str": "3027144918",
              "name": "Josh D",
              "indices": [
                52,
                65
              ],
              "id": 3027144918
            },
            {
              "screen_name": "CuppleJohn",
              "id_str": "2431761837",
              "name": "John Cupple",
              "indices": [
                66,
                77
              ],
              "id": 2431761837
            },
            {
              "screen_name": "KBZeese",
              "id_str": "220727844",
              "name": "Kevin Zeese",
              "indices": [
                78,
                86
              ],
              "id": 220727844
            },
            {
              "screen_name": "AbbyMartin",
              "id_str": "24258355",
              "name": "Abby Martin",
              "indices": [
                87,
                98
              ],
              "id": 24258355
            }
          ],
          "symbols": [],
          "hashtags": []
        },
        "full_text": "@shah_adarsha @mohammad_hich @RiosPhoenix @adnannyk @JoshDuenas24 @CuppleJohn @KBZeese @AbbyMartin I can’t believe some of y’all think you can just go ahead and assassinate a military general and EXPECT THE FUCKING COUNTRY TO BE CALM?! AND TAKE NO REVENGE? USA is the No.1 country of terrorism, invaded +200 countries, destroyed countries through UNJUSTIFIED WARS, created isis",
        "display_text_range": [
          99,
          377
        ]
      },
      "in_reply_to_user_id_str": "1163207715914731521",
      "id_str": "1214752777085296641",
      "in_reply_to_status_id": 1214752228646494208,
      "timestamp_ms": "1578454605729",
      "coordinates": null,
      "display_text_range": [
        99,
        140
      ],
      "filter_level": "low",
      "reply_count": 0,
      "favorite_count": 0,
      "place": null,
      "in_reply_to_status_id_str": "1214752228646494208",
      "created_at": "Wed Jan 08 03:36:45 +0000 2020",
      "retweeted": false
    },
    {
      "truncated": false,
      "contributors": null,
      "quoted_status_permalink": {
        "expanded": "https://twitter.com/Imamofpeace/status/1214728232785723392",
        "url": "https://t.co/1PNwvySzuK",
        "display": "twitter.com/Imamofpeace/st…"
      },
      "favorited": false,
      "source": "<a href=\"http://twitter.com/#!/download/ipad\" rel=\"nofollow\">Twitter for iPad</a>",
      "retweet_count": 0,
      "text": "RT @DogWalkingDame: This is why I questioned earlier why Iraq would allow Iran to lob missiles into its airspace? Did Iraq give Iran permis…",
      "id": 1214752776951087104,
      "in_reply_to_user_id": null,
      "lang": "en",
      "retweeted_status": {
        "truncated": true,
        "contributors": null,
        "quoted_status_permalink": {
          "expanded": "https://twitter.com/Imamofpeace/status/1214728232785723392",
          "url": "https://t.co/1PNwvySzuK",
          "display": "twitter.com/Imamofpeace/st…"
        },
        "favorited": false,
        "source": "<a href=\"https://mobile.twitter.com\" rel=\"nofollow\">Twitter Web App</a>",
        "retweet_count": 1,
        "text": "This is why I questioned earlier why Iraq would allow Iran to lob missiles into its airspace? Did Iraq give Iran pe… https://t.co/HNckNcC9Ag",
        "id": 1214751538066817026,
        "in_reply_to_user_id": null,
        "lang": "en",
        "is_quote_status": true,
        "quote_count": 0,
        "in_reply_to_status_id_str": null,
        "entities": {
          "urls": [
            {
              "url": "https://t.co/HNckNcC9Ag",
              "display_url": "twitter.com/i/web/status/1…",
              "expanded_url": "https://twitter.com/i/web/status/1214751538066817026",
              "indices": [
                117,
                140
              ]
            }
          ],
          "user_mentions": [],
          "symbols": [],
          "hashtags": []
        },
        "in_reply_to_screen_name": null,
        "extended_tweet": {
          "entities": {
            "urls": [],
            "user_mentions": [],
            "symbols": [],
            "hashtags": []
          },
          "full_text": "This is why I questioned earlier why Iraq would allow Iran to lob missiles into its airspace? Did Iraq give Iran permission to do this? We need to know the answer to that question.",
          "display_text_range": [
            0,
            180
          ]
        },
        "in_reply_to_user_id_str": null,
        "id_str": "1214751538066817026",
        "in_reply_to_status_id": null,
        "quoted_status_id": 1214728232785723392,
        "coordinates": null,
        "geo": null,
        "filter_level": "low",
        "quoted_status": {
          "reply_count": 73,
          "contributors": null,
          "user": {
            "verified": true,
            "profile_image_url": "http://pbs.twimg.com/profile_images/1213980148455751681/szR6gAyg_normal.jpg",
            "follow_request_sent": null,
            "profile_use_background_image": true,
            "profile_link_color": "1B95E0",
            "profile_background_tile": true,
            "profile_image_url_https": "https://pbs.twimg.com/profile_images/1213980148455751681/szR6gAyg_normal.jpg",
            "profile_background_color": "FFFFFF",
            "utc_offset": null,
            "name": "Imam of Peace / Pray for Peace...",
            "geo_enabled": true,
            "url": "http://imamtawhidi.com",
            "profile_banner_url": "https://pbs.twimg.com/profile_banners/1583865109/1577909586",
            "id": 1583865109,
            "lang": null,
            "contributors_enabled": false,
            "followers_count": 646064,
            "friends_count": 44606,
            "profile_sidebar_border_color": "FFFFFF",
            "following": null,
            "default_profile": false,
            "statuses_count": 5631,
            "description": "Imam Tawhidi. Peace Advocate, Imam, Ordained Scholar, National Bestselling Author. ISIS kidnapped and burned my uncle alive, the fight won’t stop.",
            "screen_name": "Imamofpeace",
            "id_str": "1583865109",
            "protected": false,
            "is_translator": false,
            "location": "USA | CA | AUS",
            "default_profile_image": false,
            "profile_background_image_url_https": "https://abs.twimg.com/images/themes/theme14/bg.gif",
            "notifications": null,
            "profile_sidebar_fill_color": "DDEEF6",
            "profile_background_image_url": "http://abs.twimg.com/images/themes/theme14/bg.gif",
            "favourites_count": 13578,
            "translator_type": "regular",
            "created_at": "Wed Jul 10 19:25:28 +0000 2013",
            "time_zone": null,
            "listed_count": 2194,
            "profile_text_color": "333333"
          },
          "favorited": false,
          "source": "<a href=\"http://twitter.com/download/iphone\" rel=\"nofollow\">Twitter for iPhone</a>",
          "retweet_count": 963,
          "text": "As usual, Iran is inside Iraq to kill Iraqis. This is why Iraqis don’t want US Forces to leave!",
          "id": 1214728232785723392,
          "in_reply_to_user_id": null,
          "lang": "en",
          "is_quote_status": true,
          "quote_count": 24,
          "in_reply_to_status_id_str": null,
          "entities": {
            "urls": [],
            "user_mentions": [],
            "symbols": [],
            "hashtags": []
          },
          "in_reply_to_screen_name": null,
          "in_reply_to_user_id_str": null,
          "id_str": "1214728232785723392",
          "in_reply_to_status_id": null,
          "quoted_status_id": 1214727917625700353,
          "coordinates": null,
          "geo": null,
          "filter_level": "low",
          "truncated": false,
          "favorite_count": 2223,
          "place": null,
          "quoted_status_id_str": "1214727917625700353",
          "created_at": "Wed Jan 08 01:59:13 +0000 2020",
          "retweeted": false
        },
        "favorite_count": 4,
        "place": null,
        "quoted_status_id_str": "1214728232785723392",
        "created_at": "Wed Jan 08 03:31:50 +0000 2020",
        "retweeted": false,
        "user": {
          "verified": false,
          "profile_image_url": "http://pbs.twimg.com/profile_images/1137849825615945733/a2tsQX2U_normal.png",
          "follow_request_sent": null,
          "profile_use_background_image": false,
          "profile_link_color": "7FDBB6",
          "profile_background_tile": false,
          "profile_image_url_https": "https://pbs.twimg.com/profile_images/1137849825615945733/a2tsQX2U_normal.png",
          "profile_background_color": "000000",
          "utc_offset": null,
          "name": "AmericanMadeGirly",
          "geo_enabled": true,
          "url": null,
          "profile_banner_url": "https://pbs.twimg.com/profile_banners/3180907045/1551656351",
          "id": 3180907045,
          "lang": null,
          "contributors_enabled": false,
          "followers_count": 3102,
          "friends_count": 2858,
          "profile_sidebar_border_color": "000000",
          "following": null,
          "default_profile": false,
          "statuses_count": 37357,
          "description": "GenX, hiker, 2A, political affil-The Constitution, introvert, horror fan, volunteer helping veterans & ex-felons, awesome pet sitter & piano teacher",
          "screen_name": "DogWalkingDame",
          "id_str": "3180907045",
          "protected": false,
          "is_translator": false,
          "location": "United States",
          "default_profile_image": false,
          "profile_background_image_url_https": "https://abs.twimg.com/images/themes/theme1/bg.png",
          "notifications": null,
          "profile_sidebar_fill_color": "000000",
          "profile_background_image_url": "http://abs.twimg.com/images/themes/theme1/bg.png",
          "favourites_count": 41738,
          "translator_type": "none",
          "created_at": "Thu Apr 30 17:32:26 +0000 2015",
          "time_zone": null,
          "listed_count": 14,
          "profile_text_color": "000000"
        },
        "reply_count": 0
      },
      "quote_count": 0,
      "is_quote_status": true,
      "in_reply_to_status_id_str": null,
      "entities": {
        "urls": [],
        "user_mentions": [
          {
            "screen_name": "DogWalkingDame",
            "id_str": "3180907045",
            "name": "AmericanMadeGirly",
            "indices": [
              3,
              18
            ],
            "id": 3180907045
          }
        ],
        "symbols": [],
        "hashtags": []
      },
      "in_reply_to_screen_name": null,
      "in_reply_to_user_id_str": null,
      "id_str": "1214752776951087104",
      "in_reply_to_status_id": null,
      "quoted_status_id": 1214728232785723392,
      "timestamp_ms": "1578454605697",
      "coordinates": null,
      "geo": null,
      "filter_level": "low",
      "quoted_status": {
        "reply_count": 73,
        "contributors": null,
        "user": {
          "verified": true,
          "profile_image_url": "http://pbs.twimg.com/profile_images/1213980148455751681/szR6gAyg_normal.jpg",
          "follow_request_sent": null,
          "profile_use_background_image": true,
          "profile_link_color": "1B95E0",
          "profile_background_tile": true,
          "profile_image_url_https": "https://pbs.twimg.com/profile_images/1213980148455751681/szR6gAyg_normal.jpg",
          "profile_background_color": "FFFFFF",
          "utc_offset": null,
          "name": "Imam of Peace / Pray for Peace...",
          "geo_enabled": true,
          "url": "http://imamtawhidi.com",
          "profile_banner_url": "https://pbs.twimg.com/profile_banners/1583865109/1577909586",
          "id": 1583865109,
          "lang": null,
          "contributors_enabled": false,
          "followers_count": 646064,
          "friends_count": 44606,
          "profile_sidebar_border_color": "FFFFFF",
          "following": null,
          "default_profile": false,
          "statuses_count": 5631,
          "description": "Imam Tawhidi. Peace Advocate, Imam, Ordained Scholar, National Bestselling Author. ISIS kidnapped and burned my uncle alive, the fight won’t stop.",
          "screen_name": "Imamofpeace",
          "id_str": "1583865109",
          "protected": false,
          "is_translator": false,
          "location": "USA | CA | AUS",
          "default_profile_image": false,
          "profile_background_image_url_https": "https://abs.twimg.com/images/themes/theme14/bg.gif",
          "notifications": null,
          "profile_sidebar_fill_color": "DDEEF6",
          "profile_background_image_url": "http://abs.twimg.com/images/themes/theme14/bg.gif",
          "favourites_count": 13578,
          "translator_type": "regular",
          "created_at": "Wed Jul 10 19:25:28 +0000 2013",
          "time_zone": null,
          "listed_count": 2194,
          "profile_text_color": "333333"
        },
        "favorited": false,
        "source": "<a href=\"http://twitter.com/download/iphone\" rel=\"nofollow\">Twitter for iPhone</a>",
        "retweet_count": 963,
        "text": "As usual, Iran is inside Iraq to kill Iraqis. This is why Iraqis don’t want US Forces to leave!",
        "id": 1214728232785723392,
        "in_reply_to_user_id": null,
        "lang": "en",
        "is_quote_status": true,
        "quote_count": 24,
        "in_reply_to_status_id_str": null,
        "entities": {
          "urls": [],
          "user_mentions": [],
          "symbols": [],
          "hashtags": []
        },
        "in_reply_to_screen_name": null,
        "in_reply_to_user_id_str": null,
        "id_str": "1214728232785723392",
        "in_reply_to_status_id": null,
        "quoted_status_id": 1214727917625700353,
        "coordinates": null,
        "geo": null,
        "filter_level": "low",
        "truncated": false,
        "favorite_count": 2223,
        "place": null,
        "quoted_status_id_str": "1214727917625700353",
        "created_at": "Wed Jan 08 01:59:13 +0000 2020",
        "retweeted": false
      },
      "favorite_count": 0,
      "place": null,
      "quoted_status_id_str": "1214728232785723392",
      "created_at": "Wed Jan 08 03:36:45 +0000 2020",
      "retweeted": false,
      "user": {
        "verified": false,
        "profile_image_url": "http://pbs.twimg.com/profile_images/1181379254845628418/xuHMaLBw_normal.jpg",
        "follow_request_sent": null,
        "profile_use_background_image": true,
        "profile_link_color": "1DA1F2",
        "profile_background_tile": false,
        "profile_image_url_https": "https://pbs.twimg.com/profile_images/1181379254845628418/xuHMaLBw_normal.jpg",
        "profile_background_color": "F5F8FA",
        "utc_offset": null,
        "name": "Win Harbison",
        "geo_enabled": false,
        "url": null,
        "profile_banner_url": "https://pbs.twimg.com/profile_banners/711355769556316160/1570497746",
        "id": 711355769556316160,
        "lang": null,
        "contributors_enabled": false,
        "followers_count": 3715,
        "friends_count": 4901,
        "profile_sidebar_border_color": "C0DEED",
        "following": null,
        "default_profile": true,
        "statuses_count": 38033,
        "description": "CPA, semi- retired, observer of life in general. Former Finance Director/CFO of nonprofit org operating homeless shelter 10 yrs.",
        "screen_name": "fredworld682",
        "id_str": "711355769556316160",
        "protected": false,
        "is_translator": false,
        "location": "Austin, TX",
        "default_profile_image": false,
        "profile_background_image_url_https": "",
        "notifications": null,
        "profile_sidebar_fill_color": "DDEEF6",
        "profile_background_image_url": "",
        "favourites_count": 96729,
        "translator_type": "none",
        "created_at": "Sun Mar 20 00:56:46 +0000 2016",
        "time_zone": null,
        "listed_count": 5,
        "profile_text_color": "333333"
      },
      "reply_count": 0
    },
    {
      "reply_count": 0,
      "contributors": null,
      "user": {
        "verified": false,
        "profile_image_url": "http://pbs.twimg.com/profile_images/1162295132567363584/m57qWfKT_normal.jpg",
        "follow_request_sent": null,
        "profile_use_background_image": true,
        "profile_link_color": "0099B9",
        "profile_background_tile": true,
        "profile_image_url_https": "https://pbs.twimg.com/profile_images/1162295132567363584/m57qWfKT_normal.jpg",
        "profile_background_color": "0099B9",
        "utc_offset": null,
        "name": "MSKN",
        "geo_enabled": true,
        "url": "http://www.shaukatkhanum.org.pk",
        "profile_banner_url": "https://pbs.twimg.com/profile_banners/263060418/1482526178",
        "id": 263060418,
        "lang": null,
        "contributors_enabled": false,
        "followers_count": 3241,
        "friends_count": 3470,
        "profile_sidebar_border_color": "5ED4DC",
        "following": null,
        "default_profile": false,
        "statuses_count": 32723,
        "description": "Patriotic, Live, Laugh, Love. Surrounded with haters. I feel unequality every where and humanity is dying. own views. Against #racism",
        "screen_name": "lionheartMSKN",
        "id_str": "263060418",
        "protected": false,
        "is_translator": false,
        "location": "instagram/niazifun12 ",
        "default_profile_image": false,
        "profile_background_image_url_https": "https://abs.twimg.com/images/themes/theme4/bg.gif",
        "notifications": null,
        "profile_sidebar_fill_color": "95E8EC",
        "profile_background_image_url": "http://abs.twimg.com/images/themes/theme4/bg.gif",
        "favourites_count": 9144,
        "translator_type": "none",
        "created_at": "Wed Mar 09 08:51:43 +0000 2011",
        "time_zone": null,
        "listed_count": 18,
        "profile_text_color": "3C3940"
      },
      "favorited": false,
      "source": "<a href=\"http://twitter.com/download/android\" rel=\"nofollow\">Twitter for Android</a>",
      "retweet_count": 0,
      "text": "What trump #US did with #Iran 1:economic sanctions based on lies\n2: broke a nuclear deal\n3:sale barier of oil\n4: Ge… https://t.co/lu6VICdxGX",
      "id": 1214752777127256064,
      "in_reply_to_user_id": null,
      "lang": "en",
      "is_quote_status": false,
      "quote_count": 0,
      "geo": null,
      "entities": {
        "urls": [
          {
            "url": "https://t.co/lu6VICdxGX",
            "display_url": "twitter.com/i/web/status/1…",
            "expanded_url": "https://twitter.com/i/web/status/1214752777127256064",
            "indices": [
              117,
              140
            ]
          }
        ],
        "user_mentions": [],
        "symbols": [],
        "hashtags": [
          {
            "indices": [
              11,
              14
            ],
            "text": "US"
          },
          {
            "indices": [
              24,
              29
            ],
            "text": "Iran"
          }
        ]
      },
      "in_reply_to_screen_name": null,
      "extended_tweet": {
        "entities": {
          "urls": [],
          "user_mentions": [
            {
              "screen_name": "realDonaldTrump",
              "id_str": "25073877",
              "name": "Donald J. Trump",
              "indices": [
                131,
                147
              ],
              "id": 25073877
            }
          ],
          "symbols": [],
          "hashtags": [
            {
              "indices": [
                11,
                14
              ],
              "text": "US"
            },
            {
              "indices": [
                24,
                29
              ],
              "text": "Iran"
            }
          ]
        },
        "full_text": "What trump #US did with #Iran 1:economic sanctions based on lies\n2: broke a nuclear deal\n3:sale barier of oil\n4: Gen assassination\n@realDonaldTrump  at least absorb the irani retaliation. Stop playing with peace in region",
        "display_text_range": [
          0,
          221
        ]
      },
      "in_reply_to_user_id_str": null,
      "id_str": "1214752777127256064",
      "in_reply_to_status_id": null,
      "timestamp_ms": "1578454605739",
      "coordinates": null,
      "retweeted": false,
      "filter_level": "low",
      "truncated": true,
      "favorite_count": 0,
      "place": null,
      "in_reply_to_status_id_str": null,
      "created_at": "Wed Jan 08 03:36:45 +0000 2020"
    },
    {
      "reply_count": 0,
      "contributors": null,
      "user": {
        "verified": false,
        "profile_image_url": "http://pbs.twimg.com/profile_images/947963212598669312/fOfQAPni_normal.jpg",
        "follow_request_sent": null,
        "profile_use_background_image": true,
        "profile_link_color": "1DA1F2",
        "profile_background_tile": false,
        "profile_image_url_https": "https://pbs.twimg.com/profile_images/947963212598669312/fOfQAPni_normal.jpg",
        "profile_background_color": "F5F8FA",
        "utc_offset": null,
        "name": "David Gale AFSCME @local328 OHSU",
        "geo_enabled": true,
        "url": null,
        "id": 947955321493786624,
        "lang": null,
        "contributors_enabled": false,
        "followers_count": 1854,
        "friends_count": 3606,
        "profile_sidebar_border_color": "C0DEED",
        "following": null,
        "default_profile": true,
        "statuses_count": 64437,
        "description": "AFSCME LOCAL 328 PAC CHAIR / Medical Assistant/CMA, AAMA/AFSCME UNIT STEWARD/Humanist /Gay/HIV+ /Happy /Loving Man #Resist /favorite word is #Inclusive",
        "screen_name": "DavidMGale1",
        "id_str": "947955321493786624",
        "protected": false,
        "is_translator": false,
        "location": "Portland, OR",
        "default_profile_image": false,
        "profile_background_image_url_https": "",
        "notifications": null,
        "profile_sidebar_fill_color": "DDEEF6",
        "profile_background_image_url": "",
        "favourites_count": 44679,
        "translator_type": "none",
        "created_at": "Mon Jan 01 22:18:55 +0000 2018",
        "time_zone": null,
        "listed_count": 8,
        "profile_text_color": "333333"
      },
      "favorited": false,
      "source": "<a href=\"http://twitter.com/download/android\" rel=\"nofollow\">Twitter for Android</a>",
      "retweet_count": 0,
      "text": "RT @Acosta: The president won't be making a televised address to the nation on the Iran crisis tonight, WH officials including Press Secret…",
      "id": 1214752777328418822,
      "in_reply_to_user_id": null,
      "lang": "en",
      "retweeted_status": {
        "reply_count": 1689,
        "contributors": null,
        "user": {
          "verified": true,
          "profile_image_url": "http://pbs.twimg.com/profile_images/1205491405503815680/1nzBX0Eo_normal.jpg",
          "follow_request_sent": null,
          "profile_use_background_image": true,
          "profile_link_color": "ABB8C2",
          "profile_background_tile": true,
          "profile_image_url_https": "https://pbs.twimg.com/profile_images/1205491405503815680/1nzBX0Eo_normal.jpg",
          "profile_background_color": "A39E96",
          "utc_offset": null,
          "name": "Jim Acosta",
          "geo_enabled": true,
          "url": "https://www.amazon.com/Enemy-People-Dangerous-Truth-America/dp/0062916122",
          "profile_banner_url": "https://pbs.twimg.com/profile_banners/22771961/1576257752",
          "id": 22771961,
          "lang": null,
          "contributors_enabled": false,
          "followers_count": 1369101,
          "friends_count": 4187,
          "profile_sidebar_border_color": "33363D",
          "following": null,
          "default_profile": false,
          "statuses_count": 33138,
          "description": "CNN Chief White House Correspondent. Author of NYT Bestseller, “The Enemy of the People.” Winner of NY Press Club “Truth to Power” award. I believe in #realnews",
          "screen_name": "Acosta",
          "id_str": "22771961",
          "protected": false,
          "is_translator": false,
          "location": "Washington, DC",
          "default_profile_image": false,
          "profile_background_image_url_https": "https://abs.twimg.com/images/themes/theme1/bg.png",
          "notifications": null,
          "profile_sidebar_fill_color": "AD9D6B",
          "profile_background_image_url": "http://abs.twimg.com/images/themes/theme1/bg.png",
          "favourites_count": 10762,
          "translator_type": "none",
          "created_at": "Wed Mar 04 13:48:04 +0000 2009",
          "time_zone": null,
          "listed_count": 9606,
          "profile_text_color": "3D2406"
        },
        "favorited": false,
        "source": "<a href=\"https://mobile.twitter.com\" rel=\"nofollow\">Twitter Web App</a>",
        "retweet_count": 1162,
        "text": "The president won't be making a televised address to the nation on the Iran crisis tonight, WH officials including… https://t.co/cU5gV35Gfo",
        "id": 1214725427362701312,
        "in_reply_to_user_id": null,
        "lang": "en",
        "is_quote_status": false,
        "quote_count": 376,
        "geo": null,
        "entities": {
          "urls": [
            {
              "url": "https://t.co/cU5gV35Gfo",
              "display_url": "twitter.com/i/web/status/1…",
              "expanded_url": "https://twitter.com/i/web/status/1214725427362701312",
              "indices": [
                116,
                139
              ]
            }
          ],
          "user_mentions": [],
          "symbols": [],
          "hashtags": []
        },
        "in_reply_to_screen_name": null,
        "extended_tweet": {
          "entities": {
            "urls": [],
            "user_mentions": [],
            "symbols": [],
            "hashtags": []
          },
          "full_text": "The president won't be making a televised address to the nation on the Iran crisis tonight, WH officials including Press Secretary Stephanie Grisham tell CNN.",
          "display_text_range": [
            0,
            158
          ]
        },
        "in_reply_to_user_id_str": null,
        "id_str": "1214725427362701312",
        "in_reply_to_status_id": null,
        "coordinates": null,
        "retweeted": false,
        "filter_level": "low",
        "truncated": true,
        "favorite_count": 4283,
        "place": null,
        "in_reply_to_status_id_str": null,
        "created_at": "Wed Jan 08 01:48:05 +0000 2020"
      },
      "quote_count": 0,
      "is_quote_status": false,
      "geo": null,
      "entities": {
        "urls": [],
        "user_mentions": [
          {
            "screen_name": "Acosta",
            "id_str": "22771961",
            "name": "Jim Acosta",
            "indices": [
              3,
              10
            ],
            "id": 22771961
          }
        ],
        "symbols": [],
        "hashtags": []
      },
      "in_reply_to_screen_name": null,
      "in_reply_to_user_id_str": null,
      "id_str": "1214752777328418822",
      "in_reply_to_status_id": null,
      "timestamp_ms": "1578454605787",
      "coordinates": null,
      "retweeted": false,
      "filter_level": "low",
      "truncated": false,
      "favorite_count": 0,
      "place": null,
      "in_reply_to_status_id_str": null,
      "created_at": "Wed Jan 08 03:36:45 +0000 2020"
    },
    {
      "reply_count": 0,
      "contributors": null,
      "user": {
        "verified": false,
        "profile_image_url": "http://pbs.twimg.com/profile_images/3226745918/b67e9c80b3fdca74b5261bc59a61cdee_normal.jpeg",
        "follow_request_sent": null,
        "profile_use_background_image": true,
        "profile_link_color": "FA743E",
        "profile_background_tile": true,
        "profile_image_url_https": "https://pbs.twimg.com/profile_images/3226745918/b67e9c80b3fdca74b5261bc59a61cdee_normal.jpeg",
        "profile_background_color": "EBE1C3",
        "utc_offset": null,
        "name": "Jane L",
        "geo_enabled": false,
        "url": "http://lyingcrookedhillary.com",
        "profile_banner_url": "https://pbs.twimg.com/profile_banners/285902442/1437441171",
        "id": 285902442,
        "lang": null,
        "contributors_enabled": false,
        "followers_count": 7457,
        "friends_count": 8163,
        "profile_sidebar_border_color": "FFFFFF",
        "following": null,
        "default_profile": false,
        "statuses_count": 319740,
        "description": "Horse Show Mom; Horse/Dog/Smartass Whisperer; I Am & Always Will Be My Own First Responder, NeuroRehab Instructor=Tommy's TBI Therapist. Say anything,except  No",
        "screen_name": "SunnyJL52",
        "id_str": "285902442",
        "protected": false,
        "is_translator": false,
        "location": null,
        "default_profile_image": false,
        "profile_background_image_url_https": "https://abs.twimg.com/images/themes/theme1/bg.png",
        "notifications": null,
        "profile_sidebar_fill_color": "DDEEF6",
        "profile_background_image_url": "http://abs.twimg.com/images/themes/theme1/bg.png",
        "favourites_count": 111940,
        "translator_type": "none",
        "created_at": "Fri Apr 22 00:35:07 +0000 2011",
        "time_zone": null,
        "listed_count": 119,
        "profile_text_color": "333333"
      },
      "favorited": false,
      "source": "<a href=\"http://twitter.com/download/iphone\" rel=\"nofollow\">Twitter for iPhone</a>",
      "retweet_count": 0,
      "text": "RT @CarpeDonktum: I am not a 6D underwater chess kind of guy, but I would love to believe that Iran's leadership was so shaken by the killi…",
      "id": 1214752777265528832,
      "in_reply_to_user_id": null,
      "lang": "en",
      "retweeted_status": {
        "reply_count": 149,
        "contributors": null,
        "user": {
          "verified": false,
          "profile_image_url": "http://pbs.twimg.com/profile_images/1126025756855894016/4hN_AqQt_normal.png",
          "follow_request_sent": null,
          "profile_use_background_image": false,
          "profile_link_color": "FFFFFF",
          "profile_background_tile": false,
          "profile_image_url_https": "https://pbs.twimg.com/profile_images/1126025756855894016/4hN_AqQt_normal.png",
          "profile_background_color": "000000",
          "utc_offset": null,
          "name": "Carpe Donktum🔹",
          "geo_enabled": true,
          "url": "http://www.memeworld.com",
          "profile_banner_url": "https://pbs.twimg.com/profile_banners/14895030/1573699392",
          "id": 14895030,
          "lang": null,
          "contributors_enabled": false,
          "followers_count": 209393,
          "friends_count": 583,
          "profile_sidebar_border_color": "000000",
          "following": null,
          "default_profile": false,
          "statuses_count": 17079,
          "description": "Eternally Sarcastic Memesmith specializing in the creation of memes to support President Donald J. Trump. Content that I post was \"Doctored\" by me 🎥 👨‍⚕️⚕️",
          "screen_name": "CarpeDonktum",
          "id_str": "14895030",
          "protected": false,
          "is_translator": false,
          "location": "Maga City, Kekistan",
          "default_profile_image": false,
          "profile_background_image_url_https": "https://abs.twimg.com/images/themes/theme2/bg.gif",
          "notifications": null,
          "profile_sidebar_fill_color": "000000",
          "profile_background_image_url": "http://abs.twimg.com/images/themes/theme2/bg.gif",
          "favourites_count": 31172,
          "translator_type": "none",
          "created_at": "Sun May 25 00:08:57 +0000 2008",
          "time_zone": null,
          "listed_count": 1043,
          "profile_text_color": "000000"
        },
        "favorited": false,
        "source": "<a href=\"http://twitter.com/download/android\" rel=\"nofollow\">Twitter for Android</a>",
        "retweet_count": 285,
        "text": "I am not a 6D underwater chess kind of guy, but I would love to believe that Iran's leadership was so shaken by the… https://t.co/DkXr90Q6A3",
        "id": 1214743806559563777,
        "in_reply_to_user_id": null,
        "lang": "en",
        "is_quote_status": false,
        "quote_count": 20,
        "geo": null,
        "entities": {
          "urls": [
            {
              "url": "https://t.co/DkXr90Q6A3",
              "display_url": "twitter.com/i/web/status/1…",
              "expanded_url": "https://twitter.com/i/web/status/1214743806559563777",
              "indices": [
                117,
                140
              ]
            }
          ],
          "user_mentions": [],
          "symbols": [],
          "hashtags": []
        },
        "in_reply_to_screen_name": null,
        "extended_tweet": {
          "entities": {
            "urls": [],
            "user_mentions": [],
            "symbols": [],
            "hashtags": []
          },
          "full_text": "I am not a 6D underwater chess kind of guy, but I would love to believe that Iran's leadership was so shaken by the killing of Soleimani that they negotiated a deescalation with President Trump, contingent on no American Casualties in the necessary public retaliation.",
          "display_text_range": [
            0,
            268
          ]
        },
        "in_reply_to_user_id_str": null,
        "id_str": "1214743806559563777",
        "in_reply_to_status_id": null,
        "coordinates": null,
        "retweeted": false,
        "filter_level": "low",
        "truncated": true,
        "favorite_count": 1353,
        "place": null,
        "in_reply_to_status_id_str": null,
        "created_at": "Wed Jan 08 03:01:06 +0000 2020"
      },
      "quote_count": 0,
      "is_quote_status": false,
      "geo": null,
      "entities": {
        "urls": [],
        "user_mentions": [
          {
            "screen_name": "CarpeDonktum",
            "id_str": "14895030",
            "name": "Carpe Donktum🔹",
            "indices": [
              3,
              16
            ],
            "id": 14895030
          }
        ],
        "symbols": [],
        "hashtags": []
      },
      "in_reply_to_screen_name": null,
      "in_reply_to_user_id_str": null,
      "id_str": "1214752777265528832",
      "in_reply_to_status_id": null,
      "timestamp_ms": "1578454605772",
      "coordinates": null,
      "retweeted": false,
      "filter_level": "low",
      "truncated": false,
      "favorite_count": 0,
      "place": null,
      "in_reply_to_status_id_str": null,
      "created_at": "Wed Jan 08 03:36:45 +0000 2020"
    },
    {
      "reply_count": 0,
      "contributors": null,
      "user": {
        "verified": false,
        "profile_image_url": "http://pbs.twimg.com/profile_images/949336084999294976/RriKQhRv_normal.jpg",
        "follow_request_sent": null,
        "profile_use_background_image": true,
        "profile_link_color": "F00E19",
        "profile_background_tile": false,
        "profile_image_url_https": "https://pbs.twimg.com/profile_images/949336084999294976/RriKQhRv_normal.jpg",
        "profile_background_color": "131516",
        "utc_offset": null,
        "name": "@newsoldboys",
        "geo_enabled": false,
        "url": "https://twitter.com/newells",
        "profile_banner_url": "https://pbs.twimg.com/profile_banners/264757786/1496761137",
        "id": 264757786,
        "lang": null,
        "contributors_enabled": false,
        "followers_count": 12637,
        "friends_count": 754,
        "profile_sidebar_border_color": "000000",
        "following": null,
        "default_profile": false,
        "statuses_count": 121291,
        "description": "Cuenta no oficial. La cuenta oficial del club es @canoboficial. NO informo, opino (y de cualquier cosa)",
        "screen_name": "newells",
        "id_str": "264757786",
        "protected": false,
        "is_translator": false,
        "location": "Buenos Aires, Argentina",
        "default_profile_image": false,
        "profile_background_image_url_https": "https://abs.twimg.com/images/themes/theme14/bg.gif",
        "notifications": null,
        "profile_sidebar_fill_color": "EFEFEF",
        "profile_background_image_url": "http://abs.twimg.com/images/themes/theme14/bg.gif",
        "favourites_count": 10313,
        "translator_type": "none",
        "created_at": "Sat Mar 12 12:10:09 +0000 2011",
        "time_zone": null,
        "listed_count": 41,
        "profile_text_color": "333333"
      },
      "favorited": false,
      "source": "<a href=\"http://twitter.com/download/android\" rel=\"nofollow\">Twitter for Android</a>",
      "retweet_count": 0,
      "text": "RT @spectatorindex: BREAKING: Ukrainian passenger plane carrying 180 people crashes in Iran",
      "id": 1214752777290878976,
      "in_reply_to_user_id": null,
      "lang": "en",
      "retweeted_status": {
        "reply_count": 475,
        "favorite_count": 2864,
        "user": {
          "verified": false,
          "profile_image_url": "http://pbs.twimg.com/profile_images/1145865652533547008/XBahoZmX_normal.png",
          "follow_request_sent": null,
          "profile_use_background_image": false,
          "profile_link_color": "ABB8C2",
          "profile_background_tile": false,
          "profile_image_url_https": "https://pbs.twimg.com/profile_images/1145865652533547008/XBahoZmX_normal.png",
          "profile_background_color": "000000",
          "utc_offset": null,
          "name": "The Spectator Index",
          "geo_enabled": false,
          "url": "http://spectatorindex.com",
          "profile_banner_url": "https://pbs.twimg.com/profile_banners/1626294277/1430626667",
          "id": 1626294277,
          "lang": null,
          "contributors_enabled": false,
          "followers_count": 1332356,
          "friends_count": 0,
          "profile_sidebar_border_color": "000000",
          "following": null,
          "default_profile": false,
          "statuses_count": 39733,
          "description": "Watching the world. Focused on politics, economics, science and sports. Message us for business inquiries.",
          "screen_name": "spectatorindex",
          "id_str": "1626294277",
          "protected": false,
          "is_translator": false,
          "location": "Global",
          "default_profile_image": false,
          "profile_background_image_url_https": "https://abs.twimg.com/images/themes/theme1/bg.png",
          "notifications": null,
          "profile_sidebar_fill_color": "000000",
          "profile_background_image_url": "http://abs.twimg.com/images/themes/theme1/bg.png",
          "favourites_count": 1,
          "translator_type": "none",
          "created_at": "Sat Jul 27 20:42:27 +0000 2013",
          "time_zone": null,
          "listed_count": 10306,
          "profile_text_color": "000000"
        },
        "favorited": false,
        "source": "<a href=\"http://twitter.com/download/android\" rel=\"nofollow\">Twitter for Android</a>",
        "retweet_count": 2964,
        "text": "BREAKING: Ukrainian passenger plane carrying 180 people crashes in Iran",
        "id": 1214750551407124480,
        "in_reply_to_user_id": null,
        "lang": "en",
        "is_quote_status": false,
        "quote_count": 2030,
        "geo": null,
        "entities": {
          "urls": [],
          "user_mentions": [],
          "symbols": [],
          "hashtags": []
        },
        "in_reply_to_screen_name": null,
        "in_reply_to_user_id_str": null,
        "id_str": "1214750551407124480",
        "in_reply_to_status_id": null,
        "coordinates": null,
        "retweeted": false,
        "filter_level": "low",
        "truncated": false,
        "place": null,
        "in_reply_to_status_id_str": null,
        "created_at": "Wed Jan 08 03:27:55 +0000 2020",
        "contributors": null
      },
      "quote_count": 0,
      "is_quote_status": false,
      "geo": null,
      "entities": {
        "urls": [],
        "user_mentions": [
          {
            "screen_name": "spectatorindex",
            "id_str": "1626294277",
            "name": "The Spectator Index",
            "indices": [
              3,
              18
            ],
            "id": 1626294277
          }
        ],
        "symbols": [],
        "hashtags": []
      },
      "in_reply_to_screen_name": null,
      "in_reply_to_user_id_str": null,
      "id_str": "1214752777290878976",
      "in_reply_to_status_id": null,
      "timestamp_ms": "1578454605778",
      "coordinates": null,
      "retweeted": false,
      "filter_level": "low",
      "truncated": false,
      "favorite_count": 0,
      "place": null,
      "in_reply_to_status_id_str": null,
      "created_at": "Wed Jan 08 03:36:45 +0000 2020"
    },
    {
      "reply_count": 0,
      "contributors": null,
      "user": {
        "verified": false,
        "profile_image_url": "http://pbs.twimg.com/profile_images/1211297360447451136/yMUfifUr_normal.jpg",
        "follow_request_sent": null,
        "profile_use_background_image": true,
        "profile_link_color": "1DA1F2",
        "profile_background_tile": false,
        "profile_image_url_https": "https://pbs.twimg.com/profile_images/1211297360447451136/yMUfifUr_normal.jpg",
        "profile_background_color": "C0DEED",
        "utc_offset": null,
        "name": "zack",
        "geo_enabled": true,
        "url": null,
        "profile_banner_url": "https://pbs.twimg.com/profile_banners/3405229773/1556385044",
        "id": 3405229773,
        "lang": null,
        "contributors_enabled": false,
        "followers_count": 185,
        "friends_count": 543,
        "profile_sidebar_border_color": "C0DEED",
        "following": null,
        "default_profile": true,
        "statuses_count": 7051,
        "description": "tigers ⚾️ Lebron 🏀",
        "screen_name": "zack_martin22",
        "id_str": "3405229773",
        "protected": false,
        "is_translator": false,
        "location": "Canton MI",
        "default_profile_image": false,
        "profile_background_image_url_https": "https://abs.twimg.com/images/themes/theme1/bg.png",
        "notifications": null,
        "profile_sidebar_fill_color": "DDEEF6",
        "profile_background_image_url": "http://abs.twimg.com/images/themes/theme1/bg.png",
        "favourites_count": 5381,
        "translator_type": "none",
        "created_at": "Thu Aug 06 06:48:42 +0000 2015",
        "time_zone": null,
        "listed_count": 3,
        "profile_text_color": "333333"
      },
      "favorited": false,
      "source": "<a href=\"http://twitter.com/download/iphone\" rel=\"nofollow\">Twitter for iPhone</a>",
      "retweet_count": 0,
      "text": "RT @NewsBreaking: NEWS BREAKING ALERT: A Ukranian passenger plane carrying 180 people has reportedly crashed near Tehran, Iran (10:30 p.m.…",
      "id": 1214752777257312261,
      "in_reply_to_user_id": null,
      "lang": "en",
      "retweeted_status": {
        "reply_count": 33,
        "contributors": null,
        "user": {
          "verified": false,
          "profile_image_url": "http://pbs.twimg.com/profile_images/1153198508024799232/xRV7N-1P_normal.jpg",
          "follow_request_sent": null,
          "profile_use_background_image": true,
          "profile_link_color": "2FC2EF",
          "profile_background_tile": false,
          "profile_image_url_https": "https://pbs.twimg.com/profile_images/1153198508024799232/xRV7N-1P_normal.jpg",
          "profile_background_color": "1A1B1F",
          "utc_offset": null,
          "name": "LIVE Breaking News",
          "geo_enabled": false,
          "url": "http://www.newsbreakinglive.com",
          "profile_banner_url": "https://pbs.twimg.com/profile_banners/18112970/1537368029",
          "id": 18112970,
          "lang": null,
          "contributors_enabled": false,
          "followers_count": 159921,
          "friends_count": 122073,
          "profile_sidebar_border_color": "181A1E",
          "following": null,
          "default_profile": false,
          "statuses_count": 72719,
          "description": "A LIVE Twitter news wire with Breaking News and top stories from around the world.",
          "screen_name": "NewsBreaking",
          "id_str": "18112970",
          "protected": false,
          "is_translator": false,
          "location": "United States",
          "default_profile_image": false,
          "profile_background_image_url_https": "https://abs.twimg.com/images/themes/theme9/bg.gif",
          "notifications": null,
          "profile_sidebar_fill_color": "252429",
          "profile_background_image_url": "http://abs.twimg.com/images/themes/theme9/bg.gif",
          "favourites_count": 693,
          "translator_type": "none",
          "created_at": "Sun Dec 14 06:38:11 +0000 2008",
          "time_zone": null,
          "listed_count": 1539,
          "profile_text_color": "666666"
        },
        "favorited": false,
        "source": "<a href=\"https://about.twitter.com/products/tweetdeck\" rel=\"nofollow\">TweetDeck</a>",
        "retweet_count": 163,
        "text": "NEWS BREAKING ALERT: A Ukranian passenger plane carrying 180 people has reportedly crashed near Tehran, Iran (10:30… https://t.co/nRIOCdBWif",
        "id": 1214752119141437446,
        "in_reply_to_user_id": null,
        "lang": "en",
        "is_quote_status": false,
        "quote_count": 30,
        "geo": null,
        "entities": {
          "urls": [
            {
              "url": "https://t.co/nRIOCdBWif",
              "display_url": "twitter.com/i/web/status/1…",
              "expanded_url": "https://twitter.com/i/web/status/1214752119141437446",
              "indices": [
                117,
                140
              ]
            }
          ],
          "user_mentions": [],
          "symbols": [],
          "hashtags": []
        },
        "in_reply_to_screen_name": null,
        "possibly_sensitive": false,
        "extended_tweet": {
          "entities": {
            "urls": [
              {
                "url": "https://t.co/Bse2GaJDin",
                "display_url": "bit.ly/2sZA4gm",
                "expanded_url": "http://bit.ly/2sZA4gm",
                "indices": [
                  132,
                  155
                ]
              }
            ],
            "user_mentions": [],
            "symbols": [],
            "hashtags": []
          },
          "full_text": "NEWS BREAKING ALERT: A Ukranian passenger plane carrying 180 people has reportedly crashed near Tehran, Iran (10:30 p.m. ET 1/7/20) https://t.co/Bse2GaJDin",
          "display_text_range": [
            0,
            155
          ]
        },
        "in_reply_to_user_id_str": null,
        "id_str": "1214752119141437446",
        "in_reply_to_status_id": null,
        "coordinates": null,
        "retweeted": false,
        "filter_level": "low",
        "truncated": true,
        "favorite_count": 117,
        "place": null,
        "in_reply_to_status_id_str": null,
        "created_at": "Wed Jan 08 03:34:08 +0000 2020"
      },
      "quote_count": 0,
      "is_quote_status": false,
      "geo": null,
      "entities": {
        "urls": [],
        "user_mentions": [
          {
            "screen_name": "NewsBreaking",
            "id_str": "18112970",
            "name": "LIVE Breaking News",
            "indices": [
              3,
              16
            ],
            "id": 18112970
          }
        ],
        "symbols": [],
        "hashtags": []
      },
      "in_reply_to_screen_name": null,
      "in_reply_to_user_id_str": null,
      "id_str": "1214752777257312261",
      "in_reply_to_status_id": null,
      "timestamp_ms": "1578454605770",
      "coordinates": null,
      "retweeted": false,
      "filter_level": "low",
      "truncated": false,
      "favorite_count": 0,
      "place": null,
      "in_reply_to_status_id_str": null,
      "created_at": "Wed Jan 08 03:36:45 +0000 2020"
    },
    {
      "reply_count": 0,
      "contributors": null,
      "user": {
        "verified": false,
        "profile_image_url": "http://pbs.twimg.com/profile_images/1180983864405237760/1wFzXzFr_normal.jpg",
        "follow_request_sent": null,
        "profile_use_background_image": true,
        "profile_link_color": "1DA1F2",
        "profile_background_tile": false,
        "profile_image_url_https": "https://pbs.twimg.com/profile_images/1180983864405237760/1wFzXzFr_normal.jpg",
        "profile_background_color": "F5F8FA",
        "utc_offset": null,
        "name": "Victor oviedo",
        "geo_enabled": false,
        "url": null,
        "profile_banner_url": "https://pbs.twimg.com/profile_banners/1113594707299512321/1570403472",
        "id": 1113594707299512321,
        "lang": null,
        "contributors_enabled": false,
        "followers_count": 436,
        "friends_count": 1305,
        "profile_sidebar_border_color": "C0DEED",
        "following": null,
        "default_profile": true,
        "statuses_count": 6337,
        "description": null,
        "screen_name": "Victoro29623389",
        "id_str": "1113594707299512321",
        "protected": false,
        "is_translator": false,
        "location": null,
        "default_profile_image": false,
        "profile_background_image_url_https": "",
        "notifications": null,
        "profile_sidebar_fill_color": "DDEEF6",
        "profile_background_image_url": "",
        "favourites_count": 3156,
        "translator_type": "none",
        "created_at": "Thu Apr 04 00:10:42 +0000 2019",
        "time_zone": null,
        "listed_count": 2,
        "profile_text_color": "333333"
      },
      "favorited": false,
      "source": "<a href=\"https://mobile.twitter.com\" rel=\"nofollow\">Twitter Web App</a>",
      "retweet_count": 0,
      "text": "#DiálogoYConvivenciaPolítica  #DeporteUniónYPaz\nNuestra solidaridad desde #Cuba. Lo que está debajo d est avión en… https://t.co/w9mKmmB2ei",
      "id": 1214752777269891073,
      "in_reply_to_user_id": null,
      "lang": "es",
      "is_quote_status": false,
      "quote_count": 0,
      "geo": null,
      "entities": {
        "urls": [
          {
            "url": "https://t.co/w9mKmmB2ei",
            "display_url": "twitter.com/i/web/status/1…",
            "expanded_url": "https://twitter.com/i/web/status/1214752777269891073",
            "indices": [
              116,
              139
            ]
          }
        ],
        "user_mentions": [],
        "symbols": [],
        "hashtags": [
          {
            "indices": [
              0,
              28
            ],
            "text": "DiálogoYConvivenciaPolítica"
          },
          {
            "indices": [
              30,
              47
            ],
            "text": "DeporteUniónYPaz"
          },
          {
            "indices": [
              74,
              79
            ],
            "text": "Cuba"
          }
        ]
      },
      "in_reply_to_screen_name": null,
      "extended_tweet": {
        "entities": {
          "urls": [],
          "user_mentions": [],
          "symbols": [],
          "hashtags": [
            {
              "indices": [
                0,
                28
              ],
              "text": "DiálogoYConvivenciaPolítica"
            },
            {
              "indices": [
                30,
                47
              ],
              "text": "DeporteUniónYPaz"
            },
            {
              "indices": [
                74,
                79
              ],
              "text": "Cuba"
            },
            {
              "indices": [
                202,
                212
              ],
              "text": "Australia"
            }
          ]
        },
        "full_text": "#DiálogoYConvivenciaPolítica  #DeporteUniónYPaz\nNuestra solidaridad desde #Cuba. Lo que está debajo d est avión en color rojo son los devastadores incendios que han convertido en cenizas los bosques de #Australia y afectado a miles de personas, otro resultado del cambio climático",
        "display_text_range": [
          0,
          280
        ]
      },
      "in_reply_to_user_id_str": null,
      "id_str": "1214752777269891073",
      "in_reply_to_status_id": null,
      "timestamp_ms": "1578454605773",
      "coordinates": null,
      "retweeted": false,
      "filter_level": "low",
      "truncated": true,
      "favorite_count": 0,
      "place": null,
      "in_reply_to_status_id_str": null,
      "created_at": "Wed Jan 08 03:36:45 +0000 2020"
    },
    {
      "reply_count": 0,
      "contributors": null,
      "user": {
        "verified": false,
        "profile_image_url": "http://pbs.twimg.com/profile_images/1028436791106265088/8lj2ClfW_normal.jpg",
        "follow_request_sent": null,
        "profile_use_background_image": true,
        "profile_link_color": "1DA1F2",
        "profile_background_tile": false,
        "profile_image_url_https": "https://pbs.twimg.com/profile_images/1028436791106265088/8lj2ClfW_normal.jpg",
        "profile_background_color": "C0DEED",
        "utc_offset": null,
        "name": "chuckw12",
        "geo_enabled": true,
        "url": null,
        "profile_banner_url": "https://pbs.twimg.com/profile_banners/244650352/1534033255",
        "id": 244650352,
        "lang": null,
        "contributors_enabled": false,
        "followers_count": 2430,
        "friends_count": 2625,
        "profile_sidebar_border_color": "C0DEED",
        "following": null,
        "default_profile": true,
        "statuses_count": 399224,
        "description": "Retired",
        "screen_name": "Chuckw12",
        "id_str": "244650352",
        "protected": false,
        "is_translator": false,
        "location": "Canada",
        "default_profile_image": false,
        "profile_background_image_url_https": "https://abs.twimg.com/images/themes/theme1/bg.png",
        "notifications": null,
        "profile_sidebar_fill_color": "DDEEF6",
        "profile_background_image_url": "http://abs.twimg.com/images/themes/theme1/bg.png",
        "favourites_count": 41972,
        "translator_type": "none",
        "created_at": "Sat Jan 29 20:19:44 +0000 2011",
        "time_zone": null,
        "listed_count": 303,
        "profile_text_color": "333333"
      },
      "favorited": false,
      "source": "<a href=\"https://mobile.twitter.com\" rel=\"nofollow\">Twitter Web App</a>",
      "retweet_count": 0,
      "text": "RT @MobBossTrump: OBAMA’S IRAN DEAL LOOKING BETTER BY THE MINUTE...\n\nIran was complying with the agreement. 10 years to foment an overthrow…",
      "id": 1214752777315987457,
      "in_reply_to_user_id": null,
      "lang": "en",
      "retweeted_status": {
        "reply_count": 11,
        "contributors": null,
        "user": {
          "verified": false,
          "profile_image_url": "http://pbs.twimg.com/profile_images/1149061254570500096/a4u5HbwC_normal.jpg",
          "follow_request_sent": null,
          "profile_use_background_image": true,
          "profile_link_color": "1DA1F2",
          "profile_background_tile": false,
          "profile_image_url_https": "https://pbs.twimg.com/profile_images/1149061254570500096/a4u5HbwC_normal.jpg",
          "profile_background_color": "F5F8FA",
          "utc_offset": null,
          "name": "SoCalledPresident",
          "geo_enabled": false,
          "url": null,
          "profile_banner_url": "https://pbs.twimg.com/profile_banners/1148595911142105091/1564081976",
          "id": 1148595911142105091,
          "lang": null,
          "contributors_enabled": false,
          "followers_count": 7553,
          "friends_count": 7178,
          "profile_sidebar_border_color": "C0DEED",
          "following": null,
          "default_profile": true,
          "statuses_count": 6674,
          "description": "@CrimeBossTrump new account",
          "screen_name": "MobBossTrump",
          "id_str": "1148595911142105091",
          "protected": false,
          "is_translator": false,
          "location": null,
          "default_profile_image": false,
          "profile_background_image_url_https": "",
          "notifications": null,
          "profile_sidebar_fill_color": "DDEEF6",
          "profile_background_image_url": "",
          "favourites_count": 12448,
          "translator_type": "none",
          "created_at": "Tue Jul 09 14:12:59 +0000 2019",
          "time_zone": null,
          "listed_count": 4,
          "profile_text_color": "333333"
        },
        "favorited": false,
        "source": "<a href=\"http://twitter.com/download/iphone\" rel=\"nofollow\">Twitter for iPhone</a>",
        "retweet_count": 65,
        "text": "OBAMA’S IRAN DEAL LOOKING BETTER BY THE MINUTE...\n\nIran was complying with the agreement. 10 years to foment an ove… https://t.co/tZnz4Eq9Uv",
        "id": 1214706415157366784,
        "in_reply_to_user_id": null,
        "lang": "en",
        "is_quote_status": false,
        "quote_count": 4,
        "geo": null,
        "entities": {
          "urls": [
            {
              "url": "https://t.co/tZnz4Eq9Uv",
              "display_url": "twitter.com/i/web/status/1…",
              "expanded_url": "https://twitter.com/i/web/status/1214706415157366784",
              "indices": [
                117,
                140
              ]
            }
          ],
          "user_mentions": [],
          "symbols": [],
          "hashtags": []
        },
        "in_reply_to_screen_name": null,
        "possibly_sensitive": false,
        "extended_tweet": {
          "entities": {
            "urls": [
              {
                "url": "https://t.co/Z6TBM9Pnwb",
                "display_url": "theguardian.com/us-news/live/2…",
                "expanded_url": "https://www.theguardian.com/us-news/live/2020/jan/07/trump-news-today-live-impeachment-articles-iran-latest-updates-democrats?CMP=Share_iOSApp_Other",
                "indices": [
                  250,
                  273
                ]
              }
            ],
            "user_mentions": [],
            "symbols": [],
            "hashtags": []
          },
          "full_text": "OBAMA’S IRAN DEAL LOOKING BETTER BY THE MINUTE...\n\nIran was complying with the agreement. 10 years to foment an overthrow of the mullahs. But Trump couldn’t help himself. Obama had to be erased.\n\nIran launches missiles on al-Asad US airbase in Iraq  https://t.co/Z6TBM9Pnwb",
          "display_text_range": [
            0,
            273
          ]
        },
        "in_reply_to_user_id_str": null,
        "id_str": "1214706415157366784",
        "in_reply_to_status_id": null,
        "coordinates": null,
        "retweeted": false,
        "filter_level": "low",
        "truncated": true,
        "favorite_count": 78,
        "place": null,
        "in_reply_to_status_id_str": null,
        "created_at": "Wed Jan 08 00:32:32 +0000 2020"
      },
      "quote_count": 0,
      "is_quote_status": false,
      "geo": null,
      "entities": {
        "urls": [],
        "user_mentions": [
          {
            "screen_name": "MobBossTrump",
            "id_str": "1148595911142105091",
            "name": "SoCalledPresident",
            "indices": [
              3,
              16
            ],
            "id": 1148595911142105091
          }
        ],
        "symbols": [],
        "hashtags": []
      },
      "in_reply_to_screen_name": null,
      "in_reply_to_user_id_str": null,
      "id_str": "1214752777315987457",
      "in_reply_to_status_id": null,
      "timestamp_ms": "1578454605784",
      "coordinates": null,
      "retweeted": false,
      "filter_level": "low",
      "truncated": false,
      "favorite_count": 0,
      "place": null,
      "in_reply_to_status_id_str": null,
      "created_at": "Wed Jan 08 03:36:45 +0000 2020"
    },
    {
      "truncated": false,
      "contributors": null,
      "quoted_status_permalink": {
        "expanded": "https://twitter.com/MiddleEastMnt/status/1214727232524042240",
        "url": "https://t.co/LcIrzgl7tL",
        "display": "twitter.com/MiddleEastMnt/…"
      },
      "favorited": false,
      "source": "<a href=\"https://about.twitter.com/products/tweetdeck\" rel=\"nofollow\">TweetDeck</a>",
      "retweet_count": 0,
      "text": "RT @Lamis_Deek: #Iran and allies specifically  told Iraqis (told everyone) to leave vicinity of US bases, USG and personnel were also warne…",
      "id": 1214752777286627328,
      "in_reply_to_user_id": null,
      "lang": "en",
      "retweeted_status": {
        "truncated": true,
        "contributors": null,
        "quoted_status_permalink": {
          "expanded": "https://twitter.com/MiddleEastMnt/status/1214727232524042240",
          "url": "https://t.co/LcIrzgl7tL",
          "display": "twitter.com/MiddleEastMnt/…"
        },
        "in_reply_to_status_id_str": null,
        "source": "<a href=\"http://twitter.com/download/android\" rel=\"nofollow\">Twitter for Android</a>",
        "retweet_count": 13,
        "text": "#Iran and allies specifically  told Iraqis (told everyone) to leave vicinity of US bases, USG and personnel were al… https://t.co/jApA6ftlKZ",
        "id": 1214748929683861504,
        "in_reply_to_user_id": null,
        "lang": "en",
        "is_quote_status": true,
        "quote_count": 0,
        "geo": null,
        "entities": {
          "urls": [
            {
              "url": "https://t.co/jApA6ftlKZ",
              "display_url": "twitter.com/i/web/status/1…",
              "expanded_url": "https://twitter.com/i/web/status/1214748929683861504",
              "indices": [
                117,
                140
              ]
            }
          ],
          "user_mentions": [],
          "symbols": [],
          "hashtags": [
            {
              "indices": [
                0,
                5
              ],
              "text": "Iran"
            }
          ]
        },
        "in_reply_to_screen_name": null,
        "possibly_sensitive": false,
        "extended_tweet": {
          "entities": {
            "urls": [
              {
                "url": "https://t.co/LcIrzgl7tL",
                "display_url": "twitter.com/MiddleEastMnt/…",
                "expanded_url": "https://twitter.com/MiddleEastMnt/status/1214727232524042240",
                "indices": [
                  272,
                  295
                ]
              }
            ],
            "user_mentions": [],
            "symbols": [],
            "hashtags": [
              {
                "indices": [
                  0,
                  5
                ],
                "text": "Iran"
              }
            ]
          },
          "full_text": "#Iran and allies specifically  told Iraqis (told everyone) to leave vicinity of US bases, USG and personnel were also warned. \n\nThus no Iraqi injuries, contrary to US reports \n\nSay  what you may- they dont engage in empty speak,  USG will learn what Israel too well knows https://t.co/LcIrzgl7tL",
          "display_text_range": [
            0,
            271
          ]
        },
        "in_reply_to_user_id_str": null,
        "id_str": "1214748929683861504",
        "in_reply_to_status_id": null,
        "quoted_status_id": 1214727232524042240,
        "favorited": false,
        "coordinates": null,
        "display_text_range": [
          0,
          140
        ],
        "filter_level": "low",
        "quoted_status": {
          "reply_count": 2,
          "contributors": null,
          "user": {
            "verified": true,
            "profile_image_url": "http://pbs.twimg.com/profile_images/543502394466631680/nujXyCLm_normal.png",
            "follow_request_sent": null,
            "profile_use_background_image": true,
            "profile_link_color": "CB0000",
            "profile_background_tile": true,
            "profile_image_url_https": "https://pbs.twimg.com/profile_images/543502394466631680/nujXyCLm_normal.png",
            "profile_background_color": "FFFFFF",
            "utc_offset": null,
            "name": "Middle East Monitor",
            "geo_enabled": true,
            "url": "https://www.middleeastmonitor.com",
            "profile_banner_url": "https://pbs.twimg.com/profile_banners/81136269/1574699714",
            "id": 81136269,
            "lang": null,
            "contributors_enabled": false,
            "followers_count": 103656,
            "friends_count": 1394,
            "profile_sidebar_border_color": "FFFFFF",
            "following": null,
            "default_profile": false,
            "statuses_count": 141824,
            "description": "Bringing a fair & accurate coverage of the Middle East to the West // Community Guidelines apply: https://www.middleeastmonitor.com/community/",
            "screen_name": "MiddleEastMnt",
            "id_str": "81136269",
            "protected": false,
            "is_translator": false,
            "location": "London, UK",
            "default_profile_image": false,
            "profile_background_image_url_https": "https://abs.twimg.com/images/themes/theme7/bg.gif",
            "notifications": null,
            "profile_sidebar_fill_color": "F3F3F3",
            "profile_background_image_url": "http://abs.twimg.com/images/themes/theme7/bg.gif",
            "favourites_count": 436,
            "translator_type": "none",
            "created_at": "Fri Oct 09 15:43:11 +0000 2009",
            "time_zone": null,
            "listed_count": 2523,
            "profile_text_color": "333333"
          },
          "favorited": false,
          "source": "<a href=\"https://about.twitter.com/products/tweetdeck\" rel=\"nofollow\">TweetDeck</a>",
          "retweet_count": 210,
          "text": "Iraqi government have disputed the official Pentagon statement, denying that Iraqi civilians have been killed by Ir… https://t.co/E6TDtTglDG",
          "id": 1214727232524042240,
          "in_reply_to_user_id": null,
          "lang": "en",
          "is_quote_status": false,
          "quote_count": 49,
          "geo": null,
          "entities": {
            "urls": [
              {
                "url": "https://t.co/E6TDtTglDG",
                "display_url": "twitter.com/i/web/status/1…",
                "expanded_url": "https://twitter.com/i/web/status/1214727232524042240",
                "indices": [
                  117,
                  140
                ]
              }
            ],
            "user_mentions": [],
            "symbols": [],
            "hashtags": []
          },
          "in_reply_to_screen_name": null,
          "possibly_sensitive": false,
          "extended_tweet": {
            "entities": {
              "urls": [
                {
                  "url": "https://t.co/5yGrObDhlC",
                  "display_url": "middleeastmonitor.com/20200108-break…",
                  "expanded_url": "https://www.middleeastmonitor.com/20200108-breaking-pentagon-says-iran-launched-large-attack-on-us-led-forces-in-iraq/",
                  "indices": [
                    183,
                    206
                  ]
                }
              ],
              "user_mentions": [],
              "symbols": [],
              "hashtags": []
            },
            "full_text": "Iraqi government have disputed the official Pentagon statement, denying that Iraqi civilians have been killed by Iran's missile strike\n\nFollow our live blog on tonight’s events HERE: https://t.co/5yGrObDhlC",
            "display_text_range": [
              0,
              206
            ]
          },
          "in_reply_to_user_id_str": null,
          "id_str": "1214727232524042240",
          "in_reply_to_status_id": null,
          "coordinates": null,
          "retweeted": false,
          "filter_level": "low",
          "truncated": true,
          "favorite_count": 239,
          "place": null,
          "in_reply_to_status_id_str": null,
          "created_at": "Wed Jan 08 01:55:15 +0000 2020"
        },
        "favorite_count": 17,
        "place": null,
        "quoted_status_id_str": "1214727232524042240",
        "created_at": "Wed Jan 08 03:21:28 +0000 2020",
        "retweeted": false,
        "user": {
          "verified": false,
          "profile_image_url": "http://pbs.twimg.com/profile_images/2219296909/under_our_grape_vine_watching_occupation_normal.jpg",
          "follow_request_sent": null,
          "profile_use_background_image": true,
          "profile_link_color": "1DA1F2",
          "profile_background_tile": false,
          "profile_image_url_https": "https://pbs.twimg.com/profile_images/2219296909/under_our_grape_vine_watching_occupation_normal.jpg",
          "profile_background_color": "C0DEED",
          "utc_offset": null,
          "name": "Lamis Deek  لميس ديك",
          "geo_enabled": true,
          "url": null,
          "profile_banner_url": "https://pbs.twimg.com/profile_banners/567234094/1513385147",
          "id": 567234094,
          "lang": null,
          "contributors_enabled": false,
          "followers_count": 4963,
          "friends_count": 1987,
          "profile_sidebar_border_color": "C0DEED",
          "following": null,
          "default_profile": true,
          "statuses_count": 25174,
          "description": "Human Rights Attorney,Activist,Strategist \n- Peoples' Ninja Lawyer 😎\nmore here\nhttps://t.co/Yc3vadAJTb dated but still at it #Palestine #BLM #Return #Liberation #Fanon",
          "screen_name": "Lamis_Deek",
          "id_str": "567234094",
          "protected": false,
          "is_translator": false,
          "location": null,
          "default_profile_image": false,
          "profile_background_image_url_https": "https://abs.twimg.com/images/themes/theme1/bg.png",
          "notifications": null,
          "profile_sidebar_fill_color": "DDEEF6",
          "profile_background_image_url": "http://abs.twimg.com/images/themes/theme1/bg.png",
          "favourites_count": 31611,
          "translator_type": "none",
          "created_at": "Mon Apr 30 13:39:15 +0000 2012",
          "time_zone": null,
          "listed_count": 113,
          "profile_text_color": "333333"
        },
        "reply_count": 0
      },
      "quote_count": 0,
      "is_quote_status": true,
      "in_reply_to_status_id_str": null,
      "entities": {
        "urls": [],
        "user_mentions": [
          {
            "screen_name": "Lamis_Deek",
            "id_str": "567234094",
            "name": "Lamis Deek  لميس ديك",
            "indices": [
              3,
              14
            ],
            "id": 567234094
          }
        ],
        "symbols": [],
        "hashtags": [
          {
            "indices": [
              16,
              21
            ],
            "text": "Iran"
          }
        ]
      },
      "in_reply_to_screen_name": null,
      "in_reply_to_user_id_str": null,
      "id_str": "1214752777286627328",
      "in_reply_to_status_id": null,
      "quoted_status_id": 1214727232524042240,
      "timestamp_ms": "1578454605777",
      "coordinates": null,
      "geo": null,
      "filter_level": "low",
      "quoted_status": {
        "reply_count": 2,
        "contributors": null,
        "user": {
          "verified": true,
          "profile_image_url": "http://pbs.twimg.com/profile_images/543502394466631680/nujXyCLm_normal.png",
          "follow_request_sent": null,
          "profile_use_background_image": true,
          "profile_link_color": "CB0000",
          "profile_background_tile": true,
          "profile_image_url_https": "https://pbs.twimg.com/profile_images/543502394466631680/nujXyCLm_normal.png",
          "profile_background_color": "FFFFFF",
          "utc_offset": null,
          "name": "Middle East Monitor",
          "geo_enabled": true,
          "url": "https://www.middleeastmonitor.com",
          "profile_banner_url": "https://pbs.twimg.com/profile_banners/81136269/1574699714",
          "id": 81136269,
          "lang": null,
          "contributors_enabled": false,
          "followers_count": 103656,
          "friends_count": 1394,
          "profile_sidebar_border_color": "FFFFFF",
          "following": null,
          "default_profile": false,
          "statuses_count": 141824,
          "description": "Bringing a fair & accurate coverage of the Middle East to the West // Community Guidelines apply: https://www.middleeastmonitor.com/community/",
          "screen_name": "MiddleEastMnt",
          "id_str": "81136269",
          "protected": false,
          "is_translator": false,
          "location": "London, UK",
          "default_profile_image": false,
          "profile_background_image_url_https": "https://abs.twimg.com/images/themes/theme7/bg.gif",
          "notifications": null,
          "profile_sidebar_fill_color": "F3F3F3",
          "profile_background_image_url": "http://abs.twimg.com/images/themes/theme7/bg.gif",
          "favourites_count": 436,
          "translator_type": "none",
          "created_at": "Fri Oct 09 15:43:11 +0000 2009",
          "time_zone": null,
          "listed_count": 2523,
          "profile_text_color": "333333"
        },
        "favorited": false,
        "source": "<a href=\"https://about.twitter.com/products/tweetdeck\" rel=\"nofollow\">TweetDeck</a>",
        "retweet_count": 210,
        "text": "Iraqi government have disputed the official Pentagon statement, denying that Iraqi civilians have been killed by Ir… https://t.co/E6TDtTglDG",
        "id": 1214727232524042240,
        "in_reply_to_user_id": null,
        "lang": "en",
        "is_quote_status": false,
        "quote_count": 49,
        "geo": null,
        "entities": {
          "urls": [
            {
              "url": "https://t.co/E6TDtTglDG",
              "display_url": "twitter.com/i/web/status/1…",
              "expanded_url": "https://twitter.com/i/web/status/1214727232524042240",
              "indices": [
                117,
                140
              ]
            }
          ],
          "user_mentions": [],
          "symbols": [],
          "hashtags": []
        },
        "in_reply_to_screen_name": null,
        "possibly_sensitive": false,
        "extended_tweet": {
          "entities": {
            "urls": [
              {
                "url": "https://t.co/5yGrObDhlC",
                "display_url": "middleeastmonitor.com/20200108-break…",
                "expanded_url": "https://www.middleeastmonitor.com/20200108-breaking-pentagon-says-iran-launched-large-attack-on-us-led-forces-in-iraq/",
                "indices": [
                  183,
                  206
                ]
              }
            ],
            "user_mentions": [],
            "symbols": [],
            "hashtags": []
          },
          "full_text": "Iraqi government have disputed the official Pentagon statement, denying that Iraqi civilians have been killed by Iran's missile strike\n\nFollow our live blog on tonight’s events HERE: https://t.co/5yGrObDhlC",
          "display_text_range": [
            0,
            206
          ]
        },
        "in_reply_to_user_id_str": null,
        "id_str": "1214727232524042240",
        "in_reply_to_status_id": null,
        "coordinates": null,
        "retweeted": false,
        "filter_level": "low",
        "truncated": true,
        "favorite_count": 239,
        "place": null,
        "in_reply_to_status_id_str": null,
        "created_at": "Wed Jan 08 01:55:15 +0000 2020"
      },
      "favorite_count": 0,
      "place": null,
      "quoted_status_id_str": "1214727232524042240",
      "created_at": "Wed Jan 08 03:36:45 +0000 2020",
      "retweeted": false,
      "user": {
        "verified": false,
        "profile_image_url": "http://pbs.twimg.com/profile_images/1075108550282801155/42fg4F6t_normal.jpg",
        "follow_request_sent": null,
        "profile_use_background_image": false,
        "profile_link_color": "BC0001",
        "profile_background_tile": true,
        "profile_image_url_https": "https://pbs.twimg.com/profile_images/1075108550282801155/42fg4F6t_normal.jpg",
        "profile_background_color": "000000",
        "utc_offset": null,
        "name": "Roberto, Your Friend",
        "geo_enabled": false,
        "url": "https://www.youtube.com/watch?v=qXyBSX_mnnc",
        "profile_banner_url": "https://pbs.twimg.com/profile_banners/3076465372/1574078243",
        "id": 3076465372,
        "lang": null,
        "contributors_enabled": false,
        "followers_count": 2636,
        "friends_count": 914,
        "profile_sidebar_border_color": "000000",
        "following": null,
        "default_profile": false,
        "statuses_count": 23656,
        "description": "If you do not condemn colonialism, if you do not side with the colonial people, what kind of revolution are you waging?",
        "screen_name": "j_bigboote",
        "id_str": "3076465372",
        "protected": false,
        "is_translator": false,
        "location": null,
        "default_profile_image": false,
        "profile_background_image_url_https": "https://abs.twimg.com/images/themes/theme1/bg.png",
        "notifications": null,
        "profile_sidebar_fill_color": "000000",
        "profile_background_image_url": "http://abs.twimg.com/images/themes/theme1/bg.png",
        "favourites_count": 63127,
        "translator_type": "none",
        "created_at": "Sat Mar 07 03:37:54 +0000 2015",
        "time_zone": null,
        "listed_count": 42,
        "profile_text_color": "000000"
      },
      "reply_count": 0
    }
  ]
}