{
  "data": [
    {
      "is_quote_status": false,
      "display_text_range": [
        16,
        140
      ],
      "retweet_count": 0,
      "favorite_count": 0,
      "truncated": true,
      "source": "<a href=\"http://twitter.com/download/iphone\" rel=\"nofollow\">Twitter for iPhone</a>",
      "extended_tweet": {
        "entities": {
          "symbols": [],
          "user_mentions": [
            {
              "indices": [
                0,
                15
              ],
              "id": 3313603574,
              "name": "Luciano López Flores",
              "screen_name": "lucianolopez27",
              "id_str": "3313603574"
            }
          ],
          "hashtags": [],
          "urls": []
        },
        "full_text": "@lucianolopez27 Si un juez constitucional puede expresar ese nivel de desacato a la constitución, que sistema de justicia tenemos? Existirá algo de justicia entre tanta política? como puede politizarse un tema en el máximo intérprete de la constitución?Ese fue el nivel de Blume en el caso Keiko?",
        "display_text_range": [
          16,
          296
        ]
      },
      "entities": {
        "symbols": [],
        "user_mentions": [
          {
            "indices": [
              0,
              15
            ],
            "id": 3313603574,
            "name": "Luciano López Flores",
            "screen_name": "lucianolopez27",
            "id_str": "3313603574"
          }
        ],
        "hashtags": [],
        "urls": [
          {
            "expanded_url": "https://twitter.com/i/web/status/1217283243881443330",
            "display_url": "twitter.com/i/web/status/1…",
            "url": "https://t.co/EbQdRFhuVl",
            "indices": [
              117,
              140
            ]
          }
        ]
      },
      "user": {
        "geo_enabled": false,
        "verified": false,
        "profile_sidebar_fill_color": "DDEEF6",
        "listed_count": 0,
        "screen_name": "TOKSICD",
        "followers_count": 21,
        "notifications": null,
        "profile_text_color": "333333",
        "profile_image_url": "http://pbs.twimg.com/profile_images/1198072933589143552/2fxjCDdv_normal.jpg",
        "profile_use_background_image": true,
        "friends_count": 208,
        "profile_banner_url": "https://pbs.twimg.com/profile_banners/702523295170764800/1568357578",
        "id": 702523295170764800,
        "statuses_count": 1131,
        "utc_offset": null,
        "follow_request_sent": null,
        "profile_background_tile": false,
        "profile_background_image_url_https": "",
        "profile_background_image_url": "",
        "profile_image_url_https": "https://pbs.twimg.com/profile_images/1198072933589143552/2fxjCDdv_normal.jpg",
        "url": null,
        "name": "Oggy Espinoza",
        "location": "Peru",
        "contributors_enabled": false,
        "created_at": "Wed Feb 24 15:59:40 +0000 2016",
        "time_zone": null,
        "profile_background_color": "F5F8FA",
        "id_str": "702523295170764800",
        "translator_type": "none",
        "lang": null,
        "following": null,
        "is_translator": false,
        "favourites_count": 7230,
        "protected": false,
        "default_profile": true,
        "default_profile_image": false,
        "description": "I am loving losing life... it’s a strange paradise...",
        "profile_link_color": "1DA1F2",
        "profile_sidebar_border_color": "C0DEED"
      },
      "id": 1217283243881443330,
      "in_reply_to_user_id_str": "3313603574",
      "retweeted": false,
      "id_str": "1217283243881443330",
      "filter_level": "low",
      "text": "@lucianolopez27 Si un juez constitucional puede expresar ese nivel de desacato a la constitución, que sistema de ju… https://t.co/EbQdRFhuVl",
      "favorited": false,
      "quote_count": 0,
      "in_reply_to_screen_name": "lucianolopez27",
      "created_at": "Wed Jan 15 03:11:56 +0000 2020",
      "place": null,
      "reply_count": 0,
      "in_reply_to_status_id_str": "1217277667881472000",
      "geo": null,
      "in_reply_to_status_id": 1217277667881472000,
      "lang": "es",
      "timestamp_ms": "1579057916027",
      "coordinates": null,
      "contributors": null,
      "in_reply_to_user_id": 3313603574
    },
    {
      "is_quote_status": false,
      "retweet_count": 0,
      "favorite_count": 0,
      "truncated": false,
      "source": "<a href=\"http://twitter.com/download/android\" rel=\"nofollow\">Twitter for Android</a>",
      "entities": {
        "symbols": [],
        "user_mentions": [
          {
            "indices": [
              3,
              13
            ],
            "id": 1884276475,
            "name": "Ernesto Alvarez",
            "screen_name": "LordJimjr",
            "id_str": "1884276475"
          }
        ],
        "hashtags": [],
        "urls": []
      },
      "user": {
        "geo_enabled": false,
        "verified": false,
        "profile_sidebar_fill_color": "DDEEF6",
        "listed_count": 8,
        "screen_name": "Robert_latino",
        "followers_count": 373,
        "notifications": null,
        "profile_text_color": "333333",
        "profile_image_url": "http://pbs.twimg.com/profile_images/344513261572232424/2a541556ced6c0023dbeea1af61ddf5f_normal.jpeg",
        "profile_use_background_image": true,
        "friends_count": 290,
        "id": 554843634,
        "statuses_count": 103968,
        "utc_offset": null,
        "follow_request_sent": null,
        "profile_background_tile": false,
        "profile_background_image_url_https": "https://abs.twimg.com/images/themes/theme1/bg.png",
        "profile_background_image_url": "http://abs.twimg.com/images/themes/theme1/bg.png",
        "profile_image_url_https": "https://pbs.twimg.com/profile_images/344513261572232424/2a541556ced6c0023dbeea1af61ddf5f_normal.jpeg",
        "url": null,
        "name": "Betoquike",
        "location": null,
        "contributors_enabled": false,
        "created_at": "Mon Apr 16 01:06:58 +0000 2012",
        "time_zone": null,
        "profile_background_color": "C0DEED",
        "id_str": "554843634",
        "translator_type": "none",
        "lang": null,
        "following": null,
        "is_translator": false,
        "favourites_count": 51459,
        "protected": false,
        "default_profile": true,
        "default_profile_image": false,
        "description": null,
        "profile_link_color": "1DA1F2",
        "profile_sidebar_border_color": "C0DEED"
      },
      "favorited": false,
      "id": 1217283247647969281,
      "in_reply_to_user_id_str": null,
      "retweeted": false,
      "id_str": "1217283247647969281",
      "filter_level": "low",
      "text": "RT @LordJimjr: \"Keiko Fujimori se burló de las normas para un provecho individual” JDP\n\nDada la gravedad de la pena que se espera, no debe…",
      "retweeted_status": {
        "is_quote_status": false,
        "display_text_range": [
          0,
          140
        ],
        "retweet_count": 44,
        "favorite_count": 82,
        "truncated": true,
        "source": "<a href=\"https://mobile.twitter.com\" rel=\"nofollow\">Twitter Web App</a>",
        "extended_tweet": {
          "entities": {
            "symbols": [],
            "user_mentions": [],
            "hashtags": [],
            "media": [
              {
                "expanded_url": "https://twitter.com/LordJimjr/status/1217192447958188032/photo/1",
                "display_url": "pic.twitter.com/BlOFin7ENw",
                "id": 1217192440685322247,
                "media_url": "http://pbs.twimg.com/media/EORWE2pW4Ac6yPY.jpg",
                "indices": [
                  280,
                  303
                ],
                "sizes": {
                  "small": {
                    "h": 425,
                    "resize": "fit",
                    "w": 680
                  },
                  "large": {
                    "h": 435,
                    "resize": "fit",
                    "w": 696
                  },
                  "thumb": {
                    "h": 150,
                    "resize": "crop",
                    "w": 150
                  },
                  "medium": {
                    "h": 435,
                    "resize": "fit",
                    "w": 696
                  }
                },
                "url": "https://t.co/BlOFin7ENw",
                "media_url_https": "https://pbs.twimg.com/media/EORWE2pW4Ac6yPY.jpg",
                "type": "photo",
                "id_str": "1217192440685322247"
              }
            ],
            "urls": []
          },
          "full_text": "\"Keiko Fujimori se burló de las normas para un provecho individual” JDP\n\nDada la gravedad de la pena que se espera, no debe olvidarse que siendo funcionaria pública, en el más alto cargo de nuestro país, como es ser congresista, recibió millones de dólares, de manera clandestina https://t.co/BlOFin7ENw",
          "extended_entities": {
            "media": [
              {
                "expanded_url": "https://twitter.com/LordJimjr/status/1217192447958188032/photo/1",
                "display_url": "pic.twitter.com/BlOFin7ENw",
                "id": 1217192440685322247,
                "media_url": "http://pbs.twimg.com/media/EORWE2pW4Ac6yPY.jpg",
                "indices": [
                  280,
                  303
                ],
                "sizes": {
                  "small": {
                    "h": 425,
                    "resize": "fit",
                    "w": 680
                  },
                  "large": {
                    "h": 435,
                    "resize": "fit",
                    "w": 696
                  },
                  "thumb": {
                    "h": 150,
                    "resize": "crop",
                    "w": 150
                  },
                  "medium": {
                    "h": 435,
                    "resize": "fit",
                    "w": 696
                  }
                },
                "url": "https://t.co/BlOFin7ENw",
                "media_url_https": "https://pbs.twimg.com/media/EORWE2pW4Ac6yPY.jpg",
                "type": "photo",
                "id_str": "1217192440685322247"
              }
            ]
          },
          "display_text_range": [
            0,
            279
          ]
        },
        "entities": {
          "symbols": [],
          "user_mentions": [],
          "hashtags": [],
          "urls": [
            {
              "expanded_url": "https://twitter.com/i/web/status/1217192447958188032",
              "display_url": "twitter.com/i/web/status/1…",
              "url": "https://t.co/dR6XHF9HUV",
              "indices": [
                117,
                140
              ]
            }
          ]
        },
        "user": {
          "geo_enabled": true,
          "verified": false,
          "profile_sidebar_fill_color": "DDEEF6",
          "listed_count": 56,
          "screen_name": "LordJimjr",
          "followers_count": 9071,
          "notifications": null,
          "profile_text_color": "333333",
          "profile_image_url": "http://pbs.twimg.com/profile_images/378800000483637419/d1b8e3b686a1dfdd0a8bac798213dbaa_normal.jpeg",
          "profile_use_background_image": true,
          "friends_count": 9817,
          "id": 1884276475,
          "statuses_count": 92658,
          "utc_offset": null,
          "follow_request_sent": null,
          "profile_background_tile": false,
          "profile_background_image_url_https": "https://abs.twimg.com/images/themes/theme1/bg.png",
          "profile_background_image_url": "http://abs.twimg.com/images/themes/theme1/bg.png",
          "profile_image_url_https": "https://pbs.twimg.com/profile_images/378800000483637419/d1b8e3b686a1dfdd0a8bac798213dbaa_normal.jpeg",
          "url": null,
          "name": "Ernesto Alvarez",
          "location": "Lima",
          "contributors_enabled": false,
          "created_at": "Thu Sep 19 20:07:47 +0000 2013",
          "time_zone": null,
          "profile_background_color": "C0DEED",
          "id_str": "1884276475",
          "translator_type": "none",
          "lang": null,
          "following": null,
          "is_translator": false,
          "favourites_count": 56313,
          "protected": false,
          "default_profile": true,
          "default_profile_image": false,
          "description": "Escritor",
          "profile_link_color": "1DA1F2",
          "profile_sidebar_border_color": "C0DEED"
        },
        "id": 1217192447958188032,
        "in_reply_to_user_id_str": null,
        "retweeted": false,
        "id_str": "1217192447958188032",
        "filter_level": "low",
        "text": "\"Keiko Fujimori se burló de las normas para un provecho individual” JDP\n\nDada la gravedad de la pena que se espera,… https://t.co/dR6XHF9HUV",
        "favorited": false,
        "quote_count": 1,
        "in_reply_to_screen_name": null,
        "created_at": "Tue Jan 14 21:11:08 +0000 2020",
        "place": null,
        "reply_count": 5,
        "possibly_sensitive": false,
        "in_reply_to_status_id_str": null,
        "geo": null,
        "in_reply_to_status_id": null,
        "lang": "es",
        "coordinates": null,
        "contributors": null,
        "in_reply_to_user_id": null
      },
      "quote_count": 0,
      "in_reply_to_screen_name": null,
      "created_at": "Wed Jan 15 03:11:56 +0000 2020",
      "place": null,
      "reply_count": 0,
      "in_reply_to_status_id_str": null,
      "geo": null,
      "in_reply_to_status_id": null,
      "lang": "es",
      "timestamp_ms": "1579057916925",
      "coordinates": null,
      "contributors": null,
      "in_reply_to_user_id": null
    },
    {
      "is_quote_status": false,
      "retweet_count": 0,
      "favorite_count": 0,
      "truncated": false,
      "source": "<a href=\"http://twitter.com/download/android\" rel=\"nofollow\">Twitter for Android</a>",
      "entities": {
        "symbols": [],
        "user_mentions": [
          {
            "indices": [
              3,
              19
            ],
            "id": 33321265,
            "name": "fernando muñoz",
            "screen_name": "fernandomunioz7",
            "id_str": "33321265"
          },
          {
            "indices": [
              63,
              77
            ],
            "id": 1003350317352804352,
            "name": "Giulliana Loza",
            "screen_name": "GiullianaLoza",
            "id_str": "1003350317352804352"
          }
        ],
        "hashtags": [],
        "urls": []
      },
      "user": {
        "geo_enabled": false,
        "verified": false,
        "profile_sidebar_fill_color": "DDEEF6",
        "listed_count": 0,
        "screen_name": "narnia1200hotm2",
        "followers_count": 62,
        "notifications": null,
        "profile_text_color": "333333",
        "profile_image_url": "http://abs.twimg.com/sticky/default_profile_images/default_profile_normal.png",
        "profile_use_background_image": true,
        "friends_count": 516,
        "id": 1197970549210779648,
        "statuses_count": 3168,
        "utc_offset": null,
        "follow_request_sent": null,
        "profile_background_tile": false,
        "profile_background_image_url_https": "",
        "profile_background_image_url": "",
        "profile_image_url_https": "https://abs.twimg.com/sticky/default_profile_images/default_profile_normal.png",
        "url": null,
        "name": "narnia1200@hotmail.com",
        "location": null,
        "contributors_enabled": false,
        "created_at": "Fri Nov 22 20:10:27 +0000 2019",
        "time_zone": null,
        "profile_background_color": "F5F8FA",
        "id_str": "1197970549210779648",
        "translator_type": "none",
        "lang": null,
        "following": null,
        "is_translator": false,
        "favourites_count": 3473,
        "protected": false,
        "default_profile": true,
        "default_profile_image": false,
        "description": "Liam",
        "profile_link_color": "1DA1F2",
        "profile_sidebar_border_color": "C0DEED"
      },
      "favorited": false,
      "id": 1217283254077853699,
      "in_reply_to_user_id_str": null,
      "retweeted": false,
      "id_str": "1217283254077853699",
      "filter_level": "low",
      "text": "RT @fernandomunioz7: El mismo juez Zúñiga le pide a la abogada @GiullianaLoza definición sobre arraigo familiar, que abogada no sabe respon…",
      "retweeted_status": {
        "is_quote_status": false,
        "retweet_count": 8,
        "favorite_count": 18,
        "truncated": true,
        "source": "<a href=\"http://twitter.com/download/android\" rel=\"nofollow\">Twitter for Android</a>",
        "extended_tweet": {
          "entities": {
            "symbols": [],
            "user_mentions": [
              {
                "indices": [
                  42,
                  56
                ],
                "id": 1003350317352804352,
                "name": "Giulliana Loza",
                "screen_name": "GiullianaLoza",
                "id_str": "1003350317352804352"
              }
            ],
            "hashtags": [],
            "urls": []
          },
          "full_text": "El mismo juez Zúñiga le pide a la abogada @GiullianaLoza definición sobre arraigo familiar, que abogada no sabe responder con certeza ante teoría fiscal de no haber priorizado su familia ante no declarar aportes por cliente Keiko Fujimori \nAcorralada abogada por Juez\nSin sustento",
          "display_text_range": [
            0,
            280
          ]
        },
        "entities": {
          "symbols": [],
          "user_mentions": [
            {
              "indices": [
                42,
                56
              ],
              "id": 1003350317352804352,
              "name": "Giulliana Loza",
              "screen_name": "GiullianaLoza",
              "id_str": "1003350317352804352"
            }
          ],
          "hashtags": [],
          "urls": [
            {
              "expanded_url": "https://twitter.com/i/web/status/1217233715933466624",
              "display_url": "twitter.com/i/web/status/1…",
              "url": "https://t.co/gXcajhxM89",
              "indices": [
                117,
                140
              ]
            }
          ]
        },
        "user": {
          "geo_enabled": true,
          "verified": false,
          "profile_sidebar_fill_color": "182340",
          "listed_count": 118,
          "screen_name": "fernandomunioz7",
          "followers_count": 3596,
          "notifications": null,
          "profile_text_color": "3A4A91",
          "profile_image_url": "http://pbs.twimg.com/profile_images/1014556434552512513/LECEUemY_normal.jpg",
          "profile_use_background_image": true,
          "friends_count": 4405,
          "profile_banner_url": "https://pbs.twimg.com/profile_banners/33321265/1568945774",
          "id": 33321265,
          "statuses_count": 198113,
          "utc_offset": null,
          "follow_request_sent": null,
          "profile_background_tile": true,
          "profile_background_image_url_https": "https://abs.twimg.com/images/themes/theme1/bg.png",
          "profile_background_image_url": "http://abs.twimg.com/images/themes/theme1/bg.png",
          "profile_image_url_https": "https://pbs.twimg.com/profile_images/1014556434552512513/LECEUemY_normal.jpg",
          "url": null,
          "name": "fernando muñoz",
          "location": "Worldwide - Peru",
          "contributors_enabled": false,
          "created_at": "Sun Apr 19 21:49:43 +0000 2009",
          "time_zone": null,
          "profile_background_color": "000000",
          "id_str": "33321265",
          "translator_type": "none",
          "lang": null,
          "following": null,
          "is_translator": false,
          "favourites_count": 82320,
          "protected": false,
          "default_profile": false,
          "default_profile_image": false,
          "description": "Female Fashion & Models Photographer -Agent -Ad Men & Marketing Worldwide / Peru http://instagram.com/fernandomunioz7 http://facebook.com/fernandomunioz7",
          "profile_link_color": "000044",
          "profile_sidebar_border_color": "000000"
        },
        "id": 1217233715933466624,
        "in_reply_to_user_id_str": null,
        "retweeted": false,
        "id_str": "1217233715933466624",
        "filter_level": "low",
        "text": "El mismo juez Zúñiga le pide a la abogada @GiullianaLoza definición sobre arraigo familiar, que abogada no sabe res… https://t.co/gXcajhxM89",
        "favorited": false,
        "quote_count": 0,
        "in_reply_to_screen_name": null,
        "created_at": "Tue Jan 14 23:55:07 +0000 2020",
        "place": {
          "place_type": "city",
          "full_name": "San Borja, Peru",
          "attributes": {},
          "url": "https://api.twitter.com/1.1/geo/id/0142981624862aa5.json",
          "name": "San Borja",
          "country_code": "PE",
          "country": "Peru",
          "id": "0142981624862aa5",
          "bounding_box": {
            "coordinates": [
              [
                [
                  -77.009464,
                  -12.113876
                ],
                [
                  -77.009464,
                  -12.079572
                ],
                [
                  -76.97544,
                  -12.079572
                ],
                [
                  -76.97544,
                  -12.113876
                ]
              ]
            ],
            "type": "Polygon"
          }
        },
        "reply_count": 1,
        "in_reply_to_status_id_str": null,
        "geo": null,
        "in_reply_to_status_id": null,
        "lang": "es",
        "coordinates": null,
        "contributors": null,
        "in_reply_to_user_id": null
      },
      "quote_count": 0,
      "in_reply_to_screen_name": null,
      "created_at": "Wed Jan 15 03:11:58 +0000 2020",
      "place": null,
      "reply_count": 0,
      "in_reply_to_status_id_str": null,
      "geo": null,
      "in_reply_to_status_id": null,
      "lang": "es",
      "timestamp_ms": "1579057918458",
      "coordinates": null,
      "contributors": null,
      "in_reply_to_user_id": null
    },
    {
      "is_quote_status": false,
      "retweet_count": 0,
      "favorite_count": 0,
      "truncated": false,
      "source": "<a href=\"http://twitter.com/download/iphone\" rel=\"nofollow\">Twitter for iPhone</a>",
      "entities": {
        "symbols": [],
        "user_mentions": [
          {
            "indices": [
              3,
              13
            ],
            "id": 1884276475,
            "name": "Ernesto Alvarez",
            "screen_name": "LordJimjr",
            "id_str": "1884276475"
          }
        ],
        "hashtags": [],
        "urls": []
      },
      "user": {
        "geo_enabled": false,
        "verified": false,
        "profile_sidebar_fill_color": "DDEEF6",
        "listed_count": 24,
        "screen_name": "gizlaine2",
        "followers_count": 736,
        "notifications": null,
        "profile_text_color": "333333",
        "profile_image_url": "http://pbs.twimg.com/profile_images/633130013299077120/Phs7nO8E_normal.jpg",
        "profile_use_background_image": true,
        "friends_count": 299,
        "id": 3427382968,
        "statuses_count": 291900,
        "utc_offset": null,
        "follow_request_sent": null,
        "profile_background_tile": false,
        "profile_background_image_url_https": "https://abs.twimg.com/images/themes/theme1/bg.png",
        "profile_background_image_url": "http://abs.twimg.com/images/themes/theme1/bg.png",
        "profile_image_url_https": "https://pbs.twimg.com/profile_images/633130013299077120/Phs7nO8E_normal.jpg",
        "url": null,
        "name": "Gizlaine",
        "location": null,
        "contributors_enabled": false,
        "created_at": "Mon Aug 17 04:12:31 +0000 2015",
        "time_zone": null,
        "profile_background_color": "C0DEED",
        "id_str": "3427382968",
        "translator_type": "none",
        "lang": null,
        "following": null,
        "is_translator": false,
        "favourites_count": 69819,
        "protected": false,
        "default_profile": true,
        "default_profile_image": false,
        "description": null,
        "profile_link_color": "1DA1F2",
        "profile_sidebar_border_color": "C0DEED"
      },
      "favorited": false,
      "id": 1217283258800660480,
      "in_reply_to_user_id_str": null,
      "retweeted": false,
      "id_str": "1217283258800660480",
      "filter_level": "low",
      "text": "RT @LordJimjr: \"Keiko Fujimori se burló de las normas para un provecho individual” JDP\n\nDada la gravedad de la pena que se espera, no debe…",
      "retweeted_status": {
        "is_quote_status": false,
        "display_text_range": [
          0,
          140
        ],
        "retweet_count": 45,
        "favorite_count": 82,
        "truncated": true,
        "source": "<a href=\"https://mobile.twitter.com\" rel=\"nofollow\">Twitter Web App</a>",
        "extended_tweet": {
          "entities": {
            "symbols": [],
            "user_mentions": [],
            "hashtags": [],
            "media": [
              {
                "expanded_url": "https://twitter.com/LordJimjr/status/1217192447958188032/photo/1",
                "display_url": "pic.twitter.com/BlOFin7ENw",
                "id": 1217192440685322247,
                "media_url": "http://pbs.twimg.com/media/EORWE2pW4Ac6yPY.jpg",
                "indices": [
                  280,
                  303
                ],
                "sizes": {
                  "small": {
                    "h": 425,
                    "resize": "fit",
                    "w": 680
                  },
                  "large": {
                    "h": 435,
                    "resize": "fit",
                    "w": 696
                  },
                  "thumb": {
                    "h": 150,
                    "resize": "crop",
                    "w": 150
                  },
                  "medium": {
                    "h": 435,
                    "resize": "fit",
                    "w": 696
                  }
                },
                "url": "https://t.co/BlOFin7ENw",
                "media_url_https": "https://pbs.twimg.com/media/EORWE2pW4Ac6yPY.jpg",
                "type": "photo",
                "id_str": "1217192440685322247"
              }
            ],
            "urls": []
          },
          "full_text": "\"Keiko Fujimori se burló de las normas para un provecho individual” JDP\n\nDada la gravedad de la pena que se espera, no debe olvidarse que siendo funcionaria pública, en el más alto cargo de nuestro país, como es ser congresista, recibió millones de dólares, de manera clandestina https://t.co/BlOFin7ENw",
          "extended_entities": {
            "media": [
              {
                "expanded_url": "https://twitter.com/LordJimjr/status/1217192447958188032/photo/1",
                "display_url": "pic.twitter.com/BlOFin7ENw",
                "id": 1217192440685322247,
                "media_url": "http://pbs.twimg.com/media/EORWE2pW4Ac6yPY.jpg",
                "indices": [
                  280,
                  303
                ],
                "sizes": {
                  "small": {
                    "h": 425,
                    "resize": "fit",
                    "w": 680
                  },
                  "large": {
                    "h": 435,
                    "resize": "fit",
                    "w": 696
                  },
                  "thumb": {
                    "h": 150,
                    "resize": "crop",
                    "w": 150
                  },
                  "medium": {
                    "h": 435,
                    "resize": "fit",
                    "w": 696
                  }
                },
                "url": "https://t.co/BlOFin7ENw",
                "media_url_https": "https://pbs.twimg.com/media/EORWE2pW4Ac6yPY.jpg",
                "type": "photo",
                "id_str": "1217192440685322247"
              }
            ]
          },
          "display_text_range": [
            0,
            279
          ]
        },
        "entities": {
          "symbols": [],
          "user_mentions": [],
          "hashtags": [],
          "urls": [
            {
              "expanded_url": "https://twitter.com/i/web/status/1217192447958188032",
              "display_url": "twitter.com/i/web/status/1…",
              "url": "https://t.co/dR6XHF9HUV",
              "indices": [
                117,
                140
              ]
            }
          ]
        },
        "user": {
          "geo_enabled": true,
          "verified": false,
          "profile_sidebar_fill_color": "DDEEF6",
          "listed_count": 56,
          "screen_name": "LordJimjr",
          "followers_count": 9071,
          "notifications": null,
          "profile_text_color": "333333",
          "profile_image_url": "http://pbs.twimg.com/profile_images/378800000483637419/d1b8e3b686a1dfdd0a8bac798213dbaa_normal.jpeg",
          "profile_use_background_image": true,
          "friends_count": 9817,
          "id": 1884276475,
          "statuses_count": 92658,
          "utc_offset": null,
          "follow_request_sent": null,
          "profile_background_tile": false,
          "profile_background_image_url_https": "https://abs.twimg.com/images/themes/theme1/bg.png",
          "profile_background_image_url": "http://abs.twimg.com/images/themes/theme1/bg.png",
          "profile_image_url_https": "https://pbs.twimg.com/profile_images/378800000483637419/d1b8e3b686a1dfdd0a8bac798213dbaa_normal.jpeg",
          "url": null,
          "name": "Ernesto Alvarez",
          "location": "Lima",
          "contributors_enabled": false,
          "created_at": "Thu Sep 19 20:07:47 +0000 2013",
          "time_zone": null,
          "profile_background_color": "C0DEED",
          "id_str": "1884276475",
          "translator_type": "none",
          "lang": null,
          "following": null,
          "is_translator": false,
          "favourites_count": 56313,
          "protected": false,
          "default_profile": true,
          "default_profile_image": false,
          "description": "Escritor",
          "profile_link_color": "1DA1F2",
          "profile_sidebar_border_color": "C0DEED"
        },
        "id": 1217192447958188032,
        "in_reply_to_user_id_str": null,
        "retweeted": false,
        "id_str": "1217192447958188032",
        "filter_level": "low",
        "text": "\"Keiko Fujimori se burló de las normas para un provecho individual” JDP\n\nDada la gravedad de la pena que se espera,… https://t.co/dR6XHF9HUV",
        "favorited": false,
        "quote_count": 1,
        "in_reply_to_screen_name": null,
        "created_at": "Tue Jan 14 21:11:08 +0000 2020",
        "place": null,
        "reply_count": 5,
        "possibly_sensitive": false,
        "in_reply_to_status_id_str": null,
        "geo": null,
        "in_reply_to_status_id": null,
        "lang": "es",
        "coordinates": null,
        "contributors": null,
        "in_reply_to_user_id": null
      },
      "quote_count": 0,
      "in_reply_to_screen_name": null,
      "created_at": "Wed Jan 15 03:11:59 +0000 2020",
      "place": null,
      "reply_count": 0,
      "in_reply_to_status_id_str": null,
      "geo": null,
      "in_reply_to_status_id": null,
      "lang": "es",
      "timestamp_ms": "1579057919584",
      "coordinates": null,
      "contributors": null,
      "in_reply_to_user_id": null
    },
    {
      "is_quote_status": false,
      "display_text_range": [
        13,
        127
      ],
      "retweet_count": 0,
      "favorite_count": 0,
      "truncated": false,
      "source": "<a href=\"http://twitter.com/download/android\" rel=\"nofollow\">Twitter for Android</a>",
      "entities": {
        "symbols": [],
        "user_mentions": [
          {
            "indices": [
              0,
              12
            ],
            "id": 54044060,
            "name": "Ideeleradio",
            "screen_name": "ideeleradio",
            "id_str": "54044060"
          },
          {
            "indices": [
              13,
              27
            ],
            "id": 53189543,
            "name": "Keiko Fujimori",
            "screen_name": "KeikoFujimori",
            "id_str": "53189543"
          }
        ],
        "hashtags": [
          {
            "text": "fujimorismonuncamas",
            "indices": [
              107,
              127
            ]
          }
        ],
        "urls": []
      },
      "user": {
        "geo_enabled": true,
        "verified": false,
        "profile_sidebar_fill_color": "EFEFEF",
        "listed_count": 11,
        "screen_name": "DOHKO84",
        "followers_count": 695,
        "notifications": null,
        "profile_text_color": "333333",
        "profile_image_url": "http://pbs.twimg.com/profile_images/1156134163138744327/szGv1Oqe_normal.jpg",
        "profile_use_background_image": true,
        "friends_count": 4993,
        "profile_banner_url": "https://pbs.twimg.com/profile_banners/93681926/1410413865",
        "id": 93681926,
        "statuses_count": 64278,
        "utc_offset": null,
        "follow_request_sent": null,
        "profile_background_tile": true,
        "profile_background_image_url_https": "https://abs.twimg.com/images/themes/theme1/bg.png",
        "profile_background_image_url": "http://abs.twimg.com/images/themes/theme1/bg.png",
        "profile_image_url_https": "https://pbs.twimg.com/profile_images/1156134163138744327/szGv1Oqe_normal.jpg",
        "url": "https://www.facebook.com/roman.rivasveldi",
        "name": "ROMAN RIVAS",
        "location": "LIMA,PERU",
        "contributors_enabled": false,
        "created_at": "Mon Nov 30 18:11:36 +0000 2009",
        "time_zone": null,
        "profile_background_color": "131516",
        "id_str": "93681926",
        "translator_type": "none",
        "lang": null,
        "following": null,
        "is_translator": false,
        "favourites_count": 36789,
        "protected": false,
        "default_profile": false,
        "default_profile_image": false,
        "description": null,
        "profile_link_color": "ABB8C2",
        "profile_sidebar_border_color": "FFFFFF"
      },
      "id": 1217283316799492099,
      "in_reply_to_user_id_str": "54044060",
      "retweeted": false,
      "id_str": "1217283316799492099",
      "filter_level": "low",
      "text": "@ideeleradio @KeikoFujimori y su gente de mierda van a caer y terminar en la cárcel más temprano que tarde #fujimorismonuncamas",
      "favorited": false,
      "quote_count": 0,
      "in_reply_to_screen_name": "ideeleradio",
      "created_at": "Wed Jan 15 03:12:13 +0000 2020",
      "place": {
        "place_type": "city",
        "full_name": "Ate, Peru",
        "attributes": {},
        "url": "https://api.twitter.com/1.1/geo/id/0169e8f30556416d.json",
        "name": "Ate",
        "country_code": "PE",
        "country": "Peru",
        "id": "0169e8f30556416d",
        "bounding_box": {
          "coordinates": [
            [
              [
                -76.997723,
                -12.087732
              ],
              [
                -76.997723,
                -11.99347
              ],
              [
                -76.783777,
                -11.99347
              ],
              [
                -76.783777,
                -12.087732
              ]
            ]
          ],
          "type": "Polygon"
        }
      },
      "reply_count": 0,
      "in_reply_to_status_id_str": "1217228929930448896",
      "geo": null,
      "in_reply_to_status_id": 1217228929930448896,
      "lang": "es",
      "timestamp_ms": "1579057933412",
      "coordinates": null,
      "contributors": null,
      "in_reply_to_user_id": 54044060
    },
    {
      "is_quote_status": false,
      "retweet_count": 0,
      "favorite_count": 0,
      "truncated": false,
      "source": "<a href=\"http://twitter.com/download/android\" rel=\"nofollow\">Twitter for Android</a>",
      "entities": {
        "symbols": [],
        "user_mentions": [
          {
            "indices": [
              3,
              11
            ],
            "id": 227538236,
            "name": "ulises humala tasso",
            "screen_name": "uhumala",
            "id_str": "227538236"
          }
        ],
        "hashtags": [],
        "urls": []
      },
      "user": {
        "geo_enabled": false,
        "verified": false,
        "profile_sidebar_fill_color": "FFF7CC",
        "listed_count": 2,
        "screen_name": "PieriPilCa",
        "followers_count": 307,
        "notifications": null,
        "profile_text_color": "0C3E53",
        "profile_image_url": "http://pbs.twimg.com/profile_images/878671349727801344/MbEVOuDg_normal.jpg",
        "profile_use_background_image": true,
        "friends_count": 209,
        "profile_banner_url": "https://pbs.twimg.com/profile_banners/342685687/1531078777",
        "id": 342685687,
        "statuses_count": 17671,
        "utc_offset": null,
        "follow_request_sent": null,
        "profile_background_tile": false,
        "profile_background_image_url_https": "https://abs.twimg.com/images/themes/theme12/bg.gif",
        "profile_background_image_url": "http://abs.twimg.com/images/themes/theme12/bg.gif",
        "profile_image_url_https": "https://pbs.twimg.com/profile_images/878671349727801344/MbEVOuDg_normal.jpg",
        "url": null,
        "name": "Pierangela Pilotto",
        "location": "Perú",
        "contributors_enabled": false,
        "created_at": "Tue Jul 26 12:26:51 +0000 2011",
        "time_zone": null,
        "profile_background_color": "BADFCD",
        "id_str": "342685687",
        "translator_type": "none",
        "lang": null,
        "following": null,
        "is_translator": false,
        "favourites_count": 15954,
        "protected": false,
        "default_profile": false,
        "default_profile_image": false,
        "description": "Especialista en relaciones comunitarias, negociación y responsabilidad social",
        "profile_link_color": "FF0000",
        "profile_sidebar_border_color": "F2E195"
      },
      "favorited": false,
      "id": 1217283322776297475,
      "in_reply_to_user_id_str": null,
      "retweeted": false,
      "id_str": "1217283322776297475",
      "filter_level": "low",
      "text": "RT @uhumala: Mutatis mutandis, si Keiko hubiera sido presidente y hubiera apelado a la figura de la denegación fáctica para disolver el con…",
      "retweeted_status": {
        "is_quote_status": false,
        "retweet_count": 155,
        "favorite_count": 333,
        "truncated": true,
        "source": "<a href=\"http://twitter.com/download/iphone\" rel=\"nofollow\">Twitter for iPhone</a>",
        "extended_tweet": {
          "entities": {
            "symbols": [],
            "user_mentions": [],
            "hashtags": [],
            "urls": []
          },
          "full_text": "Mutatis mutandis, si Keiko hubiera sido presidente y hubiera apelado a la figura de la denegación fáctica para disolver el congreso, es evidente que la decisión del TC habría sido al revés y en vez de darle la razón al ejecutivo se la habrían dado al congreso. República bananera.",
          "display_text_range": [
            0,
            280
          ]
        },
        "entities": {
          "symbols": [],
          "user_mentions": [],
          "hashtags": [],
          "urls": [
            {
              "expanded_url": "https://twitter.com/i/web/status/1217144097640763393",
              "display_url": "twitter.com/i/web/status/1…",
              "url": "https://t.co/2ZyAOErtXQ",
              "indices": [
                117,
                140
              ]
            }
          ]
        },
        "user": {
          "geo_enabled": true,
          "verified": false,
          "profile_sidebar_fill_color": "DDEEF6",
          "listed_count": 0,
          "screen_name": "uhumala",
          "followers_count": 864,
          "notifications": null,
          "profile_text_color": "333333",
          "profile_image_url": "http://pbs.twimg.com/profile_images/378800000158092794/6ccc4d9223d89100e053a0f782bafb25_normal.jpeg",
          "profile_use_background_image": true,
          "friends_count": 303,
          "id": 227538236,
          "statuses_count": 890,
          "utc_offset": null,
          "follow_request_sent": null,
          "profile_background_tile": false,
          "profile_background_image_url_https": "https://abs.twimg.com/images/themes/theme1/bg.png",
          "profile_background_image_url": "http://abs.twimg.com/images/themes/theme1/bg.png",
          "profile_image_url_https": "https://pbs.twimg.com/profile_images/378800000158092794/6ccc4d9223d89100e053a0f782bafb25_normal.jpeg",
          "url": null,
          "name": "ulises humala tasso",
          "location": "Lima Peru",
          "contributors_enabled": false,
          "created_at": "Fri Dec 17 02:58:50 +0000 2010",
          "time_zone": null,
          "profile_background_color": "C0DEED",
          "id_str": "227538236",
          "translator_type": "none",
          "lang": null,
          "following": null,
          "is_translator": false,
          "favourites_count": 7583,
          "protected": false,
          "default_profile": true,
          "default_profile_image": false,
          "description": null,
          "profile_link_color": "1DA1F2",
          "profile_sidebar_border_color": "C0DEED"
        },
        "id": 1217144097640763393,
        "in_reply_to_user_id_str": null,
        "retweeted": false,
        "id_str": "1217144097640763393",
        "filter_level": "low",
        "text": "Mutatis mutandis, si Keiko hubiera sido presidente y hubiera apelado a la figura de la denegación fáctica para diso… https://t.co/2ZyAOErtXQ",
        "favorited": false,
        "quote_count": 11,
        "in_reply_to_screen_name": null,
        "created_at": "Tue Jan 14 17:59:00 +0000 2020",
        "place": null,
        "reply_count": 35,
        "in_reply_to_status_id_str": null,
        "geo": null,
        "in_reply_to_status_id": null,
        "lang": "es",
        "coordinates": null,
        "contributors": null,
        "in_reply_to_user_id": null
      },
      "quote_count": 0,
      "in_reply_to_screen_name": null,
      "created_at": "Wed Jan 15 03:12:14 +0000 2020",
      "place": null,
      "reply_count": 0,
      "in_reply_to_status_id_str": null,
      "geo": null,
      "in_reply_to_status_id": null,
      "lang": "es",
      "timestamp_ms": "1579057934837",
      "coordinates": null,
      "contributors": null,
      "in_reply_to_user_id": null
    },
    {
      "is_quote_status": false,
      "retweet_count": 0,
      "favorite_count": 0,
      "truncated": false,
      "source": "<a href=\"http://twitter.com/download/iphone\" rel=\"nofollow\">Twitter for iPhone</a>",
      "extended_entities": {
        "media": [
          {
            "expanded_url": "https://twitter.com/uterope/status/1217185315389091840/photo/1",
            "source_user_id": 14165101,
            "url": "https://t.co/FXu8aF7VPs",
            "media_url": "http://pbs.twimg.com/media/EORPlh2WkAA8FHk.png",
            "indices": [
              100,
              123
            ],
            "sizes": {
              "small": {
                "h": 383,
                "resize": "fit",
                "w": 680
              },
              "large": {
                "h": 450,
                "resize": "fit",
                "w": 800
              },
              "thumb": {
                "h": 150,
                "resize": "crop",
                "w": 150
              },
              "medium": {
                "h": 450,
                "resize": "fit",
                "w": 800
              }
            },
            "source_status_id": 1217185315389091840,
            "type": "photo",
            "display_url": "pic.twitter.com/FXu8aF7VPs",
            "id": 1217185305456971776,
            "source_user_id_str": "14165101",
            "media_url_https": "https://pbs.twimg.com/media/EORPlh2WkAA8FHk.png",
            "id_str": "1217185305456971776",
            "source_status_id_str": "1217185315389091840"
          }
        ]
      },
      "entities": {
        "symbols": [],
        "user_mentions": [
          {
            "indices": [
              3,
              11
            ],
            "id": 14165101,
            "name": "Útero.Pe",
            "screen_name": "uterope",
            "id_str": "14165101"
          }
        ],
        "hashtags": [],
        "media": [
          {
            "expanded_url": "https://twitter.com/uterope/status/1217185315389091840/photo/1",
            "source_user_id": 14165101,
            "url": "https://t.co/FXu8aF7VPs",
            "media_url": "http://pbs.twimg.com/media/EORPlh2WkAA8FHk.png",
            "indices": [
              100,
              123
            ],
            "sizes": {
              "small": {
                "h": 383,
                "resize": "fit",
                "w": 680
              },
              "large": {
                "h": 450,
                "resize": "fit",
                "w": 800
              },
              "thumb": {
                "h": 150,
                "resize": "crop",
                "w": 150
              },
              "medium": {
                "h": 450,
                "resize": "fit",
                "w": 800
              }
            },
            "source_status_id": 1217185315389091840,
            "type": "photo",
            "display_url": "pic.twitter.com/FXu8aF7VPs",
            "id": 1217185305456971776,
            "source_user_id_str": "14165101",
            "media_url_https": "https://pbs.twimg.com/media/EORPlh2WkAA8FHk.png",
            "id_str": "1217185305456971776",
            "source_status_id_str": "1217185315389091840"
          }
        ],
        "urls": [
          {
            "expanded_url": "http://utero.pe/2020/01/14/tenemos-nuevas-pruebas-de-que-keiko-siempre-fue-la-candidata-de-los-ricos/",
            "display_url": "utero.pe/2020/01/14/ten…",
            "url": "https://t.co/C3UV0QUszN",
            "indices": [
              76,
              99
            ]
          }
        ]
      },
      "user": {
        "geo_enabled": false,
        "verified": false,
        "profile_sidebar_fill_color": "DDEEF6",
        "listed_count": 24,
        "screen_name": "gizlaine2",
        "followers_count": 736,
        "notifications": null,
        "profile_text_color": "333333",
        "profile_image_url": "http://pbs.twimg.com/profile_images/633130013299077120/Phs7nO8E_normal.jpg",
        "profile_use_background_image": true,
        "friends_count": 299,
        "id": 3427382968,
        "statuses_count": 291901,
        "utc_offset": null,
        "follow_request_sent": null,
        "profile_background_tile": false,
        "profile_background_image_url_https": "https://abs.twimg.com/images/themes/theme1/bg.png",
        "profile_background_image_url": "http://abs.twimg.com/images/themes/theme1/bg.png",
        "profile_image_url_https": "https://pbs.twimg.com/profile_images/633130013299077120/Phs7nO8E_normal.jpg",
        "url": null,
        "name": "Gizlaine",
        "location": null,
        "contributors_enabled": false,
        "created_at": "Mon Aug 17 04:12:31 +0000 2015",
        "time_zone": null,
        "profile_background_color": "C0DEED",
        "id_str": "3427382968",
        "translator_type": "none",
        "lang": null,
        "following": null,
        "is_translator": false,
        "favourites_count": 69819,
        "protected": false,
        "default_profile": true,
        "default_profile_image": false,
        "description": null,
        "profile_link_color": "1DA1F2",
        "profile_sidebar_border_color": "C0DEED"
      },
      "favorited": false,
      "id": 1217283328925216770,
      "in_reply_to_user_id_str": null,
      "retweeted": false,
      "id_str": "1217283328925216770",
      "filter_level": "low",
      "text": "RT @uterope: 🚨 el fujimorismo no quería morder la mano que le daba de comer https://t.co/C3UV0QUszN https://t.co/FXu8aF7VPs",
      "retweeted_status": {
        "is_quote_status": false,
        "display_text_range": [
          0,
          86
        ],
        "retweet_count": 16,
        "favorite_count": 40,
        "truncated": false,
        "source": "<a href=\"https://mobile.twitter.com\" rel=\"nofollow\">Twitter Web App</a>",
        "extended_entities": {
          "media": [
            {
              "expanded_url": "https://twitter.com/uterope/status/1217185315389091840/photo/1",
              "display_url": "pic.twitter.com/FXu8aF7VPs",
              "id": 1217185305456971776,
              "media_url": "http://pbs.twimg.com/media/EORPlh2WkAA8FHk.png",
              "indices": [
                87,
                110
              ],
              "sizes": {
                "small": {
                  "h": 383,
                  "resize": "fit",
                  "w": 680
                },
                "large": {
                  "h": 450,
                  "resize": "fit",
                  "w": 800
                },
                "thumb": {
                  "h": 150,
                  "resize": "crop",
                  "w": 150
                },
                "medium": {
                  "h": 450,
                  "resize": "fit",
                  "w": 800
                }
              },
              "url": "https://t.co/FXu8aF7VPs",
              "media_url_https": "https://pbs.twimg.com/media/EORPlh2WkAA8FHk.png",
              "type": "photo",
              "id_str": "1217185305456971776"
            }
          ]
        },
        "entities": {
          "symbols": [],
          "user_mentions": [],
          "hashtags": [],
          "media": [
            {
              "expanded_url": "https://twitter.com/uterope/status/1217185315389091840/photo/1",
              "display_url": "pic.twitter.com/FXu8aF7VPs",
              "id": 1217185305456971776,
              "media_url": "http://pbs.twimg.com/media/EORPlh2WkAA8FHk.png",
              "indices": [
                87,
                110
              ],
              "sizes": {
                "small": {
                  "h": 383,
                  "resize": "fit",
                  "w": 680
                },
                "large": {
                  "h": 450,
                  "resize": "fit",
                  "w": 800
                },
                "thumb": {
                  "h": 150,
                  "resize": "crop",
                  "w": 150
                },
                "medium": {
                  "h": 450,
                  "resize": "fit",
                  "w": 800
                }
              },
              "url": "https://t.co/FXu8aF7VPs",
              "media_url_https": "https://pbs.twimg.com/media/EORPlh2WkAA8FHk.png",
              "type": "photo",
              "id_str": "1217185305456971776"
            }
          ],
          "urls": [
            {
              "expanded_url": "http://utero.pe/2020/01/14/tenemos-nuevas-pruebas-de-que-keiko-siempre-fue-la-candidata-de-los-ricos/",
              "display_url": "utero.pe/2020/01/14/ten…",
              "url": "https://t.co/C3UV0QUszN",
              "indices": [
                63,
                86
              ]
            }
          ]
        },
        "user": {
          "geo_enabled": true,
          "verified": false,
          "profile_sidebar_fill_color": "A0C5C7",
          "listed_count": 1616,
          "screen_name": "uterope",
          "followers_count": 1317706,
          "notifications": null,
          "profile_text_color": "333333",
          "profile_image_url": "http://pbs.twimg.com/profile_images/496559927486185472/woZN-VBh_normal.png",
          "profile_use_background_image": true,
          "friends_count": 1156,
          "profile_banner_url": "https://pbs.twimg.com/profile_banners/14165101/1561488572",
          "id": 14165101,
          "statuses_count": 153170,
          "utc_offset": null,
          "follow_request_sent": null,
          "profile_background_tile": false,
          "profile_background_image_url_https": "https://abs.twimg.com/images/themes/theme6/bg.gif",
          "profile_background_image_url": "http://abs.twimg.com/images/themes/theme6/bg.gif",
          "profile_image_url_https": "https://pbs.twimg.com/profile_images/496559927486185472/woZN-VBh_normal.png",
          "url": "http://www.utero.pe",
          "name": "Útero.Pe",
          "location": "Perú",
          "contributors_enabled": false,
          "created_at": "Mon Mar 17 19:03:55 +0000 2008",
          "time_zone": null,
          "profile_background_color": "709397",
          "id_str": "14165101",
          "translator_type": "none",
          "lang": null,
          "following": null,
          "is_translator": false,
          "favourites_count": 988,
          "protected": false,
          "default_profile": false,
          "default_profile_image": false,
          "description": "Periodismo disfrazado de webeo. Para que te informes mientras webeas.",
          "profile_link_color": "FF3300",
          "profile_sidebar_border_color": "FFFFFF"
        },
        "id": 1217185315389091840,
        "in_reply_to_user_id_str": null,
        "retweeted": false,
        "id_str": "1217185315389091840",
        "filter_level": "low",
        "text": "🚨 el fujimorismo no quería morder la mano que le daba de comer https://t.co/C3UV0QUszN https://t.co/FXu8aF7VPs",
        "favorited": false,
        "quote_count": 0,
        "in_reply_to_screen_name": null,
        "created_at": "Tue Jan 14 20:42:48 +0000 2020",
        "place": null,
        "reply_count": 1,
        "possibly_sensitive": false,
        "in_reply_to_status_id_str": null,
        "geo": null,
        "in_reply_to_status_id": null,
        "lang": "es",
        "coordinates": null,
        "contributors": null,
        "in_reply_to_user_id": null
      },
      "quote_count": 0,
      "in_reply_to_screen_name": null,
      "created_at": "Wed Jan 15 03:12:16 +0000 2020",
      "place": null,
      "reply_count": 0,
      "possibly_sensitive": false,
      "in_reply_to_status_id_str": null,
      "geo": null,
      "in_reply_to_status_id": null,
      "lang": "es",
      "timestamp_ms": "1579057936303",
      "coordinates": null,
      "contributors": null,
      "in_reply_to_user_id": null
    },
    {
      "is_quote_status": false,
      "retweet_count": 0,
      "favorite_count": 0,
      "truncated": false,
      "source": "<a href=\"http://twitter.com/download/android\" rel=\"nofollow\">Twitter for Android</a>",
      "entities": {
        "symbols": [],
        "user_mentions": [
          {
            "indices": [
              3,
              11
            ],
            "id": 248692867,
            "name": "Canal N",
            "screen_name": "canalN_",
            "id_str": "248692867"
          }
        ],
        "hashtags": [],
        "urls": []
      },
      "user": {
        "geo_enabled": false,
        "verified": false,
        "profile_sidebar_fill_color": "DDEEF6",
        "listed_count": 0,
        "screen_name": "Hector68531843",
        "followers_count": 7,
        "notifications": null,
        "profile_text_color": "333333",
        "profile_image_url": "http://abs.twimg.com/sticky/default_profile_images/default_profile_normal.png",
        "profile_use_background_image": true,
        "friends_count": 129,
        "id": 870608791871660032,
        "statuses_count": 12,
        "utc_offset": null,
        "follow_request_sent": null,
        "profile_background_tile": false,
        "profile_background_image_url_https": "",
        "profile_background_image_url": "",
        "profile_image_url_https": "https://abs.twimg.com/sticky/default_profile_images/default_profile_normal.png",
        "url": null,
        "name": "Hector",
        "location": null,
        "contributors_enabled": false,
        "created_at": "Fri Jun 02 11:51:25 +0000 2017",
        "time_zone": null,
        "profile_background_color": "F5F8FA",
        "id_str": "870608791871660032",
        "translator_type": "none",
        "lang": null,
        "following": null,
        "is_translator": false,
        "favourites_count": 7,
        "protected": false,
        "default_profile": true,
        "default_profile_image": false,
        "description": null,
        "profile_link_color": "1DA1F2",
        "profile_sidebar_border_color": "C0DEED"
      },
      "favorited": false,
      "id": 1217283349686968322,
      "in_reply_to_user_id_str": null,
      "retweeted": false,
      "id_str": "1217283349686968322",
      "filter_level": "low",
      "text": "RT @canalN_: [LO ÚLTIMO] Fiscal Pérez: \"El Estado no puede garantizar que Keiko Fujimori no se fugará porque ha demostrado que la protecció…",
      "retweeted_status": {
        "is_quote_status": false,
        "display_text_range": [
          0,
          140
        ],
        "retweet_count": 511,
        "favorite_count": 1681,
        "truncated": true,
        "source": "<a href=\"https://www.hootsuite.com\" rel=\"nofollow\">Hootsuite Inc.</a>",
        "extended_tweet": {
          "entities": {
            "symbols": [],
            "user_mentions": [],
            "hashtags": [],
            "media": [
              {
                "expanded_url": "https://twitter.com/canalN_/status/1217089413353701376/video/1",
                "url": "https://t.co/jN68woNvTO",
                "media_url": "http://pbs.twimg.com/ext_tw_video_thumb/1217089316691812353/pu/img/nsDnZQV9IB1WKu20.jpg",
                "indices": [
                  225,
                  248
                ],
                "sizes": {
                  "small": {
                    "h": 360,
                    "resize": "fit",
                    "w": 640
                  },
                  "large": {
                    "h": 360,
                    "resize": "fit",
                    "w": 640
                  },
                  "thumb": {
                    "h": 150,
                    "resize": "crop",
                    "w": 150
                  },
                  "medium": {
                    "h": 360,
                    "resize": "fit",
                    "w": 640
                  }
                },
                "type": "video",
                "display_url": "pic.twitter.com/jN68woNvTO",
                "id": 1217089316691812353,
                "video_info": {
                  "duration_millis": 55016,
                  "variants": [
                    {
                      "url": "https://video.twimg.com/ext_tw_video/1217089316691812353/pu/vid/480x270/bl9NHunmO8FDKcw-.mp4?tag=10",
                      "content_type": "video/mp4",
                      "bitrate": 256000
                    },
                    {
                      "url": "https://video.twimg.com/ext_tw_video/1217089316691812353/pu/vid/640x360/R2YwWeMnYvK_HgIP.mp4?tag=10",
                      "content_type": "video/mp4",
                      "bitrate": 832000
                    },
                    {
                      "content_type": "application/x-mpegURL",
                      "url": "https://video.twimg.com/ext_tw_video/1217089316691812353/pu/pl/LT_kSWR5-IRGjvdk.m3u8?tag=10"
                    }
                  ],
                  "aspect_ratio": [
                    16,
                    9
                  ]
                },
                "additional_media_info": {
                  "monetizable": false
                },
                "id_str": "1217089316691812353",
                "media_url_https": "https://pbs.twimg.com/ext_tw_video_thumb/1217089316691812353/pu/img/nsDnZQV9IB1WKu20.jpg"
              }
            ],
            "urls": [
              {
                "expanded_url": "http://www.canaln.pe",
                "display_url": "canaln.pe",
                "url": "https://t.co/oYIW8cxAGV",
                "indices": [
                  201,
                  224
                ]
              }
            ]
          },
          "full_text": "[LO ÚLTIMO] Fiscal Pérez: \"El Estado no puede garantizar que Keiko Fujimori no se fugará porque ha demostrado que la protección de la reserva de los millones de Romero está por encima de su familia\" ► https://t.co/oYIW8cxAGV https://t.co/jN68woNvTO",
          "extended_entities": {
            "media": [
              {
                "expanded_url": "https://twitter.com/canalN_/status/1217089413353701376/video/1",
                "url": "https://t.co/jN68woNvTO",
                "media_url": "http://pbs.twimg.com/ext_tw_video_thumb/1217089316691812353/pu/img/nsDnZQV9IB1WKu20.jpg",
                "indices": [
                  225,
                  248
                ],
                "sizes": {
                  "small": {
                    "h": 360,
                    "resize": "fit",
                    "w": 640
                  },
                  "large": {
                    "h": 360,
                    "resize": "fit",
                    "w": 640
                  },
                  "thumb": {
                    "h": 150,
                    "resize": "crop",
                    "w": 150
                  },
                  "medium": {
                    "h": 360,
                    "resize": "fit",
                    "w": 640
                  }
                },
                "type": "video",
                "display_url": "pic.twitter.com/jN68woNvTO",
                "id": 1217089316691812353,
                "video_info": {
                  "duration_millis": 55016,
                  "variants": [
                    {
                      "url": "https://video.twimg.com/ext_tw_video/1217089316691812353/pu/vid/480x270/bl9NHunmO8FDKcw-.mp4?tag=10",
                      "content_type": "video/mp4",
                      "bitrate": 256000
                    },
                    {
                      "url": "https://video.twimg.com/ext_tw_video/1217089316691812353/pu/vid/640x360/R2YwWeMnYvK_HgIP.mp4?tag=10",
                      "content_type": "video/mp4",
                      "bitrate": 832000
                    },
                    {
                      "content_type": "application/x-mpegURL",
                      "url": "https://video.twimg.com/ext_tw_video/1217089316691812353/pu/pl/LT_kSWR5-IRGjvdk.m3u8?tag=10"
                    }
                  ],
                  "aspect_ratio": [
                    16,
                    9
                  ]
                },
                "additional_media_info": {
                  "monetizable": false
                },
                "id_str": "1217089316691812353",
                "media_url_https": "https://pbs.twimg.com/ext_tw_video_thumb/1217089316691812353/pu/img/nsDnZQV9IB1WKu20.jpg"
              }
            ]
          },
          "display_text_range": [
            0,
            224
          ]
        },
        "entities": {
          "symbols": [],
          "user_mentions": [],
          "hashtags": [],
          "urls": [
            {
              "expanded_url": "https://twitter.com/i/web/status/1217089413353701376",
              "display_url": "twitter.com/i/web/status/1…",
              "url": "https://t.co/IsELaVubyO",
              "indices": [
                117,
                140
              ]
            }
          ]
        },
        "user": {
          "geo_enabled": true,
          "verified": true,
          "profile_sidebar_fill_color": "DDEEF6",
          "listed_count": 2835,
          "screen_name": "canalN_",
          "followers_count": 2715236,
          "notifications": null,
          "profile_text_color": "333333",
          "profile_image_url": "http://pbs.twimg.com/profile_images/1157339679848636416/HMKgSOUr_normal.png",
          "profile_use_background_image": true,
          "friends_count": 526,
          "profile_banner_url": "https://pbs.twimg.com/profile_banners/248692867/1578331368",
          "id": 248692867,
          "statuses_count": 142329,
          "utc_offset": null,
          "follow_request_sent": null,
          "profile_background_tile": false,
          "profile_background_image_url_https": "https://abs.twimg.com/images/themes/theme1/bg.png",
          "profile_background_image_url": "http://abs.twimg.com/images/themes/theme1/bg.png",
          "profile_image_url_https": "https://pbs.twimg.com/profile_images/1157339679848636416/HMKgSOUr_normal.png",
          "url": "http://canaln.pe/",
          "name": "Canal N",
          "location": "Peru",
          "contributors_enabled": false,
          "created_at": "Mon Feb 07 14:45:57 +0000 2011",
          "time_zone": null,
          "profile_background_color": "C0DEED",
          "id_str": "248692867",
          "translator_type": "none",
          "lang": null,
          "following": null,
          "is_translator": false,
          "favourites_count": 10558,
          "protected": false,
          "default_profile": false,
          "default_profile_image": false,
          "description": "#CanalN Todas las noticias, siempre.\nFB: http://facebook.com/canalnoficial \nIG: http://instagram.com/canalnoficial/",
          "profile_link_color": "141414",
          "profile_sidebar_border_color": "FFFFFF"
        },
        "id": 1217089413353701376,
        "in_reply_to_user_id_str": null,
        "retweeted": false,
        "id_str": "1217089413353701376",
        "filter_level": "low",
        "text": "[LO ÚLTIMO] Fiscal Pérez: \"El Estado no puede garantizar que Keiko Fujimori no se fugará porque ha demostrado que l… https://t.co/IsELaVubyO",
        "favorited": false,
        "quote_count": 58,
        "in_reply_to_screen_name": null,
        "created_at": "Tue Jan 14 14:21:43 +0000 2020",
        "place": null,
        "reply_count": 188,
        "possibly_sensitive": false,
        "in_reply_to_status_id_str": null,
        "geo": null,
        "in_reply_to_status_id": null,
        "lang": "es",
        "coordinates": null,
        "contributors": null,
        "in_reply_to_user_id": null
      },
      "quote_count": 0,
      "in_reply_to_screen_name": null,
      "created_at": "Wed Jan 15 03:12:21 +0000 2020",
      "place": null,
      "reply_count": 0,
      "in_reply_to_status_id_str": null,
      "geo": null,
      "in_reply_to_status_id": null,
      "lang": "es",
      "timestamp_ms": "1579057941253",
      "coordinates": null,
      "contributors": null,
      "in_reply_to_user_id": null
    },
    {
      "is_quote_status": false,
      "retweet_count": 0,
      "favorite_count": 0,
      "truncated": false,
      "source": "<a href=\"http://twitter.com/download/android\" rel=\"nofollow\">Twitter for Android</a>",
      "entities": {
        "symbols": [],
        "user_mentions": [
          {
            "indices": [
              3,
              17
            ],
            "id": 423807080,
            "name": "Alexander Zegarra 🇵🇪",
            "screen_name": "zegarramining",
            "id_str": "423807080"
          }
        ],
        "hashtags": [],
        "urls": []
      },
      "user": {
        "geo_enabled": true,
        "verified": false,
        "profile_sidebar_fill_color": "DDEEF6",
        "listed_count": 5,
        "screen_name": "lince_007",
        "followers_count": 1082,
        "notifications": null,
        "profile_text_color": "333333",
        "profile_image_url": "http://pbs.twimg.com/profile_images/1412255667/Carita_Feliz_01_normal.jpg",
        "profile_use_background_image": true,
        "friends_count": 4718,
        "profile_banner_url": "https://pbs.twimg.com/profile_banners/323683814/1452442538",
        "id": 323683814,
        "statuses_count": 19229,
        "utc_offset": null,
        "follow_request_sent": null,
        "profile_background_tile": false,
        "profile_background_image_url_https": "https://abs.twimg.com/images/themes/theme1/bg.png",
        "profile_background_image_url": "http://abs.twimg.com/images/themes/theme1/bg.png",
        "profile_image_url_https": "https://pbs.twimg.com/profile_images/1412255667/Carita_Feliz_01_normal.jpg",
        "url": null,
        "name": "Ernesto Zegarra Ch.",
        "location": "Lima Perú",
        "contributors_enabled": false,
        "created_at": "Sat Jun 25 07:18:27 +0000 2011",
        "time_zone": null,
        "profile_background_color": "C0DEED",
        "id_str": "323683814",
        "translator_type": "none",
        "lang": null,
        "following": null,
        "is_translator": false,
        "favourites_count": 7201,
        "protected": false,
        "default_profile": false,
        "default_profile_image": false,
        "description": "Presidente de la Asociación Esperanza Animal:Buscamos Promover la Protección Animal http://www.facebook.com/profile.php?id=100001411045887",
        "profile_link_color": "0084B4",
        "profile_sidebar_border_color": "C0DEED"
      },
      "favorited": false,
      "id": 1217283370398470144,
      "in_reply_to_user_id_str": null,
      "retweeted": false,
      "id_str": "1217283370398470144",
      "filter_level": "low",
      "text": "RT @zegarramining: Le pueden decir a Keiko que por favor, nos devuelta el Banco Central de Reserva y la SUNAT, que le entregó PPK y Vizcarr…",
      "retweeted_status": {
        "is_quote_status": false,
        "retweet_count": 16,
        "favorite_count": 90,
        "truncated": true,
        "source": "<a href=\"http://twitter.com/download/android\" rel=\"nofollow\">Twitter for Android</a>",
        "extended_tweet": {
          "entities": {
            "symbols": [],
            "user_mentions": [],
            "hashtags": [],
            "urls": []
          },
          "full_text": "Le pueden decir a Keiko que por favor, nos devuelta el Banco Central de Reserva y la SUNAT, que le entregó PPK y Vizcarra tiene miedo de pedirle. Gracias.",
          "display_text_range": [
            0,
            154
          ]
        },
        "entities": {
          "symbols": [],
          "user_mentions": [],
          "hashtags": [],
          "urls": [
            {
              "expanded_url": "https://twitter.com/i/web/status/1216834368926363650",
              "display_url": "twitter.com/i/web/status/1…",
              "url": "https://t.co/o3l97NZpuh",
              "indices": [
                117,
                140
              ]
            }
          ]
        },
        "user": {
          "geo_enabled": true,
          "verified": false,
          "profile_sidebar_fill_color": "DDEEF6",
          "listed_count": 144,
          "screen_name": "zegarramining",
          "followers_count": 4240,
          "notifications": null,
          "profile_text_color": "333333",
          "profile_image_url": "http://pbs.twimg.com/profile_images/1207499445992075264/TrzMHesV_normal.jpg",
          "profile_use_background_image": true,
          "friends_count": 4989,
          "profile_banner_url": "https://pbs.twimg.com/profile_banners/423807080/1576725363",
          "id": 423807080,
          "statuses_count": 118479,
          "utc_offset": null,
          "follow_request_sent": null,
          "profile_background_tile": false,
          "profile_background_image_url_https": "https://abs.twimg.com/images/themes/theme1/bg.png",
          "profile_background_image_url": "http://abs.twimg.com/images/themes/theme1/bg.png",
          "profile_image_url_https": "https://pbs.twimg.com/profile_images/1207499445992075264/TrzMHesV_normal.jpg",
          "url": null,
          "name": "Alexander Zegarra 🇵🇪",
          "location": "Lima, Peru",
          "contributors_enabled": false,
          "created_at": "Mon Nov 28 23:37:28 +0000 2011",
          "time_zone": null,
          "profile_background_color": "C0DEED",
          "id_str": "423807080",
          "translator_type": "regular",
          "lang": null,
          "following": null,
          "is_translator": false,
          "favourites_count": 45196,
          "protected": false,
          "default_profile": false,
          "default_profile_image": false,
          "description": "Ingeniero industrial, profesional en minería por mas de 25 años, minería artesanal, pequeña, mediana y gran minería.",
          "profile_link_color": "1B95E9",
          "profile_sidebar_border_color": "FFFFFF"
        },
        "id": 1216834368926363650,
        "in_reply_to_user_id_str": null,
        "retweeted": false,
        "id_str": "1216834368926363650",
        "filter_level": "low",
        "text": "Le pueden decir a Keiko que por favor, nos devuelta el Banco Central de Reserva y la SUNAT, que le entregó PPK y Vi… https://t.co/o3l97NZpuh",
        "favorited": false,
        "quote_count": 0,
        "in_reply_to_screen_name": null,
        "created_at": "Mon Jan 13 21:28:15 +0000 2020",
        "place": null,
        "reply_count": 4,
        "in_reply_to_status_id_str": null,
        "geo": null,
        "in_reply_to_status_id": null,
        "lang": "es",
        "coordinates": null,
        "contributors": null,
        "in_reply_to_user_id": null
      },
      "quote_count": 0,
      "in_reply_to_screen_name": null,
      "created_at": "Wed Jan 15 03:12:26 +0000 2020",
      "place": null,
      "reply_count": 0,
      "in_reply_to_status_id_str": null,
      "geo": null,
      "in_reply_to_status_id": null,
      "lang": "es",
      "timestamp_ms": "1579057946191",
      "coordinates": null,
      "contributors": null,
      "in_reply_to_user_id": null
    },
    {
      "is_quote_status": false,
      "retweet_count": 0,
      "favorite_count": 0,
      "truncated": false,
      "source": "<a href=\"http://twitter.com/download/android\" rel=\"nofollow\">Twitter for Android</a>",
      "entities": {
        "symbols": [],
        "user_mentions": [
          {
            "indices": [
              3,
              14
            ],
            "id": 268580914,
            "name": "Araceli Peláez T. #QueSeVayanTodos",
            "screen_name": "apterrones",
            "id_str": "268580914"
          },
          {
            "indices": [
              16,
              29
            ],
            "id": 142471814,
            "name": "Rosangella Barbarán",
            "screen_name": "rosangelak30",
            "id_str": "142471814"
          },
          {
            "indices": [
              30,
              39
            ],
            "id": 716304009120849920,
            "name": "Veronica 💯💗🔥💪",
            "screen_name": "vedazs16",
            "id_str": "716304009120849920"
          },
          {
            "indices": [
              40,
              55
            ],
            "id": 983747278971326465,
            "name": "UCI",
            "screen_name": "ucinoticias_pe",
            "id_str": "983747278971326465"
          },
          {
            "indices": [
              56,
              66
            ],
            "id": 1128406100,
            "name": "Miguel Trauco",
            "screen_name": "mtrauco17",
            "id_str": "1128406100"
          },
          {
            "indices": [
              67,
              77
            ],
            "id": 320802992,
            "name": "Bankada Fuerza Popular",
            "screen_name": "BankadaFP",
            "id_str": "320802992"
          },
          {
            "indices": [
              78,
              92
            ],
            "id": 53189543,
            "name": "Keiko Fujimori",
            "screen_name": "KeikoFujimori",
            "id_str": "53189543"
          }
        ],
        "hashtags": [],
        "urls": []
      },
      "user": {
        "geo_enabled": false,
        "verified": false,
        "profile_sidebar_fill_color": "DDEEF6",
        "listed_count": 10,
        "screen_name": "vedazs16",
        "followers_count": 2909,
        "notifications": null,
        "profile_text_color": "333333",
        "profile_image_url": "http://pbs.twimg.com/profile_images/1051098291092500481/I_qiI-cT_normal.jpg",
        "profile_use_background_image": true,
        "friends_count": 1919,
        "profile_banner_url": "https://pbs.twimg.com/profile_banners/716304009120849920/1488124412",
        "id": 716304009120849920,
        "statuses_count": 208615,
        "utc_offset": null,
        "follow_request_sent": null,
        "profile_background_tile": false,
        "profile_background_image_url_https": "",
        "profile_background_image_url": "",
        "profile_image_url_https": "https://pbs.twimg.com/profile_images/1051098291092500481/I_qiI-cT_normal.jpg",
        "url": null,
        "name": "Veronica 💯💗🔥💪",
        "location": null,
        "contributors_enabled": false,
        "created_at": "Sat Apr 02 16:39:18 +0000 2016",
        "time_zone": null,
        "profile_background_color": "F5F8FA",
        "id_str": "716304009120849920",
        "translator_type": "none",
        "lang": null,
        "following": null,
        "is_translator": false,
        "favourites_count": 212655,
        "protected": false,
        "default_profile": true,
        "default_profile_image": false,
        "description": "Guerrera🏹🗡",
        "profile_link_color": "1DA1F2",
        "profile_sidebar_border_color": "C0DEED"
      },
      "favorited": false,
      "id": 1217283392330436609,
      "in_reply_to_user_id_str": null,
      "retweeted": false,
      "id_str": "1217283392330436609",
      "filter_level": "low",
      "text": "RT @apterrones: @rosangelak30 @vedazs16 @ucinoticias_pe @mtrauco17 @BankadaFP @KeikoFujimori La misma que LE REGALÁBAMOS el sueldo solo por…",
      "retweeted_status": {
        "is_quote_status": false,
        "display_text_range": [
          77,
          140
        ],
        "retweet_count": 1,
        "favorite_count": 2,
        "truncated": true,
        "source": "<a href=\"http://twitter.com/download/iphone\" rel=\"nofollow\">Twitter for iPhone</a>",
        "extended_tweet": {
          "entities": {
            "symbols": [],
            "user_mentions": [
              {
                "indices": [
                  0,
                  13
                ],
                "id": 142471814,
                "name": "Rosangella Barbarán",
                "screen_name": "rosangelak30",
                "id_str": "142471814"
              },
              {
                "indices": [
                  14,
                  23
                ],
                "id": 716304009120849920,
                "name": "Veronica 💯💗🔥💪",
                "screen_name": "vedazs16",
                "id_str": "716304009120849920"
              },
              {
                "indices": [
                  24,
                  39
                ],
                "id": 983747278971326465,
                "name": "UCI",
                "screen_name": "ucinoticias_pe",
                "id_str": "983747278971326465"
              },
              {
                "indices": [
                  40,
                  50
                ],
                "id": 1128406100,
                "name": "Miguel Trauco",
                "screen_name": "mtrauco17",
                "id_str": "1128406100"
              },
              {
                "indices": [
                  51,
                  61
                ],
                "id": 320802992,
                "name": "Bankada Fuerza Popular",
                "screen_name": "BankadaFP",
                "id_str": "320802992"
              },
              {
                "indices": [
                  62,
                  76
                ],
                "id": 53189543,
                "name": "Keiko Fujimori",
                "screen_name": "KeikoFujimori",
                "id_str": "53189543"
              }
            ],
            "hashtags": [
              {
                "text": "FujimontesinismoPuroYDuro",
                "indices": [
                  239,
                  265
                ]
              }
            ],
            "urls": []
          },
          "full_text": "@rosangelak30 @vedazs16 @ucinoticias_pe @mtrauco17 @BankadaFP @KeikoFujimori La misma que LE REGALÁBAMOS el sueldo solo por ser una taper lover. De esa gente estamos HARTOS. La fujitroll quiere una curul? Te gusta ganarte la plata fácil?! #FujimontesinismoPuroYDuro NUNCA MÁS! Y Trauco, lee un poco antes de meter la pata.",
          "display_text_range": [
            77,
            322
          ]
        },
        "entities": {
          "symbols": [],
          "user_mentions": [
            {
              "indices": [
                0,
                13
              ],
              "id": 142471814,
              "name": "Rosangella Barbarán",
              "screen_name": "rosangelak30",
              "id_str": "142471814"
            },
            {
              "indices": [
                14,
                23
              ],
              "id": 716304009120849920,
              "name": "Veronica 💯💗🔥💪",
              "screen_name": "vedazs16",
              "id_str": "716304009120849920"
            },
            {
              "indices": [
                24,
                39
              ],
              "id": 983747278971326465,
              "name": "UCI",
              "screen_name": "ucinoticias_pe",
              "id_str": "983747278971326465"
            },
            {
              "indices": [
                40,
                50
              ],
              "id": 1128406100,
              "name": "Miguel Trauco",
              "screen_name": "mtrauco17",
              "id_str": "1128406100"
            },
            {
              "indices": [
                51,
                61
              ],
              "id": 320802992,
              "name": "Bankada Fuerza Popular",
              "screen_name": "BankadaFP",
              "id_str": "320802992"
            },
            {
              "indices": [
                62,
                76
              ],
              "id": 53189543,
              "name": "Keiko Fujimori",
              "screen_name": "KeikoFujimori",
              "id_str": "53189543"
            }
          ],
          "hashtags": [],
          "urls": [
            {
              "expanded_url": "https://twitter.com/i/web/status/1217246599199543297",
              "display_url": "twitter.com/i/web/status/1…",
              "url": "https://t.co/EFpVSzfD9p",
              "indices": [
                116,
                139
              ]
            }
          ]
        },
        "user": {
          "geo_enabled": true,
          "verified": false,
          "profile_sidebar_fill_color": "7AC3EE",
          "listed_count": 10,
          "screen_name": "apterrones",
          "followers_count": 1178,
          "notifications": null,
          "profile_text_color": "3D1957",
          "profile_image_url": "http://pbs.twimg.com/profile_images/959560235089264642/tQPrJ0ld_normal.jpg",
          "profile_use_background_image": true,
          "friends_count": 1119,
          "profile_banner_url": "https://pbs.twimg.com/profile_banners/268580914/1573560298",
          "id": 268580914,
          "statuses_count": 174429,
          "utc_offset": null,
          "follow_request_sent": null,
          "profile_background_tile": true,
          "profile_background_image_url_https": "https://abs.twimg.com/images/themes/theme10/bg.gif",
          "profile_background_image_url": "http://abs.twimg.com/images/themes/theme10/bg.gif",
          "profile_image_url_https": "https://pbs.twimg.com/profile_images/959560235089264642/tQPrJ0ld_normal.jpg",
          "url": null,
          "name": "Araceli Peláez T. #QueSeVayanTodos",
          "location": "Callao, Peru",
          "contributors_enabled": false,
          "created_at": "Sat Mar 19 02:11:19 +0000 2011",
          "time_zone": null,
          "profile_background_color": "642D8B",
          "id_str": "268580914",
          "translator_type": "none",
          "lang": null,
          "following": null,
          "is_translator": false,
          "favourites_count": 145659,
          "protected": false,
          "default_profile": false,
          "default_profile_image": false,
          "description": null,
          "profile_link_color": "FF0000",
          "profile_sidebar_border_color": "FFFFFF"
        },
        "id": 1217246599199543297,
        "in_reply_to_user_id_str": "142471814",
        "retweeted": false,
        "id_str": "1217246599199543297",
        "filter_level": "low",
        "text": "@rosangelak30 @vedazs16 @ucinoticias_pe @mtrauco17 @BankadaFP @KeikoFujimori La misma que LE REGALÁBAMOS el sueldo… https://t.co/EFpVSzfD9p",
        "favorited": false,
        "quote_count": 1,
        "in_reply_to_screen_name": "rosangelak30",
        "created_at": "Wed Jan 15 00:46:19 +0000 2020",
        "place": null,
        "reply_count": 0,
        "in_reply_to_status_id_str": "1217241296957394944",
        "geo": null,
        "in_reply_to_status_id": 1217241296957394944,
        "lang": "es",
        "coordinates": null,
        "contributors": null,
        "in_reply_to_user_id": 142471814
      },
      "quote_count": 0,
      "in_reply_to_screen_name": null,
      "created_at": "Wed Jan 15 03:12:31 +0000 2020",
      "place": null,
      "reply_count": 0,
      "in_reply_to_status_id_str": null,
      "geo": null,
      "in_reply_to_status_id": null,
      "lang": "es",
      "timestamp_ms": "1579057951420",
      "coordinates": null,
      "contributors": null,
      "in_reply_to_user_id": null
    }
  ],
  "request_date": "2020-01-14-22:12:36"
}