{
  "request_date": "2020-01-26-12:41:52",
  "data": [
    {
      "favorite_count": 0,
      "created_at": "Sun Jan 26 17:41:37 +0000 2020",
      "in_reply_to_status_id_str": null,
      "id_str": "1221488373682057216",
      "in_reply_to_screen_name": null,
      "place": null,
      "filter_level": "low",
      "retweeted_status": {
        "favorite_count": 292,
        "created_at": "Sun Jan 26 05:29:20 +0000 2020",
        "in_reply_to_status_id_str": null,
        "id_str": "1221304090153623552",
        "extended_tweet": {
          "display_text_range": [
            0,
            148
          ],
          "full_text": "PORFA GENTE MAÑANA VOTEN POR LA IZQUIERDA. JP O FRENTE AMPLIO, PERO VOTEN POR LA IZQUIERDA, NO PERMITAN QUE VUELVA EL APROFUJIMORISMO A SER MAYORÍA.",
          "entities": {
            "user_mentions": [],
            "urls": [],
            "hashtags": [],
            "symbols": []
          }
        },
        "in_reply_to_screen_name": null,
        "place": null,
        "filter_level": "low",
        "retweeted": false,
        "text": "PORFA GENTE MAÑANA VOTEN POR LA IZQUIERDA. JP O FRENTE AMPLIO, PERO VOTEN POR LA IZQUIERDA, NO PERMITAN QUE VUELVA… https://t.co/qrOQMhn8Qr",
        "in_reply_to_user_id_str": null,
        "contributors": null,
        "id": 1221304090153623552,
        "user": {
          "profile_sidebar_border_color": "FFFFFF",
          "is_translator": false,
          "screen_name": "cocainadevenus",
          "followers_count": 2374,
          "created_at": "Sat Nov 09 17:43:11 +0000 2013",
          "profile_background_color": "1A1B1F",
          "profile_image_url_https": "https://pbs.twimg.com/profile_images/1219097866850963458/p5ralGvh_normal.jpg",
          "profile_sidebar_fill_color": "252429",
          "name": "Cochero (1) y Rocío Silva (2) al congreso FA 🌺",
          "url": "https://www.instagram.com/tv/B7mt7iahTzi/?igshid=40tjb31wj5cl",
          "default_profile": false,
          "translator_type": "none",
          "profile_text_color": "666666",
          "listed_count": 6,
          "profile_background_image_url": "http://abs.twimg.com/images/themes/theme9/bg.gif",
          "following": null,
          "profile_background_tile": true,
          "default_profile_image": false,
          "protected": false,
          "id": 2184754034,
          "contributors_enabled": false,
          "geo_enabled": true,
          "utc_offset": null,
          "description": "24. 💍con mi salud mental. Pequeño ser con TLP. Futura antropóloga social. Gatólica 🐱. Intento ser fit, pero las chelitas llaman. Nada con Herbalife, causa.",
          "time_zone": null,
          "follow_request_sent": null,
          "favourites_count": 27085,
          "friends_count": 550,
          "verified": false,
          "profile_background_image_url_https": "https://abs.twimg.com/images/themes/theme9/bg.gif",
          "id_str": "2184754034",
          "statuses_count": 28995,
          "profile_image_url": "http://pbs.twimg.com/profile_images/1219097866850963458/p5ralGvh_normal.jpg",
          "notifications": null,
          "location": "Lima 🍋",
          "lang": null,
          "profile_use_background_image": true,
          "profile_link_color": "E71010",
          "profile_banner_url": "https://pbs.twimg.com/profile_banners/2184754034/1560055714"
        },
        "quote_count": 7,
        "geo": null,
        "coordinates": null,
        "is_quote_status": false,
        "source": "<a href=\"http://twitter.com/download/android\" rel=\"nofollow\">Twitter for Android</a>",
        "favorited": false,
        "reply_count": 27,
        "lang": "es",
        "in_reply_to_user_id": null,
        "entities": {
          "user_mentions": [],
          "urls": [
            {
              "display_url": "twitter.com/i/web/status/1…",
              "expanded_url": "https://twitter.com/i/web/status/1221304090153623552",
              "indices": [
                116,
                139
              ],
              "url": "https://t.co/qrOQMhn8Qr"
            }
          ],
          "hashtags": [],
          "symbols": []
        },
        "in_reply_to_status_id": null,
        "retweet_count": 84,
        "truncated": true
      },
      "retweeted": false,
      "text": "RT @cocainadevenus: PORFA GENTE MAÑANA VOTEN POR LA IZQUIERDA. JP O FRENTE AMPLIO, PERO VOTEN POR LA IZQUIERDA, NO PERMITAN QUE VUELVA EL A…",
      "in_reply_to_user_id_str": null,
      "contributors": null,
      "id": 1221488373682057216,
      "user": {
        "profile_sidebar_border_color": "FFFFFF",
        "is_translator": false,
        "screen_name": "bxcktozero",
        "followers_count": 362,
        "created_at": "Mon Jul 18 23:39:25 +0000 2011",
        "profile_background_color": "1A1B1F",
        "profile_image_url_https": "https://pbs.twimg.com/profile_images/1218660393649786881/YN7fIAMr_normal.jpg",
        "profile_sidebar_fill_color": "252429",
        "name": "mili✨",
        "url": null,
        "default_profile": false,
        "translator_type": "none",
        "profile_text_color": "666666",
        "listed_count": 4,
        "profile_background_image_url": "http://abs.twimg.com/images/themes/theme9/bg.gif",
        "following": null,
        "profile_background_tile": false,
        "default_profile_image": false,
        "protected": false,
        "id": 338032151,
        "contributors_enabled": false,
        "geo_enabled": false,
        "utc_offset": null,
        "description": "please, bore someone else with your questions",
        "time_zone": null,
        "follow_request_sent": null,
        "favourites_count": 40479,
        "friends_count": 97,
        "verified": false,
        "profile_background_image_url_https": "https://abs.twimg.com/images/themes/theme9/bg.gif",
        "id_str": "338032151",
        "statuses_count": 56049,
        "profile_image_url": "http://pbs.twimg.com/profile_images/1218660393649786881/YN7fIAMr_normal.jpg",
        "notifications": null,
        "location": "Lima, Peru",
        "lang": null,
        "profile_use_background_image": true,
        "profile_link_color": "ABB8C2",
        "profile_banner_url": "https://pbs.twimg.com/profile_banners/338032151/1561736900"
      },
      "quote_count": 0,
      "geo": null,
      "coordinates": null,
      "is_quote_status": false,
      "source": "<a href=\"http://twitter.com/download/iphone\" rel=\"nofollow\">Twitter for iPhone</a>",
      "favorited": false,
      "reply_count": 0,
      "timestamp_ms": "1580060497099",
      "lang": "es",
      "in_reply_to_user_id": null,
      "entities": {
        "user_mentions": [
          {
            "id_str": "2184754034",
            "id": 2184754034,
            "indices": [
              3,
              18
            ],
            "screen_name": "cocainadevenus",
            "name": "Cochero (1) y Rocío Silva (2) al congreso FA 🌺"
          }
        ],
        "urls": [],
        "hashtags": [],
        "symbols": []
      },
      "in_reply_to_status_id": null,
      "retweet_count": 0,
      "truncated": false
    },
    {
      "favorite_count": 0,
      "created_at": "Sun Jan 26 17:41:39 +0000 2020",
      "in_reply_to_status_id_str": null,
      "id_str": "1221488383362506758",
      "in_reply_to_screen_name": null,
      "place": null,
      "filter_level": "low",
      "retweeted_status": {
        "created_at": "Sun Jan 26 13:21:40 +0000 2020",
        "in_reply_to_status_id_str": null,
        "id_str": "1221422957165273088",
        "in_reply_to_screen_name": null,
        "place": null,
        "filter_level": "low",
        "in_reply_to_user_id": null,
        "retweeted": false,
        "text": "Y canal 4 dándole tribuna a Martha Chavez vulnerando la neutralidad electoral.",
        "in_reply_to_user_id_str": null,
        "contributors": null,
        "id": 1221422957165273088,
        "user": {
          "profile_sidebar_border_color": "FFFFFF",
          "is_translator": false,
          "screen_name": "noakeikope",
          "followers_count": 55206,
          "created_at": "Thu Dec 01 17:25:53 +0000 2011",
          "profile_background_color": "C0DEED",
          "profile_image_url_https": "https://pbs.twimg.com/profile_images/1016841203344699397/Zla7XFLV_normal.jpg",
          "profile_sidebar_fill_color": "DDEEF6",
          "name": "No a Keiko",
          "url": "http://about.me/noakeiko",
          "default_profile": false,
          "translator_type": "none",
          "profile_text_color": "333333",
          "listed_count": 113,
          "profile_background_image_url": "http://abs.twimg.com/images/themes/theme1/bg.png",
          "following": null,
          "profile_background_tile": true,
          "default_profile_image": false,
          "protected": false,
          "id": 425964813,
          "contributors_enabled": false,
          "geo_enabled": true,
          "utc_offset": null,
          "description": "Twitter oficial del Colectivo No a Keiko - NAK. Síguenos en https://t.co/NLOf9ivMKO\r\nnoakeiko.pe\r\nhttps://t.co/bWCNiNCt1Q y https://t.co/Wv5G7vsBkH",
          "time_zone": null,
          "follow_request_sent": null,
          "favourites_count": 15570,
          "friends_count": 1322,
          "verified": false,
          "profile_background_image_url_https": "https://abs.twimg.com/images/themes/theme1/bg.png",
          "id_str": "425964813",
          "statuses_count": 93579,
          "profile_image_url": "http://pbs.twimg.com/profile_images/1016841203344699397/Zla7XFLV_normal.jpg",
          "notifications": null,
          "location": "Lima, Perú",
          "lang": null,
          "profile_use_background_image": true,
          "profile_link_color": "FF691F",
          "profile_banner_url": "https://pbs.twimg.com/profile_banners/425964813/1573503329"
        },
        "quote_count": 42,
        "geo": null,
        "coordinates": null,
        "is_quote_status": false,
        "source": "<a href=\"http://twitter.com/download/android\" rel=\"nofollow\">Twitter for Android</a>",
        "favorited": false,
        "favorite_count": 1210,
        "lang": "es",
        "reply_count": 152,
        "entities": {
          "user_mentions": [],
          "urls": [],
          "hashtags": [],
          "symbols": []
        },
        "in_reply_to_status_id": null,
        "retweet_count": 404,
        "truncated": false
      },
      "retweeted": false,
      "text": "RT @noakeikope: Y canal 4 dándole tribuna a Martha Chavez vulnerando la neutralidad electoral.",
      "in_reply_to_user_id_str": null,
      "contributors": null,
      "id": 1221488383362506758,
      "user": {
        "profile_sidebar_border_color": "C0DEED",
        "is_translator": false,
        "screen_name": "MadameX64",
        "followers_count": 137,
        "created_at": "Thu May 07 17:20:57 +0000 2015",
        "profile_background_color": "C0DEED",
        "profile_image_url_https": "https://pbs.twimg.com/profile_images/780222550794264576/4lSxw1g6_normal.jpg",
        "profile_sidebar_fill_color": "DDEEF6",
        "name": "Berna Sanchez",
        "url": null,
        "default_profile": true,
        "translator_type": "none",
        "profile_text_color": "333333",
        "listed_count": 1,
        "profile_background_image_url": "http://abs.twimg.com/images/themes/theme1/bg.png",
        "following": null,
        "profile_background_tile": false,
        "protected": false,
        "id": 3240731481,
        "contributors_enabled": false,
        "geo_enabled": false,
        "utc_offset": null,
        "description": "Profesional contable financiera.  Interesada y consciente del desarrollo integral de las personas en educación,salud y calidad de vida🤝",
        "time_zone": null,
        "follow_request_sent": null,
        "favourites_count": 18823,
        "friends_count": 333,
        "verified": false,
        "profile_background_image_url_https": "https://abs.twimg.com/images/themes/theme1/bg.png",
        "id_str": "3240731481",
        "statuses_count": 16686,
        "profile_image_url": "http://pbs.twimg.com/profile_images/780222550794264576/4lSxw1g6_normal.jpg",
        "notifications": null,
        "location": null,
        "lang": null,
        "profile_use_background_image": true,
        "profile_link_color": "1DA1F2",
        "default_profile_image": false
      },
      "quote_count": 0,
      "geo": null,
      "coordinates": null,
      "is_quote_status": false,
      "source": "<a href=\"http://twitter.com/download/iphone\" rel=\"nofollow\">Twitter for iPhone</a>",
      "favorited": false,
      "reply_count": 0,
      "timestamp_ms": "1580060499407",
      "lang": "es",
      "in_reply_to_user_id": null,
      "entities": {
        "user_mentions": [
          {
            "id_str": "425964813",
            "id": 425964813,
            "indices": [
              3,
              14
            ],
            "screen_name": "noakeikope",
            "name": "No a Keiko"
          }
        ],
        "urls": [],
        "hashtags": [],
        "symbols": []
      },
      "in_reply_to_status_id": null,
      "retweet_count": 0,
      "truncated": false
    },
    {
      "favorite_count": 0,
      "created_at": "Sun Jan 26 17:41:39 +0000 2020",
      "in_reply_to_status_id_str": null,
      "id_str": "1221488384650240000",
      "in_reply_to_screen_name": null,
      "place": null,
      "filter_level": "low",
      "retweeted_status": {
        "favorite_count": 450,
        "created_at": "Fri Jan 24 16:55:35 +0000 2020",
        "in_reply_to_status_id_str": null,
        "id_str": "1220752014092787715",
        "extended_tweet": {
          "display_text_range": [
            0,
            275
          ],
          "full_text": "Gente no se porque voten pero si de verdad celebraron la disolución del congreso, no voten por:\nAP, FP,APRA, Solidaridad, APP y CONTIGO.\nVoten por los que si estuvieron a favor de cerrar el congreso tipo FA, el partido morado y JP que si van a seguir las reformas necesarias.",
          "entities": {
            "user_mentions": [],
            "urls": [],
            "hashtags": [],
            "symbols": []
          }
        },
        "in_reply_to_screen_name": null,
        "place": null,
        "filter_level": "low",
        "retweeted": false,
        "text": "Gente no se porque voten pero si de verdad celebraron la disolución del congreso, no voten por:\nAP, FP,APRA, Solida… https://t.co/zJs2y6zaOi",
        "in_reply_to_user_id_str": null,
        "contributors": null,
        "id": 1220752014092787715,
        "user": {
          "profile_sidebar_border_color": "000000",
          "is_translator": false,
          "screen_name": "Davvixx",
          "followers_count": 57,
          "created_at": "Fri Nov 05 17:37:49 +0000 2010",
          "profile_background_color": "000000",
          "profile_image_url_https": "https://pbs.twimg.com/profile_images/1039848694915452928/NY0VfaZr_normal.jpg",
          "profile_sidebar_fill_color": "000000",
          "name": "David Cangahuala",
          "url": null,
          "default_profile": false,
          "translator_type": "none",
          "profile_text_color": "000000",
          "listed_count": 0,
          "profile_background_image_url": "http://abs.twimg.com/images/themes/theme1/bg.png",
          "following": null,
          "profile_background_tile": false,
          "protected": false,
          "id": 212293464,
          "contributors_enabled": false,
          "geo_enabled": true,
          "utc_offset": null,
          "description": null,
          "time_zone": null,
          "follow_request_sent": null,
          "favourites_count": 11070,
          "friends_count": 353,
          "verified": false,
          "profile_background_image_url_https": "https://abs.twimg.com/images/themes/theme1/bg.png",
          "id_str": "212293464",
          "statuses_count": 11732,
          "profile_image_url": "http://pbs.twimg.com/profile_images/1039848694915452928/NY0VfaZr_normal.jpg",
          "notifications": null,
          "location": "La victoria, Peru",
          "lang": null,
          "profile_use_background_image": false,
          "profile_link_color": "ABB8C2",
          "default_profile_image": false
        },
        "quote_count": 11,
        "geo": null,
        "coordinates": null,
        "is_quote_status": false,
        "source": "<a href=\"https://mobile.twitter.com\" rel=\"nofollow\">Twitter Web App</a>",
        "favorited": false,
        "reply_count": 25,
        "lang": "es",
        "in_reply_to_user_id": null,
        "entities": {
          "user_mentions": [],
          "urls": [
            {
              "display_url": "twitter.com/i/web/status/1…",
              "expanded_url": "https://twitter.com/i/web/status/1220752014092787715",
              "indices": [
                117,
                140
              ],
              "url": "https://t.co/zJs2y6zaOi"
            }
          ],
          "hashtags": [],
          "symbols": []
        },
        "in_reply_to_status_id": null,
        "retweet_count": 173,
        "truncated": true
      },
      "retweeted": false,
      "text": "RT @Davvixx: Gente no se porque voten pero si de verdad celebraron la disolución del congreso, no voten por:\nAP, FP,APRA, Solidaridad, APP…",
      "in_reply_to_user_id_str": null,
      "contributors": null,
      "id": 1221488384650240000,
      "user": {
        "profile_sidebar_border_color": "C0DEED",
        "is_translator": false,
        "screen_name": "NANNY72467834",
        "followers_count": 25,
        "created_at": "Sun Jan 06 13:50:41 +0000 2019",
        "profile_background_color": "F5F8FA",
        "profile_image_url_https": "https://abs.twimg.com/sticky/default_profile_images/default_profile_normal.png",
        "profile_sidebar_fill_color": "DDEEF6",
        "name": "NANNY",
        "url": null,
        "default_profile": true,
        "translator_type": "none",
        "profile_text_color": "333333",
        "listed_count": 0,
        "profile_background_image_url": "",
        "following": null,
        "profile_background_tile": false,
        "default_profile_image": false,
        "protected": false,
        "id": 1081910930215260166,
        "contributors_enabled": false,
        "geo_enabled": true,
        "utc_offset": null,
        "description": "Contadora, Defensora de los Derechos Humanos, antifujimorista, antiaprista.",
        "time_zone": null,
        "follow_request_sent": null,
        "favourites_count": 2173,
        "friends_count": 166,
        "verified": false,
        "profile_background_image_url_https": "",
        "id_str": "1081910930215260166",
        "statuses_count": 3275,
        "profile_image_url": "http://abs.twimg.com/sticky/default_profile_images/default_profile_normal.png",
        "notifications": null,
        "location": null,
        "lang": null,
        "profile_use_background_image": true,
        "profile_link_color": "1DA1F2",
        "profile_banner_url": "https://pbs.twimg.com/profile_banners/1081910930215260166/1564344346"
      },
      "quote_count": 0,
      "geo": null,
      "coordinates": null,
      "is_quote_status": false,
      "source": "<a href=\"http://twitter.com/download/android\" rel=\"nofollow\">Twitter for Android</a>",
      "favorited": false,
      "reply_count": 0,
      "timestamp_ms": "1580060499714",
      "lang": "es",
      "in_reply_to_user_id": null,
      "entities": {
        "user_mentions": [
          {
            "id_str": "212293464",
            "id": 212293464,
            "indices": [
              3,
              11
            ],
            "screen_name": "Davvixx",
            "name": "David Cangahuala"
          }
        ],
        "urls": [],
        "hashtags": [],
        "symbols": []
      },
      "in_reply_to_status_id": null,
      "retweet_count": 0,
      "truncated": false
    },
    {
      "favorite_count": 0,
      "created_at": "Sun Jan 26 17:41:39 +0000 2020",
      "in_reply_to_status_id_str": null,
      "id_str": "1221488385669451776",
      "in_reply_to_screen_name": null,
      "place": null,
      "filter_level": "low",
      "retweeted_status": {
        "favorite_count": 10,
        "created_at": "Sun Jan 26 03:18:58 +0000 2020",
        "in_reply_to_status_id_str": "1221262260775137281",
        "id_str": "1221271281057828865",
        "in_reply_to_screen_name": "malditaternura",
        "place": null,
        "filter_level": "low",
        "retweeted": false,
        "text": "@malditaternura Lo siento, el Apra no va salir... Y si se presentan para el 2021, desaparecen",
        "in_reply_to_user_id_str": "261955501",
        "contributors": null,
        "id": 1221271281057828865,
        "user": {
          "profile_sidebar_border_color": "C0DEED",
          "is_translator": false,
          "screen_name": "ruiz_renzo",
          "followers_count": 56,
          "created_at": "Thu Jun 16 15:16:07 +0000 2011",
          "profile_background_color": "C0DEED",
          "profile_image_url_https": "https://pbs.twimg.com/profile_images/1071758737193529344/6XvxY7J3_normal.jpg",
          "profile_sidebar_fill_color": "DDEEF6",
          "name": "Renzo Ruiz",
          "url": null,
          "default_profile": true,
          "translator_type": "none",
          "profile_text_color": "333333",
          "listed_count": 0,
          "profile_background_image_url": "http://abs.twimg.com/images/themes/theme1/bg.png",
          "following": null,
          "profile_background_tile": false,
          "default_profile_image": false,
          "protected": false,
          "id": 318480519,
          "contributors_enabled": false,
          "geo_enabled": true,
          "utc_offset": null,
          "description": "El que persevera alcanza",
          "time_zone": null,
          "follow_request_sent": null,
          "favourites_count": 812,
          "friends_count": 307,
          "verified": false,
          "profile_background_image_url_https": "https://abs.twimg.com/images/themes/theme1/bg.png",
          "id_str": "318480519",
          "statuses_count": 716,
          "profile_image_url": "http://pbs.twimg.com/profile_images/1071758737193529344/6XvxY7J3_normal.jpg",
          "notifications": null,
          "location": "Lima-Perú",
          "lang": null,
          "profile_use_background_image": true,
          "profile_link_color": "1DA1F2",
          "profile_banner_url": "https://pbs.twimg.com/profile_banners/318480519/1402795968"
        },
        "display_text_range": [
          16,
          93
        ],
        "quote_count": 0,
        "geo": null,
        "coordinates": null,
        "is_quote_status": false,
        "source": "<a href=\"http://twitter.com/download/android\" rel=\"nofollow\">Twitter for Android</a>",
        "favorited": false,
        "reply_count": 1,
        "lang": "es",
        "in_reply_to_user_id": 261955501,
        "entities": {
          "user_mentions": [
            {
              "id_str": "261955501",
              "id": 261955501,
              "indices": [
                0,
                15
              ],
              "screen_name": "malditaternura",
              "name": "beto ortiz"
            }
          ],
          "urls": [],
          "hashtags": [],
          "symbols": []
        },
        "in_reply_to_status_id": 1221262260775137281,
        "retweet_count": 2,
        "truncated": false
      },
      "retweeted": false,
      "text": "RT @ruiz_renzo: @malditaternura Lo siento, el Apra no va salir... Y si se presentan para el 2021, desaparecen",
      "in_reply_to_user_id_str": null,
      "contributors": null,
      "id": 1221488385669451776,
      "user": {
        "profile_sidebar_border_color": "433336",
        "is_translator": false,
        "screen_name": "royriojas",
        "followers_count": 353,
        "created_at": "Thu Aug 20 20:22:38 +0000 2009",
        "profile_background_color": "7C7594",
        "profile_image_url_https": "https://pbs.twimg.com/profile_images/1206352043558002691/aw_JoUGq_normal.jpg",
        "profile_sidebar_fill_color": "6F4769",
        "name": "Roy Riojas",
        "url": "http://royriojas.com",
        "default_profile": false,
        "translator_type": "none",
        "profile_text_color": "A46085",
        "listed_count": 104,
        "profile_background_image_url": "http://abs.twimg.com/images/themes/theme1/bg.png",
        "following": null,
        "profile_background_tile": true,
        "default_profile_image": false,
        "protected": false,
        "id": 67413888,
        "contributors_enabled": false,
        "geo_enabled": false,
        "utc_offset": null,
        "description": null,
        "time_zone": null,
        "follow_request_sent": null,
        "favourites_count": 85196,
        "friends_count": 803,
        "verified": false,
        "profile_background_image_url_https": "https://abs.twimg.com/images/themes/theme1/bg.png",
        "id_str": "67413888",
        "statuses_count": 168862,
        "profile_image_url": "http://pbs.twimg.com/profile_images/1206352043558002691/aw_JoUGq_normal.jpg",
        "notifications": null,
        "location": null,
        "lang": null,
        "profile_use_background_image": true,
        "profile_link_color": "BF6D24",
        "profile_banner_url": "https://pbs.twimg.com/profile_banners/67413888/1576451715"
      },
      "quote_count": 0,
      "geo": null,
      "coordinates": null,
      "is_quote_status": false,
      "source": "<a href=\"http://twitter.com/download/android\" rel=\"nofollow\">Twitter for Android</a>",
      "favorited": false,
      "reply_count": 0,
      "timestamp_ms": "1580060499957",
      "lang": "es",
      "in_reply_to_user_id": null,
      "entities": {
        "user_mentions": [
          {
            "id_str": "318480519",
            "id": 318480519,
            "indices": [
              3,
              14
            ],
            "screen_name": "ruiz_renzo",
            "name": "Renzo Ruiz"
          },
          {
            "id_str": "261955501",
            "id": 261955501,
            "indices": [
              16,
              31
            ],
            "screen_name": "malditaternura",
            "name": "beto ortiz"
          }
        ],
        "urls": [],
        "hashtags": [],
        "symbols": []
      },
      "in_reply_to_status_id": null,
      "retweet_count": 0,
      "truncated": false
    },
    {
      "quoted_status_id_str": "1221452723775655938",
      "quoted_status": {
        "favorite_count": 448,
        "created_at": "Sun Jan 26 15:19:57 +0000 2020",
        "in_reply_to_status_id_str": null,
        "id_str": "1221452723775655938",
        "extended_tweet": {
          "display_text_range": [
            0,
            129
          ],
          "extended_entities": {
            "media": [
              {
                "id_str": "1221452719338057728",
                "id": 1221452719338057728,
                "indices": [
                  130,
                  153
                ],
                "expanded_url": "https://twitter.com/CNNChile/status/1221452723775655938/photo/1",
                "media_url": "http://pbs.twimg.com/media/EPN4xtYUcAA55W2.jpg",
                "display_url": "pic.twitter.com/kMLzQ3yNaf",
                "type": "photo",
                "media_url_https": "https://pbs.twimg.com/media/EPN4xtYUcAA55W2.jpg",
                "url": "https://t.co/kMLzQ3yNaf",
                "sizes": {
                  "thumb": {
                    "h": 150,
                    "w": 150,
                    "resize": "crop"
                  },
                  "small": {
                    "h": 383,
                    "w": 680,
                    "resize": "fit"
                  },
                  "medium": {
                    "h": 675,
                    "w": 1200,
                    "resize": "fit"
                  },
                  "large": {
                    "h": 720,
                    "w": 1280,
                    "resize": "fit"
                  }
                }
              }
            ]
          },
          "full_text": "Frente Amplio propone reformar Carabineros: “Deben entender que en Chile existe el derecho a movilizarse” https://t.co/DQ2nJTkLDc https://t.co/kMLzQ3yNaf",
          "entities": {
            "user_mentions": [],
            "urls": [
              {
                "display_url": "bit.ly/36ooQzH",
                "expanded_url": "https://bit.ly/36ooQzH",
                "indices": [
                  106,
                  129
                ],
                "url": "https://t.co/DQ2nJTkLDc"
              }
            ],
            "hashtags": [],
            "media": [
              {
                "id_str": "1221452719338057728",
                "id": 1221452719338057728,
                "indices": [
                  130,
                  153
                ],
                "expanded_url": "https://twitter.com/CNNChile/status/1221452723775655938/photo/1",
                "media_url": "http://pbs.twimg.com/media/EPN4xtYUcAA55W2.jpg",
                "display_url": "pic.twitter.com/kMLzQ3yNaf",
                "type": "photo",
                "media_url_https": "https://pbs.twimg.com/media/EPN4xtYUcAA55W2.jpg",
                "url": "https://t.co/kMLzQ3yNaf",
                "sizes": {
                  "thumb": {
                    "h": 150,
                    "w": 150,
                    "resize": "crop"
                  },
                  "small": {
                    "h": 383,
                    "w": 680,
                    "resize": "fit"
                  },
                  "medium": {
                    "h": 675,
                    "w": 1200,
                    "resize": "fit"
                  },
                  "large": {
                    "h": 720,
                    "w": 1280,
                    "resize": "fit"
                  }
                }
              }
            ],
            "symbols": []
          }
        },
        "in_reply_to_screen_name": null,
        "place": null,
        "filter_level": "low",
        "retweeted": false,
        "text": "Frente Amplio propone reformar Carabineros: “Deben entender que en Chile existe el derecho a movilizarse”… https://t.co/oT1WTDOUuy",
        "in_reply_to_user_id_str": null,
        "contributors": null,
        "id": 1221452723775655938,
        "user": {
          "profile_sidebar_border_color": "FFFFFF",
          "is_translator": false,
          "screen_name": "CNNChile",
          "followers_count": 3148372,
          "created_at": "Fri Dec 19 19:09:28 +0000 2008",
          "profile_background_color": "212322",
          "profile_image_url_https": "https://pbs.twimg.com/profile_images/1204056212163178503/7pHRfcRi_normal.jpg",
          "profile_sidebar_fill_color": "9C9C9C",
          "name": "CNN Chile",
          "url": "http://www.cnnchile.com",
          "default_profile": false,
          "translator_type": "none",
          "profile_text_color": "000000",
          "listed_count": 9466,
          "profile_background_image_url": "http://abs.twimg.com/images/themes/theme1/bg.png",
          "following": null,
          "profile_background_tile": false,
          "default_profile_image": false,
          "protected": false,
          "id": 18248645,
          "contributors_enabled": false,
          "geo_enabled": false,
          "utc_offset": null,
          "description": "Somos la cuenta oficial en Twitter de CNN Chile #VamosMásAllá",
          "time_zone": null,
          "follow_request_sent": null,
          "favourites_count": 878,
          "friends_count": 889,
          "verified": true,
          "profile_background_image_url_https": "https://abs.twimg.com/images/themes/theme1/bg.png",
          "id_str": "18248645",
          "statuses_count": 338335,
          "profile_image_url": "http://pbs.twimg.com/profile_images/1204056212163178503/7pHRfcRi_normal.jpg",
          "notifications": null,
          "location": "Chile",
          "lang": null,
          "profile_use_background_image": true,
          "profile_link_color": "A10000",
          "profile_banner_url": "https://pbs.twimg.com/profile_banners/18248645/1534177370"
        },
        "display_text_range": [
          0,
          140
        ],
        "quote_count": 53,
        "geo": null,
        "retweet_count": 81,
        "is_quote_status": false,
        "source": "<a href=\"http://www.socialbakers.com/\" rel=\"nofollow\">Socialbakers</a>",
        "favorited": false,
        "reply_count": 203,
        "lang": "es",
        "in_reply_to_user_id": null,
        "entities": {
          "user_mentions": [],
          "urls": [
            {
              "display_url": "twitter.com/i/web/status/1…",
              "expanded_url": "https://twitter.com/i/web/status/1221452723775655938",
              "indices": [
                107,
                130
              ],
              "url": "https://t.co/oT1WTDOUuy"
            }
          ],
          "hashtags": [],
          "symbols": []
        },
        "in_reply_to_status_id": null,
        "coordinates": null,
        "possibly_sensitive": false,
        "truncated": true
      },
      "is_quote_status": true,
      "created_at": "Sun Jan 26 17:41:40 +0000 2020",
      "entities": {
        "user_mentions": [
          {
            "id_str": "331257093",
            "id": 331257093,
            "indices": [
              3,
              16
            ],
            "screen_name": "sergioulloa1",
            "name": "Una nueva consciencia"
          }
        ],
        "urls": [
          {
            "display_url": "twitter.com/CNNChile/statu…",
            "expanded_url": "https://twitter.com/CNNChile/status/1221452723775655938?s=20",
            "indices": [
              96,
              119
            ],
            "url": "https://t.co/5AZH2w9lDw"
          }
        ],
        "hashtags": [],
        "symbols": []
      },
      "in_reply_to_status_id_str": null,
      "filter_level": "low",
      "in_reply_to_screen_name": null,
      "place": null,
      "retweeted_status": {
        "quoted_status_id_str": "1221452723775655938",
        "quoted_status": {
          "favorite_count": 448,
          "created_at": "Sun Jan 26 15:19:57 +0000 2020",
          "in_reply_to_status_id_str": null,
          "id_str": "1221452723775655938",
          "extended_tweet": {
            "display_text_range": [
              0,
              129
            ],
            "extended_entities": {
              "media": [
                {
                  "id_str": "1221452719338057728",
                  "id": 1221452719338057728,
                  "indices": [
                    130,
                    153
                  ],
                  "expanded_url": "https://twitter.com/CNNChile/status/1221452723775655938/photo/1",
                  "media_url": "http://pbs.twimg.com/media/EPN4xtYUcAA55W2.jpg",
                  "display_url": "pic.twitter.com/kMLzQ3yNaf",
                  "type": "photo",
                  "media_url_https": "https://pbs.twimg.com/media/EPN4xtYUcAA55W2.jpg",
                  "url": "https://t.co/kMLzQ3yNaf",
                  "sizes": {
                    "thumb": {
                      "h": 150,
                      "w": 150,
                      "resize": "crop"
                    },
                    "small": {
                      "h": 383,
                      "w": 680,
                      "resize": "fit"
                    },
                    "medium": {
                      "h": 675,
                      "w": 1200,
                      "resize": "fit"
                    },
                    "large": {
                      "h": 720,
                      "w": 1280,
                      "resize": "fit"
                    }
                  }
                }
              ]
            },
            "full_text": "Frente Amplio propone reformar Carabineros: “Deben entender que en Chile existe el derecho a movilizarse” https://t.co/DQ2nJTkLDc https://t.co/kMLzQ3yNaf",
            "entities": {
              "user_mentions": [],
              "urls": [
                {
                  "display_url": "bit.ly/36ooQzH",
                  "expanded_url": "https://bit.ly/36ooQzH",
                  "indices": [
                    106,
                    129
                  ],
                  "url": "https://t.co/DQ2nJTkLDc"
                }
              ],
              "hashtags": [],
              "media": [
                {
                  "id_str": "1221452719338057728",
                  "id": 1221452719338057728,
                  "indices": [
                    130,
                    153
                  ],
                  "expanded_url": "https://twitter.com/CNNChile/status/1221452723775655938/photo/1",
                  "media_url": "http://pbs.twimg.com/media/EPN4xtYUcAA55W2.jpg",
                  "display_url": "pic.twitter.com/kMLzQ3yNaf",
                  "type": "photo",
                  "media_url_https": "https://pbs.twimg.com/media/EPN4xtYUcAA55W2.jpg",
                  "url": "https://t.co/kMLzQ3yNaf",
                  "sizes": {
                    "thumb": {
                      "h": 150,
                      "w": 150,
                      "resize": "crop"
                    },
                    "small": {
                      "h": 383,
                      "w": 680,
                      "resize": "fit"
                    },
                    "medium": {
                      "h": 675,
                      "w": 1200,
                      "resize": "fit"
                    },
                    "large": {
                      "h": 720,
                      "w": 1280,
                      "resize": "fit"
                    }
                  }
                }
              ],
              "symbols": []
            }
          },
          "in_reply_to_screen_name": null,
          "place": null,
          "filter_level": "low",
          "retweeted": false,
          "text": "Frente Amplio propone reformar Carabineros: “Deben entender que en Chile existe el derecho a movilizarse”… https://t.co/oT1WTDOUuy",
          "in_reply_to_user_id_str": null,
          "contributors": null,
          "id": 1221452723775655938,
          "user": {
            "profile_sidebar_border_color": "FFFFFF",
            "is_translator": false,
            "screen_name": "CNNChile",
            "followers_count": 3148372,
            "created_at": "Fri Dec 19 19:09:28 +0000 2008",
            "profile_background_color": "212322",
            "profile_image_url_https": "https://pbs.twimg.com/profile_images/1204056212163178503/7pHRfcRi_normal.jpg",
            "profile_sidebar_fill_color": "9C9C9C",
            "name": "CNN Chile",
            "url": "http://www.cnnchile.com",
            "default_profile": false,
            "translator_type": "none",
            "profile_text_color": "000000",
            "listed_count": 9466,
            "profile_background_image_url": "http://abs.twimg.com/images/themes/theme1/bg.png",
            "following": null,
            "profile_background_tile": false,
            "default_profile_image": false,
            "protected": false,
            "id": 18248645,
            "contributors_enabled": false,
            "geo_enabled": false,
            "utc_offset": null,
            "description": "Somos la cuenta oficial en Twitter de CNN Chile #VamosMásAllá",
            "time_zone": null,
            "follow_request_sent": null,
            "favourites_count": 878,
            "friends_count": 889,
            "verified": true,
            "profile_background_image_url_https": "https://abs.twimg.com/images/themes/theme1/bg.png",
            "id_str": "18248645",
            "statuses_count": 338335,
            "profile_image_url": "http://pbs.twimg.com/profile_images/1204056212163178503/7pHRfcRi_normal.jpg",
            "notifications": null,
            "location": "Chile",
            "lang": null,
            "profile_use_background_image": true,
            "profile_link_color": "A10000",
            "profile_banner_url": "https://pbs.twimg.com/profile_banners/18248645/1534177370"
          },
          "display_text_range": [
            0,
            140
          ],
          "quote_count": 53,
          "geo": null,
          "retweet_count": 81,
          "is_quote_status": false,
          "source": "<a href=\"http://www.socialbakers.com/\" rel=\"nofollow\">Socialbakers</a>",
          "favorited": false,
          "reply_count": 203,
          "lang": "es",
          "in_reply_to_user_id": null,
          "entities": {
            "user_mentions": [],
            "urls": [
              {
                "display_url": "twitter.com/i/web/status/1…",
                "expanded_url": "https://twitter.com/i/web/status/1221452723775655938",
                "indices": [
                  107,
                  130
                ],
                "url": "https://t.co/oT1WTDOUuy"
              }
            ],
            "hashtags": [],
            "symbols": []
          },
          "in_reply_to_status_id": null,
          "coordinates": null,
          "possibly_sensitive": false,
          "truncated": true
        },
        "favorite_count": 16,
        "created_at": "Sun Jan 26 16:59:45 +0000 2020",
        "entities": {
          "user_mentions": [],
          "urls": [
            {
              "display_url": "twitter.com/CNNChile/statu…",
              "expanded_url": "https://twitter.com/CNNChile/status/1221452723775655938?s=20",
              "indices": [
                78,
                101
              ],
              "url": "https://t.co/5AZH2w9lDw"
            }
          ],
          "hashtags": [],
          "symbols": []
        },
        "in_reply_to_status_id_str": null,
        "id_str": "1221477839310069760",
        "in_reply_to_screen_name": null,
        "place": null,
        "filter_level": "low",
        "retweeted": false,
        "text": "Reformar a Carabineros a gusto de la extrema izquierda sería el fin de Chile. https://t.co/5AZH2w9lDw",
        "in_reply_to_user_id_str": null,
        "contributors": null,
        "id": 1221477839310069760,
        "user": {
          "profile_sidebar_border_color": "FFFFFF",
          "is_translator": false,
          "screen_name": "sergioulloa1",
          "followers_count": 33075,
          "created_at": "Thu Jul 07 22:02:50 +0000 2011",
          "profile_background_color": "C0DEED",
          "profile_image_url_https": "https://pbs.twimg.com/profile_images/587440786423345152/NVVqQU1c_normal.jpg",
          "profile_sidebar_fill_color": "DDEEF6",
          "name": "Una nueva consciencia",
          "url": null,
          "default_profile": false,
          "translator_type": "regular",
          "profile_text_color": "333333",
          "listed_count": 111,
          "profile_background_image_url": "http://abs.twimg.com/images/themes/theme1/bg.png",
          "following": null,
          "profile_background_tile": true,
          "default_profile_image": false,
          "protected": false,
          "id": 331257093,
          "contributors_enabled": false,
          "geo_enabled": true,
          "utc_offset": null,
          "description": "Strategic weapons engineer. Us navy Seal. Verdad, Honor y Dignidad. Buenas ideas, por sobre ideologías. Mi amor y felicidad no dependen de nada y nadie. Namasté",
          "time_zone": null,
          "follow_request_sent": null,
          "favourites_count": 404899,
          "friends_count": 16878,
          "verified": false,
          "profile_background_image_url_https": "https://abs.twimg.com/images/themes/theme1/bg.png",
          "id_str": "331257093",
          "statuses_count": 278568,
          "profile_image_url": "http://pbs.twimg.com/profile_images/587440786423345152/NVVqQU1c_normal.jpg",
          "notifications": null,
          "location": "santiago de chile",
          "lang": null,
          "profile_use_background_image": true,
          "profile_link_color": "3B94D9",
          "profile_banner_url": "https://pbs.twimg.com/profile_banners/331257093/1546532507"
        },
        "quote_count": 1,
        "geo": null,
        "retweet_count": 15,
        "is_quote_status": true,
        "source": "<a href=\"https://mobile.twitter.com\" rel=\"nofollow\">Twitter Web App</a>",
        "favorited": false,
        "reply_count": 7,
        "lang": "es",
        "quoted_status_permalink": {
          "display": "twitter.com/CNNChile/statu…",
          "expanded": "https://twitter.com/CNNChile/status/1221452723775655938?s=20",
          "url": "https://t.co/5AZH2w9lDw"
        },
        "in_reply_to_user_id": null,
        "truncated": false,
        "in_reply_to_status_id": null,
        "coordinates": null,
        "possibly_sensitive": false,
        "quoted_status_id": 1221452723775655938
      },
      "retweeted": false,
      "text": "RT @sergioulloa1: Reformar a Carabineros a gusto de la extrema izquierda sería el fin de Chile. https://t.co/5AZH2w9lDw",
      "in_reply_to_user_id_str": null,
      "contributors": null,
      "id": 1221488387787567107,
      "user": {
        "profile_sidebar_border_color": "C0DEED",
        "is_translator": false,
        "screen_name": "SchwennA",
        "followers_count": 46,
        "created_at": "Sun Dec 01 14:05:34 +0000 2019",
        "profile_background_color": "F5F8FA",
        "profile_image_url_https": "https://pbs.twimg.com/profile_images/1201257988792758273/LoJCwl3B_normal.jpg",
        "profile_sidebar_fill_color": "DDEEF6",
        "name": "Andrea A Schwenn",
        "url": null,
        "default_profile": true,
        "translator_type": "none",
        "profile_text_color": "333333",
        "listed_count": 0,
        "profile_background_image_url": "",
        "following": null,
        "profile_background_tile": false,
        "default_profile_image": false,
        "protected": false,
        "id": 1201140230159515648,
        "contributors_enabled": false,
        "geo_enabled": true,
        "utc_offset": null,
        "description": "Public Relations Consultant Mcgill University Alumni,Canada. Love life and peace",
        "time_zone": null,
        "follow_request_sent": null,
        "favourites_count": 913,
        "friends_count": 138,
        "verified": false,
        "profile_background_image_url_https": "",
        "id_str": "1201140230159515648",
        "statuses_count": 663,
        "profile_image_url": "http://pbs.twimg.com/profile_images/1201257988792758273/LoJCwl3B_normal.jpg",
        "notifications": null,
        "location": null,
        "lang": null,
        "profile_use_background_image": true,
        "profile_link_color": "1DA1F2",
        "profile_banner_url": "https://pbs.twimg.com/profile_banners/1201140230159515648/1575237198"
      },
      "quote_count": 0,
      "geo": null,
      "favorite_count": 0,
      "retweet_count": 0,
      "id_str": "1221488387787567107",
      "source": "<a href=\"http://twitter.com/download/iphone\" rel=\"nofollow\">Twitter for iPhone</a>",
      "favorited": false,
      "reply_count": 0,
      "timestamp_ms": "1580060500462",
      "lang": "es",
      "quoted_status_permalink": {
        "display": "twitter.com/CNNChile/statu…",
        "expanded": "https://twitter.com/CNNChile/status/1221452723775655938?s=20",
        "url": "https://t.co/5AZH2w9lDw"
      },
      "in_reply_to_user_id": null,
      "truncated": false,
      "in_reply_to_status_id": null,
      "coordinates": null,
      "possibly_sensitive": false,
      "quoted_status_id": 1221452723775655938
    },
    {
      "favorite_count": 0,
      "created_at": "Sun Jan 26 17:41:40 +0000 2020",
      "in_reply_to_status_id_str": null,
      "id_str": "1221488389213519872",
      "in_reply_to_screen_name": null,
      "place": null,
      "filter_level": "low",
      "retweeted_status": {
        "favorite_count": 18,
        "created_at": "Sun Jan 26 16:29:02 +0000 2020",
        "in_reply_to_status_id_str": null,
        "id_str": "1221470108004028416",
        "extended_tweet": {
          "display_text_range": [
            0,
            210
          ],
          "full_text": "DEFINITIVAMENTE NO voy a votar por:\n— Solidaridad Nacional\n— Fuerza Popular\n— PPC\n— Apra\n— Alianza para el Progreso\n— Somos Perú\n— Unión Por el Perú\n— Contigo\n— Podemos Perú\n— Perú Patria Segura\n#Elecciones2020",
          "entities": {
            "user_mentions": [],
            "urls": [],
            "hashtags": [
              {
                "indices": [
                  195,
                  210
                ],
                "text": "Elecciones2020"
              }
            ],
            "symbols": []
          }
        },
        "in_reply_to_screen_name": null,
        "place": null,
        "filter_level": "low",
        "retweeted": false,
        "text": "DEFINITIVAMENTE NO voy a votar por:\n— Solidaridad Nacional\n— Fuerza Popular\n— PPC\n— Apra\n— Alianza para el Progreso… https://t.co/6yMVsdDeZu",
        "in_reply_to_user_id_str": null,
        "contributors": null,
        "id": 1221470108004028416,
        "user": {
          "profile_sidebar_border_color": "FFFFFF",
          "is_translator": false,
          "screen_name": "RicardoMarapi",
          "followers_count": 4221,
          "created_at": "Mon Jun 08 05:06:32 +0000 2009",
          "profile_background_color": "FFFFFF",
          "profile_image_url_https": "https://pbs.twimg.com/profile_images/855934704251543552/SmLaPENB_normal.jpg",
          "profile_sidebar_fill_color": "053E69",
          "name": "Ricardo Marapi",
          "url": null,
          "default_profile": false,
          "translator_type": "none",
          "profile_text_color": "000000",
          "listed_count": 121,
          "profile_background_image_url": "http://abs.twimg.com/images/themes/theme1/bg.png",
          "following": null,
          "profile_background_tile": false,
          "default_profile_image": false,
          "protected": false,
          "id": 45504943,
          "contributors_enabled": false,
          "geo_enabled": false,
          "utc_offset": null,
          "description": "Periodista y Docente universitario. Opinando sobre #RADIO, #Podcast, #Género, #Periodismo, Política y Desarrollo. \nVeo mucho #Cine y #Series. Lector insomne.",
          "time_zone": null,
          "follow_request_sent": null,
          "favourites_count": 5921,
          "friends_count": 390,
          "verified": false,
          "profile_background_image_url_https": "https://abs.twimg.com/images/themes/theme1/bg.png",
          "id_str": "45504943",
          "statuses_count": 33754,
          "profile_image_url": "http://pbs.twimg.com/profile_images/855934704251543552/SmLaPENB_normal.jpg",
          "notifications": null,
          "location": "En Lima o viajando por el Perú",
          "lang": null,
          "profile_use_background_image": false,
          "profile_link_color": "030BB3",
          "profile_banner_url": "https://pbs.twimg.com/profile_banners/45504943/1505183017"
        },
        "quote_count": 0,
        "geo": null,
        "coordinates": null,
        "is_quote_status": false,
        "source": "<a href=\"https://about.twitter.com/products/tweetdeck\" rel=\"nofollow\">TweetDeck</a>",
        "favorited": false,
        "reply_count": 2,
        "lang": "es",
        "in_reply_to_user_id": null,
        "entities": {
          "user_mentions": [],
          "urls": [
            {
              "display_url": "twitter.com/i/web/status/1…",
              "expanded_url": "https://twitter.com/i/web/status/1221470108004028416",
              "indices": [
                117,
                140
              ],
              "url": "https://t.co/6yMVsdDeZu"
            }
          ],
          "hashtags": [],
          "symbols": []
        },
        "in_reply_to_status_id": null,
        "retweet_count": 7,
        "truncated": true
      },
      "retweeted": false,
      "text": "RT @RicardoMarapi: DEFINITIVAMENTE NO voy a votar por:\n— Solidaridad Nacional\n— Fuerza Popular\n— PPC\n— Apra\n— Alianza para el Progreso\n— So…",
      "in_reply_to_user_id_str": null,
      "contributors": null,
      "id": 1221488389213519872,
      "user": {
        "profile_sidebar_border_color": "C0DEED",
        "is_translator": false,
        "screen_name": "DeJuncoYCapuli",
        "followers_count": 196,
        "created_at": "Fri Jun 25 19:38:12 +0000 2010",
        "profile_background_color": "C0DEED",
        "profile_image_url_https": "https://pbs.twimg.com/profile_images/934654401834299394/o_Ng_J8R_normal.jpg",
        "profile_sidebar_fill_color": "DDEEF6",
        "name": "Rita Calixto",
        "url": null,
        "default_profile": true,
        "translator_type": "none",
        "profile_text_color": "333333",
        "listed_count": 12,
        "profile_background_image_url": "http://abs.twimg.com/images/themes/theme1/bg.png",
        "following": null,
        "profile_background_tile": false,
        "default_profile_image": false,
        "protected": false,
        "id": 159578098,
        "contributors_enabled": false,
        "geo_enabled": true,
        "utc_offset": null,
        "description": "Biblio de corazón, me gusta el canto de las cuculíes y el color azul.\nAcceso Abierto, ALFIN, información para el desarrollo, títeres. La libertad es azul",
        "time_zone": null,
        "follow_request_sent": null,
        "favourites_count": 10969,
        "friends_count": 920,
        "verified": false,
        "profile_background_image_url_https": "https://abs.twimg.com/images/themes/theme1/bg.png",
        "id_str": "159578098",
        "statuses_count": 5607,
        "profile_image_url": "http://pbs.twimg.com/profile_images/934654401834299394/o_Ng_J8R_normal.jpg",
        "notifications": null,
        "location": null,
        "lang": null,
        "profile_use_background_image": true,
        "profile_link_color": "1DA1F2",
        "profile_banner_url": "https://pbs.twimg.com/profile_banners/159578098/1398983722"
      },
      "quote_count": 0,
      "geo": null,
      "coordinates": null,
      "is_quote_status": false,
      "source": "<a href=\"http://twitter.com/download/android\" rel=\"nofollow\">Twitter for Android</a>",
      "favorited": false,
      "reply_count": 0,
      "timestamp_ms": "1580060500802",
      "lang": "es",
      "in_reply_to_user_id": null,
      "entities": {
        "user_mentions": [
          {
            "id_str": "45504943",
            "id": 45504943,
            "indices": [
              3,
              17
            ],
            "screen_name": "RicardoMarapi",
            "name": "Ricardo Marapi"
          }
        ],
        "urls": [],
        "hashtags": [],
        "symbols": []
      },
      "in_reply_to_status_id": null,
      "retweet_count": 0,
      "truncated": false
    },
    {
      "quoted_status_id_str": "1220886575124504576",
      "quoted_status": {
        "quoted_status_id_str": "1220857658938294272",
        "favorite_count": 1468,
        "created_at": "Sat Jan 25 01:50:17 +0000 2020",
        "entities": {
          "user_mentions": [],
          "urls": [
            {
              "display_url": "twitter.com/i/web/status/1…",
              "expanded_url": "https://twitter.com/i/web/status/1220886575124504576",
              "indices": [
                117,
                140
              ],
              "url": "https://t.co/HBACRKqoaJ"
            }
          ],
          "hashtags": [],
          "symbols": []
        },
        "in_reply_to_status_id_str": null,
        "id_str": "1220886575124504576",
        "extended_tweet": {
          "display_text_range": [
            0,
            266
          ],
          "full_text": "Half of Canadians think abortion should be prohibited in 3rd trimester unless the mother is in danger.\n\nThis is the case in every civilized country except Canada.\n\nI personally think so too. \n\nPPC has no official position but would allow debate and free vote by MPs.",
          "entities": {
            "user_mentions": [],
            "urls": [],
            "hashtags": [],
            "symbols": []
          }
        },
        "in_reply_to_screen_name": null,
        "place": null,
        "filter_level": "low",
        "retweeted": false,
        "text": "Half of Canadians think abortion should be prohibited in 3rd trimester unless the mother is in danger.\n\nThis is the… https://t.co/HBACRKqoaJ",
        "in_reply_to_user_id_str": null,
        "contributors": null,
        "id": 1220886575124504576,
        "user": {
          "profile_sidebar_border_color": "000000",
          "is_translator": false,
          "screen_name": "MaximeBernier",
          "followers_count": 102245,
          "created_at": "Fri Sep 05 14:06:45 +0000 2014",
          "profile_background_color": "1A4782",
          "profile_image_url_https": "https://pbs.twimg.com/profile_images/798544589019713537/4i1kOcoj_normal.jpg",
          "profile_sidebar_fill_color": "000000",
          "name": "Maxime Bernier",
          "url": "https://www.peoplespartyofcanada.ca",
          "default_profile": false,
          "translator_type": "none",
          "profile_text_color": "000000",
          "listed_count": 722,
          "profile_background_image_url": "http://abs.twimg.com/images/themes/theme15/bg.png",
          "following": null,
          "profile_background_tile": false,
          "default_profile_image": false,
          "protected": false,
          "id": 2791988124,
          "contributors_enabled": false,
          "geo_enabled": true,
          "utc_offset": null,
          "description": "Chef du @ppopulaireca / Leader of the @peoplespca",
          "time_zone": null,
          "follow_request_sent": null,
          "favourites_count": 18898,
          "friends_count": 3523,
          "verified": true,
          "profile_background_image_url_https": "https://abs.twimg.com/images/themes/theme15/bg.png",
          "id_str": "2791988124",
          "statuses_count": 15801,
          "profile_image_url": "http://pbs.twimg.com/profile_images/798544589019713537/4i1kOcoj_normal.jpg",
          "notifications": null,
          "location": "CANADA",
          "lang": null,
          "profile_use_background_image": false,
          "profile_link_color": "1A4782",
          "profile_banner_url": "https://pbs.twimg.com/profile_banners/2791988124/1515694507"
        },
        "quote_count": 65,
        "geo": null,
        "retweet_count": 496,
        "is_quote_status": true,
        "source": "<a href=\"http://twitter.com/download/iphone\" rel=\"nofollow\">Twitter for iPhone</a>",
        "favorited": false,
        "reply_count": 327,
        "lang": "en",
        "in_reply_to_user_id": null,
        "truncated": true,
        "in_reply_to_status_id": null,
        "coordinates": null,
        "quoted_status_id": 1220857658938294272
      },
      "favorite_count": 0,
      "created_at": "Sun Jan 26 17:41:43 +0000 2020",
      "entities": {
        "user_mentions": [],
        "urls": [],
        "hashtags": [],
        "symbols": []
      },
      "in_reply_to_status_id_str": null,
      "id_str": "1221488399544131589",
      "in_reply_to_screen_name": null,
      "place": null,
      "filter_level": "low",
      "retweeted": false,
      "text": "You are lying or ignorant.",
      "in_reply_to_user_id_str": null,
      "contributors": null,
      "id": 1221488399544131589,
      "user": {
        "profile_sidebar_border_color": "C0DEED",
        "is_translator": false,
        "screen_name": "Rae0014",
        "followers_count": 3415,
        "created_at": "Tue Jan 10 12:43:03 +0000 2017",
        "profile_background_color": "F5F8FA",
        "profile_image_url_https": "https://pbs.twimg.com/profile_images/1066086406152318976/f2z9dyB-_normal.jpg",
        "profile_sidebar_fill_color": "DDEEF6",
        "name": "Rae Deeton5",
        "url": null,
        "default_profile": true,
        "translator_type": "none",
        "profile_text_color": "333333",
        "listed_count": 31,
        "profile_background_image_url": "",
        "following": null,
        "profile_background_tile": false,
        "protected": false,
        "id": 818800320386072576,
        "contributors_enabled": false,
        "geo_enabled": false,
        "utc_offset": null,
        "description": "Political junkie, loves dogs, anti-Fascist. Human Rights are not negotiable. #GreenNewDeal #GunControl #Takeaknee #settlercollecter #BanBloodSports",
        "time_zone": null,
        "follow_request_sent": null,
        "favourites_count": 45571,
        "friends_count": 3342,
        "verified": false,
        "profile_background_image_url_https": "",
        "id_str": "818800320386072576",
        "statuses_count": 46025,
        "profile_image_url": "http://pbs.twimg.com/profile_images/1066086406152318976/f2z9dyB-_normal.jpg",
        "notifications": null,
        "location": "Toronto, Ontario",
        "lang": null,
        "profile_use_background_image": true,
        "profile_link_color": "1DA1F2",
        "default_profile_image": false
      },
      "quote_count": 0,
      "geo": null,
      "retweet_count": 0,
      "is_quote_status": true,
      "source": "<a href=\"https://mobile.twitter.com\" rel=\"nofollow\">Twitter Web App</a>",
      "favorited": false,
      "reply_count": 0,
      "timestamp_ms": "1580060503265",
      "lang": "en",
      "quoted_status_permalink": {
        "display": "twitter.com/MaximeBernier/…",
        "expanded": "https://twitter.com/MaximeBernier/status/1220886575124504576",
        "url": "https://t.co/4aAEdzsYTQ"
      },
      "in_reply_to_user_id": null,
      "truncated": false,
      "in_reply_to_status_id": null,
      "coordinates": null,
      "quoted_status_id": 1220886575124504576
    },
    {
      "favorite_count": 0,
      "created_at": "Sun Jan 26 17:41:43 +0000 2020",
      "in_reply_to_status_id_str": null,
      "id_str": "1221488401439956993",
      "in_reply_to_screen_name": null,
      "place": null,
      "filter_level": "low",
      "retweeted_status": {
        "favorite_count": 1591,
        "created_at": "Sun Jan 26 11:02:15 +0000 2020",
        "in_reply_to_status_id_str": null,
        "id_str": "1221387870298087437",
        "extended_tweet": {
          "display_text_range": [
            0,
            165
          ],
          "full_text": "En Melbourne Australia ganó el @partidomorado seguido de @JuntosPorPeru y AP.\nAl fondo de la lista, el APRA, Fuerza Popular y Solidaridad Nacional. \n\n#Elecciones2020",
          "entities": {
            "user_mentions": [
              {
                "id_str": "2800369406",
                "id": 2800369406,
                "indices": [
                  31,
                  45
                ],
                "screen_name": "partidomorado",
                "name": "Partido Morado"
              },
              {
                "id_str": "1197651017527177217",
                "id": 1197651017527177217,
                "indices": [
                  57,
                  71
                ],
                "screen_name": "JuntosPorPeru",
                "name": "Juntos por el Perú"
              }
            ],
            "urls": [],
            "hashtags": [
              {
                "indices": [
                  150,
                  165
                ],
                "text": "Elecciones2020"
              }
            ],
            "symbols": []
          }
        },
        "in_reply_to_screen_name": null,
        "place": null,
        "filter_level": "low",
        "retweeted": false,
        "text": "En Melbourne Australia ganó el @partidomorado seguido de @JuntosPorPeru y AP.\nAl fondo de la lista, el APRA, Fuerza… https://t.co/pPSNAHl0vo",
        "in_reply_to_user_id_str": null,
        "contributors": null,
        "id": 1221387870298087437,
        "user": {
          "profile_sidebar_border_color": "000000",
          "is_translator": false,
          "screen_name": "elfjcgc",
          "followers_count": 5200,
          "created_at": "Thu Jul 08 17:06:26 +0000 2010",
          "profile_background_color": "000000",
          "profile_image_url_https": "https://pbs.twimg.com/profile_images/954531156485197825/XmTu4psd_normal.jpg",
          "profile_sidebar_fill_color": "000000",
          "name": "Eduardo Gonzalez",
          "url": "http://gonzalezc.com",
          "default_profile": false,
          "translator_type": "none",
          "profile_text_color": "000000",
          "listed_count": 68,
          "profile_background_image_url": "http://abs.twimg.com/images/themes/theme18/bg.gif",
          "following": null,
          "profile_background_tile": false,
          "default_profile_image": false,
          "protected": false,
          "id": 164345574,
          "contributors_enabled": false,
          "geo_enabled": true,
          "utc_offset": null,
          "description": "Sociologist. Personal opinion. \nRTs are not necessarily an endorsement.",
          "time_zone": null,
          "follow_request_sent": null,
          "favourites_count": 28547,
          "friends_count": 2384,
          "verified": false,
          "profile_background_image_url_https": "https://abs.twimg.com/images/themes/theme18/bg.gif",
          "id_str": "164345574",
          "statuses_count": 51330,
          "profile_image_url": "http://pbs.twimg.com/profile_images/954531156485197825/XmTu4psd_normal.jpg",
          "notifications": null,
          "location": "Brooklyn, New York",
          "lang": null,
          "profile_use_background_image": false,
          "profile_link_color": "1B95E0",
          "profile_banner_url": "https://pbs.twimg.com/profile_banners/164345574/1353618689"
        },
        "quote_count": 60,
        "geo": null,
        "coordinates": null,
        "is_quote_status": false,
        "source": "<a href=\"http://twitter.com/download/android\" rel=\"nofollow\">Twitter for Android</a>",
        "favorited": false,
        "reply_count": 72,
        "lang": "es",
        "in_reply_to_user_id": null,
        "entities": {
          "user_mentions": [
            {
              "id_str": "2800369406",
              "id": 2800369406,
              "indices": [
                31,
                45
              ],
              "screen_name": "partidomorado",
              "name": "Partido Morado"
            },
            {
              "id_str": "1197651017527177217",
              "id": 1197651017527177217,
              "indices": [
                57,
                71
              ],
              "screen_name": "JuntosPorPeru",
              "name": "Juntos por el Perú"
            }
          ],
          "urls": [
            {
              "display_url": "twitter.com/i/web/status/1…",
              "expanded_url": "https://twitter.com/i/web/status/1221387870298087437",
              "indices": [
                117,
                140
              ],
              "url": "https://t.co/pPSNAHl0vo"
            }
          ],
          "hashtags": [],
          "symbols": []
        },
        "in_reply_to_status_id": null,
        "retweet_count": 485,
        "truncated": true
      },
      "retweeted": false,
      "text": "RT @elfjcgc: En Melbourne Australia ganó el @partidomorado seguido de @JuntosPorPeru y AP.\nAl fondo de la lista, el APRA, Fuerza Popular y…",
      "in_reply_to_user_id_str": null,
      "contributors": null,
      "id": 1221488401439956993,
      "user": {
        "profile_sidebar_border_color": "000000",
        "is_translator": false,
        "screen_name": "clarensar1901",
        "followers_count": 420,
        "created_at": "Thu Dec 10 03:28:57 +0000 2015",
        "profile_background_color": "000000",
        "profile_image_url_https": "https://pbs.twimg.com/profile_images/1143355840268787712/k8YEtK_2_normal.jpg",
        "profile_sidebar_fill_color": "000000",
        "name": "Claudio Renato",
        "url": null,
        "default_profile": false,
        "translator_type": "none",
        "profile_text_color": "000000",
        "listed_count": 2,
        "profile_background_image_url": "http://abs.twimg.com/images/themes/theme1/bg.png",
        "following": null,
        "profile_background_tile": false,
        "default_profile_image": false,
        "protected": false,
        "id": 4513931599,
        "contributors_enabled": false,
        "geo_enabled": false,
        "utc_offset": null,
        "description": "Proletario. Aliancista hasta la muerte. #GGMU. La política y el fútbol tienen más en común de lo que imaginas.",
        "time_zone": null,
        "follow_request_sent": null,
        "favourites_count": 22686,
        "friends_count": 265,
        "verified": false,
        "profile_background_image_url_https": "https://abs.twimg.com/images/themes/theme1/bg.png",
        "id_str": "4513931599",
        "statuses_count": 45902,
        "profile_image_url": "http://pbs.twimg.com/profile_images/1143355840268787712/k8YEtK_2_normal.jpg",
        "notifications": null,
        "location": "Mordor",
        "lang": null,
        "profile_use_background_image": false,
        "profile_link_color": "ABB8C2",
        "profile_banner_url": "https://pbs.twimg.com/profile_banners/4513931599/1548898546"
      },
      "quote_count": 0,
      "geo": null,
      "coordinates": null,
      "is_quote_status": false,
      "source": "<a href=\"http://twitter.com/download/android\" rel=\"nofollow\">Twitter for Android</a>",
      "favorited": false,
      "reply_count": 0,
      "timestamp_ms": "1580060503717",
      "lang": "es",
      "in_reply_to_user_id": null,
      "entities": {
        "user_mentions": [
          {
            "id_str": "164345574",
            "id": 164345574,
            "indices": [
              3,
              11
            ],
            "screen_name": "elfjcgc",
            "name": "Eduardo Gonzalez"
          },
          {
            "id_str": "2800369406",
            "id": 2800369406,
            "indices": [
              44,
              58
            ],
            "screen_name": "partidomorado",
            "name": "Partido Morado"
          },
          {
            "id_str": "1197651017527177217",
            "id": 1197651017527177217,
            "indices": [
              70,
              84
            ],
            "screen_name": "JuntosPorPeru",
            "name": "Juntos por el Perú"
          }
        ],
        "urls": [],
        "hashtags": [],
        "symbols": []
      },
      "in_reply_to_status_id": null,
      "retweet_count": 0,
      "truncated": false
    },
    {
      "favorite_count": 0,
      "created_at": "Sun Jan 26 17:41:45 +0000 2020",
      "in_reply_to_status_id_str": null,
      "id_str": "1221488407362396160",
      "in_reply_to_screen_name": null,
      "place": null,
      "filter_level": "low",
      "retweeted_status": {
        "created_at": "Sun Jan 26 17:31:53 +0000 2020",
        "in_reply_to_status_id_str": null,
        "id_str": "1221485924778987530",
        "in_reply_to_screen_name": null,
        "place": null,
        "filter_level": "low",
        "in_reply_to_user_id": null,
        "retweeted": false,
        "text": "La única manera de asimilar la escoria de Martha Chávez en el congreso es ver a la primera mujer trans indígena siendo elegida.",
        "in_reply_to_user_id_str": null,
        "contributors": null,
        "id": 1221485924778987530,
        "user": {
          "profile_sidebar_border_color": "FFFFFF",
          "is_translator": false,
          "screen_name": "el_arandano",
          "followers_count": 2314,
          "created_at": "Tue Oct 06 20:18:30 +0000 2009",
          "profile_background_color": "9AE4E8",
          "profile_image_url_https": "https://pbs.twimg.com/profile_images/1221487361026072576/XG9UMI87_normal.jpg",
          "profile_sidebar_fill_color": "DDFFCC",
          "name": "Vota JP 8 y 20 - Gahela y Chabelita al Congreso",
          "url": "https://www.instagram.com/el_arandano",
          "default_profile": false,
          "translator_type": "regular",
          "profile_text_color": "333333",
          "listed_count": 42,
          "profile_background_image_url": "http://abs.twimg.com/images/themes/theme16/bg.gif",
          "following": null,
          "profile_background_tile": true,
          "default_profile_image": false,
          "protected": false,
          "id": 80392779,
          "contributors_enabled": false,
          "geo_enabled": true,
          "utc_offset": null,
          "description": "Ilustrador | Fanzinero | Hyliano",
          "time_zone": null,
          "follow_request_sent": null,
          "favourites_count": 8534,
          "friends_count": 1121,
          "verified": false,
          "profile_background_image_url_https": "https://abs.twimg.com/images/themes/theme16/bg.gif",
          "id_str": "80392779",
          "statuses_count": 84840,
          "profile_image_url": "http://pbs.twimg.com/profile_images/1221487361026072576/XG9UMI87_normal.jpg",
          "notifications": null,
          "location": "Lima, Peru",
          "lang": null,
          "profile_use_background_image": true,
          "profile_link_color": "ABB8C2",
          "profile_banner_url": "https://pbs.twimg.com/profile_banners/80392779/1579525346"
        },
        "quote_count": 0,
        "geo": null,
        "coordinates": null,
        "is_quote_status": false,
        "source": "<a href=\"http://twitter.com/download/iphone\" rel=\"nofollow\">Twitter for iPhone</a>",
        "favorited": false,
        "favorite_count": 4,
        "lang": "es",
        "reply_count": 1,
        "entities": {
          "user_mentions": [],
          "urls": [],
          "hashtags": [],
          "symbols": []
        },
        "in_reply_to_status_id": null,
        "retweet_count": 1,
        "truncated": false
      },
      "retweeted": false,
      "text": "RT @el_arandano: La única manera de asimilar la escoria de Martha Chávez en el congreso es ver a la primera mujer trans indígena siendo ele…",
      "in_reply_to_user_id_str": null,
      "contributors": null,
      "id": 1221488407362396160,
      "user": {
        "profile_sidebar_border_color": "829D5E",
        "is_translator": false,
        "screen_name": "nerymark",
        "followers_count": 371,
        "created_at": "Tue Sep 01 21:03:37 +0000 2009",
        "profile_background_color": "352726",
        "profile_image_url_https": "https://pbs.twimg.com/profile_images/906001115581263872/UA8tNNJz_normal.jpg",
        "profile_sidebar_fill_color": "99CC33",
        "name": "Nery Martin",
        "url": null,
        "default_profile": false,
        "translator_type": "none",
        "profile_text_color": "3E4415",
        "listed_count": 4,
        "profile_background_image_url": "http://abs.twimg.com/images/themes/theme5/bg.gif",
        "following": null,
        "profile_background_tile": true,
        "default_profile_image": false,
        "protected": false,
        "id": 70785068,
        "contributors_enabled": false,
        "geo_enabled": true,
        "utc_offset": null,
        "description": "Abogado. Especialista en Indecopi CPC Teatro. Drama y comedia. Fanático a morir de Florence and the machine. #HBHBHB. Malo contando chistes. Pésimo cantante.",
        "time_zone": null,
        "follow_request_sent": null,
        "favourites_count": 4329,
        "friends_count": 366,
        "verified": false,
        "profile_background_image_url_https": "https://abs.twimg.com/images/themes/theme5/bg.gif",
        "id_str": "70785068",
        "statuses_count": 8779,
        "profile_image_url": "http://pbs.twimg.com/profile_images/906001115581263872/UA8tNNJz_normal.jpg",
        "notifications": null,
        "location": "LIMA/PERU",
        "lang": null,
        "profile_use_background_image": true,
        "profile_link_color": "D02B55",
        "profile_banner_url": "https://pbs.twimg.com/profile_banners/70785068/1504852664"
      },
      "quote_count": 0,
      "geo": null,
      "coordinates": null,
      "is_quote_status": false,
      "source": "<a href=\"http://twitter.com/download/android\" rel=\"nofollow\">Twitter for Android</a>",
      "favorited": false,
      "reply_count": 0,
      "timestamp_ms": "1580060505129",
      "lang": "es",
      "in_reply_to_user_id": null,
      "entities": {
        "user_mentions": [
          {
            "id_str": "80392779",
            "id": 80392779,
            "indices": [
              3,
              15
            ],
            "screen_name": "el_arandano",
            "name": "Vota JP 8 y 20 - Gahela y Chabelita al Congreso"
          }
        ],
        "urls": [],
        "hashtags": [],
        "symbols": []
      },
      "in_reply_to_status_id": null,
      "retweet_count": 0,
      "truncated": false
    },
    {
      "favorite_count": 0,
      "created_at": "Sun Jan 26 17:41:47 +0000 2020",
      "in_reply_to_status_id_str": null,
      "id_str": "1221488417466454017",
      "extended_tweet": {
        "display_text_range": [
          0,
          171
        ],
        "full_text": "Keiko llega en camioneta manejada por un chofer, con seguridad y nunca ha trabajado, y todavía dice “el jueves se hará justicia”, nuevo nivel de cara de palo desbloqueado.",
        "entities": {
          "user_mentions": [],
          "urls": [],
          "hashtags": [],
          "symbols": []
        }
      },
      "in_reply_to_screen_name": null,
      "place": null,
      "filter_level": "low",
      "retweeted": false,
      "text": "Keiko llega en camioneta manejada por un chofer, con seguridad y nunca ha trabajado, y todavía dice “el jueves se h… https://t.co/bCGyQ3ro7q",
      "in_reply_to_user_id_str": null,
      "contributors": null,
      "id": 1221488417466454017,
      "user": {
        "profile_sidebar_border_color": "C0DEED",
        "is_translator": false,
        "screen_name": "kattyfmarquez",
        "followers_count": 227,
        "created_at": "Mon May 04 02:32:52 +0000 2015",
        "profile_background_color": "C0DEED",
        "profile_image_url_https": "https://pbs.twimg.com/profile_images/1134642431654289408/7ETa5ANb_normal.jpg",
        "profile_sidebar_fill_color": "DDEEF6",
        "name": "Katty",
        "url": "http://Instagram.com/kattyfloresm",
        "default_profile": true,
        "translator_type": "none",
        "profile_text_color": "333333",
        "listed_count": 5,
        "profile_background_image_url": "http://abs.twimg.com/images/themes/theme1/bg.png",
        "following": null,
        "profile_background_tile": false,
        "default_profile_image": false,
        "protected": false,
        "id": 3232413683,
        "contributors_enabled": false,
        "geo_enabled": true,
        "utc_offset": null,
        "description": "Abogada, mamá, futbolera, la U y el Barça. Cinéfila, melómana y Coca-cola dependiente.",
        "time_zone": null,
        "follow_request_sent": null,
        "favourites_count": 30037,
        "friends_count": 413,
        "verified": false,
        "profile_background_image_url_https": "https://abs.twimg.com/images/themes/theme1/bg.png",
        "id_str": "3232413683",
        "statuses_count": 17841,
        "profile_image_url": "http://pbs.twimg.com/profile_images/1134642431654289408/7ETa5ANb_normal.jpg",
        "notifications": null,
        "location": "Tacna, Peru",
        "lang": null,
        "profile_use_background_image": true,
        "profile_link_color": "1DA1F2",
        "profile_banner_url": "https://pbs.twimg.com/profile_banners/3232413683/1570933828"
      },
      "quote_count": 0,
      "geo": null,
      "coordinates": null,
      "is_quote_status": false,
      "source": "<a href=\"http://twitter.com/download/iphone\" rel=\"nofollow\">Twitter for iPhone</a>",
      "favorited": false,
      "reply_count": 0,
      "timestamp_ms": "1580060507538",
      "lang": "es",
      "in_reply_to_user_id": null,
      "entities": {
        "user_mentions": [],
        "urls": [
          {
            "display_url": "twitter.com/i/web/status/1…",
            "expanded_url": "https://twitter.com/i/web/status/1221488417466454017",
            "indices": [
              117,
              140
            ],
            "url": "https://t.co/bCGyQ3ro7q"
          }
        ],
        "hashtags": [],
        "symbols": []
      },
      "in_reply_to_status_id": null,
      "retweet_count": 0,
      "truncated": true
    }
  ]
}