{
  "data": [
    {
      "timestamp_ms": "1579329831248",
      "created_at": "Sat Jan 18 06:43:51 +0000 2020",
      "in_reply_to_status_id": null,
      "is_quote_status": false,
      "favorite_count": 0,
      "user": {
        "location": null,
        "created_at": "Fri Nov 08 05:10:06 +0000 2019",
        "profile_link_color": "1DA1F2",
        "default_profile_image": false,
        "contributors_enabled": false,
        "profile_use_background_image": true,
        "geo_enabled": false,
        "followers_count": 52,
        "profile_image_url": "http://pbs.twimg.com/profile_images/1215568015858626562/QLWPbr6m_normal.jpg",
        "protected": false,
        "utc_offset": null,
        "profile_sidebar_fill_color": "DDEEF6",
        "name": "amalka ♦️❤️♦️❤️♦️❤️",
        "favourites_count": 3640,
        "id_str": "1192670537824141312",
        "lang": null,
        "translator_type": "none",
        "friends_count": 246,
        "notifications": null,
        "follow_request_sent": null,
        "verified": false,
        "following": null,
        "statuses_count": 1432,
        "id": 1192670537824141312,
        "listed_count": 0,
        "default_profile": true,
        "profile_background_color": "F5F8FA",
        "profile_background_image_url_https": "",
        "profile_banner_url": "https://pbs.twimg.com/profile_banners/1192670537824141312/1578571067",
        "screen_name": "lemon_amalka",
        "profile_background_tile": false,
        "url": null,
        "description": "アカ辞めるかどうか迷っていて続けるならカフェレシピなど合間リツイートするアカにしようかと思ってます。こちらは@repimemo←薬膳食と日常レシピめもアカ",
        "profile_sidebar_border_color": "C0DEED",
        "profile_text_color": "333333",
        "time_zone": null,
        "is_translator": false,
        "profile_image_url_https": "https://pbs.twimg.com/profile_images/1215568015858626562/QLWPbr6m_normal.jpg",
        "profile_background_image_url": ""
      },
      "retweet_count": 0,
      "entities": {
        "urls": [],
        "symbols": [],
        "user_mentions": [
          {
            "id": 708720507974066176,
            "indices": [
              3,
              19
            ],
            "screen_name": "ikukyuarigataya",
            "name": "ゆい",
            "id_str": "708720507974066176"
          }
        ],
        "hashtags": []
      },
      "favorited": false,
      "id_str": "1218423738980421633",
      "in_reply_to_status_id_str": null,
      "lang": "ja",
      "geo": null,
      "in_reply_to_user_id_str": null,
      "in_reply_to_user_id": null,
      "text": "RT @ikukyuarigataya: あさイチ通勤途中で見れなかったけど、浜田桂子さんの絵本「へいわってどんなこと？」\n韓国、中国の絵本作家と共同作成。\n\n子どもは絵本でとっくに国境なんて飛んでいると仰ってた。戦争をしないって当たり前の事が当た前にならなきゃね。 https…",
      "quote_count": 0,
      "id": 1218423738980421633,
      "retweeted": false,
      "filter_level": "low",
      "coordinates": null,
      "reply_count": 0,
      "truncated": false,
      "contributors": null,
      "in_reply_to_screen_name": null,
      "source": "<a href=\"http://twitter.com/download/iphone\" rel=\"nofollow\">Twitter for iPhone</a>",
      "place": null,
      "retweeted_status": {
        "created_at": "Fri Jan 17 21:52:58 +0000 2020",
        "in_reply_to_status_id": null,
        "is_quote_status": false,
        "favorite_count": 5,
        "user": {
          "location": null,
          "created_at": "Sat Mar 12 18:25:11 +0000 2016",
          "profile_link_color": "1DA1F2",
          "default_profile_image": false,
          "contributors_enabled": false,
          "profile_use_background_image": true,
          "geo_enabled": false,
          "followers_count": 231,
          "profile_image_url": "http://pbs.twimg.com/profile_images/1152738872150786048/wNazzDdY_normal.jpg",
          "protected": false,
          "utc_offset": null,
          "profile_sidebar_fill_color": "DDEEF6",
          "name": "ゆい",
          "favourites_count": 47478,
          "id_str": "708720507974066176",
          "lang": null,
          "translator_type": "none",
          "friends_count": 447,
          "notifications": null,
          "follow_request_sent": null,
          "verified": false,
          "following": null,
          "statuses_count": 4120,
          "id": 708720507974066176,
          "listed_count": 2,
          "default_profile": true,
          "profile_background_color": "F5F8FA",
          "profile_background_image_url_https": "",
          "profile_banner_url": "https://pbs.twimg.com/profile_banners/708720507974066176/1563669339",
          "screen_name": "ikukyuarigataya",
          "profile_background_tile": false,
          "url": null,
          "description": "子どもの健やかな成長と未来のために、楽しく、緩やかに、諦めず。\nびじゅチューン！もプリキュアもルパパトも大好き！素敵な音楽と映画が大好き！美味しい料理が大好き！\nそして、子どもの未来のために、政治の話も、いま日本で起きていること、世界で起きていることに目を背けず。\nママが変われば世界は変わると信じている！さぁ私達から！",
          "profile_sidebar_border_color": "C0DEED",
          "profile_text_color": "333333",
          "time_zone": null,
          "is_translator": false,
          "profile_image_url_https": "https://pbs.twimg.com/profile_images/1152738872150786048/wNazzDdY_normal.jpg",
          "profile_background_image_url": ""
        },
        "retweet_count": 1,
        "entities": {
          "urls": [
            {
              "indices": [
                113,
                136
              ],
              "display_url": "kokocara.pal-system.co.jp/2018/08/06/wha…",
              "expanded_url": "https://kokocara.pal-system.co.jp/2018/08/06/what-is-peace-keiko-hamada/",
              "url": "https://t.co/Ri5OOrONGy"
            }
          ],
          "symbols": [],
          "user_mentions": [],
          "hashtags": []
        },
        "favorited": false,
        "id_str": "1218290140688240640",
        "in_reply_to_status_id_str": null,
        "lang": "ja",
        "geo": null,
        "in_reply_to_user_id_str": null,
        "in_reply_to_user_id": null,
        "text": "あさイチ通勤途中で見れなかったけど、浜田桂子さんの絵本「へいわってどんなこと？」\n韓国、中国の絵本作家と共同作成。\n\n子どもは絵本でとっくに国境なんて飛んでいると仰ってた。戦争をしないって当たり前の事が当た前にならなきゃね。 https://t.co/Ri5OOrONGy",
        "quote_count": 0,
        "id": 1218290140688240640,
        "retweeted": false,
        "filter_level": "low",
        "coordinates": null,
        "reply_count": 0,
        "truncated": false,
        "possibly_sensitive": false,
        "contributors": null,
        "in_reply_to_screen_name": null,
        "source": "<a href=\"http://twitter.com/download/android\" rel=\"nofollow\">Twitter for Android</a>",
        "place": null
      }
    },
    {
      "timestamp_ms": "1579329859258",
      "created_at": "Sat Jan 18 06:44:19 +0000 2020",
      "in_reply_to_status_id": 1218395648036204544,
      "extended_entities": {
        "media": [
          {
            "type": "photo",
            "id": 1218423782940930049,
            "expanded_url": "https://twitter.com/beanbaybee/status/1218423856462872577/photo/1",
            "id_str": "1218423782940930049",
            "display_url": "pic.twitter.com/I2wYRdDpw2",
            "indices": [
              48,
              71
            ],
            "media_url": "http://pbs.twimg.com/media/EOi1-aAU8AEmDGQ.jpg",
            "sizes": {
              "medium": {
                "h": 1024,
                "resize": "fit",
                "w": 576
              },
              "large": {
                "h": 1024,
                "resize": "fit",
                "w": 576
              },
              "thumb": {
                "h": 150,
                "resize": "crop",
                "w": 150
              },
              "small": {
                "h": 680,
                "resize": "fit",
                "w": 383
              }
            },
            "url": "https://t.co/I2wYRdDpw2",
            "media_url_https": "https://pbs.twimg.com/media/EOi1-aAU8AEmDGQ.jpg"
          },
          {
            "type": "photo",
            "id": 1218423782945116160,
            "expanded_url": "https://twitter.com/beanbaybee/status/1218423856462872577/photo/1",
            "id_str": "1218423782945116160",
            "display_url": "pic.twitter.com/I2wYRdDpw2",
            "indices": [
              48,
              71
            ],
            "media_url": "http://pbs.twimg.com/media/EOi1-aBU0AAlT-H.jpg",
            "sizes": {
              "medium": {
                "h": 576,
                "resize": "fit",
                "w": 1024
              },
              "large": {
                "h": 576,
                "resize": "fit",
                "w": 1024
              },
              "thumb": {
                "h": 150,
                "resize": "crop",
                "w": 150
              },
              "small": {
                "h": 383,
                "resize": "fit",
                "w": 680
              }
            },
            "url": "https://t.co/I2wYRdDpw2",
            "media_url_https": "https://pbs.twimg.com/media/EOi1-aBU0AAlT-H.jpg"
          },
          {
            "type": "photo",
            "id": 1218423783121252352,
            "expanded_url": "https://twitter.com/beanbaybee/status/1218423856462872577/photo/1",
            "id_str": "1218423783121252352",
            "display_url": "pic.twitter.com/I2wYRdDpw2",
            "indices": [
              48,
              71
            ],
            "media_url": "http://pbs.twimg.com/media/EOi1-arUcAArWI3.jpg",
            "sizes": {
              "medium": {
                "h": 1024,
                "resize": "fit",
                "w": 576
              },
              "large": {
                "h": 1024,
                "resize": "fit",
                "w": 576
              },
              "thumb": {
                "h": 150,
                "resize": "crop",
                "w": 150
              },
              "small": {
                "h": 680,
                "resize": "fit",
                "w": 383
              }
            },
            "url": "https://t.co/I2wYRdDpw2",
            "media_url_https": "https://pbs.twimg.com/media/EOi1-arUcAArWI3.jpg"
          }
        ]
      },
      "display_text_range": [
        8,
        47
      ],
      "is_quote_status": false,
      "favorite_count": 0,
      "user": {
        "location": null,
        "created_at": "Wed Jul 03 01:54:15 +0000 2019",
        "profile_link_color": "1DA1F2",
        "default_profile_image": false,
        "contributors_enabled": false,
        "profile_use_background_image": true,
        "geo_enabled": false,
        "followers_count": 54,
        "profile_image_url": "http://pbs.twimg.com/profile_images/1180358679381434368/w_DMmzM__normal.jpg",
        "protected": false,
        "utc_offset": null,
        "profile_sidebar_fill_color": "DDEEF6",
        "name": "sad sack ™️",
        "favourites_count": 1078,
        "id_str": "1146235674560880641",
        "lang": null,
        "translator_type": "none",
        "friends_count": 201,
        "notifications": null,
        "follow_request_sent": null,
        "verified": false,
        "following": null,
        "statuses_count": 443,
        "id": 1146235674560880641,
        "listed_count": 1,
        "default_profile": true,
        "profile_background_color": "F5F8FA",
        "profile_background_image_url_https": "",
        "profile_banner_url": "https://pbs.twimg.com/profile_banners/1146235674560880641/1578813468",
        "screen_name": "beanbaybee",
        "profile_background_tile": false,
        "url": null,
        "description": "filmmaker/artist/butthead follow me on insta @kiralynnart",
        "profile_sidebar_border_color": "C0DEED",
        "profile_text_color": "333333",
        "time_zone": null,
        "is_translator": false,
        "profile_image_url_https": "https://pbs.twimg.com/profile_images/1180358679381434368/w_DMmzM__normal.jpg",
        "profile_background_image_url": ""
      },
      "retweet_count": 0,
      "entities": {
        "urls": [],
        "symbols": [],
        "user_mentions": [
          {
            "id": 772972933924794368,
            "indices": [
              0,
              7
            ],
            "screen_name": "Cwammy",
            "name": "Cameron",
            "id_str": "772972933924794368"
          }
        ],
        "hashtags": [],
        "media": [
          {
            "type": "photo",
            "id": 1218423782940930049,
            "expanded_url": "https://twitter.com/beanbaybee/status/1218423856462872577/photo/1",
            "id_str": "1218423782940930049",
            "display_url": "pic.twitter.com/I2wYRdDpw2",
            "indices": [
              48,
              71
            ],
            "media_url": "http://pbs.twimg.com/media/EOi1-aAU8AEmDGQ.jpg",
            "sizes": {
              "medium": {
                "h": 1024,
                "resize": "fit",
                "w": 576
              },
              "large": {
                "h": 1024,
                "resize": "fit",
                "w": 576
              },
              "thumb": {
                "h": 150,
                "resize": "crop",
                "w": 150
              },
              "small": {
                "h": 680,
                "resize": "fit",
                "w": 383
              }
            },
            "url": "https://t.co/I2wYRdDpw2",
            "media_url_https": "https://pbs.twimg.com/media/EOi1-aAU8AEmDGQ.jpg"
          }
        ]
      },
      "favorited": false,
      "id_str": "1218423856462872577",
      "in_reply_to_status_id_str": "1218395648036204544",
      "lang": "en",
      "geo": null,
      "in_reply_to_user_id_str": "772972933924794368",
      "in_reply_to_user_id": 772972933924794368,
      "text": "@Cwammy tigger, keiko, and applesauce the Devil https://t.co/I2wYRdDpw2",
      "quote_count": 0,
      "id": 1218423856462872577,
      "retweeted": false,
      "filter_level": "low",
      "coordinates": null,
      "reply_count": 0,
      "truncated": false,
      "possibly_sensitive": false,
      "contributors": null,
      "in_reply_to_screen_name": "Cwammy",
      "source": "<a href=\"http://twitter.com/download/iphone\" rel=\"nofollow\">Twitter for iPhone</a>",
      "place": null
    },
    {
      "timestamp_ms": "1579329908825",
      "created_at": "Sat Jan 18 06:45:08 +0000 2020",
      "in_reply_to_status_id": null,
      "extended_entities": {
        "media": [
          {
            "type": "photo",
            "id": 1218424062210260992,
            "expanded_url": "https://twitter.com/atom_0630/status/1218424064361943040/photo/1",
            "id_str": "1218424062210260992",
            "display_url": "pic.twitter.com/dTW7GJP89H",
            "indices": [
              98,
              121
            ],
            "media_url": "http://pbs.twimg.com/media/EOi2OqXUwAAGto2.jpg",
            "sizes": {
              "medium": {
                "h": 1125,
                "resize": "fit",
                "w": 1125
              },
              "large": {
                "h": 1125,
                "resize": "fit",
                "w": 1125
              },
              "thumb": {
                "h": 150,
                "resize": "crop",
                "w": 150
              },
              "small": {
                "h": 680,
                "resize": "fit",
                "w": 680
              }
            },
            "url": "https://t.co/dTW7GJP89H",
            "media_url_https": "https://pbs.twimg.com/media/EOi2OqXUwAAGto2.jpg"
          }
        ]
      },
      "display_text_range": [
        0,
        97
      ],
      "is_quote_status": false,
      "favorite_count": 0,
      "user": {
        "location": "東京都 八王子市",
        "created_at": "Sat Sep 05 06:59:59 +0000 2015",
        "profile_link_color": "1DA1F2",
        "default_profile_image": false,
        "contributors_enabled": false,
        "profile_use_background_image": true,
        "geo_enabled": true,
        "followers_count": 1016,
        "profile_image_url": "http://pbs.twimg.com/profile_images/1086104033645887489/LCaUIAcv_normal.jpg",
        "protected": false,
        "utc_offset": null,
        "profile_sidebar_fill_color": "DDEEF6",
        "name": "絶望セイバーのアトム（あとむん）",
        "favourites_count": 81457,
        "id_str": "3456607278",
        "lang": null,
        "translator_type": "none",
        "friends_count": 1772,
        "notifications": null,
        "follow_request_sent": null,
        "verified": false,
        "following": null,
        "statuses_count": 33353,
        "id": 3456607278,
        "listed_count": 7,
        "default_profile": true,
        "profile_background_color": "C0DEED",
        "profile_background_image_url_https": "https://abs.twimg.com/images/themes/theme1/bg.png",
        "profile_banner_url": "https://pbs.twimg.com/profile_banners/3456607278/1548056784",
        "screen_name": "atom_0630",
        "profile_background_tile": false,
        "url": "https://ameblo.jp/momohararica/",
        "description": "絶望のリトラ（@litora0）推し！空知李虎（@saranoriku）推し！ LiTora推し！、そして、水樹奈々推し！ヲタ活初心者、メインは後方支援、たまに気か向いたら最前で微妙な湧き方で応援！宮城県出身！グレイ（Grey）から転生したら地球人だった！",
        "profile_sidebar_border_color": "C0DEED",
        "profile_text_color": "333333",
        "time_zone": null,
        "is_translator": false,
        "profile_image_url_https": "https://pbs.twimg.com/profile_images/1086104033645887489/LCaUIAcv_normal.jpg",
        "profile_background_image_url": "http://abs.twimg.com/images/themes/theme1/bg.png"
      },
      "retweet_count": 0,
      "entities": {
        "urls": [
          {
            "indices": [
              74,
              97
            ],
            "display_url": "slink.bigovideo.tv/8EbIwa",
            "expanded_url": "https://slink.bigovideo.tv/8EbIwa",
            "url": "https://t.co/iP6ZNKh6DV"
          }
        ],
        "symbols": [],
        "user_mentions": [],
        "hashtags": [
          {
            "text": "初見さんいらっしゃい",
            "indices": [
              39,
              50
            ]
          }
        ],
        "media": [
          {
            "type": "photo",
            "id": 1218424062210260992,
            "expanded_url": "https://twitter.com/atom_0630/status/1218424064361943040/photo/1",
            "id_str": "1218424062210260992",
            "display_url": "pic.twitter.com/dTW7GJP89H",
            "indices": [
              98,
              121
            ],
            "media_url": "http://pbs.twimg.com/media/EOi2OqXUwAAGto2.jpg",
            "sizes": {
              "medium": {
                "h": 1125,
                "resize": "fit",
                "w": 1125
              },
              "large": {
                "h": 1125,
                "resize": "fit",
                "w": 1125
              },
              "thumb": {
                "h": 150,
                "resize": "crop",
                "w": 150
              },
              "small": {
                "h": 680,
                "resize": "fit",
                "w": 680
              }
            },
            "url": "https://t.co/dTW7GJP89H",
            "media_url_https": "https://pbs.twimg.com/media/EOi2OqXUwAAGto2.jpg"
          }
        ]
      },
      "favorited": false,
      "id_str": "1218424064361943040",
      "in_reply_to_status_id_str": null,
      "lang": "ja",
      "geo": null,
      "in_reply_to_user_id_str": null,
      "in_reply_to_user_id": null,
      "text": "藍澤慶子🐣Keikoさんが#BIGOLIVEで配信してるよ！今すぐチェック: #初見さんいらっしゃい 配信始めました！初めまして♡お試し配信✨  \nhttps://t.co/iP6ZNKh6DV https://t.co/dTW7GJP89H",
      "quote_count": 0,
      "id": 1218424064361943040,
      "retweeted": false,
      "filter_level": "low",
      "coordinates": null,
      "reply_count": 0,
      "truncated": false,
      "possibly_sensitive": false,
      "contributors": null,
      "in_reply_to_screen_name": null,
      "source": "<a href=\"http://www.bigo.tv\" rel=\"nofollow\">BIGO LIVE</a>",
      "place": null
    },
    {
      "timestamp_ms": "1579329948260",
      "created_at": "Sat Jan 18 06:45:48 +0000 2020",
      "in_reply_to_status_id": null,
      "is_quote_status": false,
      "favorite_count": 0,
      "user": {
        "location": null,
        "created_at": "Fri Mar 01 20:43:56 +0000 2019",
        "profile_link_color": "1DA1F2",
        "default_profile_image": false,
        "contributors_enabled": false,
        "profile_use_background_image": true,
        "geo_enabled": false,
        "followers_count": 12,
        "profile_image_url": "http://abs.twimg.com/sticky/default_profile_images/default_profile_normal.png",
        "protected": false,
        "utc_offset": null,
        "profile_sidebar_fill_color": "DDEEF6",
        "name": "nardasandoval",
        "favourites_count": 1179,
        "id_str": "1101583873819979777",
        "lang": null,
        "translator_type": "none",
        "friends_count": 178,
        "notifications": null,
        "follow_request_sent": null,
        "verified": false,
        "following": null,
        "statuses_count": 11006,
        "id": 1101583873819979777,
        "listed_count": 0,
        "default_profile": true,
        "profile_background_color": "F5F8FA",
        "profile_background_image_url_https": "",
        "screen_name": "nardasandoval2",
        "profile_background_tile": false,
        "url": null,
        "description": "Esperanza y tolerancia !!!!!",
        "profile_sidebar_border_color": "C0DEED",
        "profile_text_color": "333333",
        "time_zone": null,
        "is_translator": false,
        "profile_image_url_https": "https://abs.twimg.com/sticky/default_profile_images/default_profile_normal.png",
        "profile_background_image_url": ""
      },
      "retweet_count": 0,
      "entities": {
        "urls": [],
        "symbols": [],
        "user_mentions": [
          {
            "id": 771351819171790848,
            "indices": [
              3,
              13
            ],
            "screen_name": "SalitaSin",
            "name": "La Salita del SIN",
            "id_str": "771351819171790848"
          }
        ],
        "hashtags": []
      },
      "favorited": false,
      "id_str": "1218424229764456448",
      "in_reply_to_status_id_str": null,
      "lang": "es",
      "geo": null,
      "in_reply_to_user_id_str": null,
      "in_reply_to_user_id": null,
      "text": "RT @SalitaSin: Los maltratos a las mujeres en la política peruana siempre fue una constante.\nTodos recordamos las torturas que sufrió Susan…",
      "quote_count": 0,
      "id": 1218424229764456448,
      "retweeted": false,
      "filter_level": "low",
      "coordinates": null,
      "reply_count": 0,
      "truncated": false,
      "contributors": null,
      "in_reply_to_screen_name": null,
      "source": "<a href=\"http://twitter.com/download/iphone\" rel=\"nofollow\">Twitter for iPhone</a>",
      "place": null,
      "retweeted_status": {
        "created_at": "Fri Jan 17 18:46:37 +0000 2020",
        "in_reply_to_status_id": null,
        "display_text_range": [
          0,
          140
        ],
        "is_quote_status": false,
        "favorite_count": 274,
        "extended_tweet": {
          "display_text_range": [
            0,
            264
          ],
          "full_text": "Los maltratos a las mujeres en la política peruana siempre fue una constante.\nTodos recordamos las torturas que sufrió Susana Higuchi por parte de @albertofujimori\nen los sótanos del pentagonito.\n#TorturaronAMiMadrePeroApoyéAMiPadre\n@PFuerzaPopular \n@KeikoFujimori https://t.co/poX88xw3lO",
          "entities": {
            "urls": [],
            "symbols": [],
            "user_mentions": [
              {
                "id": 66017025,
                "indices": [
                  147,
                  163
                ],
                "screen_name": "albertofujimori",
                "name": "Alberto Fujimori Fujimori",
                "id_str": "66017025"
              },
              {
                "id": 721086806,
                "indices": [
                  233,
                  248
                ],
                "screen_name": "PFuerzaPopular",
                "name": "Partido Político Fuerza Popular 🇵🇪",
                "id_str": "721086806"
              },
              {
                "id": 53189543,
                "indices": [
                  250,
                  264
                ],
                "screen_name": "KeikoFujimori",
                "name": "Keiko Fujimori",
                "id_str": "53189543"
              }
            ],
            "hashtags": [
              {
                "text": "TorturaronAMiMadrePeroApoyéAMiPadre",
                "indices": [
                  196,
                  232
                ]
              }
            ],
            "media": [
              {
                "type": "video",
                "id": 1218242918848376832,
                "video_info": {
                  "variants": [
                    {
                      "content_type": "application/x-mpegURL",
                      "url": "https://video.twimg.com/ext_tw_video/1218242918848376832/pu/pl/j2DBDzLHD8IYQFZv.m3u8?tag=10"
                    },
                    {
                      "bitrate": 256000,
                      "content_type": "video/mp4",
                      "url": "https://video.twimg.com/ext_tw_video/1218242918848376832/pu/vid/486x270/U862uDRigh8HkXco.mp4?tag=10"
                    },
                    {
                      "bitrate": 832000,
                      "content_type": "video/mp4",
                      "url": "https://video.twimg.com/ext_tw_video/1218242918848376832/pu/vid/720x400/ljVFSpMjtgRAW4wj.mp4?tag=10"
                    }
                  ],
                  "aspect_ratio": [
                    9,
                    5
                  ],
                  "duration_millis": 40680
                },
                "indices": [
                  265,
                  288
                ],
                "url": "https://t.co/poX88xw3lO",
                "media_url_https": "https://pbs.twimg.com/ext_tw_video_thumb/1218242918848376832/pu/img/uOYhKWuxeqh8_4VY.jpg",
                "sizes": {
                  "medium": {
                    "h": 400,
                    "resize": "fit",
                    "w": 720
                  },
                  "large": {
                    "h": 400,
                    "resize": "fit",
                    "w": 720
                  },
                  "thumb": {
                    "h": 150,
                    "resize": "crop",
                    "w": 150
                  },
                  "small": {
                    "h": 378,
                    "resize": "fit",
                    "w": 680
                  }
                },
                "id_str": "1218242918848376832",
                "display_url": "pic.twitter.com/poX88xw3lO",
                "additional_media_info": {
                  "monetizable": false
                },
                "expanded_url": "https://twitter.com/SalitaSin/status/1218243242573139972/video/1",
                "media_url": "http://pbs.twimg.com/ext_tw_video_thumb/1218242918848376832/pu/img/uOYhKWuxeqh8_4VY.jpg"
              }
            ]
          },
          "extended_entities": {
            "media": [
              {
                "type": "video",
                "id": 1218242918848376832,
                "video_info": {
                  "variants": [
                    {
                      "content_type": "application/x-mpegURL",
                      "url": "https://video.twimg.com/ext_tw_video/1218242918848376832/pu/pl/j2DBDzLHD8IYQFZv.m3u8?tag=10"
                    },
                    {
                      "bitrate": 256000,
                      "content_type": "video/mp4",
                      "url": "https://video.twimg.com/ext_tw_video/1218242918848376832/pu/vid/486x270/U862uDRigh8HkXco.mp4?tag=10"
                    },
                    {
                      "bitrate": 832000,
                      "content_type": "video/mp4",
                      "url": "https://video.twimg.com/ext_tw_video/1218242918848376832/pu/vid/720x400/ljVFSpMjtgRAW4wj.mp4?tag=10"
                    }
                  ],
                  "aspect_ratio": [
                    9,
                    5
                  ],
                  "duration_millis": 40680
                },
                "indices": [
                  265,
                  288
                ],
                "url": "https://t.co/poX88xw3lO",
                "media_url_https": "https://pbs.twimg.com/ext_tw_video_thumb/1218242918848376832/pu/img/uOYhKWuxeqh8_4VY.jpg",
                "sizes": {
                  "medium": {
                    "h": 400,
                    "resize": "fit",
                    "w": 720
                  },
                  "large": {
                    "h": 400,
                    "resize": "fit",
                    "w": 720
                  },
                  "thumb": {
                    "h": 150,
                    "resize": "crop",
                    "w": 150
                  },
                  "small": {
                    "h": 378,
                    "resize": "fit",
                    "w": 680
                  }
                },
                "id_str": "1218242918848376832",
                "display_url": "pic.twitter.com/poX88xw3lO",
                "additional_media_info": {
                  "monetizable": false
                },
                "expanded_url": "https://twitter.com/SalitaSin/status/1218243242573139972/video/1",
                "media_url": "http://pbs.twimg.com/ext_tw_video_thumb/1218242918848376832/pu/img/uOYhKWuxeqh8_4VY.jpg"
              }
            ]
          }
        },
        "user": {
          "location": "Peru",
          "created_at": "Thu Sep 01 14:19:39 +0000 2016",
          "profile_link_color": "ABB8C2",
          "default_profile_image": false,
          "contributors_enabled": false,
          "profile_use_background_image": false,
          "geo_enabled": true,
          "followers_count": 50078,
          "profile_image_url": "http://pbs.twimg.com/profile_images/1146166758702755840/qjMwwSxf_normal.jpg",
          "protected": false,
          "utc_offset": null,
          "profile_sidebar_fill_color": "000000",
          "name": "La Salita del SIN",
          "favourites_count": 15195,
          "id_str": "771351819171790848",
          "lang": null,
          "translator_type": "none",
          "friends_count": 666,
          "notifications": null,
          "follow_request_sent": null,
          "verified": false,
          "following": null,
          "statuses_count": 21564,
          "id": 771351819171790848,
          "listed_count": 80,
          "default_profile": false,
          "profile_background_color": "000000",
          "profile_background_image_url_https": "https://abs.twimg.com/images/themes/theme1/bg.png",
          "profile_banner_url": "https://pbs.twimg.com/profile_banners/771351819171790848/1578018914",
          "screen_name": "SalitaSin",
          "profile_background_tile": false,
          "url": "http://www.lasalitadelsin.com",
          "description": "Colectivo conformado por personas de distintas preferencias ideológicas, pero con un mismo fin\nhttps://instagram.com/salitasin?igshid=9qvttm09vanu",
          "profile_sidebar_border_color": "000000",
          "profile_text_color": "000000",
          "time_zone": null,
          "is_translator": false,
          "profile_image_url_https": "https://pbs.twimg.com/profile_images/1146166758702755840/qjMwwSxf_normal.jpg",
          "profile_background_image_url": "http://abs.twimg.com/images/themes/theme1/bg.png"
        },
        "retweet_count": 184,
        "entities": {
          "urls": [
            {
              "indices": [
                117,
                140
              ],
              "display_url": "twitter.com/i/web/status/1…",
              "expanded_url": "https://twitter.com/i/web/status/1218243242573139972",
              "url": "https://t.co/3dSdjgmfxl"
            }
          ],
          "symbols": [],
          "user_mentions": [],
          "hashtags": []
        },
        "favorited": false,
        "id_str": "1218243242573139972",
        "in_reply_to_status_id_str": null,
        "lang": "es",
        "geo": null,
        "in_reply_to_user_id_str": null,
        "in_reply_to_user_id": null,
        "text": "Los maltratos a las mujeres en la política peruana siempre fue una constante.\nTodos recordamos las torturas que suf… https://t.co/3dSdjgmfxl",
        "quote_count": 19,
        "id": 1218243242573139972,
        "retweeted": false,
        "filter_level": "low",
        "coordinates": null,
        "reply_count": 22,
        "truncated": true,
        "possibly_sensitive": false,
        "contributors": null,
        "in_reply_to_screen_name": null,
        "source": "<a href=\"http://twitter.com/download/android\" rel=\"nofollow\">Twitter for Android</a>",
        "place": null
      }
    },
    {
      "timestamp_ms": "1579330018683",
      "created_at": "Sat Jan 18 06:46:58 +0000 2020",
      "in_reply_to_status_id": null,
      "is_quote_status": false,
      "favorite_count": 0,
      "user": {
        "location": "Lima, Perú",
        "created_at": "Sun Mar 23 09:56:49 +0000 2014",
        "profile_link_color": "94D487",
        "default_profile_image": false,
        "contributors_enabled": false,
        "profile_use_background_image": true,
        "geo_enabled": true,
        "followers_count": 130,
        "profile_image_url": "http://pbs.twimg.com/profile_images/1201348181830881281/5_nxjrOW_normal.jpg",
        "protected": false,
        "utc_offset": null,
        "profile_sidebar_fill_color": "F6FFD1",
        "name": "Cholo de la PUCP",
        "favourites_count": 11139,
        "id_str": "2406623659",
        "lang": null,
        "translator_type": "regular",
        "friends_count": 390,
        "notifications": null,
        "follow_request_sent": null,
        "verified": false,
        "following": null,
        "statuses_count": 12506,
        "id": 2406623659,
        "listed_count": 0,
        "default_profile": false,
        "profile_background_color": "FFF04D",
        "profile_background_image_url_https": "https://abs.twimg.com/images/themes/theme19/bg.gif",
        "profile_banner_url": "https://pbs.twimg.com/profile_banners/2406623659/1575258905",
        "screen_name": "peruvianhappy",
        "profile_background_tile": false,
        "url": null,
        "description": "Shut  the  door  in  the  face.",
        "profile_sidebar_border_color": "FFF8AD",
        "profile_text_color": "333333",
        "time_zone": null,
        "is_translator": false,
        "profile_image_url_https": "https://pbs.twimg.com/profile_images/1201348181830881281/5_nxjrOW_normal.jpg",
        "profile_background_image_url": "http://abs.twimg.com/images/themes/theme19/bg.gif"
      },
      "retweet_count": 0,
      "entities": {
        "urls": [],
        "symbols": [],
        "user_mentions": [
          {
            "id": 137419414,
            "indices": [
              3,
              9
            ],
            "screen_name": "GdN65",
            "name": "German de Noriega",
            "id_str": "137419414"
          }
        ],
        "hashtags": []
      },
      "favorited": false,
      "id_str": "1218424525139869696",
      "in_reply_to_status_id_str": null,
      "lang": "es",
      "geo": null,
      "in_reply_to_user_id_str": null,
      "in_reply_to_user_id": null,
      "text": "RT @GdN65: Esoero que USA este entendiendo bien el abuso que quieren perpetrar con Keiko Fujimori esposa de un norteamericano\n@USEMBASSYPER…",
      "quote_count": 0,
      "id": 1218424525139869696,
      "retweeted": false,
      "filter_level": "low",
      "coordinates": null,
      "reply_count": 0,
      "truncated": false,
      "contributors": null,
      "in_reply_to_screen_name": null,
      "source": "<a href=\"http://twitter.com/download/android\" rel=\"nofollow\">Twitter for Android</a>",
      "place": null,
      "retweeted_status": {
        "created_at": "Sat Jan 18 06:02:07 +0000 2020",
        "in_reply_to_status_id": null,
        "is_quote_status": false,
        "favorite_count": 2,
        "extended_tweet": {
          "display_text_range": [
            0,
            144
          ],
          "full_text": "Esoero que USA este entendiendo bien el abuso que quieren perpetrar con Keiko Fujimori esposa de un norteamericano\n@USEMBASSYPERU @KeikoFujimori",
          "entities": {
            "urls": [],
            "symbols": [],
            "user_mentions": [
              {
                "id": 92291383,
                "indices": [
                  115,
                  129
                ],
                "screen_name": "USEMBASSYPERU",
                "name": "Embajada EEUU Perú",
                "id_str": "92291383"
              },
              {
                "id": 53189543,
                "indices": [
                  130,
                  144
                ],
                "screen_name": "KeikoFujimori",
                "name": "Keiko Fujimori",
                "id_str": "53189543"
              }
            ],
            "hashtags": []
          }
        },
        "user": {
          "location": "Lima,Peru",
          "created_at": "Mon Apr 26 18:02:09 +0000 2010",
          "profile_link_color": "1DA1F2",
          "default_profile_image": false,
          "contributors_enabled": false,
          "profile_use_background_image": true,
          "geo_enabled": true,
          "followers_count": 309,
          "profile_image_url": "http://pbs.twimg.com/profile_images/964204938027876353/nwg2yNBq_normal.jpg",
          "protected": false,
          "utc_offset": null,
          "profile_sidebar_fill_color": "DDEEF6",
          "name": "German de Noriega",
          "favourites_count": 6976,
          "id_str": "137419414",
          "lang": null,
          "translator_type": "none",
          "friends_count": 743,
          "notifications": null,
          "follow_request_sent": null,
          "verified": false,
          "following": null,
          "statuses_count": 25136,
          "id": 137419414,
          "listed_count": 3,
          "default_profile": true,
          "profile_background_color": "C0DEED",
          "profile_background_image_url_https": "https://abs.twimg.com/images/themes/theme1/bg.png",
          "profile_banner_url": "https://pbs.twimg.com/profile_banners/137419414/1474264874",
          "screen_name": "GdN65",
          "profile_background_tile": false,
          "url": null,
          "description": "Arequipeño nomás ¡",
          "profile_sidebar_border_color": "C0DEED",
          "profile_text_color": "333333",
          "time_zone": null,
          "is_translator": false,
          "profile_image_url_https": "https://pbs.twimg.com/profile_images/964204938027876353/nwg2yNBq_normal.jpg",
          "profile_background_image_url": "http://abs.twimg.com/images/themes/theme1/bg.png"
        },
        "retweet_count": 4,
        "entities": {
          "urls": [
            {
              "indices": [
                116,
                139
              ],
              "display_url": "twitter.com/i/web/status/1…",
              "expanded_url": "https://twitter.com/i/web/status/1218413237387046913",
              "url": "https://t.co/JvDzyjeveR"
            }
          ],
          "symbols": [],
          "user_mentions": [],
          "hashtags": []
        },
        "favorited": false,
        "id_str": "1218413237387046913",
        "in_reply_to_status_id_str": null,
        "lang": "es",
        "geo": null,
        "in_reply_to_user_id_str": null,
        "in_reply_to_user_id": null,
        "text": "Esoero que USA este entendiendo bien el abuso que quieren perpetrar con Keiko Fujimori esposa de un norteamericano… https://t.co/JvDzyjeveR",
        "quote_count": 0,
        "id": 1218413237387046913,
        "retweeted": false,
        "filter_level": "low",
        "coordinates": null,
        "reply_count": 0,
        "truncated": true,
        "contributors": null,
        "in_reply_to_screen_name": null,
        "source": "<a href=\"http://twitter.com/download/android\" rel=\"nofollow\">Twitter for Android</a>",
        "place": {
          "attributes": {},
          "bounding_box": {
            "coordinates": [
              [
                [
                  -76.972519,
                  -12.12481
                ],
                [
                  -76.972519,
                  -12.059871
                ],
                [
                  -76.883441,
                  -12.059871
                ],
                [
                  -76.883441,
                  -12.12481
                ]
              ]
            ],
            "type": "Polygon"
          },
          "id": "01141e434906e058",
          "name": "La Molina",
          "full_name": "La Molina, Peru",
          "country": "Peru",
          "place_type": "city",
          "url": "https://api.twitter.com/1.1/geo/id/01141e434906e058.json",
          "country_code": "PE"
        }
      }
    },
    {
      "timestamp_ms": "1579330068713",
      "created_at": "Sat Jan 18 06:47:48 +0000 2020",
      "in_reply_to_status_id": 1218329761833005056,
      "display_text_range": [
        58,
        88
      ],
      "is_quote_status": false,
      "favorite_count": 0,
      "user": {
        "location": null,
        "created_at": "Tue Jul 12 01:27:50 +0000 2016",
        "profile_link_color": "1DA1F2",
        "default_profile_image": false,
        "contributors_enabled": false,
        "profile_use_background_image": true,
        "geo_enabled": false,
        "followers_count": 3,
        "profile_image_url": "http://pbs.twimg.com/profile_images/1217450456328224768/t5tE9p-Q_normal.jpg",
        "protected": false,
        "utc_offset": null,
        "profile_sidebar_fill_color": "DDEEF6",
        "name": "René Sánchez A.",
        "favourites_count": 800,
        "id_str": "752675804094590976",
        "lang": null,
        "translator_type": "none",
        "friends_count": 48,
        "notifications": null,
        "follow_request_sent": null,
        "verified": false,
        "following": null,
        "statuses_count": 321,
        "id": 752675804094590976,
        "listed_count": 0,
        "default_profile": true,
        "profile_background_color": "F5F8FA",
        "profile_background_image_url_https": "",
        "profile_banner_url": "https://pbs.twimg.com/profile_banners/752675804094590976/1579097860",
        "screen_name": "cisgenderfaggot",
        "profile_background_tile": false,
        "url": "http://www.renesanchez.me",
        "description": null,
        "profile_sidebar_border_color": "C0DEED",
        "profile_text_color": "333333",
        "time_zone": null,
        "is_translator": false,
        "profile_image_url_https": "https://pbs.twimg.com/profile_images/1217450456328224768/t5tE9p-Q_normal.jpg",
        "profile_background_image_url": ""
      },
      "retweet_count": 0,
      "entities": {
        "urls": [],
        "symbols": [],
        "user_mentions": [
          {
            "id": 3331959749,
            "indices": [
              0,
              16
            ],
            "screen_name": "jesusdealegre01",
            "name": "Mini Alegría de La Romaña-Rocha",
            "id_str": "3331959749"
          },
          {
            "id": 248692867,
            "indices": [
              17,
              25
            ],
            "screen_name": "canalN_",
            "name": "Canal N",
            "id_str": "248692867"
          },
          {
            "id": 53189543,
            "indices": [
              26,
              40
            ],
            "screen_name": "KeikoFujimori",
            "name": "Keiko Fujimori",
            "id_str": "53189543"
          },
          {
            "id": 67978697,
            "indices": [
              41,
              57
            ],
            "screen_name": "rosamariabartra",
            "name": "Rosa María Bartra",
            "id_str": "67978697"
          }
        ],
        "hashtags": []
      },
      "favorited": false,
      "id_str": "1218424734980898816",
      "in_reply_to_status_id_str": "1218329761833005056",
      "lang": "es",
      "geo": null,
      "in_reply_to_user_id_str": "3331959749",
      "in_reply_to_user_id": 3331959749,
      "text": "@jesusdealegre01 @canalN_ @KeikoFujimori @rosamariabartra Todos nos cagamos en la bartra",
      "quote_count": 0,
      "id": 1218424734980898816,
      "retweeted": false,
      "filter_level": "low",
      "coordinates": null,
      "reply_count": 0,
      "truncated": false,
      "contributors": null,
      "in_reply_to_screen_name": "jesusdealegre01",
      "source": "<a href=\"http://twitter.com/download/iphone\" rel=\"nofollow\">Twitter for iPhone</a>",
      "place": null
    },
    {
      "timestamp_ms": "1579330082454",
      "created_at": "Sat Jan 18 06:48:02 +0000 2020",
      "in_reply_to_status_id": null,
      "is_quote_status": false,
      "favorite_count": 0,
      "user": {
        "location": null,
        "created_at": "Sat Jul 02 04:52:12 +0000 2016",
        "profile_link_color": "1DA1F2",
        "default_profile_image": false,
        "contributors_enabled": false,
        "profile_use_background_image": true,
        "geo_enabled": false,
        "followers_count": 622,
        "profile_image_url": "http://pbs.twimg.com/profile_images/1085335283682459648/zqgS3mqy_normal.jpg",
        "protected": false,
        "utc_offset": null,
        "profile_sidebar_fill_color": "DDEEF6",
        "name": "#GolpeDeEstadoEnPerú",
        "favourites_count": 81473,
        "id_str": "749103353875996676",
        "lang": null,
        "translator_type": "none",
        "friends_count": 1293,
        "notifications": null,
        "follow_request_sent": null,
        "verified": false,
        "following": null,
        "statuses_count": 52124,
        "id": 749103353875996676,
        "listed_count": 1,
        "default_profile": true,
        "profile_background_color": "F5F8FA",
        "profile_background_image_url_https": "",
        "screen_name": "CristiGendirey",
        "profile_background_tile": false,
        "url": null,
        "description": null,
        "profile_sidebar_border_color": "C0DEED",
        "profile_text_color": "333333",
        "time_zone": null,
        "is_translator": false,
        "profile_image_url_https": "https://pbs.twimg.com/profile_images/1085335283682459648/zqgS3mqy_normal.jpg",
        "profile_background_image_url": ""
      },
      "retweet_count": 0,
      "entities": {
        "urls": [],
        "symbols": [],
        "user_mentions": [
          {
            "id": 137419414,
            "indices": [
              3,
              9
            ],
            "screen_name": "GdN65",
            "name": "German de Noriega",
            "id_str": "137419414"
          }
        ],
        "hashtags": []
      },
      "favorited": false,
      "id_str": "1218424792614952960",
      "in_reply_to_status_id_str": null,
      "lang": "es",
      "geo": null,
      "in_reply_to_user_id_str": null,
      "in_reply_to_user_id": null,
      "text": "RT @GdN65: Esoero que USA este entendiendo bien el abuso que quieren perpetrar con Keiko Fujimori esposa de un norteamericano\n@USEMBASSYPER…",
      "quote_count": 0,
      "id": 1218424792614952960,
      "retweeted": false,
      "filter_level": "low",
      "coordinates": null,
      "reply_count": 0,
      "truncated": false,
      "contributors": null,
      "in_reply_to_screen_name": null,
      "source": "<a href=\"http://twitter.com/download/android\" rel=\"nofollow\">Twitter for Android</a>",
      "place": null,
      "retweeted_status": {
        "created_at": "Sat Jan 18 06:02:07 +0000 2020",
        "in_reply_to_status_id": null,
        "is_quote_status": false,
        "favorite_count": 3,
        "extended_tweet": {
          "display_text_range": [
            0,
            144
          ],
          "full_text": "Esoero que USA este entendiendo bien el abuso que quieren perpetrar con Keiko Fujimori esposa de un norteamericano\n@USEMBASSYPERU @KeikoFujimori",
          "entities": {
            "urls": [],
            "symbols": [],
            "user_mentions": [
              {
                "id": 92291383,
                "indices": [
                  115,
                  129
                ],
                "screen_name": "USEMBASSYPERU",
                "name": "Embajada EEUU Perú",
                "id_str": "92291383"
              },
              {
                "id": 53189543,
                "indices": [
                  130,
                  144
                ],
                "screen_name": "KeikoFujimori",
                "name": "Keiko Fujimori",
                "id_str": "53189543"
              }
            ],
            "hashtags": []
          }
        },
        "user": {
          "location": "Lima,Peru",
          "created_at": "Mon Apr 26 18:02:09 +0000 2010",
          "profile_link_color": "1DA1F2",
          "default_profile_image": false,
          "contributors_enabled": false,
          "profile_use_background_image": true,
          "geo_enabled": true,
          "followers_count": 309,
          "profile_image_url": "http://pbs.twimg.com/profile_images/964204938027876353/nwg2yNBq_normal.jpg",
          "protected": false,
          "utc_offset": null,
          "profile_sidebar_fill_color": "DDEEF6",
          "name": "German de Noriega",
          "favourites_count": 6976,
          "id_str": "137419414",
          "lang": null,
          "translator_type": "none",
          "friends_count": 743,
          "notifications": null,
          "follow_request_sent": null,
          "verified": false,
          "following": null,
          "statuses_count": 25136,
          "id": 137419414,
          "listed_count": 3,
          "default_profile": true,
          "profile_background_color": "C0DEED",
          "profile_background_image_url_https": "https://abs.twimg.com/images/themes/theme1/bg.png",
          "profile_banner_url": "https://pbs.twimg.com/profile_banners/137419414/1474264874",
          "screen_name": "GdN65",
          "profile_background_tile": false,
          "url": null,
          "description": "Arequipeño nomás ¡",
          "profile_sidebar_border_color": "C0DEED",
          "profile_text_color": "333333",
          "time_zone": null,
          "is_translator": false,
          "profile_image_url_https": "https://pbs.twimg.com/profile_images/964204938027876353/nwg2yNBq_normal.jpg",
          "profile_background_image_url": "http://abs.twimg.com/images/themes/theme1/bg.png"
        },
        "retweet_count": 5,
        "entities": {
          "urls": [
            {
              "indices": [
                116,
                139
              ],
              "display_url": "twitter.com/i/web/status/1…",
              "expanded_url": "https://twitter.com/i/web/status/1218413237387046913",
              "url": "https://t.co/JvDzyjeveR"
            }
          ],
          "symbols": [],
          "user_mentions": [],
          "hashtags": []
        },
        "favorited": false,
        "id_str": "1218413237387046913",
        "in_reply_to_status_id_str": null,
        "lang": "es",
        "geo": null,
        "in_reply_to_user_id_str": null,
        "in_reply_to_user_id": null,
        "text": "Esoero que USA este entendiendo bien el abuso que quieren perpetrar con Keiko Fujimori esposa de un norteamericano… https://t.co/JvDzyjeveR",
        "quote_count": 0,
        "id": 1218413237387046913,
        "retweeted": false,
        "filter_level": "low",
        "coordinates": null,
        "reply_count": 0,
        "truncated": true,
        "contributors": null,
        "in_reply_to_screen_name": null,
        "source": "<a href=\"http://twitter.com/download/android\" rel=\"nofollow\">Twitter for Android</a>",
        "place": {
          "attributes": {},
          "bounding_box": {
            "coordinates": [
              [
                [
                  -76.972519,
                  -12.12481
                ],
                [
                  -76.972519,
                  -12.059871
                ],
                [
                  -76.883441,
                  -12.059871
                ],
                [
                  -76.883441,
                  -12.12481
                ]
              ]
            ],
            "type": "Polygon"
          },
          "id": "01141e434906e058",
          "name": "La Molina",
          "full_name": "La Molina, Peru",
          "country": "Peru",
          "place_type": "city",
          "url": "https://api.twitter.com/1.1/geo/id/01141e434906e058.json",
          "country_code": "PE"
        }
      }
    },
    {
      "timestamp_ms": "1579330109155",
      "created_at": "Sat Jan 18 06:48:29 +0000 2020",
      "in_reply_to_status_id": 1218193498123440128,
      "display_text_range": [
        57,
        140
      ],
      "is_quote_status": false,
      "favorite_count": 0,
      "extended_tweet": {
        "display_text_range": [
          57,
          156
        ],
        "full_text": "@vasquezkunze @PFuerzaPopular @KeikoFujimori @JovenesFP_ No fuiste el que despotricó de Keiko. Pásame  a tu mujer yo la mantengo sin necesidad que te vendas",
        "entities": {
          "urls": [],
          "symbols": [],
          "user_mentions": [
            {
              "id": 2750565292,
              "indices": [
                0,
                13
              ],
              "screen_name": "vasquezkunze",
              "name": "Ricardo VásquezKunze",
              "id_str": "2750565292"
            },
            {
              "id": 721086806,
              "indices": [
                14,
                29
              ],
              "screen_name": "PFuerzaPopular",
              "name": "Partido Político Fuerza Popular 🇵🇪",
              "id_str": "721086806"
            },
            {
              "id": 53189543,
              "indices": [
                30,
                44
              ],
              "screen_name": "KeikoFujimori",
              "name": "Keiko Fujimori",
              "id_str": "53189543"
            },
            {
              "id": 1323287149,
              "indices": [
                45,
                56
              ],
              "screen_name": "JovenesFP_",
              "name": "Jóvenes Fuerza Popular 🇵🇪",
              "id_str": "1323287149"
            }
          ],
          "hashtags": []
        }
      },
      "user": {
        "location": null,
        "created_at": "Mon Oct 29 16:13:07 +0000 2018",
        "profile_link_color": "1DA1F2",
        "default_profile_image": false,
        "contributors_enabled": false,
        "profile_use_background_image": true,
        "geo_enabled": false,
        "followers_count": 40,
        "profile_image_url": "http://pbs.twimg.com/profile_images/1190063381048377349/n0dFUzCX_normal.jpg",
        "protected": false,
        "utc_offset": null,
        "profile_sidebar_fill_color": "DDEEF6",
        "name": "SantoTraficante.",
        "favourites_count": 7736,
        "id_str": "1056942012807737344",
        "lang": null,
        "translator_type": "none",
        "friends_count": 224,
        "notifications": null,
        "follow_request_sent": null,
        "verified": false,
        "following": null,
        "statuses_count": 2780,
        "id": 1056942012807737344,
        "listed_count": 0,
        "default_profile": true,
        "profile_background_color": "F5F8FA",
        "profile_background_image_url_https": "",
        "screen_name": "SantoTraficant",
        "profile_background_tile": false,
        "url": null,
        "description": "Jefe de  familia criminal",
        "profile_sidebar_border_color": "C0DEED",
        "profile_text_color": "333333",
        "time_zone": null,
        "is_translator": false,
        "profile_image_url_https": "https://pbs.twimg.com/profile_images/1190063381048377349/n0dFUzCX_normal.jpg",
        "profile_background_image_url": ""
      },
      "retweet_count": 0,
      "entities": {
        "urls": [
          {
            "indices": [
              117,
              140
            ],
            "display_url": "twitter.com/i/web/status/1…",
            "expanded_url": "https://twitter.com/i/web/status/1218424904606998529",
            "url": "https://t.co/TY4zN9neIN"
          }
        ],
        "symbols": [],
        "user_mentions": [
          {
            "id": 2750565292,
            "indices": [
              0,
              13
            ],
            "screen_name": "vasquezkunze",
            "name": "Ricardo VásquezKunze",
            "id_str": "2750565292"
          },
          {
            "id": 721086806,
            "indices": [
              14,
              29
            ],
            "screen_name": "PFuerzaPopular",
            "name": "Partido Político Fuerza Popular 🇵🇪",
            "id_str": "721086806"
          },
          {
            "id": 53189543,
            "indices": [
              30,
              44
            ],
            "screen_name": "KeikoFujimori",
            "name": "Keiko Fujimori",
            "id_str": "53189543"
          },
          {
            "id": 1323287149,
            "indices": [
              45,
              56
            ],
            "screen_name": "JovenesFP_",
            "name": "Jóvenes Fuerza Popular 🇵🇪",
            "id_str": "1323287149"
          }
        ],
        "hashtags": []
      },
      "favorited": false,
      "id_str": "1218424904606998529",
      "in_reply_to_status_id_str": "1218193498123440128",
      "lang": "es",
      "geo": null,
      "in_reply_to_user_id_str": "2750565292",
      "in_reply_to_user_id": 2750565292,
      "text": "@vasquezkunze @PFuerzaPopular @KeikoFujimori @JovenesFP_ No fuiste el que despotricó de Keiko. Pásame  a tu mujer y… https://t.co/TY4zN9neIN",
      "quote_count": 0,
      "id": 1218424904606998529,
      "retweeted": false,
      "filter_level": "low",
      "coordinates": null,
      "reply_count": 0,
      "truncated": true,
      "contributors": null,
      "in_reply_to_screen_name": "vasquezkunze",
      "source": "<a href=\"http://twitter.com/download/iphone\" rel=\"nofollow\">Twitter for iPhone</a>",
      "place": null
    },
    {
      "timestamp_ms": "1579330127349",
      "created_at": "Sat Jan 18 06:48:47 +0000 2020",
      "in_reply_to_status_id": 1218170857480044546,
      "display_text_range": [
        12,
        79
      ],
      "is_quote_status": false,
      "favorite_count": 0,
      "user": {
        "location": "BTSVT",
        "created_at": "Thu Feb 20 10:46:35 +0000 2014",
        "profile_link_color": "1DA1F2",
        "default_profile_image": false,
        "contributors_enabled": false,
        "profile_use_background_image": true,
        "geo_enabled": false,
        "followers_count": 477,
        "profile_image_url": "http://pbs.twimg.com/profile_images/1217808658869833728/j_5IfX8k_normal.jpg",
        "protected": false,
        "utc_offset": null,
        "profile_sidebar_fill_color": "DDEEF6",
        "name": "Unuy🐹🐰 ⁷",
        "favourites_count": 33806,
        "id_str": "2353065463",
        "lang": null,
        "translator_type": "none",
        "friends_count": 773,
        "notifications": null,
        "follow_request_sent": null,
        "verified": false,
        "following": null,
        "statuses_count": 8171,
        "id": 2353065463,
        "listed_count": 0,
        "default_profile": true,
        "profile_background_color": "C0DEED",
        "profile_background_image_url_https": "https://abs.twimg.com/images/themes/theme1/bg.png",
        "profile_banner_url": "https://pbs.twimg.com/profile_banners/2353065463/1578400169",
        "screen_name": "dionysunuy",
        "profile_background_tile": false,
        "url": "https://instagram.com/dionysunuy",
        "description": "bucinnya Kim Seokjin dan Hong Jisoo ✨✨",
        "profile_sidebar_border_color": "C0DEED",
        "profile_text_color": "333333",
        "time_zone": null,
        "is_translator": false,
        "profile_image_url_https": "https://pbs.twimg.com/profile_images/1217808658869833728/j_5IfX8k_normal.jpg",
        "profile_background_image_url": "http://abs.twimg.com/images/themes/theme1/bg.png"
      },
      "retweet_count": 0,
      "entities": {
        "urls": [],
        "symbols": [],
        "user_mentions": [
          {
            "id": 4405293313,
            "indices": [
              0,
              11
            ],
            "screen_name": "districtae",
            "name": "lissa ⁷ 🐯 tae au📌",
            "id_str": "4405293313"
          }
        ],
        "hashtags": []
      },
      "favorited": false,
      "id_str": "1218424980918042625",
      "in_reply_to_status_id_str": "1218170857480044546",
      "lang": "in",
      "geo": null,
      "in_reply_to_user_id_str": "4405293313",
      "in_reply_to_user_id": 4405293313,
      "text": "@districtae Gabisa gini gakkk bisaa 😭😭😭😭😭😭😭😭😭😭😭😭😭😭 keiko pasti boong nihhh 😭😭😭😭",
      "quote_count": 0,
      "id": 1218424980918042625,
      "retweeted": false,
      "filter_level": "low",
      "coordinates": null,
      "reply_count": 0,
      "truncated": false,
      "contributors": null,
      "in_reply_to_screen_name": "districtae",
      "source": "<a href=\"http://twitter.com/download/iphone\" rel=\"nofollow\">Twitter for iPhone</a>",
      "place": null
    },
    {
      "timestamp_ms": "1579330198255",
      "created_at": "Sat Jan 18 06:49:58 +0000 2020",
      "in_reply_to_status_id": null,
      "is_quote_status": false,
      "favorite_count": 0,
      "user": {
        "location": null,
        "created_at": "Fri Mar 14 10:59:20 +0000 2014",
        "profile_link_color": "1DA1F2",
        "default_profile_image": false,
        "contributors_enabled": false,
        "profile_use_background_image": true,
        "geo_enabled": true,
        "followers_count": 688,
        "profile_image_url": "http://pbs.twimg.com/profile_images/1150426248725745664/0O8ft-yV_normal.jpg",
        "protected": false,
        "utc_offset": null,
        "profile_sidebar_fill_color": "DDEEF6",
        "name": "あいぼん",
        "favourites_count": 31850,
        "id_str": "2388872580",
        "lang": null,
        "translator_type": "none",
        "friends_count": 768,
        "notifications": null,
        "follow_request_sent": null,
        "verified": false,
        "following": null,
        "statuses_count": 36197,
        "id": 2388872580,
        "listed_count": 13,
        "default_profile": true,
        "profile_background_color": "C0DEED",
        "profile_background_image_url_https": "https://abs.twimg.com/images/themes/theme1/bg.png",
        "profile_banner_url": "https://pbs.twimg.com/profile_banners/2388872580/1579210401",
        "screen_name": "nanaldgs771",
        "profile_background_tile": false,
        "url": "https://www.vims.co.jp/talent_profile_detail.php?id=15",
        "description": "ゆるいおたくの雑多垢\n\n♡八代拓さん\n\n🎀🐭ディズニー→https://www.instagram.com/nanaldisney/",
        "profile_sidebar_border_color": "C0DEED",
        "profile_text_color": "333333",
        "time_zone": null,
        "is_translator": false,
        "profile_image_url_https": "https://pbs.twimg.com/profile_images/1150426248725745664/0O8ft-yV_normal.jpg",
        "profile_background_image_url": "http://abs.twimg.com/images/themes/theme1/bg.png"
      },
      "retweet_count": 0,
      "entities": {
        "urls": [],
        "symbols": [],
        "user_mentions": [
          {
            "id": 1948793370,
            "indices": [
              3,
              18
            ],
            "screen_name": "ameba_official",
            "name": "アメブロトピックス",
            "id_str": "1948793370"
          },
          {
            "id": 2190275648,
            "indices": [
              116,
              131
            ],
            "screen_name": "AyakaHirahara1",
            "name": "AYAKA HIRAHARA(A-ya)",
            "id_str": "2190275648"
          }
        ],
        "hashtags": [
          {
            "text": "戸田恵子",
            "indices": [
              20,
              25
            ]
          },
          {
            "text": "平原綾香",
            "indices": [
              57,
              62
            ]
          },
          {
            "text": "八代拓",
            "indices": [
              67,
              71
            ]
          }
        ]
      },
      "favorited": false,
      "id_str": "1218425278319316994",
      "in_reply_to_status_id_str": null,
      "lang": "ja",
      "geo": null,
      "in_reply_to_user_id_str": null,
      "in_reply_to_user_id": null,
      "text": "RT @ameba_official: #戸田恵子 さんが長い一日🌤️の様子を報告➰❕🏃🏻‍♀️💨🌆\n\n仲良しな #平原綾香 さんや、#八代拓 さんとの写真📸をアップしました🙂✌️🏻🌠\n\n「いつも暖かく迎えてくれてありがとう」💕\n\n@AyakaHirahara1 @yashir…",
      "quote_count": 0,
      "id": 1218425278319316994,
      "retweeted": false,
      "filter_level": "low",
      "coordinates": null,
      "reply_count": 0,
      "truncated": false,
      "contributors": null,
      "in_reply_to_screen_name": null,
      "source": "<a href=\"http://twitter.com/download/android\" rel=\"nofollow\">Twitter for Android</a>",
      "place": null,
      "retweeted_status": {
        "created_at": "Fri Jan 17 23:22:33 +0000 2020",
        "in_reply_to_status_id": null,
        "display_text_range": [
          0,
          140
        ],
        "is_quote_status": false,
        "favorite_count": 41,
        "extended_tweet": {
          "display_text_range": [
            0,
            159
          ],
          "full_text": "#戸田恵子 さんが長い一日🌤️の様子を報告➰❕🏃🏻‍♀️💨🌆\n\n仲良しな #平原綾香 さんや、#八代拓 さんとの写真📸をアップしました🙂✌️🏻🌠\n\n「いつも暖かく迎えてくれてありがとう」💕\n\n@AyakaHirahara1 @yashiro_taku\nブログはこちら⬇️\nhttps://t.co/zStMlAGZ5h https://t.co/uUipTJ35f1",
          "entities": {
            "urls": [
              {
                "indices": [
                  136,
                  159
                ],
                "display_url": "ameblo.jp/toda-keiko/ent…",
                "expanded_url": "https://ameblo.jp/toda-keiko/entry-12567589037.html",
                "url": "https://t.co/zStMlAGZ5h"
              }
            ],
            "symbols": [],
            "user_mentions": [
              {
                "id": 2190275648,
                "indices": [
                  96,
                  111
                ],
                "screen_name": "AyakaHirahara1",
                "name": "AYAKA HIRAHARA(A-ya)",
                "id_str": "2190275648"
              },
              {
                "id": 4243856952,
                "indices": [
                  112,
                  125
                ],
                "screen_name": "yashiro_taku",
                "name": "八代 拓",
                "id_str": "4243856952"
              }
            ],
            "hashtags": [
              {
                "text": "戸田恵子",
                "indices": [
                  0,
                  5
                ]
              },
              {
                "text": "平原綾香",
                "indices": [
                  37,
                  42
                ]
              },
              {
                "text": "八代拓",
                "indices": [
                  47,
                  51
                ]
              }
            ],
            "media": [
              {
                "type": "photo",
                "id": 1218312679330181120,
                "expanded_url": "https://twitter.com/ameba_official/status/1218312683776118784/photo/1",
                "id_str": "1218312679330181120",
                "display_url": "pic.twitter.com/uUipTJ35f1",
                "indices": [
                  160,
                  183
                ],
                "media_url": "http://pbs.twimg.com/media/EOhQ7UzUcAAiqlN.jpg",
                "sizes": {
                  "medium": {
                    "h": 600,
                    "resize": "fit",
                    "w": 800
                  },
                  "large": {
                    "h": 600,
                    "resize": "fit",
                    "w": 800
                  },
                  "thumb": {
                    "h": 150,
                    "resize": "crop",
                    "w": 150
                  },
                  "small": {
                    "h": 510,
                    "resize": "fit",
                    "w": 680
                  }
                },
                "url": "https://t.co/uUipTJ35f1",
                "media_url_https": "https://pbs.twimg.com/media/EOhQ7UzUcAAiqlN.jpg"
              },
              {
                "type": "photo",
                "id": 1218312679334408192,
                "expanded_url": "https://twitter.com/ameba_official/status/1218312683776118784/photo/1",
                "id_str": "1218312679334408192",
                "display_url": "pic.twitter.com/uUipTJ35f1",
                "indices": [
                  160,
                  183
                ],
                "media_url": "http://pbs.twimg.com/media/EOhQ7U0U8AAR561.jpg",
                "sizes": {
                  "medium": {
                    "h": 1067,
                    "resize": "fit",
                    "w": 800
                  },
                  "large": {
                    "h": 1067,
                    "resize": "fit",
                    "w": 800
                  },
                  "thumb": {
                    "h": 150,
                    "resize": "crop",
                    "w": 150
                  },
                  "small": {
                    "h": 680,
                    "resize": "fit",
                    "w": 510
                  }
                },
                "url": "https://t.co/uUipTJ35f1",
                "media_url_https": "https://pbs.twimg.com/media/EOhQ7U0U8AAR561.jpg"
              }
            ]
          },
          "extended_entities": {
            "media": [
              {
                "type": "photo",
                "id": 1218312679330181120,
                "expanded_url": "https://twitter.com/ameba_official/status/1218312683776118784/photo/1",
                "id_str": "1218312679330181120",
                "display_url": "pic.twitter.com/uUipTJ35f1",
                "indices": [
                  160,
                  183
                ],
                "media_url": "http://pbs.twimg.com/media/EOhQ7UzUcAAiqlN.jpg",
                "sizes": {
                  "medium": {
                    "h": 600,
                    "resize": "fit",
                    "w": 800
                  },
                  "large": {
                    "h": 600,
                    "resize": "fit",
                    "w": 800
                  },
                  "thumb": {
                    "h": 150,
                    "resize": "crop",
                    "w": 150
                  },
                  "small": {
                    "h": 510,
                    "resize": "fit",
                    "w": 680
                  }
                },
                "url": "https://t.co/uUipTJ35f1",
                "media_url_https": "https://pbs.twimg.com/media/EOhQ7UzUcAAiqlN.jpg"
              },
              {
                "type": "photo",
                "id": 1218312679334408192,
                "expanded_url": "https://twitter.com/ameba_official/status/1218312683776118784/photo/1",
                "id_str": "1218312679334408192",
                "display_url": "pic.twitter.com/uUipTJ35f1",
                "indices": [
                  160,
                  183
                ],
                "media_url": "http://pbs.twimg.com/media/EOhQ7U0U8AAR561.jpg",
                "sizes": {
                  "medium": {
                    "h": 1067,
                    "resize": "fit",
                    "w": 800
                  },
                  "large": {
                    "h": 1067,
                    "resize": "fit",
                    "w": 800
                  },
                  "thumb": {
                    "h": 150,
                    "resize": "crop",
                    "w": 150
                  },
                  "small": {
                    "h": 680,
                    "resize": "fit",
                    "w": 510
                  }
                },
                "url": "https://t.co/uUipTJ35f1",
                "media_url_https": "https://pbs.twimg.com/media/EOhQ7U0U8AAR561.jpg"
              }
            ]
          }
        },
        "user": {
          "location": null,
          "created_at": "Wed Oct 09 07:42:54 +0000 2013",
          "profile_link_color": "19CF86",
          "default_profile_image": false,
          "contributors_enabled": false,
          "profile_use_background_image": false,
          "geo_enabled": true,
          "followers_count": 109143,
          "profile_image_url": "http://pbs.twimg.com/profile_images/876663727847743488/ZER7n-Zh_normal.jpg",
          "protected": false,
          "utc_offset": null,
          "profile_sidebar_fill_color": "000000",
          "name": "アメブロトピックス",
          "favourites_count": 403,
          "id_str": "1948793370",
          "lang": null,
          "translator_type": "regular",
          "friends_count": 740,
          "notifications": null,
          "follow_request_sent": null,
          "verified": true,
          "following": null,
          "statuses_count": 33308,
          "id": 1948793370,
          "listed_count": 435,
          "default_profile": false,
          "profile_background_color": "000000",
          "profile_background_image_url_https": "https://abs.twimg.com/images/themes/theme1/bg.png",
          "profile_banner_url": "https://pbs.twimg.com/profile_banners/1948793370/1458874985",
          "screen_name": "ameba_official",
          "profile_background_tile": false,
          "url": "http://ameblo.jp/",
          "description": "#ameba（アメーバ）の公式アカウントです。 アメブロで人気の芸能人ブログやトピックスをつぶやきます。",
          "profile_sidebar_border_color": "000000",
          "profile_text_color": "000000",
          "time_zone": null,
          "is_translator": false,
          "profile_image_url_https": "https://pbs.twimg.com/profile_images/876663727847743488/ZER7n-Zh_normal.jpg",
          "profile_background_image_url": "http://abs.twimg.com/images/themes/theme1/bg.png"
        },
        "retweet_count": 27,
        "entities": {
          "urls": [
            {
              "indices": [
                113,
                136
              ],
              "display_url": "twitter.com/i/web/status/1…",
              "expanded_url": "https://twitter.com/i/web/status/1218312683776118784",
              "url": "https://t.co/IqXO36CJtj"
            }
          ],
          "symbols": [],
          "user_mentions": [
            {
              "id": 2190275648,
              "indices": [
                96,
                111
              ],
              "screen_name": "AyakaHirahara1",
              "name": "AYAKA HIRAHARA(A-ya)",
              "id_str": "2190275648"
            }
          ],
          "hashtags": [
            {
              "text": "戸田恵子",
              "indices": [
                0,
                5
              ]
            },
            {
              "text": "平原綾香",
              "indices": [
                37,
                42
              ]
            },
            {
              "text": "八代拓",
              "indices": [
                47,
                51
              ]
            }
          ]
        },
        "favorited": false,
        "id_str": "1218312683776118784",
        "in_reply_to_status_id_str": null,
        "lang": "ja",
        "geo": null,
        "in_reply_to_user_id_str": null,
        "in_reply_to_user_id": null,
        "text": "#戸田恵子 さんが長い一日🌤️の様子を報告➰❕🏃🏻‍♀️💨🌆\n\n仲良しな #平原綾香 さんや、#八代拓 さんとの写真📸をアップしました🙂✌️🏻🌠\n\n「いつも暖かく迎えてくれてありがとう」💕\n\n@AyakaHirahara1… https://t.co/IqXO36CJtj",
        "quote_count": 0,
        "id": 1218312683776118784,
        "retweeted": false,
        "filter_level": "low",
        "coordinates": null,
        "reply_count": 0,
        "truncated": true,
        "possibly_sensitive": false,
        "contributors": null,
        "in_reply_to_screen_name": null,
        "source": "<a href=\"https://mobile.twitter.com\" rel=\"nofollow\">Twitter Web App</a>",
        "place": null
      }
    }
  ],
  "request_date": "2020-01-18-01:50:03"
}