{
  "request_date": "2020-01-07-22:38:36",
  "data": [
    {
      "truncated": true,
      "contributors": null,
      "quoted_status_permalink": {
        "expanded": "https://twitter.com/spectatorindex/status/1214750551407124480",
        "url": "https://t.co/cGG1I0QBug",
        "display": "twitter.com/spectatorindex…"
      },
      "favorited": false,
      "source": "<a href=\"http://twitter.com/download/android\" rel=\"nofollow\">Twitter for Android</a>",
      "retweet_count": 0,
      "text": "نعم هذه هي القشة التي قصمت ظهر البعير أو بالأحرى التفصيل الذي سيشعل حرب عالمية ثالثة .. الزبدة علموني لا خلصتم منيب… https://t.co/JFTYj2JeEd",
      "id": 1214753221463425025,
      "in_reply_to_user_id": null,
      "lang": "ar",
      "is_quote_status": true,
      "quote_count": 0,
      "in_reply_to_status_id_str": null,
      "entities": {
        "urls": [
          {
            "url": "https://t.co/JFTYj2JeEd",
            "display_url": "twitter.com/i/web/status/1…",
            "expanded_url": "https://twitter.com/i/web/status/1214753221463425025",
            "indices": [
              117,
              140
            ]
          }
        ],
        "user_mentions": [],
        "symbols": [],
        "hashtags": []
      },
      "in_reply_to_screen_name": null,
      "extended_tweet": {
        "entities": {
          "urls": [],
          "user_mentions": [],
          "symbols": [],
          "hashtags": []
        },
        "full_text": "نعم هذه هي القشة التي قصمت ظهر البعير أو بالأحرى التفصيل الذي سيشعل حرب عالمية ثالثة .. الزبدة علموني لا خلصتم منيب طالع من الحرم لين تنتهي",
        "display_text_range": [
          0,
          139
        ]
      },
      "in_reply_to_user_id_str": null,
      "id_str": "1214753221463425025",
      "in_reply_to_status_id": null,
      "quoted_status_id": 1214750551407124480,
      "timestamp_ms": "1578454711677",
      "coordinates": null,
      "geo": null,
      "filter_level": "low",
      "quoted_status": {
        "reply_count": 519,
        "favorite_count": 3263,
        "user": {
          "verified": false,
          "profile_image_url": "http://pbs.twimg.com/profile_images/1145865652533547008/XBahoZmX_normal.png",
          "follow_request_sent": null,
          "profile_use_background_image": false,
          "profile_link_color": "ABB8C2",
          "profile_background_tile": false,
          "profile_image_url_https": "https://pbs.twimg.com/profile_images/1145865652533547008/XBahoZmX_normal.png",
          "profile_background_color": "000000",
          "utc_offset": null,
          "name": "The Spectator Index",
          "geo_enabled": false,
          "url": "http://spectatorindex.com",
          "profile_banner_url": "https://pbs.twimg.com/profile_banners/1626294277/1430626667",
          "id": 1626294277,
          "lang": null,
          "contributors_enabled": false,
          "followers_count": 1332818,
          "friends_count": 0,
          "profile_sidebar_border_color": "000000",
          "following": null,
          "default_profile": false,
          "statuses_count": 39733,
          "description": "Watching the world. Focused on politics, economics, science and sports. Message us for business inquiries.",
          "screen_name": "spectatorindex",
          "id_str": "1626294277",
          "protected": false,
          "is_translator": false,
          "location": "Global",
          "default_profile_image": false,
          "profile_background_image_url_https": "https://abs.twimg.com/images/themes/theme1/bg.png",
          "notifications": null,
          "profile_sidebar_fill_color": "000000",
          "profile_background_image_url": "http://abs.twimg.com/images/themes/theme1/bg.png",
          "favourites_count": 1,
          "translator_type": "none",
          "created_at": "Sat Jul 27 20:42:27 +0000 2013",
          "time_zone": null,
          "listed_count": 10315,
          "profile_text_color": "000000"
        },
        "favorited": false,
        "source": "<a href=\"http://twitter.com/download/android\" rel=\"nofollow\">Twitter for Android</a>",
        "retweet_count": 3358,
        "text": "BREAKING: Ukrainian passenger plane carrying 180 people crashes in Iran",
        "id": 1214750551407124480,
        "in_reply_to_user_id": null,
        "lang": "en",
        "is_quote_status": false,
        "quote_count": 2310,
        "geo": null,
        "entities": {
          "urls": [],
          "user_mentions": [],
          "symbols": [],
          "hashtags": []
        },
        "in_reply_to_screen_name": null,
        "in_reply_to_user_id_str": null,
        "id_str": "1214750551407124480",
        "in_reply_to_status_id": null,
        "coordinates": null,
        "retweeted": false,
        "filter_level": "low",
        "truncated": false,
        "place": null,
        "in_reply_to_status_id_str": null,
        "created_at": "Wed Jan 08 03:27:55 +0000 2020",
        "contributors": null
      },
      "favorite_count": 0,
      "place": null,
      "quoted_status_id_str": "1214750551407124480",
      "created_at": "Wed Jan 08 03:38:31 +0000 2020",
      "retweeted": false,
      "user": {
        "verified": false,
        "profile_image_url": "http://pbs.twimg.com/profile_images/1191400214135005186/e2sw4aJn_normal.jpg",
        "follow_request_sent": null,
        "profile_use_background_image": true,
        "profile_link_color": "1DA1F2",
        "profile_background_tile": false,
        "profile_image_url_https": "https://pbs.twimg.com/profile_images/1191400214135005186/e2sw4aJn_normal.jpg",
        "profile_background_color": "C0DEED",
        "utc_offset": null,
        "name": "Dhmi",
        "geo_enabled": true,
        "url": null,
        "profile_banner_url": "https://pbs.twimg.com/profile_banners/2434216271/1552496288",
        "id": 2434216271,
        "lang": null,
        "contributors_enabled": false,
        "followers_count": 515,
        "friends_count": 427,
        "profile_sidebar_border_color": "C0DEED",
        "following": null,
        "default_profile": true,
        "statuses_count": 54643,
        "description": "-..-",
        "screen_name": "Dhmispace",
        "id_str": "2434216271",
        "protected": false,
        "is_translator": false,
        "location": " in the moment",
        "default_profile_image": false,
        "profile_background_image_url_https": "https://abs.twimg.com/images/themes/theme1/bg.png",
        "notifications": null,
        "profile_sidebar_fill_color": "DDEEF6",
        "profile_background_image_url": "http://abs.twimg.com/images/themes/theme1/bg.png",
        "favourites_count": 2142,
        "translator_type": "none",
        "created_at": "Mon Mar 24 21:48:25 +0000 2014",
        "time_zone": null,
        "listed_count": 12,
        "profile_text_color": "333333"
      },
      "reply_count": 0
    },
    {
      "reply_count": 0,
      "contributors": null,
      "user": {
        "verified": false,
        "profile_image_url": "http://pbs.twimg.com/profile_images/1213718318806257665/n0_e-aP8_normal.jpg",
        "follow_request_sent": null,
        "profile_use_background_image": false,
        "profile_link_color": "ABB8C2",
        "profile_background_tile": false,
        "profile_image_url_https": "https://pbs.twimg.com/profile_images/1213718318806257665/n0_e-aP8_normal.jpg",
        "profile_background_color": "000000",
        "utc_offset": null,
        "name": "L",
        "geo_enabled": true,
        "url": "http://xultr4.tumblr.com",
        "profile_banner_url": "https://pbs.twimg.com/profile_banners/701168407895408641/1578441885",
        "id": 701168407895408641,
        "lang": null,
        "contributors_enabled": false,
        "followers_count": 25,
        "friends_count": 58,
        "profile_sidebar_border_color": "000000",
        "following": null,
        "default_profile": false,
        "statuses_count": 229,
        "description": null,
        "screen_name": "l_98_11",
        "id_str": "701168407895408641",
        "protected": false,
        "is_translator": false,
        "location": null,
        "default_profile_image": false,
        "profile_background_image_url_https": "https://abs.twimg.com/images/themes/theme1/bg.png",
        "notifications": null,
        "profile_sidebar_fill_color": "000000",
        "profile_background_image_url": "http://abs.twimg.com/images/themes/theme1/bg.png",
        "favourites_count": 3757,
        "translator_type": "none",
        "created_at": "Sat Feb 20 22:15:50 +0000 2016",
        "time_zone": null,
        "listed_count": 0,
        "profile_text_color": "000000"
      },
      "favorited": false,
      "source": "<a href=\"http://twitter.com/download/iphone\" rel=\"nofollow\">Twitter for iPhone</a>",
      "retweet_count": 0,
      "text": "Australia está en llamas 🇦🇺🔥\nIndonesia bajo el agua 🇮🇩 🌊\nPuerto Rico sufrió un brutal sismo🇵🇷 💥\n\nNeta que ya no que… https://t.co/Nzt56Oa6fI",
      "id": 1214753221710794752,
      "in_reply_to_user_id": null,
      "lang": "es",
      "is_quote_status": false,
      "quote_count": 0,
      "geo": null,
      "entities": {
        "urls": [
          {
            "url": "https://t.co/Nzt56Oa6fI",
            "display_url": "twitter.com/i/web/status/1…",
            "expanded_url": "https://twitter.com/i/web/status/1214753221710794752",
            "indices": [
              117,
              140
            ]
          }
        ],
        "user_mentions": [],
        "symbols": [],
        "hashtags": []
      },
      "in_reply_to_screen_name": null,
      "extended_tweet": {
        "entities": {
          "urls": [],
          "user_mentions": [],
          "symbols": [],
          "hashtags": [
            {
              "indices": [
                256,
                261
              ],
              "text": "EEUU"
            },
            {
              "indices": [
                262,
                268
              ],
              "text": "WWIII"
            }
          ]
        },
        "full_text": "Australia está en llamas 🇦🇺🔥\nIndonesia bajo el agua 🇮🇩 🌊\nPuerto Rico sufrió un brutal sismo🇵🇷 💥\n\nNeta que ya no queda lugar para una guerra Estados Unidos, Irak e Irán. \n\nDe que les servirá pelear si el lugar donde lo harán hoy está siendo ya aniquilado. \n#EEUU #WWIII",
        "display_text_range": [
          0,
          268
        ]
      },
      "in_reply_to_user_id_str": null,
      "id_str": "1214753221710794752",
      "in_reply_to_status_id": null,
      "timestamp_ms": "1578454711736",
      "coordinates": null,
      "retweeted": false,
      "filter_level": "low",
      "truncated": true,
      "favorite_count": 0,
      "place": null,
      "in_reply_to_status_id_str": null,
      "created_at": "Wed Jan 08 03:38:31 +0000 2020"
    },
    {
      "reply_count": 0,
      "contributors": null,
      "user": {
        "verified": false,
        "profile_image_url": "http://pbs.twimg.com/profile_images/1212480771874639872/cS0_zoD7_normal.jpg",
        "follow_request_sent": null,
        "profile_use_background_image": true,
        "profile_link_color": "1DA1F2",
        "profile_background_tile": false,
        "profile_image_url_https": "https://pbs.twimg.com/profile_images/1212480771874639872/cS0_zoD7_normal.jpg",
        "profile_background_color": "F5F8FA",
        "utc_offset": null,
        "name": "riley williams",
        "geo_enabled": true,
        "url": "http://instagram.com/williamsriley13",
        "profile_banner_url": "https://pbs.twimg.com/profile_banners/1091715427183591424/1576589553",
        "id": 1091715427183591424,
        "lang": null,
        "contributors_enabled": false,
        "followers_count": 109,
        "friends_count": 375,
        "profile_sidebar_border_color": "C0DEED",
        "following": null,
        "default_profile": true,
        "statuses_count": 2004,
        "description": "i like aaron judge and taylor swift and that’s it @yankees @nyrangers @panthers",
        "screen_name": "ri_dog13",
        "id_str": "1091715427183591424",
        "protected": false,
        "is_translator": false,
        "location": "Charlotte, NC",
        "default_profile_image": false,
        "profile_background_image_url_https": "",
        "notifications": null,
        "profile_sidebar_fill_color": "DDEEF6",
        "profile_background_image_url": "",
        "favourites_count": 22761,
        "translator_type": "none",
        "created_at": "Sat Feb 02 15:10:15 +0000 2019",
        "time_zone": null,
        "listed_count": 0,
        "profile_text_color": "333333"
      },
      "favorited": false,
      "source": "<a href=\"http://twitter.com/download/iphone\" rel=\"nofollow\">Twitter for iPhone</a>",
      "retweet_count": 0,
      "text": "i hate politics but i can’t do this anymore. yes there are many people in iran. but you can’t forget about the men… https://t.co/FgUu0BXJZg",
      "id": 1214753221689958400,
      "in_reply_to_user_id": null,
      "lang": "en",
      "is_quote_status": false,
      "quote_count": 0,
      "geo": null,
      "entities": {
        "urls": [
          {
            "url": "https://t.co/FgUu0BXJZg",
            "display_url": "twitter.com/i/web/status/1…",
            "expanded_url": "https://twitter.com/i/web/status/1214753221689958400",
            "indices": [
              116,
              139
            ]
          }
        ],
        "user_mentions": [],
        "symbols": [],
        "hashtags": []
      },
      "in_reply_to_screen_name": null,
      "extended_tweet": {
        "entities": {
          "urls": [],
          "user_mentions": [],
          "symbols": [],
          "hashtags": []
        },
        "full_text": "i hate politics but i can’t do this anymore. yes there are many people in iran. but you can’t forget about the men and women who are going to die for us. they left from my state and some of them are never going to come back. think about them before you trash on our military. thx.",
        "display_text_range": [
          0,
          280
        ]
      },
      "in_reply_to_user_id_str": null,
      "id_str": "1214753221689958400",
      "in_reply_to_status_id": null,
      "timestamp_ms": "1578454711731",
      "coordinates": null,
      "retweeted": false,
      "filter_level": "low",
      "truncated": true,
      "favorite_count": 0,
      "place": null,
      "in_reply_to_status_id_str": null,
      "created_at": "Wed Jan 08 03:38:31 +0000 2020"
    },
    {
      "truncated": true,
      "contributors": null,
      "quoted_status_permalink": {
        "expanded": "https://twitter.com/realmattcouch/status/1214728460570103808",
        "url": "https://t.co/R3A8VA1Lb9",
        "display": "twitter.com/realmattcouch/…"
      },
      "favorited": false,
      "source": "<a href=\"http://twitter.com/download/iphone\" rel=\"nofollow\">Twitter for iPhone</a>",
      "retweet_count": 0,
      "text": "Honestly.... idk how I feel about this. Through this whole process I’ve been certain what I want, but at this very… https://t.co/934HObM1Rf",
      "id": 1214753221538930693,
      "in_reply_to_user_id": null,
      "lang": "en",
      "is_quote_status": true,
      "quote_count": 0,
      "in_reply_to_status_id_str": null,
      "entities": {
        "urls": [
          {
            "url": "https://t.co/934HObM1Rf",
            "display_url": "twitter.com/i/web/status/1…",
            "expanded_url": "https://twitter.com/i/web/status/1214753221538930693",
            "indices": [
              116,
              139
            ]
          }
        ],
        "user_mentions": [],
        "symbols": [],
        "hashtags": []
      },
      "in_reply_to_screen_name": null,
      "extended_tweet": {
        "entities": {
          "urls": [],
          "user_mentions": [],
          "symbols": [],
          "hashtags": []
        },
        "full_text": "Honestly.... idk how I feel about this. Through this whole process I’ve been certain what I want, but at this very moment I really don’t know. 🤐 Thoughts?",
        "display_text_range": [
          0,
          154
        ]
      },
      "in_reply_to_user_id_str": null,
      "id_str": "1214753221538930693",
      "in_reply_to_status_id": null,
      "quoted_status_id": 1214728460570103808,
      "timestamp_ms": "1578454711695",
      "coordinates": null,
      "geo": null,
      "filter_level": "low",
      "quoted_status": {
        "reply_count": 383,
        "contributors": null,
        "user": {
          "verified": false,
          "profile_image_url": "http://pbs.twimg.com/profile_images/1196243238677569536/lRr8kw4S_normal.jpg",
          "follow_request_sent": null,
          "profile_use_background_image": false,
          "profile_link_color": "1B95E0",
          "profile_background_tile": false,
          "profile_image_url_https": "https://pbs.twimg.com/profile_images/1196243238677569536/lRr8kw4S_normal.jpg",
          "profile_background_color": "000000",
          "utc_offset": null,
          "name": "Matt Couch 🎙",
          "geo_enabled": true,
          "url": "http://www.TheDCPatriot.com",
          "profile_banner_url": "https://pbs.twimg.com/profile_banners/601535938/1572618876",
          "id": 601535938,
          "lang": null,
          "contributors_enabled": false,
          "followers_count": 290980,
          "friends_count": 112589,
          "profile_sidebar_border_color": "000000",
          "following": null,
          "default_profile": false,
          "statuses_count": 239213,
          "description": "Christian, Father of 2, Investigator, Founder The DC Patriot & America First Media Group, Razorback, NRA, Truth Slinger http://www.instagram.com/realmattcouch/",
          "screen_name": "RealMattCouch",
          "id_str": "601535938",
          "protected": false,
          "is_translator": false,
          "location": "Arkansas, USA",
          "default_profile_image": false,
          "profile_background_image_url_https": "https://abs.twimg.com/images/themes/theme1/bg.png",
          "notifications": null,
          "profile_sidebar_fill_color": "000000",
          "profile_background_image_url": "http://abs.twimg.com/images/themes/theme1/bg.png",
          "favourites_count": 239344,
          "translator_type": "none",
          "created_at": "Thu Jun 07 03:57:26 +0000 2012",
          "time_zone": null,
          "listed_count": 199,
          "profile_text_color": "000000"
        },
        "favorited": false,
        "source": "<a href=\"https://mobile.twitter.com\" rel=\"nofollow\">Twitter Web App</a>",
        "retweet_count": 580,
        "text": "BREAKING: Iran is saying that if there is no retaliation from America for these latest attacks then they will stop… https://t.co/yi5UxZDSgp",
        "id": 1214728460570103808,
        "in_reply_to_user_id": null,
        "lang": "en",
        "is_quote_status": false,
        "quote_count": 102,
        "geo": null,
        "entities": {
          "urls": [
            {
              "url": "https://t.co/yi5UxZDSgp",
              "display_url": "twitter.com/i/web/status/1…",
              "expanded_url": "https://twitter.com/i/web/status/1214728460570103808",
              "indices": [
                116,
                139
              ]
            }
          ],
          "user_mentions": [],
          "symbols": [],
          "hashtags": []
        },
        "in_reply_to_screen_name": null,
        "extended_tweet": {
          "entities": {
            "urls": [],
            "user_mentions": [],
            "symbols": [],
            "hashtags": []
          },
          "full_text": "BREAKING: Iran is saying that if there is no retaliation from America for these latest attacks then they will stop attacking. But if America attacks then their response will be crushing and wide spread.",
          "display_text_range": [
            0,
            202
          ]
        },
        "in_reply_to_user_id_str": null,
        "id_str": "1214728460570103808",
        "in_reply_to_status_id": null,
        "coordinates": null,
        "retweeted": false,
        "filter_level": "low",
        "truncated": true,
        "favorite_count": 1098,
        "place": null,
        "in_reply_to_status_id_str": null,
        "created_at": "Wed Jan 08 02:00:08 +0000 2020"
      },
      "favorite_count": 0,
      "place": null,
      "quoted_status_id_str": "1214728460570103808",
      "created_at": "Wed Jan 08 03:38:31 +0000 2020",
      "retweeted": false,
      "user": {
        "verified": false,
        "profile_image_url": "http://pbs.twimg.com/profile_images/1180142219493351425/HWitc3fz_normal.jpg",
        "follow_request_sent": null,
        "profile_use_background_image": true,
        "profile_link_color": "0084B4",
        "profile_background_tile": true,
        "profile_image_url_https": "https://pbs.twimg.com/profile_images/1180142219493351425/HWitc3fz_normal.jpg",
        "profile_background_color": "C0DEED",
        "utc_offset": null,
        "name": "King ♕",
        "geo_enabled": true,
        "url": null,
        "profile_banner_url": "https://pbs.twimg.com/profile_banners/403666514/1516740532",
        "id": 403666514,
        "lang": null,
        "contributors_enabled": false,
        "followers_count": 275,
        "friends_count": 180,
        "profile_sidebar_border_color": "FFFFFF",
        "following": null,
        "default_profile": false,
        "statuses_count": 45748,
        "description": "Head AT🐍",
        "screen_name": "KingMcGrath3",
        "id_str": "403666514",
        "protected": false,
        "is_translator": false,
        "location": null,
        "default_profile_image": false,
        "profile_background_image_url_https": "https://abs.twimg.com/images/themes/theme1/bg.png",
        "notifications": null,
        "profile_sidebar_fill_color": "DDEEF6",
        "profile_background_image_url": "http://abs.twimg.com/images/themes/theme1/bg.png",
        "favourites_count": 18698,
        "translator_type": "none",
        "created_at": "Wed Nov 02 20:38:00 +0000 2011",
        "time_zone": null,
        "listed_count": 6,
        "profile_text_color": "333333"
      },
      "reply_count": 0
    },
    {
      "truncated": false,
      "contributors": null,
      "quoted_status_permalink": {
        "expanded": "https://twitter.com/Breaking911/status/1214707245709242370",
        "url": "https://t.co/P6njFWDsPY",
        "display": "twitter.com/Breaking911/st…"
      },
      "favorited": false,
      "source": "<a href=\"http://twitter.com/download/android\" rel=\"nofollow\">Twitter for Android</a>",
      "retweet_count": 0,
      "text": "RT @hanifjamals: Selamat pagi. Untuk mereka yang belum tahu, Iran dah mula attack US base di Iraq ya.",
      "id": 1214753221702348800,
      "in_reply_to_user_id": null,
      "lang": "in",
      "retweeted_status": {
        "truncated": false,
        "contributors": null,
        "quoted_status_permalink": {
          "expanded": "https://twitter.com/Breaking911/status/1214707245709242370",
          "url": "https://t.co/P6njFWDsPY",
          "display": "twitter.com/Breaking911/st…"
        },
        "favorited": false,
        "source": "<a href=\"https://mobile.twitter.com\" rel=\"nofollow\">Twitter Web App</a>",
        "retweet_count": 1043,
        "text": "Selamat pagi. Untuk mereka yang belum tahu, Iran dah mula attack US base di Iraq ya.",
        "id": 1214738437627994113,
        "in_reply_to_user_id": null,
        "lang": "in",
        "is_quote_status": true,
        "quote_count": 9,
        "in_reply_to_status_id_str": null,
        "entities": {
          "urls": [],
          "user_mentions": [],
          "symbols": [],
          "hashtags": []
        },
        "in_reply_to_screen_name": null,
        "in_reply_to_user_id_str": null,
        "id_str": "1214738437627994113",
        "in_reply_to_status_id": null,
        "quoted_status_id": 1214707245709242370,
        "coordinates": null,
        "geo": null,
        "filter_level": "low",
        "quoted_status": {
          "reply_count": 279,
          "favorite_count": 2005,
          "user": {
            "verified": false,
            "profile_image_url": "http://pbs.twimg.com/profile_images/619546088995979264/KuG27bBK_normal.jpg",
            "follow_request_sent": null,
            "profile_use_background_image": true,
            "profile_link_color": "0084B4",
            "profile_background_tile": false,
            "profile_image_url_https": "https://pbs.twimg.com/profile_images/619546088995979264/KuG27bBK_normal.jpg",
            "profile_background_color": "C0DEED",
            "utc_offset": null,
            "name": "Breaking911",
            "geo_enabled": false,
            "url": "http://Breaking911.com",
            "profile_banner_url": "https://pbs.twimg.com/profile_banners/375721095/1496844300",
            "id": 375721095,
            "lang": null,
            "contributors_enabled": false,
            "followers_count": 428013,
            "friends_count": 0,
            "profile_sidebar_border_color": "FFFFFF",
            "following": null,
            "default_profile": false,
            "statuses_count": 809,
            "description": "Breaking news in live time for over 8 years. Now 400K strong! Follow @Breaking911 and visit http://Breaking911.com to stay updated",
            "screen_name": "Breaking911",
            "id_str": "375721095",
            "protected": false,
            "is_translator": false,
            "location": "Nashville",
            "default_profile_image": false,
            "profile_background_image_url_https": "https://abs.twimg.com/images/themes/theme1/bg.png",
            "notifications": null,
            "profile_sidebar_fill_color": "DDEEF6",
            "profile_background_image_url": "http://abs.twimg.com/images/themes/theme1/bg.png",
            "favourites_count": 2,
            "translator_type": "none",
            "created_at": "Sun Sep 18 16:36:06 +0000 2011",
            "time_zone": null,
            "listed_count": 5145,
            "profile_text_color": "333333"
          },
          "favorited": false,
          "source": "<a href=\"http://twitter.com/download/iphone\" rel=\"nofollow\">Twitter for iPhone</a>",
          "retweet_count": 1840,
          "text": "BREAKIKG: US Casulties Reported After Iran Strikes US Bases In Iraq - https://t.co/9OLAzSgqjP\n\n https://t.co/gxyJ243pO2",
          "id": 1214707245709242370,
          "in_reply_to_user_id": null,
          "lang": "en",
          "is_quote_status": false,
          "quote_count": 335,
          "geo": null,
          "entities": {
            "urls": [
              {
                "url": "https://t.co/9OLAzSgqjP",
                "display_url": "breaking911.com/breaking-iran-…",
                "expanded_url": "https://breaking911.com/breaking-iran-strikes-iraqi-air-base-housing-us-troops-president-trump-consulting-with-national-security-team/",
                "indices": [
                  70,
                  93
                ]
              }
            ],
            "user_mentions": [],
            "media": [
              {
                "source_user_id_str": "371868457",
                "id_str": "1214704050236559360",
                "media_url_https": "https://pbs.twimg.com/ext_tw_video_thumb/1214704050236559360/pu/img/iYZd1SM78m5R2UgT.jpg",
                "source_status_id_str": "1214704110064287745",
                "source_user_id": 371868457,
                "expanded_url": "https://twitter.com/BaxtiyarGoran/status/1214704110064287745/video/1",
                "url": "https://t.co/gxyJ243pO2",
                "display_url": "pic.twitter.com/gxyJ243pO2",
                "source_status_id": 1214704110064287745,
                "id": 1214704050236559360,
                "additional_media_info": {
                  "monetizable": false
                },
                "media_url": "http://pbs.twimg.com/ext_tw_video_thumb/1214704050236559360/pu/img/iYZd1SM78m5R2UgT.jpg",
                "indices": [
                  96,
                  119
                ],
                "type": "photo",
                "sizes": {
                  "medium": {
                    "h": 400,
                    "w": 224,
                    "resize": "fit"
                  },
                  "thumb": {
                    "h": 150,
                    "w": 150,
                    "resize": "crop"
                  },
                  "small": {
                    "h": 400,
                    "w": 224,
                    "resize": "fit"
                  },
                  "large": {
                    "h": 400,
                    "w": 224,
                    "resize": "fit"
                  }
                }
              }
            ],
            "symbols": [],
            "hashtags": []
          },
          "in_reply_to_screen_name": null,
          "possibly_sensitive": false,
          "in_reply_to_user_id_str": null,
          "id_str": "1214707245709242370",
          "in_reply_to_status_id": null,
          "coordinates": null,
          "retweeted": false,
          "filter_level": "low",
          "truncated": false,
          "place": null,
          "extended_entities": {
            "media": [
              {
                "source_user_id_str": "371868457",
                "id_str": "1214704050236559360",
                "media_url_https": "https://pbs.twimg.com/ext_tw_video_thumb/1214704050236559360/pu/img/iYZd1SM78m5R2UgT.jpg",
                "source_status_id_str": "1214704110064287745",
                "source_user_id": 371868457,
                "expanded_url": "https://twitter.com/BaxtiyarGoran/status/1214704110064287745/video/1",
                "video_info": {
                  "duration_millis": 44980,
                  "variants": [
                    {
                      "bitrate": 632000,
                      "url": "https://video.twimg.com/ext_tw_video/1214704050236559360/pu/vid/224x400/6UxXA-s1LKhuyOOS.mp4?tag=10",
                      "content_type": "video/mp4"
                    },
                    {
                      "url": "https://video.twimg.com/ext_tw_video/1214704050236559360/pu/pl/WnKxo67Fn_MkKnEo.m3u8?tag=10",
                      "content_type": "application/x-mpegURL"
                    }
                  ],
                  "aspect_ratio": [
                    14,
                    25
                  ]
                },
                "url": "https://t.co/gxyJ243pO2",
                "display_url": "pic.twitter.com/gxyJ243pO2",
                "source_status_id": 1214704110064287745,
                "id": 1214704050236559360,
                "additional_media_info": {
                  "monetizable": false
                },
                "media_url": "http://pbs.twimg.com/ext_tw_video_thumb/1214704050236559360/pu/img/iYZd1SM78m5R2UgT.jpg",
                "indices": [
                  96,
                  119
                ],
                "type": "video",
                "sizes": {
                  "medium": {
                    "h": 400,
                    "w": 224,
                    "resize": "fit"
                  },
                  "thumb": {
                    "h": 150,
                    "w": 150,
                    "resize": "crop"
                  },
                  "small": {
                    "h": 400,
                    "w": 224,
                    "resize": "fit"
                  },
                  "large": {
                    "h": 400,
                    "w": 224,
                    "resize": "fit"
                  }
                }
              }
            ]
          },
          "in_reply_to_status_id_str": null,
          "created_at": "Wed Jan 08 00:35:50 +0000 2020",
          "contributors": null
        },
        "favorite_count": 872,
        "place": null,
        "quoted_status_id_str": "1214707245709242370",
        "created_at": "Wed Jan 08 02:39:46 +0000 2020",
        "retweeted": false,
        "user": {
          "verified": false,
          "profile_image_url": "http://pbs.twimg.com/profile_images/1213026973447905280/0LP2VCFZ_normal.jpg",
          "follow_request_sent": null,
          "profile_use_background_image": false,
          "profile_link_color": "7FDBB6",
          "profile_background_tile": false,
          "profile_image_url_https": "https://pbs.twimg.com/profile_images/1213026973447905280/0LP2VCFZ_normal.jpg",
          "profile_background_color": "000000",
          "utc_offset": null,
          "name": "anep",
          "geo_enabled": false,
          "url": "https://www.youtube.com/channel/UCsPf24roLyGkCOq62u4NzNQ",
          "id": 890124842778976256,
          "lang": null,
          "contributors_enabled": false,
          "followers_count": 124111,
          "friends_count": 298,
          "profile_sidebar_border_color": "000000",
          "following": null,
          "default_profile": false,
          "statuses_count": 3687,
          "description": "Account bekap - @PBSArmyogurt",
          "screen_name": "hanifjamals",
          "id_str": "890124842778976256",
          "protected": false,
          "is_translator": false,
          "location": "Little Canada, MN",
          "default_profile_image": false,
          "profile_background_image_url_https": "https://abs.twimg.com/images/themes/theme1/bg.png",
          "notifications": null,
          "profile_sidebar_fill_color": "000000",
          "profile_background_image_url": "http://abs.twimg.com/images/themes/theme1/bg.png",
          "favourites_count": 100,
          "translator_type": "none",
          "created_at": "Wed Jul 26 08:21:15 +0000 2017",
          "time_zone": null,
          "listed_count": 74,
          "profile_text_color": "000000"
        },
        "reply_count": 16
      },
      "quote_count": 0,
      "is_quote_status": true,
      "in_reply_to_status_id_str": null,
      "entities": {
        "urls": [],
        "user_mentions": [
          {
            "screen_name": "hanifjamals",
            "id_str": "890124842778976256",
            "name": "anep",
            "indices": [
              3,
              15
            ],
            "id": 890124842778976256
          }
        ],
        "symbols": [],
        "hashtags": []
      },
      "in_reply_to_screen_name": null,
      "in_reply_to_user_id_str": null,
      "id_str": "1214753221702348800",
      "in_reply_to_status_id": null,
      "quoted_status_id": 1214707245709242370,
      "timestamp_ms": "1578454711734",
      "coordinates": null,
      "geo": null,
      "filter_level": "low",
      "quoted_status": {
        "reply_count": 279,
        "favorite_count": 2005,
        "user": {
          "verified": false,
          "profile_image_url": "http://pbs.twimg.com/profile_images/619546088995979264/KuG27bBK_normal.jpg",
          "follow_request_sent": null,
          "profile_use_background_image": true,
          "profile_link_color": "0084B4",
          "profile_background_tile": false,
          "profile_image_url_https": "https://pbs.twimg.com/profile_images/619546088995979264/KuG27bBK_normal.jpg",
          "profile_background_color": "C0DEED",
          "utc_offset": null,
          "name": "Breaking911",
          "geo_enabled": false,
          "url": "http://Breaking911.com",
          "profile_banner_url": "https://pbs.twimg.com/profile_banners/375721095/1496844300",
          "id": 375721095,
          "lang": null,
          "contributors_enabled": false,
          "followers_count": 428013,
          "friends_count": 0,
          "profile_sidebar_border_color": "FFFFFF",
          "following": null,
          "default_profile": false,
          "statuses_count": 809,
          "description": "Breaking news in live time for over 8 years. Now 400K strong! Follow @Breaking911 and visit http://Breaking911.com to stay updated",
          "screen_name": "Breaking911",
          "id_str": "375721095",
          "protected": false,
          "is_translator": false,
          "location": "Nashville",
          "default_profile_image": false,
          "profile_background_image_url_https": "https://abs.twimg.com/images/themes/theme1/bg.png",
          "notifications": null,
          "profile_sidebar_fill_color": "DDEEF6",
          "profile_background_image_url": "http://abs.twimg.com/images/themes/theme1/bg.png",
          "favourites_count": 2,
          "translator_type": "none",
          "created_at": "Sun Sep 18 16:36:06 +0000 2011",
          "time_zone": null,
          "listed_count": 5145,
          "profile_text_color": "333333"
        },
        "favorited": false,
        "source": "<a href=\"http://twitter.com/download/iphone\" rel=\"nofollow\">Twitter for iPhone</a>",
        "retweet_count": 1840,
        "text": "BREAKIKG: US Casulties Reported After Iran Strikes US Bases In Iraq - https://t.co/9OLAzSgqjP\n\n https://t.co/gxyJ243pO2",
        "id": 1214707245709242370,
        "in_reply_to_user_id": null,
        "lang": "en",
        "is_quote_status": false,
        "quote_count": 335,
        "geo": null,
        "entities": {
          "urls": [
            {
              "url": "https://t.co/9OLAzSgqjP",
              "display_url": "breaking911.com/breaking-iran-…",
              "expanded_url": "https://breaking911.com/breaking-iran-strikes-iraqi-air-base-housing-us-troops-president-trump-consulting-with-national-security-team/",
              "indices": [
                70,
                93
              ]
            }
          ],
          "user_mentions": [],
          "media": [
            {
              "source_user_id_str": "371868457",
              "id_str": "1214704050236559360",
              "media_url_https": "https://pbs.twimg.com/ext_tw_video_thumb/1214704050236559360/pu/img/iYZd1SM78m5R2UgT.jpg",
              "source_status_id_str": "1214704110064287745",
              "source_user_id": 371868457,
              "expanded_url": "https://twitter.com/BaxtiyarGoran/status/1214704110064287745/video/1",
              "url": "https://t.co/gxyJ243pO2",
              "display_url": "pic.twitter.com/gxyJ243pO2",
              "source_status_id": 1214704110064287745,
              "id": 1214704050236559360,
              "additional_media_info": {
                "monetizable": false
              },
              "media_url": "http://pbs.twimg.com/ext_tw_video_thumb/1214704050236559360/pu/img/iYZd1SM78m5R2UgT.jpg",
              "indices": [
                96,
                119
              ],
              "type": "photo",
              "sizes": {
                "medium": {
                  "h": 400,
                  "w": 224,
                  "resize": "fit"
                },
                "thumb": {
                  "h": 150,
                  "w": 150,
                  "resize": "crop"
                },
                "small": {
                  "h": 400,
                  "w": 224,
                  "resize": "fit"
                },
                "large": {
                  "h": 400,
                  "w": 224,
                  "resize": "fit"
                }
              }
            }
          ],
          "symbols": [],
          "hashtags": []
        },
        "in_reply_to_screen_name": null,
        "possibly_sensitive": false,
        "in_reply_to_user_id_str": null,
        "id_str": "1214707245709242370",
        "in_reply_to_status_id": null,
        "coordinates": null,
        "retweeted": false,
        "filter_level": "low",
        "truncated": false,
        "place": null,
        "extended_entities": {
          "media": [
            {
              "source_user_id_str": "371868457",
              "id_str": "1214704050236559360",
              "media_url_https": "https://pbs.twimg.com/ext_tw_video_thumb/1214704050236559360/pu/img/iYZd1SM78m5R2UgT.jpg",
              "source_status_id_str": "1214704110064287745",
              "source_user_id": 371868457,
              "expanded_url": "https://twitter.com/BaxtiyarGoran/status/1214704110064287745/video/1",
              "video_info": {
                "duration_millis": 44980,
                "variants": [
                  {
                    "bitrate": 632000,
                    "url": "https://video.twimg.com/ext_tw_video/1214704050236559360/pu/vid/224x400/6UxXA-s1LKhuyOOS.mp4?tag=10",
                    "content_type": "video/mp4"
                  },
                  {
                    "url": "https://video.twimg.com/ext_tw_video/1214704050236559360/pu/pl/WnKxo67Fn_MkKnEo.m3u8?tag=10",
                    "content_type": "application/x-mpegURL"
                  }
                ],
                "aspect_ratio": [
                  14,
                  25
                ]
              },
              "url": "https://t.co/gxyJ243pO2",
              "display_url": "pic.twitter.com/gxyJ243pO2",
              "source_status_id": 1214704110064287745,
              "id": 1214704050236559360,
              "additional_media_info": {
                "monetizable": false
              },
              "media_url": "http://pbs.twimg.com/ext_tw_video_thumb/1214704050236559360/pu/img/iYZd1SM78m5R2UgT.jpg",
              "indices": [
                96,
                119
              ],
              "type": "video",
              "sizes": {
                "medium": {
                  "h": 400,
                  "w": 224,
                  "resize": "fit"
                },
                "thumb": {
                  "h": 150,
                  "w": 150,
                  "resize": "crop"
                },
                "small": {
                  "h": 400,
                  "w": 224,
                  "resize": "fit"
                },
                "large": {
                  "h": 400,
                  "w": 224,
                  "resize": "fit"
                }
              }
            }
          ]
        },
        "in_reply_to_status_id_str": null,
        "created_at": "Wed Jan 08 00:35:50 +0000 2020",
        "contributors": null
      },
      "favorite_count": 0,
      "place": null,
      "quoted_status_id_str": "1214707245709242370",
      "created_at": "Wed Jan 08 03:38:31 +0000 2020",
      "retweeted": false,
      "user": {
        "verified": false,
        "profile_image_url": "http://pbs.twimg.com/profile_images/1214095095722430465/_YXN9iPT_normal.jpg",
        "follow_request_sent": null,
        "profile_use_background_image": true,
        "profile_link_color": "1DA1F2",
        "profile_background_tile": false,
        "profile_image_url_https": "https://pbs.twimg.com/profile_images/1214095095722430465/_YXN9iPT_normal.jpg",
        "profile_background_color": "F5F8FA",
        "utc_offset": null,
        "name": "ammy",
        "geo_enabled": false,
        "url": null,
        "profile_banner_url": "https://pbs.twimg.com/profile_banners/1135760978761506816/1574351006",
        "id": 1135760978761506816,
        "lang": null,
        "contributors_enabled": false,
        "followers_count": 109,
        "friends_count": 92,
        "profile_sidebar_border_color": "C0DEED",
        "following": null,
        "default_profile": true,
        "statuses_count": 877,
        "description": "chinggg💁 ⚡",
        "screen_name": "ammylzs",
        "id_str": "1135760978761506816",
        "protected": false,
        "is_translator": false,
        "location": "Malaysia",
        "default_profile_image": false,
        "profile_background_image_url_https": "",
        "notifications": null,
        "profile_sidebar_fill_color": "DDEEF6",
        "profile_background_image_url": "",
        "favourites_count": 11557,
        "translator_type": "none",
        "created_at": "Tue Jun 04 04:11:33 +0000 2019",
        "time_zone": null,
        "listed_count": 0,
        "profile_text_color": "333333"
      },
      "reply_count": 0
    },
    {
      "reply_count": 0,
      "contributors": null,
      "user": {
        "verified": false,
        "profile_image_url": "http://pbs.twimg.com/profile_images/1199366979469168640/aMdEycEM_normal.jpg",
        "follow_request_sent": null,
        "profile_use_background_image": true,
        "profile_link_color": "0900FF",
        "profile_background_tile": true,
        "profile_image_url_https": "https://pbs.twimg.com/profile_images/1199366979469168640/aMdEycEM_normal.jpg",
        "profile_background_color": "642D8B",
        "utc_offset": null,
        "name": "Gemini_Cartel",
        "geo_enabled": true,
        "url": null,
        "profile_banner_url": "https://pbs.twimg.com/profile_banners/76757546/1574687416",
        "id": 76757546,
        "lang": null,
        "contributors_enabled": false,
        "followers_count": 6890,
        "friends_count": 7249,
        "profile_sidebar_border_color": "65B0DA",
        "following": null,
        "default_profile": false,
        "statuses_count": 22490,
        "description": "#MAGA #TRUMP2020 #FlynnArmy #QArmy #TrumpArmy ✊ $GeminiCartel",
        "screen_name": "Gemini_Cartel",
        "id_str": "76757546",
        "protected": false,
        "is_translator": false,
        "location": "DFW",
        "default_profile_image": false,
        "profile_background_image_url_https": "https://abs.twimg.com/images/themes/theme10/bg.gif",
        "notifications": null,
        "profile_sidebar_fill_color": "7AC3EE",
        "profile_background_image_url": "http://abs.twimg.com/images/themes/theme10/bg.gif",
        "favourites_count": 24265,
        "translator_type": "none",
        "created_at": "Wed Sep 23 21:10:22 +0000 2009",
        "time_zone": null,
        "listed_count": 10,
        "profile_text_color": "19572A"
      },
      "favorited": false,
      "source": "<a href=\"http://twitter.com/download/iphone\" rel=\"nofollow\">Twitter for iPhone</a>",
      "retweet_count": 0,
      "text": "RT @jaketapper: Iran broadcasts rare images of underground missile bases http://t.co/E0mlXdahBf",
      "id": 1214753221723512832,
      "in_reply_to_user_id": null,
      "lang": "en",
      "retweeted_status": {
        "reply_count": 2,
        "favorite_count": 8,
        "user": {
          "verified": true,
          "profile_image_url": "http://pbs.twimg.com/profile_images/1174871900062924801/yPzQf1y6_normal.jpg",
          "follow_request_sent": null,
          "profile_use_background_image": true,
          "profile_link_color": "088253",
          "profile_background_tile": false,
          "profile_image_url_https": "https://pbs.twimg.com/profile_images/1174871900062924801/yPzQf1y6_normal.jpg",
          "profile_background_color": "EDECE9",
          "utc_offset": null,
          "name": "Jake Tapper",
          "geo_enabled": true,
          "url": "https://www.amazon.com/Hellfire-Club-Jake-Tapper/dp/031647231X",
          "profile_banner_url": "https://pbs.twimg.com/profile_banners/14529929/1353593155",
          "id": 14529929,
          "lang": null,
          "contributors_enabled": false,
          "followers_count": 2228785,
          "friends_count": 8157,
          "profile_sidebar_border_color": "FFFFFF",
          "following": null,
          "default_profile": false,
          "statuses_count": 203464,
          "description": "Dad, husband, CNN Anchor of @TheLeadCNN and @CNNSOTU, author of the NYT best-selling novel @TheHellfireClub and non fiction @TheOutpostBook",
          "screen_name": "jaketapper",
          "id_str": "14529929",
          "protected": false,
          "is_translator": false,
          "location": null,
          "default_profile_image": false,
          "profile_background_image_url_https": "https://abs.twimg.com/images/themes/theme3/bg.gif",
          "notifications": null,
          "profile_sidebar_fill_color": "E3E2DE",
          "profile_background_image_url": "http://abs.twimg.com/images/themes/theme3/bg.gif",
          "favourites_count": 26801,
          "translator_type": "none",
          "created_at": "Fri Apr 25 17:23:28 +0000 2008",
          "time_zone": null,
          "listed_count": 22281,
          "profile_text_color": "634047"
        },
        "favorited": false,
        "source": "<a href=\"http://www.apple.com\" rel=\"nofollow\">iOS</a>",
        "retweet_count": 13,
        "text": "Iran broadcasts rare images of underground missile bases http://t.co/E0mlXdahBf",
        "id": 654623617058254848,
        "in_reply_to_user_id": null,
        "lang": "en",
        "is_quote_status": false,
        "quote_count": 0,
        "geo": null,
        "entities": {
          "urls": [
            {
              "url": "http://t.co/E0mlXdahBf",
              "display_url": "cnn.com/2015/10/14/mid…",
              "expanded_url": "http://www.cnn.com/2015/10/14/middleeast/iran-missile-facilities/index.html",
              "indices": [
                57,
                79
              ]
            }
          ],
          "user_mentions": [],
          "symbols": [],
          "hashtags": []
        },
        "in_reply_to_screen_name": null,
        "possibly_sensitive": false,
        "in_reply_to_user_id_str": null,
        "id_str": "654623617058254848",
        "in_reply_to_status_id": null,
        "coordinates": null,
        "retweeted": false,
        "filter_level": "low",
        "truncated": false,
        "place": null,
        "in_reply_to_status_id_str": null,
        "created_at": "Thu Oct 15 11:43:27 +0000 2015",
        "contributors": null
      },
      "quote_count": 0,
      "is_quote_status": false,
      "geo": null,
      "entities": {
        "urls": [
          {
            "url": "http://t.co/E0mlXdahBf",
            "display_url": "cnn.com/2015/10/14/mid…",
            "expanded_url": "http://www.cnn.com/2015/10/14/middleeast/iran-missile-facilities/index.html",
            "indices": [
              73,
              95
            ]
          }
        ],
        "user_mentions": [
          {
            "screen_name": "jaketapper",
            "id_str": "14529929",
            "name": "Jake Tapper",
            "indices": [
              3,
              14
            ],
            "id": 14529929
          }
        ],
        "symbols": [],
        "hashtags": []
      },
      "in_reply_to_screen_name": null,
      "possibly_sensitive": false,
      "in_reply_to_user_id_str": null,
      "id_str": "1214753221723512832",
      "in_reply_to_status_id": null,
      "timestamp_ms": "1578454711739",
      "coordinates": null,
      "retweeted": false,
      "filter_level": "low",
      "truncated": false,
      "favorite_count": 0,
      "place": null,
      "in_reply_to_status_id_str": null,
      "created_at": "Wed Jan 08 03:38:31 +0000 2020"
    },
    {
      "truncated": false,
      "contributors": null,
      "quoted_status_permalink": {
        "expanded": "https://twitter.com/marcorubio/status/1214715474447089664",
        "url": "https://t.co/7cXQ56IHcA",
        "display": "twitter.com/marcorubio/sta…"
      },
      "favorited": false,
      "source": "<a href=\"http://twitter.com/download/iphone\" rel=\"nofollow\">Twitter for iPhone</a>",
      "retweet_count": 0,
      "text": "RT @KevinMKruse: No, this is pretty much the *perfect* time to debate policy. \n\nThe Constitution makes it pretty clear, in fact, that it’s…",
      "id": 1214753221828325376,
      "in_reply_to_user_id": null,
      "lang": "en",
      "retweeted_status": {
        "truncated": true,
        "contributors": null,
        "quoted_status_permalink": {
          "expanded": "https://twitter.com/marcorubio/status/1214715474447089664",
          "url": "https://t.co/7cXQ56IHcA",
          "display": "twitter.com/marcorubio/sta…"
        },
        "favorited": false,
        "source": "<a href=\"http://twitter.com/download/iphone\" rel=\"nofollow\">Twitter for iPhone</a>",
        "retweet_count": 2442,
        "text": "No, this is pretty much the *perfect* time to debate policy. \n\nThe Constitution makes it pretty clear, in fact, tha… https://t.co/ZR7UwaJokz",
        "id": 1214722399599509504,
        "in_reply_to_user_id": null,
        "lang": "en",
        "is_quote_status": true,
        "quote_count": 32,
        "in_reply_to_status_id_str": null,
        "entities": {
          "urls": [
            {
              "url": "https://t.co/ZR7UwaJokz",
              "display_url": "twitter.com/i/web/status/1…",
              "expanded_url": "https://twitter.com/i/web/status/1214722399599509504",
              "indices": [
                117,
                140
              ]
            }
          ],
          "user_mentions": [],
          "symbols": [],
          "hashtags": []
        },
        "in_reply_to_screen_name": null,
        "extended_tweet": {
          "entities": {
            "urls": [],
            "user_mentions": [],
            "symbols": [],
            "hashtags": []
          },
          "full_text": "No, this is pretty much the *perfect* time to debate policy. \n\nThe Constitution makes it pretty clear, in fact, that it’s literally your job to debate policy right now and not just blindly follow the president into war.",
          "display_text_range": [
            0,
            219
          ]
        },
        "in_reply_to_user_id_str": null,
        "id_str": "1214722399599509504",
        "in_reply_to_status_id": null,
        "quoted_status_id": 1214715474447089664,
        "coordinates": null,
        "geo": null,
        "filter_level": "low",
        "quoted_status": {
          "reply_count": 12980,
          "contributors": null,
          "user": {
            "verified": true,
            "profile_image_url": "http://pbs.twimg.com/profile_images/1143476808576307200/cqev1XKn_normal.jpg",
            "follow_request_sent": null,
            "profile_use_background_image": true,
            "profile_link_color": "009999",
            "profile_background_tile": true,
            "profile_image_url_https": "https://pbs.twimg.com/profile_images/1143476808576307200/cqev1XKn_normal.jpg",
            "profile_background_color": "131516",
            "utc_offset": null,
            "name": "Marco Rubio",
            "geo_enabled": false,
            "url": "http://marcorubio.com",
            "profile_banner_url": "https://pbs.twimg.com/profile_banners/15745368/1561461040",
            "id": 15745368,
            "lang": null,
            "contributors_enabled": false,
            "followers_count": 4035461,
            "friends_count": 2566,
            "profile_sidebar_border_color": "EEEEEE",
            "following": null,
            "default_profile": false,
            "statuses_count": 12387,
            "description": "Follower of Christ,Husband,Father, Proud AMERICAN, US Senator for Florida, #GatorNation & #FinsUp. Official tweets @SenRubioPress & Campaign tweets @TeamMarco",
            "screen_name": "marcorubio",
            "id_str": "15745368",
            "protected": false,
            "is_translator": false,
            "location": "United States",
            "default_profile_image": false,
            "profile_background_image_url_https": "https://abs.twimg.com/images/themes/theme14/bg.gif",
            "notifications": null,
            "profile_sidebar_fill_color": "EFEFEF",
            "profile_background_image_url": "http://abs.twimg.com/images/themes/theme14/bg.gif",
            "favourites_count": 1637,
            "translator_type": "none",
            "created_at": "Wed Aug 06 03:07:06 +0000 2008",
            "time_zone": null,
            "listed_count": 16458,
            "profile_text_color": "333333"
          },
          "favorited": false,
          "source": "<a href=\"http://twitter.com/#!/download/ipad\" rel=\"nofollow\">Twitter for iPad</a>",
          "retweet_count": 4391,
          "text": "#Iran is now openly calling for American’s to turn on each other. \n\nThe time will come to debate U.S. policy. \n\nTon… https://t.co/QcqT8uIlzp",
          "id": 1214715474447089664,
          "in_reply_to_user_id": null,
          "lang": "en",
          "is_quote_status": false,
          "quote_count": 1749,
          "geo": null,
          "entities": {
            "urls": [
              {
                "url": "https://t.co/QcqT8uIlzp",
                "display_url": "twitter.com/i/web/status/1…",
                "expanded_url": "https://twitter.com/i/web/status/1214715474447089664",
                "indices": [
                  117,
                  140
                ]
              }
            ],
            "user_mentions": [],
            "symbols": [],
            "hashtags": [
              {
                "indices": [
                  0,
                  5
                ],
                "text": "Iran"
              }
            ]
          },
          "in_reply_to_screen_name": null,
          "extended_tweet": {
            "entities": {
              "urls": [],
              "user_mentions": [],
              "symbols": [],
              "hashtags": [
                {
                  "indices": [
                    0,
                    5
                  ],
                  "text": "Iran"
                }
              ]
            },
            "full_text": "#Iran is now openly calling for American’s to turn on each other. \n\nThe time will come to debate U.S. policy. \n\nTonight American &amp; allied troops have come under direct attack by a nation-state &amp; Americans must come together to support &amp; protect them &amp; respond appropriately.",
            "display_text_range": [
              0,
              290
            ]
          },
          "in_reply_to_user_id_str": null,
          "id_str": "1214715474447089664",
          "in_reply_to_status_id": null,
          "coordinates": null,
          "retweeted": false,
          "filter_level": "low",
          "truncated": true,
          "favorite_count": 15581,
          "place": null,
          "in_reply_to_status_id_str": null,
          "created_at": "Wed Jan 08 01:08:32 +0000 2020"
        },
        "favorite_count": 11234,
        "place": null,
        "quoted_status_id_str": "1214715474447089664",
        "created_at": "Wed Jan 08 01:36:03 +0000 2020",
        "retweeted": false,
        "user": {
          "verified": true,
          "profile_image_url": "http://pbs.twimg.com/profile_images/1189943169292668931/UybAdUum_normal.jpg",
          "follow_request_sent": null,
          "profile_use_background_image": true,
          "profile_link_color": "3B94D9",
          "profile_background_tile": true,
          "profile_image_url_https": "https://pbs.twimg.com/profile_images/1189943169292668931/UybAdUum_normal.jpg",
          "profile_background_color": "000000",
          "utc_offset": null,
          "name": "Kevin M. Kruse",
          "geo_enabled": true,
          "url": "http://kevinmkruse.com",
          "profile_banner_url": "https://pbs.twimg.com/profile_banners/3060489838/1540696689",
          "id": 3060489838,
          "lang": null,
          "contributors_enabled": false,
          "followers_count": 371550,
          "friends_count": 1870,
          "profile_sidebar_border_color": "000000",
          "following": null,
          "default_profile": false,
          "statuses_count": 118962,
          "description": "Historian. Author/editor of White Flight; The New Suburban History; Spaces of the Modern City; Fog of War; One Nation Under God; Fault Lines.",
          "screen_name": "KevinMKruse",
          "id_str": "3060489838",
          "protected": false,
          "is_translator": false,
          "location": "Princeton, NJ",
          "default_profile_image": false,
          "profile_background_image_url_https": "https://abs.twimg.com/images/themes/theme1/bg.png",
          "notifications": null,
          "profile_sidebar_fill_color": "000000",
          "profile_background_image_url": "http://abs.twimg.com/images/themes/theme1/bg.png",
          "favourites_count": 145005,
          "translator_type": "none",
          "created_at": "Wed Feb 25 01:25:19 +0000 2015",
          "time_zone": null,
          "listed_count": 3623,
          "profile_text_color": "000000"
        },
        "reply_count": 116
      },
      "quote_count": 0,
      "is_quote_status": true,
      "in_reply_to_status_id_str": null,
      "entities": {
        "urls": [],
        "user_mentions": [
          {
            "screen_name": "KevinMKruse",
            "id_str": "3060489838",
            "name": "Kevin M. Kruse",
            "indices": [
              3,
              15
            ],
            "id": 3060489838
          }
        ],
        "symbols": [],
        "hashtags": []
      },
      "in_reply_to_screen_name": null,
      "in_reply_to_user_id_str": null,
      "id_str": "1214753221828325376",
      "in_reply_to_status_id": null,
      "quoted_status_id": 1214715474447089664,
      "timestamp_ms": "1578454711764",
      "coordinates": null,
      "geo": null,
      "filter_level": "low",
      "quoted_status": {
        "reply_count": 12980,
        "contributors": null,
        "user": {
          "verified": true,
          "profile_image_url": "http://pbs.twimg.com/profile_images/1143476808576307200/cqev1XKn_normal.jpg",
          "follow_request_sent": null,
          "profile_use_background_image": true,
          "profile_link_color": "009999",
          "profile_background_tile": true,
          "profile_image_url_https": "https://pbs.twimg.com/profile_images/1143476808576307200/cqev1XKn_normal.jpg",
          "profile_background_color": "131516",
          "utc_offset": null,
          "name": "Marco Rubio",
          "geo_enabled": false,
          "url": "http://marcorubio.com",
          "profile_banner_url": "https://pbs.twimg.com/profile_banners/15745368/1561461040",
          "id": 15745368,
          "lang": null,
          "contributors_enabled": false,
          "followers_count": 4035461,
          "friends_count": 2566,
          "profile_sidebar_border_color": "EEEEEE",
          "following": null,
          "default_profile": false,
          "statuses_count": 12387,
          "description": "Follower of Christ,Husband,Father, Proud AMERICAN, US Senator for Florida, #GatorNation & #FinsUp. Official tweets @SenRubioPress & Campaign tweets @TeamMarco",
          "screen_name": "marcorubio",
          "id_str": "15745368",
          "protected": false,
          "is_translator": false,
          "location": "United States",
          "default_profile_image": false,
          "profile_background_image_url_https": "https://abs.twimg.com/images/themes/theme14/bg.gif",
          "notifications": null,
          "profile_sidebar_fill_color": "EFEFEF",
          "profile_background_image_url": "http://abs.twimg.com/images/themes/theme14/bg.gif",
          "favourites_count": 1637,
          "translator_type": "none",
          "created_at": "Wed Aug 06 03:07:06 +0000 2008",
          "time_zone": null,
          "listed_count": 16458,
          "profile_text_color": "333333"
        },
        "favorited": false,
        "source": "<a href=\"http://twitter.com/#!/download/ipad\" rel=\"nofollow\">Twitter for iPad</a>",
        "retweet_count": 4391,
        "text": "#Iran is now openly calling for American’s to turn on each other. \n\nThe time will come to debate U.S. policy. \n\nTon… https://t.co/QcqT8uIlzp",
        "id": 1214715474447089664,
        "in_reply_to_user_id": null,
        "lang": "en",
        "is_quote_status": false,
        "quote_count": 1749,
        "geo": null,
        "entities": {
          "urls": [
            {
              "url": "https://t.co/QcqT8uIlzp",
              "display_url": "twitter.com/i/web/status/1…",
              "expanded_url": "https://twitter.com/i/web/status/1214715474447089664",
              "indices": [
                117,
                140
              ]
            }
          ],
          "user_mentions": [],
          "symbols": [],
          "hashtags": [
            {
              "indices": [
                0,
                5
              ],
              "text": "Iran"
            }
          ]
        },
        "in_reply_to_screen_name": null,
        "extended_tweet": {
          "entities": {
            "urls": [],
            "user_mentions": [],
            "symbols": [],
            "hashtags": [
              {
                "indices": [
                  0,
                  5
                ],
                "text": "Iran"
              }
            ]
          },
          "full_text": "#Iran is now openly calling for American’s to turn on each other. \n\nThe time will come to debate U.S. policy. \n\nTonight American &amp; allied troops have come under direct attack by a nation-state &amp; Americans must come together to support &amp; protect them &amp; respond appropriately.",
          "display_text_range": [
            0,
            290
          ]
        },
        "in_reply_to_user_id_str": null,
        "id_str": "1214715474447089664",
        "in_reply_to_status_id": null,
        "coordinates": null,
        "retweeted": false,
        "filter_level": "low",
        "truncated": true,
        "favorite_count": 15581,
        "place": null,
        "in_reply_to_status_id_str": null,
        "created_at": "Wed Jan 08 01:08:32 +0000 2020"
      },
      "favorite_count": 0,
      "place": null,
      "quoted_status_id_str": "1214715474447089664",
      "created_at": "Wed Jan 08 03:38:31 +0000 2020",
      "retweeted": false,
      "user": {
        "verified": false,
        "profile_image_url": "http://pbs.twimg.com/profile_images/882232051159748608/3hC2jbrj_normal.jpg",
        "follow_request_sent": null,
        "profile_use_background_image": false,
        "profile_link_color": "ABB8C2",
        "profile_background_tile": false,
        "profile_image_url_https": "https://pbs.twimg.com/profile_images/882232051159748608/3hC2jbrj_normal.jpg",
        "profile_background_color": "000000",
        "utc_offset": null,
        "name": "Jasomnambulism human scum",
        "geo_enabled": true,
        "url": null,
        "profile_banner_url": "https://pbs.twimg.com/profile_banners/196202006/1572746714",
        "id": 196202006,
        "lang": null,
        "contributors_enabled": false,
        "followers_count": 2571,
        "friends_count": 1808,
        "profile_sidebar_border_color": "000000",
        "following": null,
        "default_profile": false,
        "statuses_count": 129307,
        "description": "The United Nations issued a report stating the human civilization could come as early as 2040. . #fucktrump",
        "screen_name": "jasomnambulism",
        "id_str": "196202006",
        "protected": false,
        "is_translator": false,
        "location": "State of depression",
        "default_profile_image": false,
        "profile_background_image_url_https": "https://abs.twimg.com/images/themes/theme14/bg.gif",
        "notifications": null,
        "profile_sidebar_fill_color": "000000",
        "profile_background_image_url": "http://abs.twimg.com/images/themes/theme14/bg.gif",
        "favourites_count": 185062,
        "translator_type": "none",
        "created_at": "Tue Sep 28 15:32:44 +0000 2010",
        "time_zone": null,
        "listed_count": 110,
        "profile_text_color": "000000"
      },
      "reply_count": 0
    },
    {
      "truncated": false,
      "contributors": null,
      "quoted_status_permalink": {
        "expanded": "https://twitter.com/trumpwarroom/status/1214622973556088833",
        "url": "https://t.co/LWHgthNNww",
        "display": "twitter.com/trumpwarroom/s…"
      },
      "favorited": false,
      "source": "<a href=\"http://twitter.com/#!/download/ipad\" rel=\"nofollow\">Twitter for iPad</a>",
      "retweet_count": 0,
      "text": "Pay us to get out PERVERT",
      "id": 1214753221845143552,
      "in_reply_to_user_id": null,
      "lang": "en",
      "is_quote_status": true,
      "quote_count": 0,
      "in_reply_to_status_id_str": null,
      "entities": {
        "urls": [],
        "user_mentions": [],
        "symbols": [],
        "hashtags": []
      },
      "in_reply_to_screen_name": null,
      "in_reply_to_user_id_str": null,
      "id_str": "1214753221845143552",
      "in_reply_to_status_id": null,
      "quoted_status_id": 1214622973556088833,
      "timestamp_ms": "1578454711768",
      "coordinates": null,
      "geo": null,
      "filter_level": "low",
      "quoted_status": {
        "truncated": true,
        "contributors": null,
        "user": {
          "verified": true,
          "profile_image_url": "http://pbs.twimg.com/profile_images/1109170568950095879/Q5nCWHLB_normal.png",
          "follow_request_sent": null,
          "profile_use_background_image": false,
          "profile_link_color": "ABB8C2",
          "profile_background_tile": false,
          "profile_image_url_https": "https://pbs.twimg.com/profile_images/1109170568950095879/Q5nCWHLB_normal.png",
          "profile_background_color": "000000",
          "utc_offset": null,
          "name": "Trump War Room --- Text FIGHT to 88022",
          "geo_enabled": false,
          "url": "https://www.donaldjtrump.com/",
          "profile_banner_url": "https://pbs.twimg.com/profile_banners/1108472017144201216/1565806661",
          "id": 1108472017144201216,
          "lang": null,
          "contributors_enabled": false,
          "followers_count": 459433,
          "friends_count": 153,
          "profile_sidebar_border_color": "000000",
          "following": null,
          "default_profile": false,
          "statuses_count": 6003,
          "description": "Highlighting @realDonaldTrump's #PromisesKept, fighting #FakeNews. This account punches back 10x harder. Managed by the #TeamTrump 2020 campaign. #MAGA",
          "screen_name": "TrumpWarRoom",
          "id_str": "1108472017144201216",
          "protected": false,
          "is_translator": false,
          "location": "MAGA Country",
          "default_profile_image": false,
          "profile_background_image_url_https": "https://abs.twimg.com/images/themes/theme1/bg.png",
          "notifications": null,
          "profile_sidebar_fill_color": "000000",
          "profile_background_image_url": "http://abs.twimg.com/images/themes/theme1/bg.png",
          "favourites_count": 7,
          "translator_type": "none",
          "created_at": "Wed Mar 20 20:54:58 +0000 2019",
          "time_zone": null,
          "listed_count": 1639,
          "profile_text_color": "000000"
        },
        "favorited": false,
        "source": "<a href=\"https://about.twitter.com/products/tweetdeck\" rel=\"nofollow\">TweetDeck</a>",
        "retweet_count": 4296,
        "text": "Joe Biden just said IRAN voted for U.S. troops to leave. \n\nIn reality, IRAQ voted for U.S. troops to leave.\n\nBiden… https://t.co/Lir1uNfjXz",
        "id": 1214622973556088833,
        "in_reply_to_user_id": null,
        "lang": "en",
        "is_quote_status": false,
        "quote_count": 524,
        "geo": null,
        "entities": {
          "urls": [
            {
              "url": "https://t.co/Lir1uNfjXz",
              "display_url": "twitter.com/i/web/status/1…",
              "expanded_url": "https://twitter.com/i/web/status/1214622973556088833",
              "indices": [
                116,
                139
              ]
            }
          ],
          "user_mentions": [],
          "symbols": [],
          "hashtags": []
        },
        "in_reply_to_screen_name": null,
        "possibly_sensitive": false,
        "extended_tweet": {
          "entities": {
            "urls": [],
            "user_mentions": [],
            "media": [
              {
                "id_str": "1214622889732911104",
                "media_url_https": "https://pbs.twimg.com/ext_tw_video_thumb/1214622889732911104/pu/img/QUeoW_mfLhpYvNWy.jpg",
                "expanded_url": "https://twitter.com/TrumpWarRoom/status/1214622973556088833/video/1",
                "video_info": {
                  "duration_millis": 8680,
                  "variants": [
                    {
                      "bitrate": 256000,
                      "url": "https://video.twimg.com/ext_tw_video/1214622889732911104/pu/vid/480x270/I-0bKHK7oRtu40zv.mp4?tag=10",
                      "content_type": "video/mp4"
                    },
                    {
                      "bitrate": 832000,
                      "url": "https://video.twimg.com/ext_tw_video/1214622889732911104/pu/vid/640x360/2M3Qljgb4x_zFzcb.mp4?tag=10",
                      "content_type": "video/mp4"
                    },
                    {
                      "url": "https://video.twimg.com/ext_tw_video/1214622889732911104/pu/pl/JDdPbot0ULN7Rc4m.m3u8?tag=10",
                      "content_type": "application/x-mpegURL"
                    }
                  ],
                  "aspect_ratio": [
                    16,
                    9
                  ]
                },
                "url": "https://t.co/OjoUU8jGLb",
                "display_url": "pic.twitter.com/OjoUU8jGLb",
                "id": 1214622889732911104,
                "additional_media_info": {
                  "monetizable": false
                },
                "media_url": "http://pbs.twimg.com/ext_tw_video_thumb/1214622889732911104/pu/img/QUeoW_mfLhpYvNWy.jpg",
                "indices": [
                  170,
                  193
                ],
                "type": "video",
                "sizes": {
                  "medium": {
                    "h": 360,
                    "w": 640,
                    "resize": "fit"
                  },
                  "thumb": {
                    "h": 150,
                    "w": 150,
                    "resize": "crop"
                  },
                  "small": {
                    "h": 360,
                    "w": 640,
                    "resize": "fit"
                  },
                  "large": {
                    "h": 360,
                    "w": 640,
                    "resize": "fit"
                  }
                }
              }
            ],
            "symbols": [],
            "hashtags": []
          },
          "extended_entities": {
            "media": [
              {
                "id_str": "1214622889732911104",
                "media_url_https": "https://pbs.twimg.com/ext_tw_video_thumb/1214622889732911104/pu/img/QUeoW_mfLhpYvNWy.jpg",
                "expanded_url": "https://twitter.com/TrumpWarRoom/status/1214622973556088833/video/1",
                "video_info": {
                  "duration_millis": 8680,
                  "variants": [
                    {
                      "bitrate": 256000,
                      "url": "https://video.twimg.com/ext_tw_video/1214622889732911104/pu/vid/480x270/I-0bKHK7oRtu40zv.mp4?tag=10",
                      "content_type": "video/mp4"
                    },
                    {
                      "bitrate": 832000,
                      "url": "https://video.twimg.com/ext_tw_video/1214622889732911104/pu/vid/640x360/2M3Qljgb4x_zFzcb.mp4?tag=10",
                      "content_type": "video/mp4"
                    },
                    {
                      "url": "https://video.twimg.com/ext_tw_video/1214622889732911104/pu/pl/JDdPbot0ULN7Rc4m.m3u8?tag=10",
                      "content_type": "application/x-mpegURL"
                    }
                  ],
                  "aspect_ratio": [
                    16,
                    9
                  ]
                },
                "url": "https://t.co/OjoUU8jGLb",
                "display_url": "pic.twitter.com/OjoUU8jGLb",
                "id": 1214622889732911104,
                "additional_media_info": {
                  "monetizable": false
                },
                "media_url": "http://pbs.twimg.com/ext_tw_video_thumb/1214622889732911104/pu/img/QUeoW_mfLhpYvNWy.jpg",
                "indices": [
                  170,
                  193
                ],
                "type": "video",
                "sizes": {
                  "medium": {
                    "h": 360,
                    "w": 640,
                    "resize": "fit"
                  },
                  "thumb": {
                    "h": 150,
                    "w": 150,
                    "resize": "crop"
                  },
                  "small": {
                    "h": 360,
                    "w": 640,
                    "resize": "fit"
                  },
                  "large": {
                    "h": 360,
                    "w": 640,
                    "resize": "fit"
                  }
                }
              }
            ]
          },
          "full_text": "Joe Biden just said IRAN voted for U.S. troops to leave. \n\nIn reality, IRAQ voted for U.S. troops to leave.\n\nBiden didn’t correct himself. \n\nSometimes you just wonder... https://t.co/OjoUU8jGLb",
          "display_text_range": [
            0,
            169
          ]
        },
        "in_reply_to_user_id_str": null,
        "id_str": "1214622973556088833",
        "in_reply_to_status_id": null,
        "coordinates": null,
        "display_text_range": [
          0,
          140
        ],
        "filter_level": "low",
        "reply_count": 1447,
        "favorite_count": 13161,
        "place": null,
        "in_reply_to_status_id_str": null,
        "created_at": "Tue Jan 07 19:00:58 +0000 2020",
        "retweeted": false
      },
      "favorite_count": 0,
      "place": null,
      "quoted_status_id_str": "1214622973556088833",
      "created_at": "Wed Jan 08 03:38:31 +0000 2020",
      "retweeted": false,
      "user": {
        "verified": false,
        "profile_image_url": "http://pbs.twimg.com/profile_images/1179385797264453634/N38tpBpd_normal.jpg",
        "follow_request_sent": null,
        "profile_use_background_image": false,
        "profile_link_color": "F58EA8",
        "profile_background_tile": false,
        "profile_image_url_https": "https://pbs.twimg.com/profile_images/1179385797264453634/N38tpBpd_normal.jpg",
        "profile_background_color": "000000",
        "utc_offset": null,
        "name": "invisible  woman",
        "geo_enabled": false,
        "url": null,
        "profile_banner_url": "https://pbs.twimg.com/profile_banners/481168146/1569937992",
        "id": 481168146,
        "lang": null,
        "contributors_enabled": false,
        "followers_count": 343,
        "friends_count": 73,
        "profile_sidebar_border_color": "000000",
        "following": null,
        "default_profile": false,
        "statuses_count": 33873,
        "description": null,
        "screen_name": "rom08eo",
        "id_str": "481168146",
        "protected": false,
        "is_translator": false,
        "location": "New Jersey, USA",
        "default_profile_image": false,
        "profile_background_image_url_https": "https://abs.twimg.com/images/themes/theme1/bg.png",
        "notifications": null,
        "profile_sidebar_fill_color": "000000",
        "profile_background_image_url": "http://abs.twimg.com/images/themes/theme1/bg.png",
        "favourites_count": 29895,
        "translator_type": "none",
        "created_at": "Thu Feb 02 11:45:57 +0000 2012",
        "time_zone": null,
        "listed_count": 0,
        "profile_text_color": "000000"
      },
      "reply_count": 0
    },
    {
      "reply_count": 0,
      "contributors": null,
      "user": {
        "verified": false,
        "profile_image_url": "http://pbs.twimg.com/profile_images/1206296837868675073/uWMuuOO3_normal.jpg",
        "follow_request_sent": null,
        "profile_use_background_image": true,
        "profile_link_color": "0084B4",
        "profile_background_tile": true,
        "profile_image_url_https": "https://pbs.twimg.com/profile_images/1206296837868675073/uWMuuOO3_normal.jpg",
        "profile_background_color": "EBC1D7",
        "utc_offset": null,
        "name": "dani-gurl",
        "geo_enabled": false,
        "url": null,
        "profile_banner_url": "https://pbs.twimg.com/profile_banners/385095430/1576438555",
        "id": 385095430,
        "lang": null,
        "contributors_enabled": false,
        "followers_count": 548,
        "friends_count": 507,
        "profile_sidebar_border_color": "FFFFFF",
        "following": null,
        "default_profile": false,
        "statuses_count": 10232,
        "description": "it’s bitchin’",
        "screen_name": "danigurl22",
        "id_str": "385095430",
        "protected": false,
        "is_translator": false,
        "location": null,
        "default_profile_image": false,
        "profile_background_image_url_https": "https://abs.twimg.com/images/themes/theme1/bg.png",
        "notifications": null,
        "profile_sidebar_fill_color": "DDEEF6",
        "profile_background_image_url": "http://abs.twimg.com/images/themes/theme1/bg.png",
        "favourites_count": 10092,
        "translator_type": "none",
        "created_at": "Tue Oct 04 21:26:12 +0000 2011",
        "time_zone": null,
        "listed_count": 0,
        "profile_text_color": "333333"
      },
      "favorited": false,
      "source": "<a href=\"http://twitter.com/download/iphone\" rel=\"nofollow\">Twitter for iPhone</a>",
      "retweet_count": 0,
      "text": "RT @joshxdavid: iran: *launches missiles at 2 US bases starting WW3*\n\nall of twitter thats been joking about being drafted: https://t.co/to…",
      "id": 1214753221937389568,
      "in_reply_to_user_id": null,
      "lang": "en",
      "retweeted_status": {
        "truncated": false,
        "contributors": null,
        "user": {
          "verified": false,
          "profile_image_url": "http://pbs.twimg.com/profile_images/1195468330515271680/BXjFUy18_normal.jpg",
          "follow_request_sent": null,
          "profile_use_background_image": false,
          "profile_link_color": "7FDBB6",
          "profile_background_tile": false,
          "profile_image_url_https": "https://pbs.twimg.com/profile_images/1195468330515271680/BXjFUy18_normal.jpg",
          "profile_background_color": "000000",
          "utc_offset": null,
          "name": "josh",
          "geo_enabled": true,
          "url": "http://snapchat.com/joshuadavidf00",
          "profile_banner_url": "https://pbs.twimg.com/profile_banners/4711933514/1573856836",
          "id": 4711933514,
          "lang": null,
          "contributors_enabled": false,
          "followers_count": 22556,
          "friends_count": 4223,
          "profile_sidebar_border_color": "000000",
          "following": null,
          "default_profile": false,
          "statuses_count": 14195,
          "description": "broke college student addicted to caffeine",
          "screen_name": "joshxdavid",
          "id_str": "4711933514",
          "protected": false,
          "is_translator": false,
          "location": null,
          "default_profile_image": false,
          "profile_background_image_url_https": "https://abs.twimg.com/images/themes/theme1/bg.png",
          "notifications": null,
          "profile_sidebar_fill_color": "000000",
          "profile_background_image_url": "http://abs.twimg.com/images/themes/theme1/bg.png",
          "favourites_count": 76424,
          "translator_type": "none",
          "created_at": "Tue Jan 05 04:43:10 +0000 2016",
          "time_zone": null,
          "listed_count": 244,
          "profile_text_color": "000000"
        },
        "favorited": false,
        "source": "<a href=\"http://twitter.com/download/iphone\" rel=\"nofollow\">Twitter for iPhone</a>",
        "retweet_count": 53,
        "text": "iran: *launches missiles at 2 US bases starting WW3*\n\nall of twitter thats been joking about being drafted: https://t.co/tot7FT0zsl",
        "id": 1214716343217541120,
        "in_reply_to_user_id": null,
        "lang": "en",
        "is_quote_status": false,
        "quote_count": 2,
        "geo": null,
        "entities": {
          "urls": [],
          "user_mentions": [],
          "media": [
            {
              "type": "photo",
              "url": "https://t.co/tot7FT0zsl",
              "media_url_https": "https://pbs.twimg.com/ext_tw_video_thumb/1214716328336080896/pu/img/ZgPs8Tx_ZQoNafkz.jpg",
              "display_url": "pic.twitter.com/tot7FT0zsl",
              "id_str": "1214716328336080896",
              "expanded_url": "https://twitter.com/joshxdavid/status/1214716343217541120/video/1",
              "additional_media_info": {
                "monetizable": false
              },
              "id": 1214716328336080896,
              "indices": [
                108,
                131
              ],
              "media_url": "http://pbs.twimg.com/ext_tw_video_thumb/1214716328336080896/pu/img/ZgPs8Tx_ZQoNafkz.jpg",
              "sizes": {
                "medium": {
                  "h": 608,
                  "w": 608,
                  "resize": "fit"
                },
                "thumb": {
                  "h": 150,
                  "w": 150,
                  "resize": "crop"
                },
                "small": {
                  "h": 608,
                  "w": 608,
                  "resize": "fit"
                },
                "large": {
                  "h": 608,
                  "w": 608,
                  "resize": "fit"
                }
              }
            }
          ],
          "symbols": [],
          "hashtags": []
        },
        "in_reply_to_screen_name": null,
        "possibly_sensitive": false,
        "in_reply_to_user_id_str": null,
        "id_str": "1214716343217541120",
        "in_reply_to_status_id": null,
        "coordinates": null,
        "display_text_range": [
          0,
          107
        ],
        "filter_level": "low",
        "reply_count": 3,
        "favorite_count": 306,
        "place": null,
        "extended_entities": {
          "media": [
            {
              "id_str": "1214716328336080896",
              "media_url_https": "https://pbs.twimg.com/ext_tw_video_thumb/1214716328336080896/pu/img/ZgPs8Tx_ZQoNafkz.jpg",
              "expanded_url": "https://twitter.com/joshxdavid/status/1214716343217541120/video/1",
              "video_info": {
                "duration_millis": 3837,
                "variants": [
                  {
                    "url": "https://video.twimg.com/ext_tw_video/1214716328336080896/pu/pl/r2NLXAOQ_KPL-W4Q.m3u8?tag=10",
                    "content_type": "application/x-mpegURL"
                  },
                  {
                    "bitrate": 1280000,
                    "url": "https://video.twimg.com/ext_tw_video/1214716328336080896/pu/vid/608x608/Nf24pZlc6ffE4_9r.mp4?tag=10",
                    "content_type": "video/mp4"
                  },
                  {
                    "bitrate": 832000,
                    "url": "https://video.twimg.com/ext_tw_video/1214716328336080896/pu/vid/480x480/a-hpGtNJmQIMsERk.mp4?tag=10",
                    "content_type": "video/mp4"
                  },
                  {
                    "bitrate": 432000,
                    "url": "https://video.twimg.com/ext_tw_video/1214716328336080896/pu/vid/320x320/hpS7S_9idQOHXKVO.mp4?tag=10",
                    "content_type": "video/mp4"
                  }
                ],
                "aspect_ratio": [
                  1,
                  1
                ]
              },
              "url": "https://t.co/tot7FT0zsl",
              "display_url": "pic.twitter.com/tot7FT0zsl",
              "id": 1214716328336080896,
              "additional_media_info": {
                "monetizable": false
              },
              "media_url": "http://pbs.twimg.com/ext_tw_video_thumb/1214716328336080896/pu/img/ZgPs8Tx_ZQoNafkz.jpg",
              "indices": [
                108,
                131
              ],
              "type": "video",
              "sizes": {
                "medium": {
                  "h": 608,
                  "w": 608,
                  "resize": "fit"
                },
                "thumb": {
                  "h": 150,
                  "w": 150,
                  "resize": "crop"
                },
                "small": {
                  "h": 608,
                  "w": 608,
                  "resize": "fit"
                },
                "large": {
                  "h": 608,
                  "w": 608,
                  "resize": "fit"
                }
              }
            }
          ]
        },
        "in_reply_to_status_id_str": null,
        "created_at": "Wed Jan 08 01:11:59 +0000 2020",
        "retweeted": false
      },
      "quote_count": 0,
      "is_quote_status": false,
      "geo": null,
      "entities": {
        "urls": [],
        "user_mentions": [
          {
            "screen_name": "joshxdavid",
            "id_str": "4711933514",
            "name": "josh",
            "indices": [
              3,
              14
            ],
            "id": 4711933514
          }
        ],
        "symbols": [],
        "hashtags": []
      },
      "in_reply_to_screen_name": null,
      "in_reply_to_user_id_str": null,
      "id_str": "1214753221937389568",
      "in_reply_to_status_id": null,
      "timestamp_ms": "1578454711790",
      "coordinates": null,
      "retweeted": false,
      "filter_level": "low",
      "truncated": false,
      "favorite_count": 0,
      "place": null,
      "in_reply_to_status_id_str": null,
      "created_at": "Wed Jan 08 03:38:31 +0000 2020"
    },
    {
      "reply_count": 0,
      "contributors": null,
      "user": {
        "verified": false,
        "profile_image_url": "http://pbs.twimg.com/profile_images/784797078568505345/D05Z0JDm_normal.jpg",
        "follow_request_sent": null,
        "profile_use_background_image": true,
        "profile_link_color": "0084B4",
        "profile_background_tile": true,
        "profile_image_url_https": "https://pbs.twimg.com/profile_images/784797078568505345/D05Z0JDm_normal.jpg",
        "profile_background_color": "C0DEED",
        "utc_offset": null,
        "name": "Luis Carlos Rojas BMfc",
        "geo_enabled": true,
        "url": null,
        "profile_banner_url": "https://pbs.twimg.com/profile_banners/989993647/1532454586",
        "id": 989993647,
        "lang": null,
        "contributors_enabled": false,
        "followers_count": 171,
        "friends_count": 272,
        "profile_sidebar_border_color": "FFFFFF",
        "following": null,
        "default_profile": false,
        "statuses_count": 7529,
        "description": "Millonarios F.C - Comunicador Social - Black Metal Magick - Selenofilia.",
        "screen_name": "Luis_carlosMfc",
        "id_str": "989993647",
        "protected": false,
        "is_translator": false,
        "location": "Bogota D.C",
        "default_profile_image": false,
        "profile_background_image_url_https": "https://abs.twimg.com/images/themes/theme1/bg.png",
        "notifications": null,
        "profile_sidebar_fill_color": "DDEEF6",
        "profile_background_image_url": "http://abs.twimg.com/images/themes/theme1/bg.png",
        "favourites_count": 7055,
        "translator_type": "none",
        "created_at": "Wed Dec 05 02:02:54 +0000 2012",
        "time_zone": null,
        "listed_count": 0,
        "profile_text_color": "333333"
      },
      "favorited": false,
      "source": "<a href=\"http://twitter.com/download/android\" rel=\"nofollow\">Twitter for Android</a>",
      "retweet_count": 0,
      "text": "RT @DCoronell: En los próximos minutos el presidente @realDonaldTrump hablará sobre el ataque iraní a bases de Irak que albergan tropas est…",
      "id": 1214753221983506433,
      "in_reply_to_user_id": null,
      "lang": "es",
      "retweeted_status": {
        "reply_count": 47,
        "contributors": null,
        "user": {
          "verified": true,
          "profile_image_url": "http://pbs.twimg.com/profile_images/1062476450035568641/KyCPtJOf_normal.jpg",
          "follow_request_sent": null,
          "profile_use_background_image": true,
          "profile_link_color": "1DA1F2",
          "profile_background_tile": false,
          "profile_image_url_https": "https://pbs.twimg.com/profile_images/1062476450035568641/KyCPtJOf_normal.jpg",
          "profile_background_color": "C0DEED",
          "utc_offset": null,
          "name": "Daniel Coronell",
          "geo_enabled": true,
          "url": null,
          "profile_banner_url": "https://pbs.twimg.com/profile_banners/174492304/1513043279",
          "id": 174492304,
          "lang": null,
          "contributors_enabled": false,
          "followers_count": 1269466,
          "friends_count": 1426,
          "profile_sidebar_border_color": "C0DEED",
          "following": null,
          "default_profile": true,
          "statuses_count": 66942,
          "description": "Periodista.",
          "screen_name": "DCoronell",
          "id_str": "174492304",
          "protected": false,
          "is_translator": false,
          "location": null,
          "default_profile_image": false,
          "profile_background_image_url_https": "https://abs.twimg.com/images/themes/theme1/bg.png",
          "notifications": null,
          "profile_sidebar_fill_color": "DDEEF6",
          "profile_background_image_url": "http://abs.twimg.com/images/themes/theme1/bg.png",
          "favourites_count": 4070,
          "translator_type": "none",
          "created_at": "Wed Aug 04 01:56:08 +0000 2010",
          "time_zone": null,
          "listed_count": 3721,
          "profile_text_color": "333333"
        },
        "favorited": false,
        "source": "<a href=\"http://twitter.com/download/iphone\" rel=\"nofollow\">Twitter for iPhone</a>",
        "retweet_count": 222,
        "text": "En los próximos minutos el presidente @realDonaldTrump hablará sobre el ataque iraní a bases de Irak que albergan t… https://t.co/ve66M1RRcI",
        "id": 1214721449333837825,
        "in_reply_to_user_id": null,
        "lang": "es",
        "is_quote_status": false,
        "quote_count": 7,
        "geo": null,
        "entities": {
          "urls": [
            {
              "url": "https://t.co/ve66M1RRcI",
              "display_url": "twitter.com/i/web/status/1…",
              "expanded_url": "https://twitter.com/i/web/status/1214721449333837825",
              "indices": [
                117,
                140
              ]
            }
          ],
          "user_mentions": [
            {
              "screen_name": "realDonaldTrump",
              "id_str": "25073877",
              "name": "Donald J. Trump",
              "indices": [
                38,
                54
              ],
              "id": 25073877
            }
          ],
          "symbols": [],
          "hashtags": []
        },
        "in_reply_to_screen_name": null,
        "extended_tweet": {
          "entities": {
            "urls": [],
            "user_mentions": [
              {
                "screen_name": "realDonaldTrump",
                "id_str": "25073877",
                "name": "Donald J. Trump",
                "indices": [
                  38,
                  54
                ],
                "id": 25073877
              },
              {
                "screen_name": "UniNoticias",
                "id_str": "35785401",
                "name": "Univision Noticias",
                "indices": [
                  187,
                  199
                ],
                "id": 35785401
              }
            ],
            "symbols": [],
            "hashtags": []
          },
          "full_text": "En los próximos minutos el presidente @realDonaldTrump hablará sobre el ataque iraní a bases de Irak que albergan tropas estadounidenses. Al menos 12 misiles balísticos han sido lanzados @UniNoticias",
          "display_text_range": [
            0,
            199
          ]
        },
        "in_reply_to_user_id_str": null,
        "id_str": "1214721449333837825",
        "in_reply_to_status_id": null,
        "coordinates": null,
        "retweeted": false,
        "filter_level": "low",
        "truncated": true,
        "favorite_count": 544,
        "place": null,
        "in_reply_to_status_id_str": null,
        "created_at": "Wed Jan 08 01:32:16 +0000 2020"
      },
      "quote_count": 0,
      "is_quote_status": false,
      "geo": null,
      "entities": {
        "urls": [],
        "user_mentions": [
          {
            "screen_name": "DCoronell",
            "id_str": "174492304",
            "name": "Daniel Coronell",
            "indices": [
              3,
              13
            ],
            "id": 174492304
          },
          {
            "screen_name": "realDonaldTrump",
            "id_str": "25073877",
            "name": "Donald J. Trump",
            "indices": [
              53,
              69
            ],
            "id": 25073877
          }
        ],
        "symbols": [],
        "hashtags": []
      },
      "in_reply_to_screen_name": null,
      "in_reply_to_user_id_str": null,
      "id_str": "1214753221983506433",
      "in_reply_to_status_id": null,
      "timestamp_ms": "1578454711801",
      "coordinates": null,
      "retweeted": false,
      "filter_level": "low",
      "truncated": false,
      "favorite_count": 0,
      "place": null,
      "in_reply_to_status_id_str": null,
      "created_at": "Wed Jan 08 03:38:31 +0000 2020"
    }
  ]
}