{
  "request_date": "2020-01-07-22:45:01",
  "data": [
    {
      "reply_count": 0,
      "contributors": null,
      "user": {
        "verified": false,
        "profile_image_url": "http://pbs.twimg.com/profile_images/1178875433854672898/GlBWa-nq_normal.jpg",
        "follow_request_sent": null,
        "profile_use_background_image": true,
        "profile_link_color": "1DA1F2",
        "profile_background_tile": false,
        "profile_image_url_https": "https://pbs.twimg.com/profile_images/1178875433854672898/GlBWa-nq_normal.jpg",
        "profile_background_color": "C0DEED",
        "utc_offset": null,
        "name": "Mark",
        "geo_enabled": false,
        "url": null,
        "id": 521755123,
        "lang": null,
        "contributors_enabled": false,
        "followers_count": 19,
        "friends_count": 16,
        "profile_sidebar_border_color": "C0DEED",
        "following": null,
        "default_profile": true,
        "statuses_count": 1183,
        "description": "Historical Researcher, Archivist & Collector",
        "screen_name": "rubystar22",
        "id_str": "521755123",
        "protected": false,
        "is_translator": false,
        "location": "Long Island, New York",
        "default_profile_image": false,
        "profile_background_image_url_https": "https://abs.twimg.com/images/themes/theme1/bg.png",
        "notifications": null,
        "profile_sidebar_fill_color": "DDEEF6",
        "profile_background_image_url": "http://abs.twimg.com/images/themes/theme1/bg.png",
        "favourites_count": 627,
        "translator_type": "none",
        "created_at": "Sun Mar 11 22:58:20 +0000 2012",
        "time_zone": null,
        "listed_count": 1,
        "profile_text_color": "333333"
      },
      "favorited": false,
      "source": "<a href=\"http://twitter.com/download/iphone\" rel=\"nofollow\">Twitter for iPhone</a>",
      "retweet_count": 0,
      "text": "RT @SpeakerPelosi: Closely monitoring the situation following bombings targeting U.S. troops in Iraq. We must ensure the safety of our serv…",
      "id": 1214754836232777729,
      "in_reply_to_user_id": null,
      "lang": "en",
      "retweeted_status": {
        "reply_count": 19956,
        "contributors": null,
        "user": {
          "verified": true,
          "profile_image_url": "http://pbs.twimg.com/profile_images/1114294290375688193/P9mcJNGb_normal.png",
          "follow_request_sent": null,
          "profile_use_background_image": true,
          "profile_link_color": "4B12E6",
          "profile_background_tile": false,
          "profile_image_url_https": "https://pbs.twimg.com/profile_images/1114294290375688193/P9mcJNGb_normal.png",
          "profile_background_color": "385BA3",
          "utc_offset": null,
          "name": "Nancy Pelosi",
          "geo_enabled": true,
          "url": "https://www.speaker.gov/",
          "profile_banner_url": "https://pbs.twimg.com/profile_banners/15764644/1572273026",
          "id": 15764644,
          "lang": null,
          "contributors_enabled": false,
          "followers_count": 3656135,
          "friends_count": 362,
          "profile_sidebar_border_color": "FFFFFF",
          "following": null,
          "default_profile": false,
          "statuses_count": 9794,
          "description": "Speaker of the House, focused on strengthening America's middle class and creating jobs; mother, grandmother, dark chocolate connoisseur.",
          "screen_name": "SpeakerPelosi",
          "id_str": "15764644",
          "protected": false,
          "is_translator": false,
          "location": "San Francisco",
          "default_profile_image": false,
          "profile_background_image_url_https": "https://abs.twimg.com/images/themes/theme1/bg.png",
          "notifications": null,
          "profile_sidebar_fill_color": "FCFCFC",
          "profile_background_image_url": "http://abs.twimg.com/images/themes/theme1/bg.png",
          "favourites_count": 10,
          "translator_type": "none",
          "created_at": "Thu Aug 07 15:35:02 +0000 2008",
          "time_zone": null,
          "listed_count": 17701,
          "profile_text_color": "333333"
        },
        "favorited": false,
        "source": "<a href=\"https://sproutsocial.com\" rel=\"nofollow\">Sprout Social</a>",
        "retweet_count": 13912,
        "text": "Closely monitoring the situation following bombings targeting U.S. troops in Iraq. We must ensure the safety of our… https://t.co/HxJfDPTvX1",
        "id": 1214706118494212104,
        "in_reply_to_user_id": null,
        "lang": "en",
        "is_quote_status": false,
        "quote_count": 3260,
        "geo": null,
        "entities": {
          "urls": [
            {
              "url": "https://t.co/HxJfDPTvX1",
              "display_url": "twitter.com/i/web/status/1…",
              "expanded_url": "https://twitter.com/i/web/status/1214706118494212104",
              "indices": [
                117,
                140
              ]
            }
          ],
          "user_mentions": [],
          "symbols": [],
          "hashtags": []
        },
        "in_reply_to_screen_name": null,
        "extended_tweet": {
          "entities": {
            "urls": [],
            "user_mentions": [],
            "symbols": [],
            "hashtags": []
          },
          "full_text": "Closely monitoring the situation following bombings targeting U.S. troops in Iraq. We must ensure the safety of our servicemembers, including ending needless provocations from the Administration and demanding that Iran cease its violence. America &amp; world cannot afford war.",
          "display_text_range": [
            0,
            277
          ]
        },
        "in_reply_to_user_id_str": null,
        "id_str": "1214706118494212104",
        "in_reply_to_status_id": null,
        "coordinates": null,
        "retweeted": false,
        "filter_level": "low",
        "truncated": true,
        "favorite_count": 61315,
        "place": null,
        "in_reply_to_status_id_str": null,
        "created_at": "Wed Jan 08 00:31:21 +0000 2020"
      },
      "quote_count": 0,
      "is_quote_status": false,
      "geo": null,
      "entities": {
        "urls": [],
        "user_mentions": [
          {
            "screen_name": "SpeakerPelosi",
            "id_str": "15764644",
            "name": "Nancy Pelosi",
            "indices": [
              3,
              17
            ],
            "id": 15764644
          }
        ],
        "symbols": [],
        "hashtags": []
      },
      "in_reply_to_screen_name": null,
      "in_reply_to_user_id_str": null,
      "id_str": "1214754836232777729",
      "in_reply_to_status_id": null,
      "timestamp_ms": "1578455096668",
      "coordinates": null,
      "retweeted": false,
      "filter_level": "low",
      "truncated": false,
      "favorite_count": 0,
      "place": null,
      "in_reply_to_status_id_str": null,
      "created_at": "Wed Jan 08 03:44:56 +0000 2020"
    },
    {
      "reply_count": 0,
      "contributors": null,
      "user": {
        "verified": false,
        "profile_image_url": "http://pbs.twimg.com/profile_images/1172913842159931392/vRAgeL8E_normal.jpg",
        "follow_request_sent": null,
        "profile_use_background_image": true,
        "profile_link_color": "1DA1F2",
        "profile_background_tile": false,
        "profile_image_url_https": "https://pbs.twimg.com/profile_images/1172913842159931392/vRAgeL8E_normal.jpg",
        "profile_background_color": "C0DEED",
        "utc_offset": null,
        "name": "LittleMac AKA “Grasshopper” 🎚🇺🇸🇨🇦",
        "geo_enabled": false,
        "url": null,
        "profile_banner_url": "https://pbs.twimg.com/profile_banners/328731996/1568479854",
        "id": 328731996,
        "lang": null,
        "contributors_enabled": false,
        "followers_count": 11601,
        "friends_count": 12573,
        "profile_sidebar_border_color": "C0DEED",
        "following": null,
        "default_profile": true,
        "statuses_count": 72973,
        "description": "❌ #MAGA #KAG #PATRIOT. The Mentally INSANE are running the WORLD and are trying to manipulate humanity into normalizing their insanity. Don’t fall for it!!",
        "screen_name": "DannaB1",
        "id_str": "328731996",
        "protected": false,
        "is_translator": false,
        "location": null,
        "default_profile_image": false,
        "profile_background_image_url_https": "https://abs.twimg.com/images/themes/theme1/bg.png",
        "notifications": null,
        "profile_sidebar_fill_color": "DDEEF6",
        "profile_background_image_url": "http://abs.twimg.com/images/themes/theme1/bg.png",
        "favourites_count": 39746,
        "translator_type": "none",
        "created_at": "Sun Jul 03 22:53:20 +0000 2011",
        "time_zone": null,
        "listed_count": 48,
        "profile_text_color": "333333"
      },
      "favorited": false,
      "source": "<a href=\"http://twitter.com/download/iphone\" rel=\"nofollow\">Twitter for iPhone</a>",
      "retweet_count": 0,
      "text": "RT @HyltonRobin: WOW! 😡⁦@SpeakerPelosi⁩ Is Partying at Danny Meyer's Maialino Mare Restaurant as Iran Bombs US Troops in Iraq\n\nUNBELIEVABLE…",
      "id": 1214754836295479297,
      "in_reply_to_user_id": null,
      "lang": "en",
      "retweeted_status": {
        "reply_count": 58,
        "contributors": null,
        "user": {
          "verified": false,
          "profile_image_url": "http://pbs.twimg.com/profile_images/1210454815752540160/-QYCCtKa_normal.jpg",
          "follow_request_sent": null,
          "profile_use_background_image": true,
          "profile_link_color": "1DA1F2",
          "profile_background_tile": false,
          "profile_image_url_https": "https://pbs.twimg.com/profile_images/1210454815752540160/-QYCCtKa_normal.jpg",
          "profile_background_color": "C0DEED",
          "utc_offset": null,
          "name": "Robin 🇺🇸🌟🌟🌟TEXT TRUMP to 88022",
          "geo_enabled": true,
          "url": null,
          "profile_banner_url": "https://pbs.twimg.com/profile_banners/3192962633/1531418651",
          "id": 3192962633,
          "lang": null,
          "contributors_enabled": false,
          "followers_count": 38717,
          "friends_count": 19960,
          "profile_sidebar_border_color": "C0DEED",
          "following": null,
          "default_profile": true,
          "statuses_count": 299726,
          "description": "#ScottBaiosArmy Christian ✝️ Veterans 🇺🇸 ProLife MAGA KAG @ChuckCallesto @ScottBaio @OliverMcGee @GenFlynn @AntonioSabatoJr",
          "screen_name": "HyltonRobin",
          "id_str": "3192962633",
          "protected": false,
          "is_translator": false,
          "location": "United States",
          "default_profile_image": false,
          "profile_background_image_url_https": "https://abs.twimg.com/images/themes/theme1/bg.png",
          "notifications": null,
          "profile_sidebar_fill_color": "DDEEF6",
          "profile_background_image_url": "http://abs.twimg.com/images/themes/theme1/bg.png",
          "favourites_count": 284222,
          "translator_type": "none",
          "created_at": "Wed Apr 22 00:57:49 +0000 2015",
          "time_zone": null,
          "listed_count": 23,
          "profile_text_color": "333333"
        },
        "favorited": false,
        "source": "<a href=\"http://twitter.com/download/iphone\" rel=\"nofollow\">Twitter for iPhone</a>",
        "retweet_count": 423,
        "text": "WOW! 😡⁦@SpeakerPelosi⁩ Is Partying at Danny Meyer's Maialino Mare Restaurant as Iran Bombs US Troops in Iraq\n\nUNBEL… https://t.co/FFgR7VT4L1",
        "id": 1214725291924508674,
        "in_reply_to_user_id": null,
        "lang": "en",
        "is_quote_status": false,
        "quote_count": 39,
        "geo": null,
        "entities": {
          "urls": [
            {
              "url": "https://t.co/FFgR7VT4L1",
              "display_url": "twitter.com/i/web/status/1…",
              "expanded_url": "https://twitter.com/i/web/status/1214725291924508674",
              "indices": [
                117,
                140
              ]
            }
          ],
          "user_mentions": [
            {
              "screen_name": "SpeakerPelosi",
              "id_str": "15764644",
              "name": "Nancy Pelosi",
              "indices": [
                7,
                21
              ],
              "id": 15764644
            }
          ],
          "symbols": [],
          "hashtags": []
        },
        "in_reply_to_screen_name": null,
        "possibly_sensitive": false,
        "extended_tweet": {
          "entities": {
            "urls": [
              {
                "url": "https://t.co/dvSWjr95pY",
                "display_url": "thegatewaypundit.com/2020/01/wow-pe…",
                "expanded_url": "https://www.thegatewaypundit.com/2020/01/wow-pelosi-is-partying-at-danny-meyers-maialino-mare-restaurant-as-iran-bombs-us-troops-in-iraq/",
                "indices": [
                  125,
                  148
                ]
              }
            ],
            "user_mentions": [
              {
                "screen_name": "SpeakerPelosi",
                "id_str": "15764644",
                "name": "Nancy Pelosi",
                "indices": [
                  7,
                  21
                ],
                "id": 15764644
              }
            ],
            "symbols": [],
            "hashtags": []
          },
          "full_text": "WOW! 😡⁦@SpeakerPelosi⁩ Is Partying at Danny Meyer's Maialino Mare Restaurant as Iran Bombs US Troops in Iraq\n\nUNBELIEVABLE 😡 https://t.co/dvSWjr95pY",
          "display_text_range": [
            0,
            148
          ]
        },
        "in_reply_to_user_id_str": null,
        "id_str": "1214725291924508674",
        "in_reply_to_status_id": null,
        "coordinates": null,
        "retweeted": false,
        "filter_level": "low",
        "truncated": true,
        "favorite_count": 330,
        "place": null,
        "in_reply_to_status_id_str": null,
        "created_at": "Wed Jan 08 01:47:32 +0000 2020"
      },
      "quote_count": 0,
      "is_quote_status": false,
      "geo": null,
      "entities": {
        "urls": [],
        "user_mentions": [
          {
            "screen_name": "HyltonRobin",
            "id_str": "3192962633",
            "name": "Robin 🇺🇸🌟🌟🌟TEXT TRUMP to 88022",
            "indices": [
              3,
              15
            ],
            "id": 3192962633
          },
          {
            "screen_name": "SpeakerPelosi",
            "id_str": "15764644",
            "name": "Nancy Pelosi",
            "indices": [
              24,
              38
            ],
            "id": 15764644
          }
        ],
        "symbols": [],
        "hashtags": []
      },
      "in_reply_to_screen_name": null,
      "in_reply_to_user_id_str": null,
      "id_str": "1214754836295479297",
      "in_reply_to_status_id": null,
      "timestamp_ms": "1578455096683",
      "coordinates": null,
      "retweeted": false,
      "filter_level": "low",
      "truncated": false,
      "favorite_count": 0,
      "place": null,
      "in_reply_to_status_id_str": null,
      "created_at": "Wed Jan 08 03:44:56 +0000 2020"
    },
    {
      "truncated": false,
      "contributors": null,
      "quoted_status_permalink": {
        "expanded": "https://twitter.com/justbestials/status/1214234133066665985",
        "url": "https://t.co/MX4wRccWg2",
        "display": "twitter.com/justbestials/s…"
      },
      "favorited": false,
      "source": "<a href=\"http://twitter.com/download/iphone\" rel=\"nofollow\">Twitter for iPhone</a>",
      "retweet_count": 0,
      "text": "RT @hernandezzmaday: BRO I HATE NOT BEING ABLE TO DO SHIT. FUCK BEING POOR. FUCK EVERYONE WHO CAN DO SOMETHING AND WONT.",
      "id": 1214754836161282048,
      "in_reply_to_user_id": null,
      "lang": "en",
      "retweeted_status": {
        "truncated": false,
        "contributors": null,
        "quoted_status_permalink": {
          "expanded": "https://twitter.com/justbestials/status/1214234133066665985",
          "url": "https://t.co/MX4wRccWg2",
          "display": "twitter.com/justbestials/s…"
        },
        "favorited": false,
        "source": "<a href=\"http://twitter.com/download/iphone\" rel=\"nofollow\">Twitter for iPhone</a>",
        "retweet_count": 89490,
        "text": "BRO I HATE NOT BEING ABLE TO DO SHIT. FUCK BEING POOR. FUCK EVERYONE WHO CAN DO SOMETHING AND WONT.",
        "id": 1214274100446797824,
        "in_reply_to_user_id": null,
        "lang": "en",
        "is_quote_status": true,
        "quote_count": 750,
        "in_reply_to_status_id_str": null,
        "entities": {
          "urls": [],
          "user_mentions": [],
          "symbols": [],
          "hashtags": []
        },
        "in_reply_to_screen_name": null,
        "in_reply_to_user_id_str": null,
        "id_str": "1214274100446797824",
        "in_reply_to_status_id": null,
        "quoted_status_id": 1214234133066665985,
        "coordinates": null,
        "geo": null,
        "filter_level": "low",
        "quoted_status": {
          "reply_count": 244,
          "favorite_count": 94740,
          "user": {
            "verified": false,
            "profile_image_url": "http://pbs.twimg.com/profile_images/1190840218590601216/nn5VdKHc_normal.jpg",
            "follow_request_sent": null,
            "profile_use_background_image": false,
            "profile_link_color": "ABB8C2",
            "profile_background_tile": false,
            "profile_image_url_https": "https://pbs.twimg.com/profile_images/1190840218590601216/nn5VdKHc_normal.jpg",
            "profile_background_color": "000000",
            "utc_offset": null,
            "name": "🐾",
            "geo_enabled": true,
            "url": null,
            "profile_banner_url": "https://pbs.twimg.com/profile_banners/768576394427236352/1572753424",
            "id": 768576394427236352,
            "lang": null,
            "contributors_enabled": false,
            "followers_count": 85155,
            "friends_count": 0,
            "profile_sidebar_border_color": "000000",
            "following": null,
            "default_profile": false,
            "statuses_count": 175,
            "description": "𝐹𝑜𝑙𝑙𝑜𝑤 𝑓𝑜𝑟 𝓬𝓾𝓽𝓮𝓼𝓽 𝑡𝑤𝑒𝑒𝑡𝑠.",
            "screen_name": "Justbestials",
            "id_str": "768576394427236352",
            "protected": false,
            "is_translator": false,
            "location": "content is not mine",
            "default_profile_image": false,
            "profile_background_image_url_https": "https://abs.twimg.com/images/themes/theme1/bg.png",
            "notifications": null,
            "profile_sidebar_fill_color": "000000",
            "profile_background_image_url": "http://abs.twimg.com/images/themes/theme1/bg.png",
            "favourites_count": 294,
            "translator_type": "none",
            "created_at": "Wed Aug 24 22:31:06 +0000 2016",
            "time_zone": null,
            "listed_count": 286,
            "profile_text_color": "000000"
          },
          "favorited": false,
          "source": "<a href=\"http://twitter.com/download/iphone\" rel=\"nofollow\">Twitter for iPhone</a>",
          "retweet_count": 30263,
          "text": "Firefighter helping a thirsty koala during these tragic bushfires in Australia 🙏🏻https://t.co/oMz7LXmtZ8",
          "id": 1214234133066665985,
          "in_reply_to_user_id": null,
          "lang": "en",
          "is_quote_status": false,
          "quote_count": 3420,
          "geo": null,
          "entities": {
            "urls": [],
            "user_mentions": [],
            "media": [
              {
                "source_user_id_str": "1178401635938324480",
                "id_str": "1214233171287564291",
                "media_url_https": "https://pbs.twimg.com/ext_tw_video_thumb/1214233171287564291/pu/img/lfD8nGlwAbTbVeHs.jpg",
                "source_status_id_str": "1214233219190669313",
                "source_user_id": 1178401635938324480,
                "expanded_url": "https://twitter.com/bestialsvids/status/1214233219190669313/video/1",
                "url": "https://t.co/oMz7LXmtZ8",
                "display_url": "pic.twitter.com/oMz7LXmtZ8",
                "source_status_id": 1214233219190669313,
                "id": 1214233171287564291,
                "additional_media_info": {
                  "monetizable": false
                },
                "media_url": "http://pbs.twimg.com/ext_tw_video_thumb/1214233171287564291/pu/img/lfD8nGlwAbTbVeHs.jpg",
                "indices": [
                  81,
                  104
                ],
                "type": "photo",
                "sizes": {
                  "medium": {
                    "h": 800,
                    "w": 640,
                    "resize": "fit"
                  },
                  "thumb": {
                    "h": 150,
                    "w": 150,
                    "resize": "crop"
                  },
                  "large": {
                    "h": 800,
                    "w": 640,
                    "resize": "fit"
                  },
                  "small": {
                    "h": 680,
                    "w": 544,
                    "resize": "fit"
                  }
                }
              }
            ],
            "symbols": [],
            "hashtags": []
          },
          "in_reply_to_screen_name": null,
          "possibly_sensitive": false,
          "in_reply_to_user_id_str": null,
          "id_str": "1214234133066665985",
          "in_reply_to_status_id": null,
          "coordinates": null,
          "retweeted": false,
          "filter_level": "low",
          "truncated": false,
          "place": null,
          "extended_entities": {
            "media": [
              {
                "source_user_id_str": "1178401635938324480",
                "id_str": "1214233171287564291",
                "media_url_https": "https://pbs.twimg.com/ext_tw_video_thumb/1214233171287564291/pu/img/lfD8nGlwAbTbVeHs.jpg",
                "source_status_id_str": "1214233219190669313",
                "source_user_id": 1178401635938324480,
                "expanded_url": "https://twitter.com/bestialsvids/status/1214233219190669313/video/1",
                "video_info": {
                  "duration_millis": 11767,
                  "variants": [
                    {
                      "bitrate": 832000,
                      "url": "https://video.twimg.com/ext_tw_video/1214233171287564291/pu/vid/360x450/G37o2zkL3M8pCMBG.mp4?tag=10",
                      "content_type": "video/mp4"
                    },
                    {
                      "bitrate": 2176000,
                      "url": "https://video.twimg.com/ext_tw_video/1214233171287564291/pu/vid/640x800/phZRUwWy13n2xkfw.mp4?tag=10",
                      "content_type": "video/mp4"
                    },
                    {
                      "bitrate": 632000,
                      "url": "https://video.twimg.com/ext_tw_video/1214233171287564291/pu/vid/320x400/O78vyIHU8Y13ysFj.mp4?tag=10",
                      "content_type": "video/mp4"
                    },
                    {
                      "url": "https://video.twimg.com/ext_tw_video/1214233171287564291/pu/pl/VjGkYnJGZyTZ9wmv.m3u8?tag=10",
                      "content_type": "application/x-mpegURL"
                    }
                  ],
                  "aspect_ratio": [
                    4,
                    5
                  ]
                },
                "url": "https://t.co/oMz7LXmtZ8",
                "display_url": "pic.twitter.com/oMz7LXmtZ8",
                "source_status_id": 1214233219190669313,
                "id": 1214233171287564291,
                "additional_media_info": {
                  "monetizable": false
                },
                "media_url": "http://pbs.twimg.com/ext_tw_video_thumb/1214233171287564291/pu/img/lfD8nGlwAbTbVeHs.jpg",
                "indices": [
                  81,
                  104
                ],
                "type": "video",
                "sizes": {
                  "medium": {
                    "h": 800,
                    "w": 640,
                    "resize": "fit"
                  },
                  "thumb": {
                    "h": 150,
                    "w": 150,
                    "resize": "crop"
                  },
                  "large": {
                    "h": 800,
                    "w": 640,
                    "resize": "fit"
                  },
                  "small": {
                    "h": 680,
                    "w": 544,
                    "resize": "fit"
                  }
                }
              }
            ]
          },
          "in_reply_to_status_id_str": null,
          "created_at": "Mon Jan 06 17:15:51 +0000 2020",
          "contributors": null
        },
        "favorite_count": 220375,
        "place": null,
        "quoted_status_id_str": "1214234133066665985",
        "created_at": "Mon Jan 06 19:54:40 +0000 2020",
        "retweeted": false,
        "user": {
          "verified": false,
          "profile_image_url": "http://pbs.twimg.com/profile_images/1214662563415445507/EU45dUGi_normal.jpg",
          "follow_request_sent": null,
          "profile_use_background_image": true,
          "profile_link_color": "1DA1F2",
          "profile_background_tile": false,
          "profile_image_url_https": "https://pbs.twimg.com/profile_images/1214662563415445507/EU45dUGi_normal.jpg",
          "profile_background_color": "F5F8FA",
          "utc_offset": null,
          "name": "𝕔𝕣𝕒𝕫𝕪 𝕔𝕒𝕥 𝕝𝕒𝕕𝕪",
          "geo_enabled": true,
          "url": "http://www.instagram.com/_muhdie",
          "profile_banner_url": "https://pbs.twimg.com/profile_banners/703602811867701249/1578276796",
          "id": 703602811867701249,
          "lang": null,
          "contributors_enabled": false,
          "followers_count": 1987,
          "friends_count": 344,
          "profile_sidebar_border_color": "C0DEED",
          "following": null,
          "default_profile": true,
          "statuses_count": 36195,
          "description": "ALL of this months and next months earnings on my only fans will go straight to a fund for Australia! HELP ME HELP THEM 🐨🦘♥️",
          "screen_name": "hernandezzmaday",
          "id_str": "703602811867701249",
          "protected": false,
          "is_translator": false,
          "location": "Miami, FL",
          "default_profile_image": false,
          "profile_background_image_url_https": "",
          "notifications": null,
          "profile_sidebar_fill_color": "DDEEF6",
          "profile_background_image_url": "",
          "favourites_count": 53824,
          "translator_type": "none",
          "created_at": "Sat Feb 27 15:29:17 +0000 2016",
          "time_zone": null,
          "listed_count": 21,
          "profile_text_color": "333333"
        },
        "reply_count": 161
      },
      "quote_count": 0,
      "is_quote_status": true,
      "in_reply_to_status_id_str": null,
      "entities": {
        "urls": [],
        "user_mentions": [
          {
            "screen_name": "hernandezzmaday",
            "id_str": "703602811867701249",
            "name": "𝕔𝕣𝕒𝕫𝕪 𝕔𝕒𝕥 𝕝𝕒𝕕𝕪",
            "indices": [
              3,
              19
            ],
            "id": 703602811867701249
          }
        ],
        "symbols": [],
        "hashtags": []
      },
      "in_reply_to_screen_name": null,
      "in_reply_to_user_id_str": null,
      "id_str": "1214754836161282048",
      "in_reply_to_status_id": null,
      "quoted_status_id": 1214234133066665985,
      "timestamp_ms": "1578455096651",
      "coordinates": null,
      "geo": null,
      "filter_level": "low",
      "quoted_status": {
        "reply_count": 244,
        "favorite_count": 94740,
        "user": {
          "verified": false,
          "profile_image_url": "http://pbs.twimg.com/profile_images/1190840218590601216/nn5VdKHc_normal.jpg",
          "follow_request_sent": null,
          "profile_use_background_image": false,
          "profile_link_color": "ABB8C2",
          "profile_background_tile": false,
          "profile_image_url_https": "https://pbs.twimg.com/profile_images/1190840218590601216/nn5VdKHc_normal.jpg",
          "profile_background_color": "000000",
          "utc_offset": null,
          "name": "🐾",
          "geo_enabled": true,
          "url": null,
          "profile_banner_url": "https://pbs.twimg.com/profile_banners/768576394427236352/1572753424",
          "id": 768576394427236352,
          "lang": null,
          "contributors_enabled": false,
          "followers_count": 85155,
          "friends_count": 0,
          "profile_sidebar_border_color": "000000",
          "following": null,
          "default_profile": false,
          "statuses_count": 175,
          "description": "𝐹𝑜𝑙𝑙𝑜𝑤 𝑓𝑜𝑟 𝓬𝓾𝓽𝓮𝓼𝓽 𝑡𝑤𝑒𝑒𝑡𝑠.",
          "screen_name": "Justbestials",
          "id_str": "768576394427236352",
          "protected": false,
          "is_translator": false,
          "location": "content is not mine",
          "default_profile_image": false,
          "profile_background_image_url_https": "https://abs.twimg.com/images/themes/theme1/bg.png",
          "notifications": null,
          "profile_sidebar_fill_color": "000000",
          "profile_background_image_url": "http://abs.twimg.com/images/themes/theme1/bg.png",
          "favourites_count": 294,
          "translator_type": "none",
          "created_at": "Wed Aug 24 22:31:06 +0000 2016",
          "time_zone": null,
          "listed_count": 286,
          "profile_text_color": "000000"
        },
        "favorited": false,
        "source": "<a href=\"http://twitter.com/download/iphone\" rel=\"nofollow\">Twitter for iPhone</a>",
        "retweet_count": 30263,
        "text": "Firefighter helping a thirsty koala during these tragic bushfires in Australia 🙏🏻https://t.co/oMz7LXmtZ8",
        "id": 1214234133066665985,
        "in_reply_to_user_id": null,
        "lang": "en",
        "is_quote_status": false,
        "quote_count": 3420,
        "geo": null,
        "entities": {
          "urls": [],
          "user_mentions": [],
          "media": [
            {
              "source_user_id_str": "1178401635938324480",
              "id_str": "1214233171287564291",
              "media_url_https": "https://pbs.twimg.com/ext_tw_video_thumb/1214233171287564291/pu/img/lfD8nGlwAbTbVeHs.jpg",
              "source_status_id_str": "1214233219190669313",
              "source_user_id": 1178401635938324480,
              "expanded_url": "https://twitter.com/bestialsvids/status/1214233219190669313/video/1",
              "url": "https://t.co/oMz7LXmtZ8",
              "display_url": "pic.twitter.com/oMz7LXmtZ8",
              "source_status_id": 1214233219190669313,
              "id": 1214233171287564291,
              "additional_media_info": {
                "monetizable": false
              },
              "media_url": "http://pbs.twimg.com/ext_tw_video_thumb/1214233171287564291/pu/img/lfD8nGlwAbTbVeHs.jpg",
              "indices": [
                81,
                104
              ],
              "type": "photo",
              "sizes": {
                "medium": {
                  "h": 800,
                  "w": 640,
                  "resize": "fit"
                },
                "thumb": {
                  "h": 150,
                  "w": 150,
                  "resize": "crop"
                },
                "large": {
                  "h": 800,
                  "w": 640,
                  "resize": "fit"
                },
                "small": {
                  "h": 680,
                  "w": 544,
                  "resize": "fit"
                }
              }
            }
          ],
          "symbols": [],
          "hashtags": []
        },
        "in_reply_to_screen_name": null,
        "possibly_sensitive": false,
        "in_reply_to_user_id_str": null,
        "id_str": "1214234133066665985",
        "in_reply_to_status_id": null,
        "coordinates": null,
        "retweeted": false,
        "filter_level": "low",
        "truncated": false,
        "place": null,
        "extended_entities": {
          "media": [
            {
              "source_user_id_str": "1178401635938324480",
              "id_str": "1214233171287564291",
              "media_url_https": "https://pbs.twimg.com/ext_tw_video_thumb/1214233171287564291/pu/img/lfD8nGlwAbTbVeHs.jpg",
              "source_status_id_str": "1214233219190669313",
              "source_user_id": 1178401635938324480,
              "expanded_url": "https://twitter.com/bestialsvids/status/1214233219190669313/video/1",
              "video_info": {
                "duration_millis": 11767,
                "variants": [
                  {
                    "bitrate": 832000,
                    "url": "https://video.twimg.com/ext_tw_video/1214233171287564291/pu/vid/360x450/G37o2zkL3M8pCMBG.mp4?tag=10",
                    "content_type": "video/mp4"
                  },
                  {
                    "bitrate": 2176000,
                    "url": "https://video.twimg.com/ext_tw_video/1214233171287564291/pu/vid/640x800/phZRUwWy13n2xkfw.mp4?tag=10",
                    "content_type": "video/mp4"
                  },
                  {
                    "bitrate": 632000,
                    "url": "https://video.twimg.com/ext_tw_video/1214233171287564291/pu/vid/320x400/O78vyIHU8Y13ysFj.mp4?tag=10",
                    "content_type": "video/mp4"
                  },
                  {
                    "url": "https://video.twimg.com/ext_tw_video/1214233171287564291/pu/pl/VjGkYnJGZyTZ9wmv.m3u8?tag=10",
                    "content_type": "application/x-mpegURL"
                  }
                ],
                "aspect_ratio": [
                  4,
                  5
                ]
              },
              "url": "https://t.co/oMz7LXmtZ8",
              "display_url": "pic.twitter.com/oMz7LXmtZ8",
              "source_status_id": 1214233219190669313,
              "id": 1214233171287564291,
              "additional_media_info": {
                "monetizable": false
              },
              "media_url": "http://pbs.twimg.com/ext_tw_video_thumb/1214233171287564291/pu/img/lfD8nGlwAbTbVeHs.jpg",
              "indices": [
                81,
                104
              ],
              "type": "video",
              "sizes": {
                "medium": {
                  "h": 800,
                  "w": 640,
                  "resize": "fit"
                },
                "thumb": {
                  "h": 150,
                  "w": 150,
                  "resize": "crop"
                },
                "large": {
                  "h": 800,
                  "w": 640,
                  "resize": "fit"
                },
                "small": {
                  "h": 680,
                  "w": 544,
                  "resize": "fit"
                }
              }
            }
          ]
        },
        "in_reply_to_status_id_str": null,
        "created_at": "Mon Jan 06 17:15:51 +0000 2020",
        "contributors": null
      },
      "favorite_count": 0,
      "place": null,
      "quoted_status_id_str": "1214234133066665985",
      "created_at": "Wed Jan 08 03:44:56 +0000 2020",
      "retweeted": false,
      "user": {
        "verified": false,
        "profile_image_url": "http://pbs.twimg.com/profile_images/1131343582210564097/tTlnjVJG_normal.jpg",
        "follow_request_sent": null,
        "profile_use_background_image": true,
        "profile_link_color": "1DA1F2",
        "profile_background_tile": false,
        "profile_image_url_https": "https://pbs.twimg.com/profile_images/1131343582210564097/tTlnjVJG_normal.jpg",
        "profile_background_color": "F5F8FA",
        "utc_offset": null,
        "name": "CHRI2 👑",
        "geo_enabled": false,
        "url": null,
        "profile_banner_url": "https://pbs.twimg.com/profile_banners/877925525376729088/1570506123",
        "id": 877925525376729088,
        "lang": null,
        "contributors_enabled": false,
        "followers_count": 91,
        "friends_count": 495,
        "profile_sidebar_border_color": "C0DEED",
        "following": null,
        "default_profile": true,
        "statuses_count": 7310,
        "description": "Wake up hard, stay hard all day",
        "screen_name": "CMorales23_",
        "id_str": "877925525376729088",
        "protected": false,
        "is_translator": false,
        "location": "Los Angeles, CA",
        "default_profile_image": false,
        "profile_background_image_url_https": "",
        "notifications": null,
        "profile_sidebar_fill_color": "DDEEF6",
        "profile_background_image_url": "",
        "favourites_count": 17093,
        "translator_type": "none",
        "created_at": "Thu Jun 22 16:25:31 +0000 2017",
        "time_zone": null,
        "listed_count": 0,
        "profile_text_color": "333333"
      },
      "reply_count": 0
    },
    {
      "truncated": false,
      "contributors": null,
      "user": {
        "verified": false,
        "profile_image_url": "http://pbs.twimg.com/profile_images/1205660746035728385/iF6Af9j9_normal.jpg",
        "follow_request_sent": null,
        "profile_use_background_image": true,
        "profile_link_color": "1DA1F2",
        "profile_background_tile": false,
        "profile_image_url_https": "https://pbs.twimg.com/profile_images/1205660746035728385/iF6Af9j9_normal.jpg",
        "profile_background_color": "F5F8FA",
        "utc_offset": null,
        "name": "Daxton",
        "geo_enabled": false,
        "url": null,
        "profile_banner_url": "https://pbs.twimg.com/profile_banners/767521962197483520/1576286898",
        "id": 767521962197483520,
        "lang": null,
        "contributors_enabled": false,
        "followers_count": 17,
        "friends_count": 5,
        "profile_sidebar_border_color": "C0DEED",
        "following": null,
        "default_profile": true,
        "statuses_count": 80,
        "description": "-1/4 Mexican -",
        "screen_name": "daxdonaway",
        "id_str": "767521962197483520",
        "protected": false,
        "is_translator": false,
        "location": null,
        "default_profile_image": false,
        "profile_background_image_url_https": "",
        "notifications": null,
        "profile_sidebar_fill_color": "DDEEF6",
        "profile_background_image_url": "",
        "favourites_count": 28,
        "translator_type": "none",
        "created_at": "Mon Aug 22 00:41:10 +0000 2016",
        "time_zone": null,
        "listed_count": 0,
        "profile_text_color": "333333"
      },
      "favorited": false,
      "source": "<a href=\"http://twitter.com/download/iphone\" rel=\"nofollow\">Twitter for iPhone</a>",
      "retweet_count": 0,
      "text": "@EvaSalvagni Funny how you think retaliation for Iran attacking an embassy is “crazy”",
      "id": 1214754836408913921,
      "in_reply_to_user_id": 1001209815325204480,
      "lang": "en",
      "is_quote_status": false,
      "quote_count": 0,
      "geo": null,
      "entities": {
        "urls": [],
        "user_mentions": [
          {
            "screen_name": "EvaSalvagni",
            "id_str": "1001209815325204480",
            "name": "Eva Salvagni🆘",
            "indices": [
              0,
              12
            ],
            "id": 1001209815325204480
          }
        ],
        "symbols": [],
        "hashtags": []
      },
      "in_reply_to_screen_name": "EvaSalvagni",
      "in_reply_to_user_id_str": "1001209815325204480",
      "id_str": "1214754836408913921",
      "in_reply_to_status_id": 1214743340559851521,
      "timestamp_ms": "1578455096710",
      "coordinates": null,
      "display_text_range": [
        13,
        85
      ],
      "filter_level": "low",
      "reply_count": 0,
      "favorite_count": 0,
      "place": null,
      "in_reply_to_status_id_str": "1214743340559851521",
      "created_at": "Wed Jan 08 03:44:56 +0000 2020",
      "retweeted": false
    },
    {
      "reply_count": 0,
      "contributors": null,
      "user": {
        "verified": false,
        "profile_image_url": "http://pbs.twimg.com/profile_images/1202400030998585344/VGqTso1D_normal.jpg",
        "follow_request_sent": null,
        "profile_use_background_image": true,
        "profile_link_color": "0A0501",
        "profile_background_tile": false,
        "profile_image_url_https": "https://pbs.twimg.com/profile_images/1202400030998585344/VGqTso1D_normal.jpg",
        "profile_background_color": "94D487",
        "utc_offset": null,
        "name": "invicto",
        "geo_enabled": true,
        "url": null,
        "profile_banner_url": "https://pbs.twimg.com/profile_banners/1118401448/1496767655",
        "id": 1118401448,
        "lang": null,
        "contributors_enabled": false,
        "followers_count": 222,
        "friends_count": 175,
        "profile_sidebar_border_color": "FFFFFF",
        "following": null,
        "default_profile": false,
        "statuses_count": 18464,
        "description": "I wanna see another love revolution, find a way to be a better person. 🌱",
        "screen_name": "iamtheusrogerio",
        "id_str": "1118401448",
        "protected": false,
        "is_translator": false,
        "location": "Rio de Janeiro, Brasil",
        "default_profile_image": false,
        "profile_background_image_url_https": "https://abs.twimg.com/images/themes/theme1/bg.png",
        "notifications": null,
        "profile_sidebar_fill_color": "DDEEF6",
        "profile_background_image_url": "http://abs.twimg.com/images/themes/theme1/bg.png",
        "favourites_count": 16461,
        "translator_type": "none",
        "created_at": "Fri Jan 25 04:22:26 +0000 2013",
        "time_zone": null,
        "listed_count": 0,
        "profile_text_color": "333333"
      },
      "favorited": false,
      "source": "<a href=\"http://twitter.com/download/iphone\" rel=\"nofollow\">Twitter for iPhone</a>",
      "retweet_count": 0,
      "text": "RT @faiska22: AMIZADE TÓXICA é quando \n\n• a pessoa te critica na frente dos outros\n• compete com você em tudo \n• nunca te elogia \n• nunca s…",
      "id": 1214754836538970115,
      "in_reply_to_user_id": null,
      "lang": "pt",
      "retweeted_status": {
        "reply_count": 0,
        "contributors": null,
        "user": {
          "verified": false,
          "profile_image_url": "http://pbs.twimg.com/profile_images/1210729869203537920/DAO10yn-_normal.jpg",
          "follow_request_sent": null,
          "profile_use_background_image": true,
          "profile_link_color": "1DA1F2",
          "profile_background_tile": false,
          "profile_image_url_https": "https://pbs.twimg.com/profile_images/1210729869203537920/DAO10yn-_normal.jpg",
          "profile_background_color": "F5F8FA",
          "utc_offset": null,
          "name": "Faiska Alves",
          "geo_enabled": true,
          "url": "https://youtu.be/9tMoq239lBc",
          "profile_banner_url": "https://pbs.twimg.com/profile_banners/809034900192063488/1577509083",
          "id": 809034900192063488,
          "lang": null,
          "contributors_enabled": false,
          "followers_count": 10224,
          "friends_count": 689,
          "profile_sidebar_border_color": "C0DEED",
          "following": null,
          "default_profile": true,
          "statuses_count": 44390,
          "description": "Seja Luz Onde For 🌟 - @os22oficial | Assista #RABISCABISCA🎵 | • @fumassa22 👥 •",
          "screen_name": "faiska22",
          "id_str": "809034900192063488",
          "protected": false,
          "is_translator": false,
          "location": "Cristão † / Solteiro / 18y",
          "default_profile_image": false,
          "profile_background_image_url_https": "",
          "notifications": null,
          "profile_sidebar_fill_color": "DDEEF6",
          "profile_background_image_url": "",
          "favourites_count": 27845,
          "translator_type": "none",
          "created_at": "Wed Dec 14 13:58:46 +0000 2016",
          "time_zone": null,
          "listed_count": 12,
          "profile_text_color": "333333"
        },
        "favorited": false,
        "source": "<a href=\"http://twitter.com/download/iphone\" rel=\"nofollow\">Twitter for iPhone</a>",
        "retweet_count": 102,
        "text": "AMIZADE TÓXICA é quando \n\n• a pessoa te critica na frente dos outros\n• compete com você em tudo \n• nunca te elogia… https://t.co/9osQ1fDEYf",
        "id": 1214724228467085312,
        "in_reply_to_user_id": null,
        "lang": "pt",
        "is_quote_status": false,
        "quote_count": 6,
        "geo": null,
        "entities": {
          "urls": [
            {
              "url": "https://t.co/9osQ1fDEYf",
              "display_url": "twitter.com/i/web/status/1…",
              "expanded_url": "https://twitter.com/i/web/status/1214724228467085312",
              "indices": [
                116,
                139
              ]
            }
          ],
          "user_mentions": [],
          "symbols": [],
          "hashtags": []
        },
        "in_reply_to_screen_name": null,
        "extended_tweet": {
          "entities": {
            "urls": [],
            "user_mentions": [],
            "symbols": [],
            "hashtags": []
          },
          "full_text": "AMIZADE TÓXICA é quando \n\n• a pessoa te critica na frente dos outros\n• compete com você em tudo \n• nunca te elogia \n• nunca senta pra conversar com você \n• sabe seu ponto fraco e usa isso contra vc\n• tem inveja das tuas conquistas\n\nfique o + longe possível de pessoas assim",
          "display_text_range": [
            0,
            273
          ]
        },
        "in_reply_to_user_id_str": null,
        "id_str": "1214724228467085312",
        "in_reply_to_status_id": null,
        "coordinates": null,
        "retweeted": false,
        "filter_level": "low",
        "truncated": true,
        "favorite_count": 174,
        "place": null,
        "in_reply_to_status_id_str": null,
        "created_at": "Wed Jan 08 01:43:19 +0000 2020"
      },
      "quote_count": 0,
      "is_quote_status": false,
      "geo": null,
      "entities": {
        "urls": [],
        "user_mentions": [
          {
            "screen_name": "faiska22",
            "id_str": "809034900192063488",
            "name": "Faiska Alves",
            "indices": [
              3,
              12
            ],
            "id": 809034900192063488
          }
        ],
        "symbols": [],
        "hashtags": []
      },
      "in_reply_to_screen_name": null,
      "in_reply_to_user_id_str": null,
      "id_str": "1214754836538970115",
      "in_reply_to_status_id": null,
      "timestamp_ms": "1578455096741",
      "coordinates": null,
      "retweeted": false,
      "filter_level": "low",
      "truncated": false,
      "favorite_count": 0,
      "place": null,
      "in_reply_to_status_id_str": null,
      "created_at": "Wed Jan 08 03:44:56 +0000 2020"
    },
    {
      "truncated": false,
      "contributors": null,
      "quoted_status_permalink": {
        "expanded": "https://twitter.com/AlertaNews24/status/1214753412669149184",
        "url": "https://t.co/rL9vrlo3Rx",
        "display": "twitter.com/AlertaNews24/s…"
      },
      "favorited": false,
      "source": "<a href=\"http://twitter.com/download/android\" rel=\"nofollow\">Twitter for Android</a>",
      "retweet_count": 0,
      "text": "Ay gonorrea",
      "id": 1214754836387966978,
      "in_reply_to_user_id": null,
      "lang": "en",
      "is_quote_status": true,
      "quote_count": 0,
      "in_reply_to_status_id_str": null,
      "entities": {
        "urls": [],
        "user_mentions": [],
        "symbols": [],
        "hashtags": []
      },
      "in_reply_to_screen_name": null,
      "in_reply_to_user_id_str": null,
      "id_str": "1214754836387966978",
      "in_reply_to_status_id": null,
      "quoted_status_id": 1214753412669149184,
      "timestamp_ms": "1578455096705",
      "coordinates": null,
      "geo": null,
      "filter_level": "low",
      "quoted_status": {
        "reply_count": 34,
        "contributors": null,
        "user": {
          "verified": false,
          "profile_image_url": "http://pbs.twimg.com/profile_images/1880036851/13_Mayo_2011_normal.JPG",
          "follow_request_sent": null,
          "profile_use_background_image": true,
          "profile_link_color": "0084B4",
          "profile_background_tile": false,
          "profile_image_url_https": "https://pbs.twimg.com/profile_images/1880036851/13_Mayo_2011_normal.JPG",
          "profile_background_color": "C0DEED",
          "utc_offset": null,
          "name": "Alerta News 24",
          "geo_enabled": true,
          "url": null,
          "profile_banner_url": "https://pbs.twimg.com/profile_banners/39692424/1578244456",
          "id": 39692424,
          "lang": null,
          "contributors_enabled": false,
          "followers_count": 172100,
          "friends_count": 377,
          "profile_sidebar_border_color": "C0DEED",
          "following": null,
          "default_profile": false,
          "statuses_count": 50541,
          "description": "Alertas desde todas partes del mundo las 24 horas en tiempo real. (Imagen 03/01: 🇺🇸🇮🇷🇮🇶 | TENSIÓN EN MEDIO ORIENTE).",
          "screen_name": "AlertaNews24",
          "id_str": "39692424",
          "protected": false,
          "is_translator": false,
          "location": "Global",
          "default_profile_image": false,
          "profile_background_image_url_https": "https://abs.twimg.com/images/themes/theme1/bg.png",
          "notifications": null,
          "profile_sidebar_fill_color": "DDEEF6",
          "profile_background_image_url": "http://abs.twimg.com/images/themes/theme1/bg.png",
          "favourites_count": 59,
          "translator_type": "none",
          "created_at": "Wed May 13 05:02:36 +0000 2009",
          "time_zone": null,
          "listed_count": 1627,
          "profile_text_color": "333333"
        },
        "favorited": false,
        "source": "<a href=\"http://twitter.com/download/iphone\" rel=\"nofollow\">Twitter for iPhone</a>",
        "retweet_count": 417,
        "text": "🇮🇷 | URGENTE: Un avión de pasajeros de Ukrainian Airlines con 180 personas a bordo se estrelló poco después de desp… https://t.co/B3KMCT35rT",
        "id": 1214753412669149184,
        "in_reply_to_user_id": null,
        "lang": "es",
        "is_quote_status": false,
        "quote_count": 92,
        "geo": null,
        "entities": {
          "urls": [
            {
              "url": "https://t.co/B3KMCT35rT",
              "display_url": "twitter.com/i/web/status/1…",
              "expanded_url": "https://twitter.com/i/web/status/1214753412669149184",
              "indices": [
                117,
                140
              ]
            }
          ],
          "user_mentions": [],
          "symbols": [],
          "hashtags": []
        },
        "in_reply_to_screen_name": null,
        "extended_tweet": {
          "entities": {
            "urls": [],
            "user_mentions": [],
            "symbols": [],
            "hashtags": []
          },
          "full_text": "🇮🇷 | URGENTE: Un avión de pasajeros de Ukrainian Airlines con 180 personas a bordo se estrelló poco después de despegar del aeropuerto Imam Khomeini en la capital iraní de Teherán, debido a problemas técnicos, informó la Agencia Fars.",
          "display_text_range": [
            0,
            234
          ]
        },
        "in_reply_to_user_id_str": null,
        "id_str": "1214753412669149184",
        "in_reply_to_status_id": null,
        "coordinates": null,
        "retweeted": false,
        "filter_level": "low",
        "truncated": true,
        "favorite_count": 364,
        "place": null,
        "in_reply_to_status_id_str": null,
        "created_at": "Wed Jan 08 03:39:17 +0000 2020"
      },
      "favorite_count": 0,
      "place": null,
      "quoted_status_id_str": "1214753412669149184",
      "created_at": "Wed Jan 08 03:44:56 +0000 2020",
      "retweeted": false,
      "user": {
        "verified": false,
        "profile_image_url": "http://pbs.twimg.com/profile_images/1133179930605441027/eYXdhNW3_normal.jpg",
        "follow_request_sent": null,
        "profile_use_background_image": true,
        "profile_link_color": "4A913C",
        "profile_background_tile": true,
        "profile_image_url_https": "https://pbs.twimg.com/profile_images/1133179930605441027/eYXdhNW3_normal.jpg",
        "profile_background_color": "1F1FF2",
        "utc_offset": null,
        "name": "annoying AF",
        "geo_enabled": true,
        "url": null,
        "profile_banner_url": "https://pbs.twimg.com/profile_banners/179716390/1559006123",
        "id": 179716390,
        "lang": null,
        "contributors_enabled": false,
        "followers_count": 164,
        "friends_count": 145,
        "profile_sidebar_border_color": "FFFFFF",
        "following": null,
        "default_profile": false,
        "statuses_count": 18615,
        "description": "Pasemos por una breve descripción del ser perverso que habita por acá. La enfermedad mental, la adicción y las distorsiones sexuales.",
        "screen_name": "nobodycaresbl",
        "id_str": "179716390",
        "protected": false,
        "is_translator": false,
        "location": "Medellín-Colombia",
        "default_profile_image": false,
        "profile_background_image_url_https": "https://abs.twimg.com/images/themes/theme14/bg.gif",
        "notifications": null,
        "profile_sidebar_fill_color": "EFEFEF",
        "profile_background_image_url": "http://abs.twimg.com/images/themes/theme14/bg.gif",
        "favourites_count": 3645,
        "translator_type": "regular",
        "created_at": "Tue Aug 17 23:39:36 +0000 2010",
        "time_zone": null,
        "listed_count": 2,
        "profile_text_color": "333333"
      },
      "reply_count": 0
    },
    {
      "reply_count": 0,
      "contributors": null,
      "user": {
        "verified": false,
        "profile_image_url": "http://pbs.twimg.com/profile_images/1205180911723122689/MarzBcnq_normal.jpg",
        "follow_request_sent": null,
        "profile_use_background_image": true,
        "profile_link_color": "1DA1F2",
        "profile_background_tile": false,
        "profile_image_url_https": "https://pbs.twimg.com/profile_images/1205180911723122689/MarzBcnq_normal.jpg",
        "profile_background_color": "F5F8FA",
        "utc_offset": null,
        "name": "Jose Muzquiz",
        "geo_enabled": false,
        "url": null,
        "id": 1146138951524257798,
        "lang": null,
        "contributors_enabled": false,
        "followers_count": 39,
        "friends_count": 268,
        "profile_sidebar_border_color": "C0DEED",
        "following": null,
        "default_profile": true,
        "statuses_count": 24,
        "description": null,
        "screen_name": "JoseMuzquiz1",
        "id_str": "1146138951524257798",
        "protected": false,
        "is_translator": false,
        "location": null,
        "default_profile_image": false,
        "profile_background_image_url_https": "",
        "notifications": null,
        "profile_sidebar_fill_color": "DDEEF6",
        "profile_background_image_url": "",
        "favourites_count": 133,
        "translator_type": "none",
        "created_at": "Tue Jul 02 19:29:55 +0000 2019",
        "time_zone": null,
        "listed_count": 0,
        "profile_text_color": "333333"
      },
      "favorited": false,
      "source": "<a href=\"http://twitter.com/download/iphone\" rel=\"nofollow\">Twitter for iPhone</a>",
      "retweet_count": 0,
      "text": "RT @realDonaldTrump: All is well! Missiles launched from Iran at two military bases located in Iraq. Assessment of casualties &amp; damages tak…",
      "id": 1214754836446617600,
      "in_reply_to_user_id": null,
      "lang": "en",
      "retweeted_status": {
        "reply_count": 54327,
        "contributors": null,
        "user": {
          "verified": true,
          "profile_image_url": "http://pbs.twimg.com/profile_images/874276197357596672/kUuht00m_normal.jpg",
          "follow_request_sent": null,
          "profile_use_background_image": true,
          "profile_link_color": "1B95E0",
          "profile_background_tile": true,
          "profile_image_url_https": "https://pbs.twimg.com/profile_images/874276197357596672/kUuht00m_normal.jpg",
          "profile_background_color": "6D5C18",
          "utc_offset": null,
          "name": "Donald J. Trump",
          "geo_enabled": true,
          "url": "http://www.Instagram.com/realDonaldTrump",
          "profile_banner_url": "https://pbs.twimg.com/profile_banners/25073877/1560920145",
          "id": 25073877,
          "lang": null,
          "contributors_enabled": false,
          "followers_count": 69783540,
          "friends_count": 47,
          "profile_sidebar_border_color": "BDDCAD",
          "following": null,
          "default_profile": false,
          "statuses_count": 47739,
          "description": "45th President of the United States of America🇺🇸",
          "screen_name": "realDonaldTrump",
          "id_str": "25073877",
          "protected": false,
          "is_translator": false,
          "location": "Washington, DC",
          "default_profile_image": false,
          "profile_background_image_url_https": "https://abs.twimg.com/images/themes/theme1/bg.png",
          "notifications": null,
          "profile_sidebar_fill_color": "C5CEC0",
          "profile_background_image_url": "http://abs.twimg.com/images/themes/theme1/bg.png",
          "favourites_count": 6,
          "translator_type": "regular",
          "created_at": "Wed Mar 18 13:46:38 +0000 2009",
          "time_zone": null,
          "listed_count": 112764,
          "profile_text_color": "333333"
        },
        "favorited": false,
        "source": "<a href=\"http://twitter.com/download/iphone\" rel=\"nofollow\">Twitter for iPhone</a>",
        "retweet_count": 72644,
        "text": "All is well! Missiles launched from Iran at two military bases located in Iraq. Assessment of casualties &amp; damages… https://t.co/5OSmLxzhin",
        "id": 1214739853025394693,
        "in_reply_to_user_id": null,
        "lang": "en",
        "is_quote_status": false,
        "quote_count": 27633,
        "geo": null,
        "entities": {
          "urls": [
            {
              "url": "https://t.co/5OSmLxzhin",
              "display_url": "twitter.com/i/web/status/1…",
              "expanded_url": "https://twitter.com/i/web/status/1214739853025394693",
              "indices": [
                120,
                143
              ]
            }
          ],
          "user_mentions": [],
          "symbols": [],
          "hashtags": []
        },
        "in_reply_to_screen_name": null,
        "extended_tweet": {
          "entities": {
            "urls": [],
            "user_mentions": [],
            "symbols": [],
            "hashtags": []
          },
          "full_text": "All is well! Missiles launched from Iran at two military bases located in Iraq. Assessment of casualties &amp; damages taking place now. So far, so good! We have the most powerful and well equipped military anywhere in the world, by far! I will be making a statement tomorrow morning.",
          "display_text_range": [
            0,
            284
          ]
        },
        "in_reply_to_user_id_str": null,
        "id_str": "1214739853025394693",
        "in_reply_to_status_id": null,
        "coordinates": null,
        "retweeted": false,
        "filter_level": "low",
        "truncated": true,
        "favorite_count": 253181,
        "place": null,
        "in_reply_to_status_id_str": null,
        "created_at": "Wed Jan 08 02:45:24 +0000 2020"
      },
      "quote_count": 0,
      "is_quote_status": false,
      "geo": null,
      "entities": {
        "urls": [],
        "user_mentions": [
          {
            "screen_name": "realDonaldTrump",
            "id_str": "25073877",
            "name": "Donald J. Trump",
            "indices": [
              3,
              19
            ],
            "id": 25073877
          }
        ],
        "symbols": [],
        "hashtags": []
      },
      "in_reply_to_screen_name": null,
      "in_reply_to_user_id_str": null,
      "id_str": "1214754836446617600",
      "in_reply_to_status_id": null,
      "timestamp_ms": "1578455096719",
      "coordinates": null,
      "retweeted": false,
      "filter_level": "low",
      "truncated": false,
      "favorite_count": 0,
      "place": null,
      "in_reply_to_status_id_str": null,
      "created_at": "Wed Jan 08 03:44:56 +0000 2020"
    },
    {
      "reply_count": 0,
      "contributors": null,
      "user": {
        "verified": false,
        "profile_image_url": "http://pbs.twimg.com/profile_images/1202659540543713283/gQwbNYMb_normal.jpg",
        "follow_request_sent": null,
        "profile_use_background_image": true,
        "profile_link_color": "1DA1F2",
        "profile_background_tile": false,
        "profile_image_url_https": "https://pbs.twimg.com/profile_images/1202659540543713283/gQwbNYMb_normal.jpg",
        "profile_background_color": "C0DEED",
        "utc_offset": null,
        "name": "Gaopalelwe Sebati",
        "geo_enabled": true,
        "url": null,
        "profile_banner_url": "https://pbs.twimg.com/profile_banners/360412059/1575571422",
        "id": 360412059,
        "lang": null,
        "contributors_enabled": false,
        "followers_count": 19797,
        "friends_count": 19473,
        "profile_sidebar_border_color": "C0DEED",
        "following": null,
        "default_profile": true,
        "statuses_count": 53905,
        "description": "The start of a new season, the start of new strategies... Never lose hope! Let us keep on trying...",
        "screen_name": "Pali_Sebati",
        "id_str": "360412059",
        "protected": false,
        "is_translator": false,
        "location": "Gauteng, South Africa",
        "default_profile_image": false,
        "profile_background_image_url_https": "https://abs.twimg.com/images/themes/theme1/bg.png",
        "notifications": null,
        "profile_sidebar_fill_color": "DDEEF6",
        "profile_background_image_url": "http://abs.twimg.com/images/themes/theme1/bg.png",
        "favourites_count": 126746,
        "translator_type": "none",
        "created_at": "Tue Aug 23 05:00:17 +0000 2011",
        "time_zone": null,
        "listed_count": 11,
        "profile_text_color": "333333"
      },
      "favorited": false,
      "source": "<a href=\"http://twitter.com/download/android\" rel=\"nofollow\">Twitter for Android</a>",
      "retweet_count": 0,
      "text": "RT @spectatorindex: BREAKING: Four of the fifteen missiles fired by Iran failed to reach their target and only Iraqi casualties have been c…",
      "id": 1214754836379586561,
      "in_reply_to_user_id": null,
      "lang": "en",
      "retweeted_status": {
        "reply_count": 406,
        "favorite_count": 5385,
        "user": {
          "verified": false,
          "profile_image_url": "http://pbs.twimg.com/profile_images/1145865652533547008/XBahoZmX_normal.png",
          "follow_request_sent": null,
          "profile_use_background_image": false,
          "profile_link_color": "ABB8C2",
          "profile_background_tile": false,
          "profile_image_url_https": "https://pbs.twimg.com/profile_images/1145865652533547008/XBahoZmX_normal.png",
          "profile_background_color": "000000",
          "utc_offset": null,
          "name": "The Spectator Index",
          "geo_enabled": false,
          "url": "http://spectatorindex.com",
          "profile_banner_url": "https://pbs.twimg.com/profile_banners/1626294277/1430626667",
          "id": 1626294277,
          "lang": null,
          "contributors_enabled": false,
          "followers_count": 1334093,
          "friends_count": 0,
          "profile_sidebar_border_color": "000000",
          "following": null,
          "default_profile": false,
          "statuses_count": 39734,
          "description": "Watching the world. Focused on politics, economics, science and sports. Message us for business inquiries.",
          "screen_name": "spectatorindex",
          "id_str": "1626294277",
          "protected": false,
          "is_translator": false,
          "location": "Global",
          "default_profile_image": false,
          "profile_background_image_url_https": "https://abs.twimg.com/images/themes/theme1/bg.png",
          "notifications": null,
          "profile_sidebar_fill_color": "000000",
          "profile_background_image_url": "http://abs.twimg.com/images/themes/theme1/bg.png",
          "favourites_count": 1,
          "translator_type": "none",
          "created_at": "Sat Jul 27 20:42:27 +0000 2013",
          "time_zone": null,
          "listed_count": 10327,
          "profile_text_color": "000000"
        },
        "favorited": false,
        "source": "<a href=\"http://twitter.com/download/android\" rel=\"nofollow\">Twitter for Android</a>",
        "retweet_count": 2308,
        "text": "BREAKING: Four of the fifteen missiles fired by Iran failed to reach their target and only Iraqi casualties have been confirmed so far",
        "id": 1214727917625700353,
        "in_reply_to_user_id": null,
        "lang": "en",
        "is_quote_status": false,
        "quote_count": 925,
        "geo": null,
        "entities": {
          "urls": [],
          "user_mentions": [],
          "symbols": [],
          "hashtags": []
        },
        "in_reply_to_screen_name": null,
        "in_reply_to_user_id_str": null,
        "id_str": "1214727917625700353",
        "in_reply_to_status_id": null,
        "coordinates": null,
        "retweeted": false,
        "filter_level": "low",
        "truncated": false,
        "place": null,
        "in_reply_to_status_id_str": null,
        "created_at": "Wed Jan 08 01:57:58 +0000 2020",
        "contributors": null
      },
      "quote_count": 0,
      "is_quote_status": false,
      "geo": null,
      "entities": {
        "urls": [],
        "user_mentions": [
          {
            "screen_name": "spectatorindex",
            "id_str": "1626294277",
            "name": "The Spectator Index",
            "indices": [
              3,
              18
            ],
            "id": 1626294277
          }
        ],
        "symbols": [],
        "hashtags": []
      },
      "in_reply_to_screen_name": null,
      "in_reply_to_user_id_str": null,
      "id_str": "1214754836379586561",
      "in_reply_to_status_id": null,
      "timestamp_ms": "1578455096703",
      "coordinates": null,
      "retweeted": false,
      "filter_level": "low",
      "truncated": false,
      "favorite_count": 0,
      "place": null,
      "in_reply_to_status_id_str": null,
      "created_at": "Wed Jan 08 03:44:56 +0000 2020"
    },
    {
      "truncated": false,
      "contributors": null,
      "user": {
        "verified": false,
        "profile_image_url": "http://pbs.twimg.com/profile_images/1211469417734758400/GeHRKT0x_normal.jpg",
        "follow_request_sent": null,
        "profile_use_background_image": false,
        "profile_link_color": "F58EA8",
        "profile_background_tile": false,
        "profile_image_url_https": "https://pbs.twimg.com/profile_images/1211469417734758400/GeHRKT0x_normal.jpg",
        "profile_background_color": "ACDED6",
        "utc_offset": null,
        "name": "𝐦𝐢𝐧⁷",
        "geo_enabled": false,
        "url": "http://instagram.com/hyukaiya",
        "profile_banner_url": "https://pbs.twimg.com/profile_banners/4699495274/1568704710",
        "id": 4699495274,
        "lang": null,
        "contributors_enabled": false,
        "followers_count": 534,
        "friends_count": 801,
        "profile_sidebar_border_color": "000000",
        "following": null,
        "default_profile": false,
        "statuses_count": 24974,
        "description": "@ bts thank you for existing 🥺💜",
        "screen_name": "hyukaiya",
        "id_str": "4699495274",
        "protected": false,
        "is_translator": false,
        "location": "alwayswithbts♡",
        "default_profile_image": false,
        "profile_background_image_url_https": "https://abs.twimg.com/images/themes/theme18/bg.gif",
        "notifications": null,
        "profile_sidebar_fill_color": "000000",
        "profile_background_image_url": "http://abs.twimg.com/images/themes/theme18/bg.gif",
        "favourites_count": 31387,
        "translator_type": "none",
        "created_at": "Sun Jan 03 00:36:27 +0000 2016",
        "time_zone": null,
        "listed_count": 4,
        "profile_text_color": "000000"
      },
      "favorited": false,
      "source": "<a href=\"http://twitter.com/download/iphone\" rel=\"nofollow\">Twitter for iPhone</a>",
      "retweet_count": 0,
      "text": "@MYEUPHORlAJK oh no don’t even begin to talk about them why does australia have to be so goddamn expensive hhh 😤😔",
      "id": 1214754836542935040,
      "in_reply_to_user_id": 917937681014824960,
      "lang": "en",
      "is_quote_status": false,
      "quote_count": 0,
      "geo": null,
      "entities": {
        "urls": [],
        "user_mentions": [
          {
            "screen_name": "MYEUPHORlAJK",
            "id_str": "917937681014824960",
            "name": "carla⁷",
            "indices": [
              0,
              13
            ],
            "id": 917937681014824960
          }
        ],
        "symbols": [],
        "hashtags": []
      },
      "in_reply_to_screen_name": "MYEUPHORlAJK",
      "in_reply_to_user_id_str": "917937681014824960",
      "id_str": "1214754836542935040",
      "in_reply_to_status_id": 1214754615998025728,
      "timestamp_ms": "1578455096742",
      "coordinates": null,
      "display_text_range": [
        14,
        113
      ],
      "filter_level": "low",
      "reply_count": 0,
      "favorite_count": 0,
      "place": null,
      "in_reply_to_status_id_str": "1214754615998025728",
      "created_at": "Wed Jan 08 03:44:56 +0000 2020",
      "retweeted": false
    },
    {
      "reply_count": 0,
      "contributors": null,
      "user": {
        "verified": false,
        "profile_image_url": "http://abs.twimg.com/sticky/default_profile_images/default_profile_normal.png",
        "follow_request_sent": null,
        "profile_use_background_image": true,
        "profile_link_color": "1DA1F2",
        "profile_background_tile": false,
        "profile_image_url_https": "https://abs.twimg.com/sticky/default_profile_images/default_profile_normal.png",
        "profile_background_color": "F5F8FA",
        "utc_offset": null,
        "name": "Omar",
        "geo_enabled": false,
        "url": null,
        "id": 1214750416988233728,
        "lang": null,
        "contributors_enabled": false,
        "followers_count": 0,
        "friends_count": 1,
        "profile_sidebar_border_color": "C0DEED",
        "following": null,
        "default_profile": true,
        "statuses_count": 1,
        "description": null,
        "screen_name": "Omar95271189",
        "id_str": "1214750416988233728",
        "protected": false,
        "is_translator": false,
        "location": null,
        "default_profile_image": false,
        "profile_background_image_url_https": "",
        "notifications": null,
        "profile_sidebar_fill_color": "DDEEF6",
        "profile_background_image_url": "",
        "favourites_count": 0,
        "translator_type": "none",
        "created_at": "Wed Jan 08 03:27:31 +0000 2020",
        "time_zone": null,
        "listed_count": 0,
        "profile_text_color": "333333"
      },
      "favorited": false,
      "source": "<a href=\"http://twitter.com/download/iphone\" rel=\"nofollow\">Twitter for iPhone</a>",
      "retweet_count": 0,
      "text": "RT @ChrisJZullo: @GOPChairwoman @realDonaldTrump Let’s not forget. Democrats had Iran at the negotiating table. They had negotiated JPCOA w…",
      "id": 1214754836488605697,
      "in_reply_to_user_id": null,
      "lang": "en",
      "retweeted_status": {
        "truncated": true,
        "contributors": null,
        "user": {
          "verified": false,
          "profile_image_url": "http://pbs.twimg.com/profile_images/614520488266727424/MJBPfrGG_normal.jpg",
          "follow_request_sent": null,
          "profile_use_background_image": false,
          "profile_link_color": "3577BD",
          "profile_background_tile": false,
          "profile_image_url_https": "https://pbs.twimg.com/profile_images/614520488266727424/MJBPfrGG_normal.jpg",
          "profile_background_color": "3577BD",
          "utc_offset": null,
          "name": "♻️🇺🇸 Christopher Zullo",
          "geo_enabled": false,
          "url": "http://www.linkedin.com/in/christopherzullo",
          "profile_banner_url": "https://pbs.twimg.com/profile_banners/321774180/1497930823",
          "id": 321774180,
          "lang": null,
          "contributors_enabled": false,
          "followers_count": 143115,
          "friends_count": 136040,
          "profile_sidebar_border_color": "FFFFFF",
          "following": null,
          "default_profile": false,
          "statuses_count": 48272,
          "description": "Rockefeller Republican preaching from the left with a right. Agnostic Theist. Regulatory Capitalist. 📖 @endisnearsaveus 🗳 @togetherthrive 🚙 @tagamericablue",
          "screen_name": "ChrisJZullo",
          "id_str": "321774180",
          "protected": false,
          "is_translator": false,
          "location": "United States",
          "default_profile_image": false,
          "profile_background_image_url_https": "https://abs.twimg.com/images/themes/theme1/bg.png",
          "notifications": null,
          "profile_sidebar_fill_color": "1C1939",
          "profile_background_image_url": "http://abs.twimg.com/images/themes/theme1/bg.png",
          "favourites_count": 52657,
          "translator_type": "none",
          "created_at": "Wed Jun 22 03:23:57 +0000 2011",
          "time_zone": null,
          "listed_count": 1367,
          "profile_text_color": "777777"
        },
        "favorited": false,
        "source": "<a href=\"http://twitter.com/download/iphone\" rel=\"nofollow\">Twitter for iPhone</a>",
        "retweet_count": 48,
        "text": "@GOPChairwoman @realDonaldTrump Let’s not forget. Democrats had Iran at the negotiating table. They had negotiated… https://t.co/CsSATIEUvR",
        "id": 1214368200504287233,
        "in_reply_to_user_id": 2353605901,
        "lang": "en",
        "is_quote_status": false,
        "quote_count": 6,
        "geo": null,
        "entities": {
          "urls": [
            {
              "url": "https://t.co/CsSATIEUvR",
              "display_url": "twitter.com/i/web/status/1…",
              "expanded_url": "https://twitter.com/i/web/status/1214368200504287233",
              "indices": [
                116,
                139
              ]
            }
          ],
          "user_mentions": [
            {
              "screen_name": "GOPChairwoman",
              "id_str": "2353605901",
              "name": "Ronna McDaniel",
              "indices": [
                0,
                14
              ],
              "id": 2353605901
            },
            {
              "screen_name": "realDonaldTrump",
              "id_str": "25073877",
              "name": "Donald J. Trump",
              "indices": [
                15,
                31
              ],
              "id": 25073877
            }
          ],
          "symbols": [],
          "hashtags": []
        },
        "in_reply_to_screen_name": "GOPChairwoman",
        "extended_tweet": {
          "entities": {
            "urls": [],
            "user_mentions": [
              {
                "screen_name": "GOPChairwoman",
                "id_str": "2353605901",
                "name": "Ronna McDaniel",
                "indices": [
                  0,
                  14
                ],
                "id": 2353605901
              },
              {
                "screen_name": "realDonaldTrump",
                "id_str": "25073877",
                "name": "Donald J. Trump",
                "indices": [
                  15,
                  31
                ],
                "id": 25073877
              }
            ],
            "symbols": [],
            "hashtags": []
          },
          "full_text": "@GOPChairwoman @realDonaldTrump Let’s not forget. Democrats had Iran at the negotiating table. They had negotiated JPCOA which prevented Iran nuclear miniturization. They had UN inspectors access. Republicans screwed it all up. Pulled out of JPCOA and Syria. Donald Trump’s inept foreign policy is now to blame",
          "display_text_range": [
            32,
            310
          ]
        },
        "in_reply_to_user_id_str": "2353605901",
        "id_str": "1214368200504287233",
        "in_reply_to_status_id": 1214320404820582400,
        "coordinates": null,
        "display_text_range": [
          32,
          140
        ],
        "filter_level": "low",
        "reply_count": 65,
        "favorite_count": 408,
        "place": null,
        "in_reply_to_status_id_str": "1214320404820582400",
        "created_at": "Tue Jan 07 02:08:35 +0000 2020",
        "retweeted": false
      },
      "quote_count": 0,
      "is_quote_status": false,
      "geo": null,
      "entities": {
        "urls": [],
        "user_mentions": [
          {
            "screen_name": "ChrisJZullo",
            "id_str": "321774180",
            "name": "♻️🇺🇸 Christopher Zullo",
            "indices": [
              3,
              15
            ],
            "id": 321774180
          },
          {
            "screen_name": "GOPChairwoman",
            "id_str": "2353605901",
            "name": "Ronna McDaniel",
            "indices": [
              17,
              31
            ],
            "id": 2353605901
          },
          {
            "screen_name": "realDonaldTrump",
            "id_str": "25073877",
            "name": "Donald J. Trump",
            "indices": [
              32,
              48
            ],
            "id": 25073877
          }
        ],
        "symbols": [],
        "hashtags": []
      },
      "in_reply_to_screen_name": null,
      "in_reply_to_user_id_str": null,
      "id_str": "1214754836488605697",
      "in_reply_to_status_id": null,
      "timestamp_ms": "1578455096729",
      "coordinates": null,
      "retweeted": false,
      "filter_level": "low",
      "truncated": false,
      "favorite_count": 0,
      "place": null,
      "in_reply_to_status_id_str": null,
      "created_at": "Wed Jan 08 03:44:56 +0000 2020"
    }
  ]
}