{
  "request_date": "2020-01-26-12:55:27",
  "data": [
    {
      "favorite_count": 0,
      "created_at": "Sun Jan 26 17:55:13 +0000 2020",
      "in_reply_to_status_id_str": null,
      "id_str": "1221491798222295040",
      "extended_tweet": {
        "display_text_range": [
          0,
          162
        ],
        "full_text": "Si Martha Chavez y mulder vuelven al congreso, mañana mismo salgo a China a traer el coronavirus. Avisados están. #EleccionesCongresales2020 #VotoInformado  #Peru",
        "entities": {
          "user_mentions": [],
          "urls": [],
          "hashtags": [
            {
              "indices": [
                114,
                140
              ],
              "text": "EleccionesCongresales2020"
            },
            {
              "indices": [
                141,
                155
              ],
              "text": "VotoInformado"
            },
            {
              "indices": [
                157,
                162
              ],
              "text": "Peru"
            }
          ],
          "symbols": []
        }
      },
      "in_reply_to_screen_name": null,
      "place": null,
      "filter_level": "low",
      "retweeted": false,
      "text": "Si Martha Chavez y mulder vuelven al congreso, mañana mismo salgo a China a traer el coronavirus. Avisados están.… https://t.co/YGZr2cfhq3",
      "in_reply_to_user_id_str": null,
      "contributors": null,
      "id": 1221491798222295040,
      "user": {
        "profile_sidebar_border_color": "000000",
        "is_translator": false,
        "screen_name": "Tuitconcalle",
        "followers_count": 1552,
        "created_at": "Sat Aug 30 04:31:53 +0000 2014",
        "profile_background_color": "022330",
        "profile_image_url_https": "https://pbs.twimg.com/profile_images/1173071466272886785/H9KNml-d_normal.jpg",
        "profile_sidebar_fill_color": "000000",
        "name": "Titan",
        "url": null,
        "default_profile": false,
        "translator_type": "none",
        "profile_text_color": "000000",
        "listed_count": 15,
        "profile_background_image_url": "http://abs.twimg.com/images/themes/theme15/bg.png",
        "following": null,
        "profile_background_tile": false,
        "default_profile_image": false,
        "protected": false,
        "id": 2779910108,
        "contributors_enabled": false,
        "geo_enabled": true,
        "utc_offset": null,
        "description": "Y, aunque nadie daba un duro por él, se volcaba tanto en los detalles que sin llegar a nada, llegó a ser el capitán de su calle.",
        "time_zone": null,
        "follow_request_sent": null,
        "favourites_count": 10824,
        "friends_count": 1391,
        "verified": false,
        "profile_background_image_url_https": "https://abs.twimg.com/images/themes/theme15/bg.png",
        "id_str": "2779910108",
        "statuses_count": 13358,
        "profile_image_url": "http://pbs.twimg.com/profile_images/1173071466272886785/H9KNml-d_normal.jpg",
        "notifications": null,
        "location": "Lima, Peru",
        "lang": null,
        "profile_use_background_image": true,
        "profile_link_color": "1B95E0",
        "profile_banner_url": "https://pbs.twimg.com/profile_banners/2779910108/1570718335"
      },
      "quote_count": 0,
      "geo": null,
      "coordinates": null,
      "is_quote_status": false,
      "source": "<a href=\"http://twitter.com/download/android\" rel=\"nofollow\">Twitter for Android</a>",
      "favorited": false,
      "reply_count": 0,
      "timestamp_ms": "1580061313573",
      "lang": "es",
      "in_reply_to_user_id": null,
      "entities": {
        "user_mentions": [],
        "urls": [
          {
            "display_url": "twitter.com/i/web/status/1…",
            "expanded_url": "https://twitter.com/i/web/status/1221491798222295040",
            "indices": [
              115,
              138
            ],
            "url": "https://t.co/YGZr2cfhq3"
          }
        ],
        "hashtags": [],
        "symbols": []
      },
      "in_reply_to_status_id": null,
      "retweet_count": 0,
      "truncated": true
    },
    {
      "quoted_status_id_str": "1221482439052316672",
      "quoted_status": {
        "favorite_count": 0,
        "created_at": "Sun Jan 26 17:18:02 +0000 2020",
        "in_reply_to_status_id_str": null,
        "id_str": "1221482439052316672",
        "extended_tweet": {
          "display_text_range": [
            0,
            122
          ],
          "extended_entities": {
            "media": [
              {
                "id_str": "1221482437387137025",
                "id": 1221482437387137025,
                "indices": [
                  123,
                  146
                ],
                "expanded_url": "https://twitter.com/ppchero/status/1221482439052316672/photo/1",
                "media_url": "http://pbs.twimg.com/media/EPOTzhvWsAEY3Sc.jpg",
                "display_url": "pic.twitter.com/7xNZk4qeUi",
                "type": "photo",
                "media_url_https": "https://pbs.twimg.com/media/EPOTzhvWsAEY3Sc.jpg",
                "url": "https://t.co/7xNZk4qeUi",
                "sizes": {
                  "thumb": {
                    "h": 150,
                    "w": 150,
                    "resize": "crop"
                  },
                  "small": {
                    "h": 453,
                    "w": 680,
                    "resize": "fit"
                  },
                  "medium": {
                    "h": 513,
                    "w": 770,
                    "resize": "fit"
                  },
                  "large": {
                    "h": 513,
                    "w": 770,
                    "resize": "fit"
                  }
                }
              }
            ]
          },
          "full_text": "A new year is always a great time to take a deeper look at your #PPC accounts. Here's a checklist: https://t.co/OQx9LmmpmY https://t.co/7xNZk4qeUi",
          "entities": {
            "user_mentions": [],
            "urls": [
              {
                "display_url": "bit.ly/36PaVUg",
                "expanded_url": "http://bit.ly/36PaVUg",
                "indices": [
                  99,
                  122
                ],
                "url": "https://t.co/OQx9LmmpmY"
              }
            ],
            "hashtags": [
              {
                "indices": [
                  64,
                  68
                ],
                "text": "PPC"
              }
            ],
            "media": [
              {
                "id_str": "1221482437387137025",
                "id": 1221482437387137025,
                "indices": [
                  123,
                  146
                ],
                "expanded_url": "https://twitter.com/ppchero/status/1221482439052316672/photo/1",
                "media_url": "http://pbs.twimg.com/media/EPOTzhvWsAEY3Sc.jpg",
                "display_url": "pic.twitter.com/7xNZk4qeUi",
                "type": "photo",
                "media_url_https": "https://pbs.twimg.com/media/EPOTzhvWsAEY3Sc.jpg",
                "url": "https://t.co/7xNZk4qeUi",
                "sizes": {
                  "thumb": {
                    "h": 150,
                    "w": 150,
                    "resize": "crop"
                  },
                  "small": {
                    "h": 453,
                    "w": 680,
                    "resize": "fit"
                  },
                  "medium": {
                    "h": 513,
                    "w": 770,
                    "resize": "fit"
                  },
                  "large": {
                    "h": 513,
                    "w": 770,
                    "resize": "fit"
                  }
                }
              }
            ],
            "symbols": []
          }
        },
        "in_reply_to_screen_name": null,
        "place": null,
        "filter_level": "low",
        "retweeted": false,
        "text": "A new year is always a great time to take a deeper look at your #PPC accounts. Here's a checklist:… https://t.co/MjDkZFogbv",
        "in_reply_to_user_id_str": null,
        "contributors": null,
        "id": 1221482439052316672,
        "user": {
          "profile_sidebar_border_color": "FFFFFF",
          "is_translator": false,
          "screen_name": "ppchero",
          "followers_count": 33794,
          "created_at": "Fri Jul 18 00:57:29 +0000 2008",
          "profile_background_color": "71327A",
          "profile_image_url_https": "https://pbs.twimg.com/profile_images/943862937596383234/6rnPk_b-_normal.jpg",
          "profile_sidebar_fill_color": "DDEEF6",
          "name": "PPC Hero",
          "url": "https://www.ppchero.com/",
          "default_profile": false,
          "translator_type": "none",
          "profile_text_color": "333333",
          "listed_count": 2073,
          "profile_background_image_url": "http://abs.twimg.com/images/themes/theme1/bg.png",
          "following": null,
          "profile_background_tile": false,
          "default_profile_image": false,
          "protected": false,
          "id": 15476405,
          "contributors_enabled": false,
          "geo_enabled": true,
          "utc_offset": null,
          "description": "Industry-leading #PPC blog & resource for digital marketers. Written by @hanapin. Host of @heroconf #HeroConf. New event! http://www.ppchero.com/live-summit/",
          "time_zone": null,
          "follow_request_sent": null,
          "favourites_count": 5039,
          "friends_count": 12968,
          "verified": false,
          "profile_background_image_url_https": "https://abs.twimg.com/images/themes/theme1/bg.png",
          "id_str": "15476405",
          "statuses_count": 59257,
          "profile_image_url": "http://pbs.twimg.com/profile_images/943862937596383234/6rnPk_b-_normal.jpg",
          "notifications": null,
          "location": "Bloomington, IN",
          "lang": null,
          "profile_use_background_image": false,
          "profile_link_color": "71327A",
          "profile_banner_url": "https://pbs.twimg.com/profile_banners/15476405/1550672432"
        },
        "display_text_range": [
          0,
          140
        ],
        "quote_count": 0,
        "geo": null,
        "retweet_count": 0,
        "is_quote_status": false,
        "source": "<a href=\"https://buffer.com\" rel=\"nofollow\">Buffer</a>",
        "favorited": false,
        "reply_count": 0,
        "lang": "en",
        "in_reply_to_user_id": null,
        "entities": {
          "user_mentions": [],
          "urls": [
            {
              "display_url": "twitter.com/i/web/status/1…",
              "expanded_url": "https://twitter.com/i/web/status/1221482439052316672",
              "indices": [
                100,
                123
              ],
              "url": "https://t.co/MjDkZFogbv"
            }
          ],
          "hashtags": [
            {
              "indices": [
                64,
                68
              ],
              "text": "PPC"
            }
          ],
          "symbols": []
        },
        "in_reply_to_status_id": null,
        "coordinates": null,
        "possibly_sensitive": false,
        "truncated": true
      },
      "favorite_count": 0,
      "created_at": "Sun Jan 26 17:55:13 +0000 2020",
      "entities": {
        "user_mentions": [
          {
            "id_str": "15476405",
            "id": 15476405,
            "indices": [
              0,
              8
            ],
            "screen_name": "ppchero",
            "name": "PPC Hero"
          }
        ],
        "urls": [
          {
            "display_url": "twitter.com/ppchero/status…",
            "expanded_url": "https://twitter.com/ppchero/status/1221482439052316672",
            "indices": [
              20,
              43
            ],
            "url": "https://t.co/2T84R9GIjV"
          }
        ],
        "hashtags": [],
        "symbols": []
      },
      "in_reply_to_status_id_str": null,
      "id_str": "1221491798280982528",
      "in_reply_to_screen_name": "ppchero",
      "place": null,
      "filter_level": "low",
      "retweeted": false,
      "text": "@ppchero Posted... \nhttps://t.co/2T84R9GIjV",
      "in_reply_to_user_id_str": "15476405",
      "contributors": null,
      "id": 1221491798280982528,
      "user": {
        "profile_sidebar_border_color": "000000",
        "is_translator": false,
        "screen_name": "callvishalnow",
        "followers_count": 357,
        "created_at": "Fri Nov 11 04:16:07 +0000 2011",
        "profile_background_color": "000000",
        "profile_image_url_https": "https://pbs.twimg.com/profile_images/517377928271626240/VF8CnGJA_normal.jpeg",
        "profile_sidebar_fill_color": "000000",
        "name": "Vishal Deshpande",
        "url": "http://digital-marketing-pune.blogspot.in/",
        "default_profile": false,
        "translator_type": "none",
        "profile_text_color": "000000",
        "listed_count": 12,
        "profile_background_image_url": "http://abs.twimg.com/images/themes/theme1/bg.png",
        "following": null,
        "profile_background_tile": false,
        "default_profile_image": false,
        "protected": false,
        "id": 409726418,
        "contributors_enabled": false,
        "geo_enabled": false,
        "utc_offset": null,
        "description": "https://www.linkedin.com/in/seoandppcexpertpuneindia",
        "time_zone": null,
        "follow_request_sent": null,
        "favourites_count": 45,
        "friends_count": 1012,
        "verified": false,
        "profile_background_image_url_https": "https://abs.twimg.com/images/themes/theme1/bg.png",
        "id_str": "409726418",
        "statuses_count": 1118,
        "profile_image_url": "http://pbs.twimg.com/profile_images/517377928271626240/VF8CnGJA_normal.jpeg",
        "notifications": null,
        "location": "Pune, India",
        "lang": null,
        "profile_use_background_image": false,
        "profile_link_color": "ABB8C2",
        "profile_banner_url": "https://pbs.twimg.com/profile_banners/409726418/1451290035"
      },
      "quote_count": 0,
      "geo": null,
      "retweet_count": 0,
      "is_quote_status": true,
      "source": "<a href=\"https://ifttt.com\" rel=\"nofollow\">IFTTT</a>",
      "favorited": false,
      "reply_count": 0,
      "timestamp_ms": "1580061313587",
      "lang": "en",
      "quoted_status_permalink": {
        "display": "twitter.com/ppchero/status…",
        "expanded": "https://twitter.com/ppchero/status/1221482439052316672",
        "url": "https://t.co/2T84R9GIjV"
      },
      "in_reply_to_user_id": 15476405,
      "truncated": false,
      "in_reply_to_status_id": null,
      "coordinates": null,
      "possibly_sensitive": false,
      "quoted_status_id": 1221482439052316672
    },
    {
      "favorite_count": 0,
      "created_at": "Sun Jan 26 17:55:14 +0000 2020",
      "in_reply_to_status_id_str": null,
      "id_str": "1221491802575966208",
      "extended_tweet": {
        "display_text_range": [
          0,
          275
        ],
        "extended_entities": {
          "media": [
            {
              "id_str": "1221491784406261765",
              "id": 1221491784406261765,
              "indices": [
                276,
                299
              ],
              "expanded_url": "https://twitter.com/cecastillo2020/status/1221491802575966208/photo/1",
              "media_url": "http://pbs.twimg.com/media/EPOcTmGX4AURGpW.jpg",
              "display_url": "pic.twitter.com/lksraZH29E",
              "type": "photo",
              "media_url_https": "https://pbs.twimg.com/media/EPOcTmGX4AURGpW.jpg",
              "url": "https://t.co/lksraZH29E",
              "sizes": {
                "thumb": {
                  "h": 150,
                  "w": 150,
                  "resize": "crop"
                },
                "small": {
                  "h": 510,
                  "w": 680,
                  "resize": "fit"
                },
                "medium": {
                  "h": 720,
                  "w": 960,
                  "resize": "fit"
                },
                "large": {
                  "h": 720,
                  "w": 960,
                  "resize": "fit"
                }
              }
            }
          ]
        },
        "full_text": "#Elecciones2020  Mulder Martha Chávez Keiko Fujimori\n\nEstábamos peor que Venezuela además de la crisis económica, el terrorismo destruía el Perú y mataba a los Peruanos\n\nGobierno Fujimorista logro:\n\nSolucionar la crisis económica\n\nReconstruyo el Perú\n\nY Derroto el terrorismo https://t.co/lksraZH29E",
        "entities": {
          "user_mentions": [],
          "urls": [],
          "hashtags": [
            {
              "indices": [
                0,
                15
              ],
              "text": "Elecciones2020"
            }
          ],
          "media": [
            {
              "id_str": "1221491784406261765",
              "id": 1221491784406261765,
              "indices": [
                276,
                299
              ],
              "expanded_url": "https://twitter.com/cecastillo2020/status/1221491802575966208/photo/1",
              "media_url": "http://pbs.twimg.com/media/EPOcTmGX4AURGpW.jpg",
              "display_url": "pic.twitter.com/lksraZH29E",
              "type": "photo",
              "media_url_https": "https://pbs.twimg.com/media/EPOcTmGX4AURGpW.jpg",
              "url": "https://t.co/lksraZH29E",
              "sizes": {
                "thumb": {
                  "h": 150,
                  "w": 150,
                  "resize": "crop"
                },
                "small": {
                  "h": 510,
                  "w": 680,
                  "resize": "fit"
                },
                "medium": {
                  "h": 720,
                  "w": 960,
                  "resize": "fit"
                },
                "large": {
                  "h": 720,
                  "w": 960,
                  "resize": "fit"
                }
              }
            }
          ],
          "symbols": []
        }
      },
      "in_reply_to_screen_name": null,
      "place": null,
      "filter_level": "low",
      "retweeted": false,
      "text": "#Elecciones2020  Mulder Martha Chávez Keiko Fujimori\n\nEstábamos peor que Venezuela además de la crisis económica, e… https://t.co/KO6UVFiufw",
      "in_reply_to_user_id_str": null,
      "contributors": null,
      "id": 1221491802575966208,
      "user": {
        "profile_sidebar_border_color": "C0DEED",
        "is_translator": false,
        "screen_name": "cecastillo2020",
        "followers_count": 282,
        "created_at": "Tue May 02 02:55:52 +0000 2017",
        "profile_background_color": "F5F8FA",
        "profile_image_url_https": "https://pbs.twimg.com/profile_images/859263099156738048/dmayvE3z_normal.jpg",
        "profile_sidebar_fill_color": "DDEEF6",
        "name": "Cesar Castillo",
        "url": null,
        "default_profile": true,
        "translator_type": "none",
        "profile_text_color": "333333",
        "listed_count": 1,
        "profile_background_image_url": "",
        "following": null,
        "profile_background_tile": false,
        "protected": false,
        "id": 859239990953377792,
        "contributors_enabled": false,
        "geo_enabled": true,
        "utc_offset": null,
        "description": null,
        "time_zone": null,
        "follow_request_sent": null,
        "favourites_count": 1230,
        "friends_count": 232,
        "verified": false,
        "profile_background_image_url_https": "",
        "id_str": "859239990953377792",
        "statuses_count": 8994,
        "profile_image_url": "http://pbs.twimg.com/profile_images/859263099156738048/dmayvE3z_normal.jpg",
        "notifications": null,
        "location": null,
        "lang": null,
        "profile_use_background_image": true,
        "profile_link_color": "1DA1F2",
        "default_profile_image": false
      },
      "display_text_range": [
        0,
        140
      ],
      "quote_count": 0,
      "geo": null,
      "retweet_count": 0,
      "is_quote_status": false,
      "source": "<a href=\"https://mobile.twitter.com\" rel=\"nofollow\">Twitter Web App</a>",
      "favorited": false,
      "reply_count": 0,
      "timestamp_ms": "1580061314611",
      "lang": "es",
      "in_reply_to_user_id": null,
      "entities": {
        "user_mentions": [],
        "urls": [
          {
            "display_url": "twitter.com/i/web/status/1…",
            "expanded_url": "https://twitter.com/i/web/status/1221491802575966208",
            "indices": [
              117,
              140
            ],
            "url": "https://t.co/KO6UVFiufw"
          }
        ],
        "hashtags": [
          {
            "indices": [
              0,
              15
            ],
            "text": "Elecciones2020"
          }
        ],
        "symbols": []
      },
      "in_reply_to_status_id": null,
      "coordinates": null,
      "possibly_sensitive": false,
      "truncated": true
    },
    {
      "favorite_count": 0,
      "created_at": "Sun Jan 26 17:55:14 +0000 2020",
      "in_reply_to_status_id_str": null,
      "id_str": "1221491804123672577",
      "in_reply_to_screen_name": null,
      "place": null,
      "filter_level": "low",
      "retweeted_status": {
        "favorite_count": 711,
        "created_at": "Sun Jan 26 03:28:07 +0000 2020",
        "in_reply_to_status_id_str": null,
        "id_str": "1221273585794408449",
        "extended_tweet": {
          "display_text_range": [
            0,
            186
          ],
          "full_text": "Se consuma el #FraudeVizcarrista , software contratado listo para robarles votos a Fuerza Popular, Solidaridad Nacional y pasárselos al Partido Morado y al Frente Amplio #VotoElectrónico",
          "entities": {
            "user_mentions": [],
            "urls": [],
            "hashtags": [
              {
                "indices": [
                  14,
                  32
                ],
                "text": "FraudeVizcarrista"
              },
              {
                "indices": [
                  170,
                  186
                ],
                "text": "VotoElectrónico"
              }
            ],
            "symbols": []
          }
        },
        "in_reply_to_screen_name": null,
        "place": null,
        "filter_level": "low",
        "retweeted": false,
        "text": "Se consuma el #FraudeVizcarrista , software contratado listo para robarles votos a Fuerza Popular, Solidaridad Naci… https://t.co/pPPez7Sf3G",
        "in_reply_to_user_id_str": null,
        "contributors": null,
        "id": 1221273585794408449,
        "user": {
          "profile_sidebar_border_color": "C0DEED",
          "is_translator": false,
          "screen_name": "_CarlitaRocha",
          "followers_count": 22271,
          "created_at": "Thu Nov 20 20:52:27 +0000 2014",
          "profile_background_color": "C0DEED",
          "profile_image_url_https": "https://pbs.twimg.com/profile_images/1138531521177051136/yXVNtWGI_normal.jpg",
          "profile_sidebar_fill_color": "DDEEF6",
          "name": "Carla Rocha",
          "url": null,
          "default_profile": true,
          "translator_type": "none",
          "profile_text_color": "333333",
          "listed_count": 51,
          "profile_background_image_url": "http://abs.twimg.com/images/themes/theme1/bg.png",
          "following": null,
          "profile_background_tile": false,
          "default_profile_image": false,
          "protected": false,
          "id": 2886074397,
          "contributors_enabled": false,
          "geo_enabled": true,
          "utc_offset": null,
          "description": "La aventura, el deporte mi pasión, bien femenina, pero detesto el feminismo #LaResistencia .",
          "time_zone": null,
          "follow_request_sent": null,
          "favourites_count": 46340,
          "friends_count": 295,
          "verified": false,
          "profile_background_image_url_https": "https://abs.twimg.com/images/themes/theme1/bg.png",
          "id_str": "2886074397",
          "statuses_count": 58083,
          "profile_image_url": "http://pbs.twimg.com/profile_images/1138531521177051136/yXVNtWGI_normal.jpg",
          "notifications": null,
          "location": null,
          "lang": null,
          "profile_use_background_image": true,
          "profile_link_color": "1DA1F2",
          "profile_banner_url": "https://pbs.twimg.com/profile_banners/2886074397/1550751568"
        },
        "quote_count": 56,
        "geo": null,
        "coordinates": null,
        "is_quote_status": false,
        "source": "<a href=\"http://twitter.com/download/iphone\" rel=\"nofollow\">Twitter for iPhone</a>",
        "favorited": false,
        "reply_count": 286,
        "lang": "es",
        "in_reply_to_user_id": null,
        "entities": {
          "user_mentions": [],
          "urls": [
            {
              "display_url": "twitter.com/i/web/status/1…",
              "expanded_url": "https://twitter.com/i/web/status/1221273585794408449",
              "indices": [
                117,
                140
              ],
              "url": "https://t.co/pPPez7Sf3G"
            }
          ],
          "hashtags": [
            {
              "indices": [
                14,
                32
              ],
              "text": "FraudeVizcarrista"
            }
          ],
          "symbols": []
        },
        "in_reply_to_status_id": null,
        "retweet_count": 366,
        "truncated": true
      },
      "retweeted": false,
      "text": "RT @_CarlitaRocha: Se consuma el #FraudeVizcarrista , software contratado listo para robarles votos a Fuerza Popular, Solidaridad Nacional…",
      "in_reply_to_user_id_str": null,
      "contributors": null,
      "id": 1221491804123672577,
      "user": {
        "profile_sidebar_border_color": "C0DEED",
        "is_translator": false,
        "screen_name": "EvelynGarciaT",
        "followers_count": 854,
        "created_at": "Sat Aug 11 04:55:18 +0000 2012",
        "profile_background_color": "C0DEED",
        "profile_image_url_https": "https://pbs.twimg.com/profile_images/1065476744516435969/XCOXajQU_normal.jpg",
        "profile_sidebar_fill_color": "DDEEF6",
        "name": "Evelyn García Tirado",
        "url": null,
        "default_profile": false,
        "translator_type": "none",
        "profile_text_color": "333333",
        "listed_count": 4,
        "profile_background_image_url": "http://abs.twimg.com/images/themes/theme1/bg.png",
        "following": null,
        "profile_background_tile": false,
        "default_profile_image": false,
        "protected": false,
        "id": 750672276,
        "contributors_enabled": false,
        "geo_enabled": false,
        "utc_offset": null,
        "description": "https://www.wattpad.com/user/EvelynGarcaTirado https://www.youtube.com/user/Garcia7906?feature=watch  https://www.facebook.com/evelypaogartira",
        "time_zone": null,
        "follow_request_sent": null,
        "favourites_count": 11388,
        "friends_count": 827,
        "verified": false,
        "profile_background_image_url_https": "https://abs.twimg.com/images/themes/theme1/bg.png",
        "id_str": "750672276",
        "statuses_count": 14264,
        "profile_image_url": "http://pbs.twimg.com/profile_images/1065476744516435969/XCOXajQU_normal.jpg",
        "notifications": null,
        "location": "Lima",
        "lang": null,
        "profile_use_background_image": true,
        "profile_link_color": "0600B3",
        "profile_banner_url": "https://pbs.twimg.com/profile_banners/750672276/1542864496"
      },
      "quote_count": 0,
      "geo": null,
      "coordinates": null,
      "is_quote_status": false,
      "source": "<a href=\"https://mobile.twitter.com\" rel=\"nofollow\">Twitter Web App</a>",
      "favorited": false,
      "reply_count": 0,
      "timestamp_ms": "1580061314980",
      "lang": "es",
      "in_reply_to_user_id": null,
      "entities": {
        "user_mentions": [
          {
            "id_str": "2886074397",
            "id": 2886074397,
            "indices": [
              3,
              17
            ],
            "screen_name": "_CarlitaRocha",
            "name": "Carla Rocha"
          }
        ],
        "urls": [],
        "hashtags": [
          {
            "indices": [
              33,
              51
            ],
            "text": "FraudeVizcarrista"
          }
        ],
        "symbols": []
      },
      "in_reply_to_status_id": null,
      "retweet_count": 0,
      "truncated": false
    },
    {
      "quoted_status_id_str": "1221133354285830144",
      "quoted_status": {
        "favorite_count": 4297,
        "created_at": "Sat Jan 25 18:10:53 +0000 2020",
        "in_reply_to_status_id_str": null,
        "id_str": "1221133354285830144",
        "in_reply_to_screen_name": null,
        "place": null,
        "filter_level": "low",
        "retweeted": false,
        "text": "Si el APRA no pasa la valla mi mamá va a bailar en la Plaza San Martín. Y tú, ¿qué harás? https://t.co/lFAeV1xI6t",
        "in_reply_to_user_id_str": null,
        "contributors": null,
        "id": 1221133354285830144,
        "user": {
          "profile_sidebar_border_color": "000000",
          "is_translator": false,
          "screen_name": "patriciagamarra",
          "followers_count": 67850,
          "created_at": "Tue Nov 03 19:33:39 +0000 2009",
          "profile_background_color": "000000",
          "profile_image_url_https": "https://pbs.twimg.com/profile_images/1171285517826236416/FnrAVnwh_normal.jpg",
          "profile_sidebar_fill_color": "000000",
          "name": "Patricia Gamarra",
          "url": null,
          "default_profile": false,
          "translator_type": "none",
          "profile_text_color": "000000",
          "listed_count": 99,
          "profile_background_image_url": "http://abs.twimg.com/images/themes/theme1/bg.png",
          "following": null,
          "profile_background_tile": false,
          "default_profile_image": false,
          "protected": false,
          "id": 87264094,
          "contributors_enabled": false,
          "geo_enabled": true,
          "utc_offset": null,
          "description": "Instagram: patriciagamarra0 | Consultora en Investigación de Mercado | Conductora en @argollaTV",
          "time_zone": null,
          "follow_request_sent": null,
          "favourites_count": 48467,
          "friends_count": 746,
          "verified": false,
          "profile_background_image_url_https": "https://abs.twimg.com/images/themes/theme1/bg.png",
          "id_str": "87264094",
          "statuses_count": 54813,
          "profile_image_url": "http://pbs.twimg.com/profile_images/1171285517826236416/FnrAVnwh_normal.jpg",
          "notifications": null,
          "location": "Peru",
          "lang": null,
          "profile_use_background_image": false,
          "profile_link_color": "1B95E0",
          "profile_banner_url": "https://pbs.twimg.com/profile_banners/87264094/1445572866"
        },
        "display_text_range": [
          0,
          89
        ],
        "quote_count": 84,
        "geo": null,
        "extended_entities": {
          "media": [
            {
              "display_url": "pic.twitter.com/lFAeV1xI6t",
              "id": 1221133224639979520,
              "media_url": "http://pbs.twimg.com/ext_tw_video_thumb/1221133224639979520/pu/img/l3RZoo2UjVFUv1rD.jpg",
              "sizes": {
                "thumb": {
                  "h": 150,
                  "w": 150,
                  "resize": "crop"
                },
                "small": {
                  "h": 680,
                  "w": 383,
                  "resize": "fit"
                },
                "medium": {
                  "h": 1200,
                  "w": 675,
                  "resize": "fit"
                },
                "large": {
                  "h": 1280,
                  "w": 720,
                  "resize": "fit"
                }
              },
              "url": "https://t.co/lFAeV1xI6t",
              "id_str": "1221133224639979520",
              "expanded_url": "https://twitter.com/patriciagamarra/status/1221133354285830144/video/1",
              "indices": [
                90,
                113
              ],
              "video_info": {
                "variants": [
                  {
                    "bitrate": 632000,
                    "content_type": "video/mp4",
                    "url": "https://video.twimg.com/ext_tw_video/1221133224639979520/pu/vid/320x568/lhaFO5rlCsXvXCrC.mp4?tag=10"
                  },
                  {
                    "bitrate": 832000,
                    "content_type": "video/mp4",
                    "url": "https://video.twimg.com/ext_tw_video/1221133224639979520/pu/vid/360x640/axKYHyF5SeyNbolr.mp4?tag=10"
                  },
                  {
                    "content_type": "application/x-mpegURL",
                    "url": "https://video.twimg.com/ext_tw_video/1221133224639979520/pu/pl/NDkgDbHRyXIfFojQ.m3u8?tag=10"
                  },
                  {
                    "bitrate": 2176000,
                    "content_type": "video/mp4",
                    "url": "https://video.twimg.com/ext_tw_video/1221133224639979520/pu/vid/720x1280/tarmkOlDGMmxd6uE.mp4?tag=10"
                  }
                ],
                "aspect_ratio": [
                  9,
                  16
                ],
                "duration_millis": 10953
              },
              "type": "video",
              "additional_media_info": {
                "monetizable": false
              },
              "media_url_https": "https://pbs.twimg.com/ext_tw_video_thumb/1221133224639979520/pu/img/l3RZoo2UjVFUv1rD.jpg"
            }
          ]
        },
        "coordinates": null,
        "is_quote_status": false,
        "source": "<a href=\"http://twitter.com/download/android\" rel=\"nofollow\">Twitter for Android</a>",
        "favorited": false,
        "reply_count": 807,
        "lang": "es",
        "in_reply_to_user_id": null,
        "entities": {
          "user_mentions": [],
          "urls": [],
          "hashtags": [],
          "media": [
            {
              "id_str": "1221133224639979520",
              "id": 1221133224639979520,
              "indices": [
                90,
                113
              ],
              "expanded_url": "https://twitter.com/patriciagamarra/status/1221133354285830144/video/1",
              "media_url": "http://pbs.twimg.com/ext_tw_video_thumb/1221133224639979520/pu/img/l3RZoo2UjVFUv1rD.jpg",
              "display_url": "pic.twitter.com/lFAeV1xI6t",
              "type": "photo",
              "additional_media_info": {
                "monetizable": false
              },
              "media_url_https": "https://pbs.twimg.com/ext_tw_video_thumb/1221133224639979520/pu/img/l3RZoo2UjVFUv1rD.jpg",
              "url": "https://t.co/lFAeV1xI6t",
              "sizes": {
                "thumb": {
                  "h": 150,
                  "w": 150,
                  "resize": "crop"
                },
                "small": {
                  "h": 680,
                  "w": 383,
                  "resize": "fit"
                },
                "medium": {
                  "h": 1200,
                  "w": 675,
                  "resize": "fit"
                },
                "large": {
                  "h": 1280,
                  "w": 720,
                  "resize": "fit"
                }
              }
            }
          ],
          "symbols": []
        },
        "in_reply_to_status_id": null,
        "retweet_count": 584,
        "possibly_sensitive": false,
        "truncated": false
      },
      "is_quote_status": true,
      "created_at": "Sun Jan 26 17:55:15 +0000 2020",
      "entities": {
        "user_mentions": [
          {
            "id_str": "32693299",
            "id": 32693299,
            "indices": [
              3,
              11
            ],
            "screen_name": "sullama",
            "name": "NANCY MESUR 🇵🇪 TE AMO PERU 🇵🇪🇵🇪"
          },
          {
            "id_str": "1515282908",
            "id": 1515282908,
            "indices": [
              38,
              51
            ],
            "screen_name": "APRA_Oficial",
            "name": "APRA Oficial"
          }
        ],
        "urls": [
          {
            "display_url": "twitter.com/patriciagamarr…",
            "expanded_url": "https://twitter.com/patriciagamarra/status/1221133354285830144",
            "indices": [
              67,
              90
            ],
            "url": "https://t.co/B03qIwmBL8"
          }
        ],
        "hashtags": [],
        "symbols": []
      },
      "in_reply_to_status_id_str": null,
      "filter_level": "low",
      "in_reply_to_screen_name": null,
      "place": null,
      "retweeted_status": {
        "quoted_status_id_str": "1221133354285830144",
        "quoted_status": {
          "favorite_count": 4297,
          "created_at": "Sat Jan 25 18:10:53 +0000 2020",
          "in_reply_to_status_id_str": null,
          "id_str": "1221133354285830144",
          "in_reply_to_screen_name": null,
          "place": null,
          "filter_level": "low",
          "retweeted": false,
          "text": "Si el APRA no pasa la valla mi mamá va a bailar en la Plaza San Martín. Y tú, ¿qué harás? https://t.co/lFAeV1xI6t",
          "in_reply_to_user_id_str": null,
          "contributors": null,
          "id": 1221133354285830144,
          "user": {
            "profile_sidebar_border_color": "000000",
            "is_translator": false,
            "screen_name": "patriciagamarra",
            "followers_count": 67850,
            "created_at": "Tue Nov 03 19:33:39 +0000 2009",
            "profile_background_color": "000000",
            "profile_image_url_https": "https://pbs.twimg.com/profile_images/1171285517826236416/FnrAVnwh_normal.jpg",
            "profile_sidebar_fill_color": "000000",
            "name": "Patricia Gamarra",
            "url": null,
            "default_profile": false,
            "translator_type": "none",
            "profile_text_color": "000000",
            "listed_count": 99,
            "profile_background_image_url": "http://abs.twimg.com/images/themes/theme1/bg.png",
            "following": null,
            "profile_background_tile": false,
            "default_profile_image": false,
            "protected": false,
            "id": 87264094,
            "contributors_enabled": false,
            "geo_enabled": true,
            "utc_offset": null,
            "description": "Instagram: patriciagamarra0 | Consultora en Investigación de Mercado | Conductora en @argollaTV",
            "time_zone": null,
            "follow_request_sent": null,
            "favourites_count": 48467,
            "friends_count": 746,
            "verified": false,
            "profile_background_image_url_https": "https://abs.twimg.com/images/themes/theme1/bg.png",
            "id_str": "87264094",
            "statuses_count": 54813,
            "profile_image_url": "http://pbs.twimg.com/profile_images/1171285517826236416/FnrAVnwh_normal.jpg",
            "notifications": null,
            "location": "Peru",
            "lang": null,
            "profile_use_background_image": false,
            "profile_link_color": "1B95E0",
            "profile_banner_url": "https://pbs.twimg.com/profile_banners/87264094/1445572866"
          },
          "display_text_range": [
            0,
            89
          ],
          "quote_count": 84,
          "geo": null,
          "extended_entities": {
            "media": [
              {
                "display_url": "pic.twitter.com/lFAeV1xI6t",
                "id": 1221133224639979520,
                "media_url": "http://pbs.twimg.com/ext_tw_video_thumb/1221133224639979520/pu/img/l3RZoo2UjVFUv1rD.jpg",
                "sizes": {
                  "thumb": {
                    "h": 150,
                    "w": 150,
                    "resize": "crop"
                  },
                  "small": {
                    "h": 680,
                    "w": 383,
                    "resize": "fit"
                  },
                  "medium": {
                    "h": 1200,
                    "w": 675,
                    "resize": "fit"
                  },
                  "large": {
                    "h": 1280,
                    "w": 720,
                    "resize": "fit"
                  }
                },
                "url": "https://t.co/lFAeV1xI6t",
                "id_str": "1221133224639979520",
                "expanded_url": "https://twitter.com/patriciagamarra/status/1221133354285830144/video/1",
                "indices": [
                  90,
                  113
                ],
                "video_info": {
                  "variants": [
                    {
                      "bitrate": 632000,
                      "content_type": "video/mp4",
                      "url": "https://video.twimg.com/ext_tw_video/1221133224639979520/pu/vid/320x568/lhaFO5rlCsXvXCrC.mp4?tag=10"
                    },
                    {
                      "bitrate": 832000,
                      "content_type": "video/mp4",
                      "url": "https://video.twimg.com/ext_tw_video/1221133224639979520/pu/vid/360x640/axKYHyF5SeyNbolr.mp4?tag=10"
                    },
                    {
                      "content_type": "application/x-mpegURL",
                      "url": "https://video.twimg.com/ext_tw_video/1221133224639979520/pu/pl/NDkgDbHRyXIfFojQ.m3u8?tag=10"
                    },
                    {
                      "bitrate": 2176000,
                      "content_type": "video/mp4",
                      "url": "https://video.twimg.com/ext_tw_video/1221133224639979520/pu/vid/720x1280/tarmkOlDGMmxd6uE.mp4?tag=10"
                    }
                  ],
                  "aspect_ratio": [
                    9,
                    16
                  ],
                  "duration_millis": 10953
                },
                "type": "video",
                "additional_media_info": {
                  "monetizable": false
                },
                "media_url_https": "https://pbs.twimg.com/ext_tw_video_thumb/1221133224639979520/pu/img/l3RZoo2UjVFUv1rD.jpg"
              }
            ]
          },
          "coordinates": null,
          "is_quote_status": false,
          "source": "<a href=\"http://twitter.com/download/android\" rel=\"nofollow\">Twitter for Android</a>",
          "favorited": false,
          "reply_count": 807,
          "lang": "es",
          "in_reply_to_user_id": null,
          "entities": {
            "user_mentions": [],
            "urls": [],
            "hashtags": [],
            "media": [
              {
                "id_str": "1221133224639979520",
                "id": 1221133224639979520,
                "indices": [
                  90,
                  113
                ],
                "expanded_url": "https://twitter.com/patriciagamarra/status/1221133354285830144/video/1",
                "media_url": "http://pbs.twimg.com/ext_tw_video_thumb/1221133224639979520/pu/img/l3RZoo2UjVFUv1rD.jpg",
                "display_url": "pic.twitter.com/lFAeV1xI6t",
                "type": "photo",
                "additional_media_info": {
                  "monetizable": false
                },
                "media_url_https": "https://pbs.twimg.com/ext_tw_video_thumb/1221133224639979520/pu/img/l3RZoo2UjVFUv1rD.jpg",
                "url": "https://t.co/lFAeV1xI6t",
                "sizes": {
                  "thumb": {
                    "h": 150,
                    "w": 150,
                    "resize": "crop"
                  },
                  "small": {
                    "h": 680,
                    "w": 383,
                    "resize": "fit"
                  },
                  "medium": {
                    "h": 1200,
                    "w": 675,
                    "resize": "fit"
                  },
                  "large": {
                    "h": 1280,
                    "w": 720,
                    "resize": "fit"
                  }
                }
              }
            ],
            "symbols": []
          },
          "in_reply_to_status_id": null,
          "retweet_count": 584,
          "possibly_sensitive": false,
          "truncated": false
        },
        "is_quote_status": true,
        "created_at": "Sun Jan 26 14:46:39 +0000 2020",
        "entities": {
          "user_mentions": [
            {
              "id_str": "1515282908",
              "id": 1515282908,
              "indices": [
                25,
                38
              ],
              "screen_name": "APRA_Oficial",
              "name": "APRA Oficial"
            }
          ],
          "urls": [
            {
              "display_url": "twitter.com/patriciagamarr…",
              "expanded_url": "https://twitter.com/patriciagamarra/status/1221133354285830144",
              "indices": [
                54,
                77
              ],
              "url": "https://t.co/B03qIwmBL8"
            }
          ],
          "hashtags": [],
          "symbols": []
        },
        "in_reply_to_status_id_str": null,
        "filter_level": "low",
        "in_reply_to_screen_name": null,
        "place": null,
        "retweeted": false,
        "text": "Y que hará tu mami si el @APRA_Oficial pasa la valla? https://t.co/B03qIwmBL8",
        "in_reply_to_user_id_str": null,
        "contributors": null,
        "id": 1221444344349184000,
        "user": {
          "profile_sidebar_border_color": "000000",
          "is_translator": false,
          "screen_name": "sullama",
          "followers_count": 5788,
          "created_at": "Sat Apr 18 00:53:43 +0000 2009",
          "profile_background_color": "000000",
          "profile_image_url_https": "https://pbs.twimg.com/profile_images/1218005096245624833/ycS4ruc7_normal.jpg",
          "profile_sidebar_fill_color": "000000",
          "name": "NANCY MESUR 🇵🇪 TE AMO PERU 🇵🇪🇵🇪",
          "url": "https://www.instagram.com/nncy1003/",
          "default_profile": false,
          "translator_type": "none",
          "profile_text_color": "000000",
          "listed_count": 14,
          "profile_background_image_url": "http://abs.twimg.com/images/themes/theme4/bg.gif",
          "following": null,
          "profile_background_tile": false,
          "default_profile_image": false,
          "protected": false,
          "id": 32693299,
          "contributors_enabled": false,
          "geo_enabled": true,
          "utc_offset": null,
          "description": "Pro-vida. Pro-familia“Conoceréis la verdad, y los hará libres.” \"Yo soy el camino,la verdad y la vida\" 🇺🇸 #VotoElectronicoEsFraude #YoDefiendoLaConstitucion93",
          "time_zone": null,
          "follow_request_sent": null,
          "favourites_count": 22415,
          "friends_count": 1017,
          "verified": false,
          "profile_background_image_url_https": "https://abs.twimg.com/images/themes/theme4/bg.gif",
          "id_str": "32693299",
          "statuses_count": 31295,
          "profile_image_url": "http://pbs.twimg.com/profile_images/1218005096245624833/ycS4ruc7_normal.jpg",
          "notifications": null,
          "location": "Peru",
          "lang": null,
          "profile_use_background_image": false,
          "profile_link_color": "F58EA8",
          "profile_banner_url": "https://pbs.twimg.com/profile_banners/32693299/1530371010"
        },
        "display_text_range": [
          0,
          53
        ],
        "quote_count": 2,
        "geo": null,
        "favorite_count": 50,
        "retweet_count": 20,
        "id_str": "1221444344349184000",
        "source": "<a href=\"http://twitter.com/download/iphone\" rel=\"nofollow\">Twitter for iPhone</a>",
        "favorited": false,
        "reply_count": 16,
        "lang": "es",
        "quoted_status_permalink": {
          "display": "twitter.com/patriciagamarr…",
          "expanded": "https://twitter.com/patriciagamarra/status/1221133354285830144",
          "url": "https://t.co/B03qIwmBL8"
        },
        "in_reply_to_user_id": null,
        "truncated": false,
        "in_reply_to_status_id": null,
        "coordinates": null,
        "possibly_sensitive": false,
        "quoted_status_id": 1221133354285830144
      },
      "retweeted": false,
      "text": "RT @sullama: Y que hará tu mami si el @APRA_Oficial pasa la valla? https://t.co/B03qIwmBL8",
      "in_reply_to_user_id_str": null,
      "contributors": null,
      "id": 1221491804719194113,
      "user": {
        "profile_sidebar_border_color": "EEEEEE",
        "is_translator": false,
        "screen_name": "JoseWVilca",
        "followers_count": 441,
        "created_at": "Thu Aug 13 22:10:01 +0000 2009",
        "profile_background_color": "B2DFDA",
        "profile_image_url_https": "https://pbs.twimg.com/profile_images/1099515084928360448/BAki9Uws_normal.png",
        "profile_sidebar_fill_color": "FFFFFF",
        "name": "Jose W. Vilca",
        "url": null,
        "default_profile": false,
        "translator_type": "none",
        "profile_text_color": "333333",
        "listed_count": 2,
        "profile_background_image_url": "http://abs.twimg.com/images/themes/theme13/bg.gif",
        "following": null,
        "profile_background_tile": false,
        "default_profile_image": false,
        "protected": false,
        "id": 65482157,
        "contributors_enabled": false,
        "geo_enabled": true,
        "utc_offset": null,
        "description": "a 60 RPM married guy",
        "time_zone": null,
        "follow_request_sent": null,
        "favourites_count": 45489,
        "friends_count": 383,
        "verified": false,
        "profile_background_image_url_https": "https://abs.twimg.com/images/themes/theme13/bg.gif",
        "id_str": "65482157",
        "statuses_count": 63040,
        "profile_image_url": "http://pbs.twimg.com/profile_images/1099515084928360448/BAki9Uws_normal.png",
        "notifications": null,
        "location": "Santiago RD",
        "lang": null,
        "profile_use_background_image": true,
        "profile_link_color": "93A644",
        "profile_banner_url": "https://pbs.twimg.com/profile_banners/65482157/1550979881"
      },
      "quote_count": 0,
      "geo": null,
      "favorite_count": 0,
      "retweet_count": 0,
      "id_str": "1221491804719194113",
      "source": "<a href=\"https://mobile.twitter.com\" rel=\"nofollow\">Twitter Web App</a>",
      "favorited": false,
      "reply_count": 0,
      "timestamp_ms": "1580061315122",
      "lang": "es",
      "quoted_status_permalink": {
        "display": "twitter.com/patriciagamarr…",
        "expanded": "https://twitter.com/patriciagamarra/status/1221133354285830144",
        "url": "https://t.co/B03qIwmBL8"
      },
      "in_reply_to_user_id": null,
      "truncated": false,
      "in_reply_to_status_id": null,
      "coordinates": null,
      "possibly_sensitive": false,
      "quoted_status_id": 1221133354285830144
    },
    {
      "quoted_status_id_str": "1220699647414538242",
      "quoted_status": {
        "favorite_count": 2824,
        "created_at": "Fri Jan 24 13:27:30 +0000 2020",
        "in_reply_to_status_id_str": null,
        "id_str": "1220699647414538242",
        "extended_tweet": {
          "display_text_range": [
            0,
            276
          ],
          "full_text": "Deplorable q ex Presidentes/as del Tribunal Constitucional, incluyendo actual Presidenta, defiendan Constitución nacida en dictadura y se pronuncien, de  hecho, por rechazo en plebiscito. Es abierto conflicto entre juez y partes, y subraya necesidad de profundo cambio del TC.",
          "entities": {
            "user_mentions": [],
            "urls": [],
            "hashtags": [],
            "symbols": []
          }
        },
        "in_reply_to_screen_name": null,
        "place": null,
        "filter_level": "low",
        "retweeted": false,
        "text": "Deplorable q ex Presidentes/as del Tribunal Constitucional, incluyendo actual Presidenta, defiendan Constitución na… https://t.co/5mQ6zM2Hk1",
        "in_reply_to_user_id_str": null,
        "contributors": null,
        "id": 1220699647414538242,
        "user": {
          "profile_sidebar_border_color": "C0DEED",
          "is_translator": false,
          "screen_name": "HeraldoMunoz",
          "followers_count": 59561,
          "created_at": "Thu Feb 03 20:52:16 +0000 2011",
          "profile_background_color": "C0DEED",
          "profile_image_url_https": "https://pbs.twimg.com/profile_images/1211731140047974401/O-wykf22_normal.jpg",
          "profile_sidebar_fill_color": "DDEEF6",
          "name": "Heraldo Muñoz",
          "url": null,
          "default_profile": true,
          "translator_type": "none",
          "profile_text_color": "333333",
          "listed_count": 425,
          "profile_background_image_url": "http://abs.twimg.com/images/themes/theme1/bg.png",
          "following": null,
          "profile_background_tile": false,
          "default_profile_image": false,
          "protected": false,
          "id": 246971667,
          "contributors_enabled": false,
          "geo_enabled": false,
          "utc_offset": null,
          "description": "Presidente del Partido por la Democracia (PPD), ex Ministro de Relaciones Exteriores de Chile, Embajador del Océano de fundaciones Pew y Bertarelli.",
          "time_zone": null,
          "follow_request_sent": null,
          "favourites_count": 66,
          "friends_count": 1500,
          "verified": false,
          "profile_background_image_url_https": "https://abs.twimg.com/images/themes/theme1/bg.png",
          "id_str": "246971667",
          "statuses_count": 11501,
          "profile_image_url": "http://pbs.twimg.com/profile_images/1211731140047974401/O-wykf22_normal.jpg",
          "notifications": null,
          "location": null,
          "lang": null,
          "profile_use_background_image": true,
          "profile_link_color": "1DA1F2",
          "profile_banner_url": "https://pbs.twimg.com/profile_banners/246971667/1577733451"
        },
        "quote_count": 244,
        "geo": null,
        "coordinates": null,
        "is_quote_status": false,
        "source": "<a href=\"http://twitter.com/download/iphone\" rel=\"nofollow\">Twitter for iPhone</a>",
        "favorited": false,
        "reply_count": 1096,
        "lang": "es",
        "in_reply_to_user_id": null,
        "entities": {
          "user_mentions": [],
          "urls": [
            {
              "display_url": "twitter.com/i/web/status/1…",
              "expanded_url": "https://twitter.com/i/web/status/1220699647414538242",
              "indices": [
                117,
                140
              ],
              "url": "https://t.co/5mQ6zM2Hk1"
            }
          ],
          "hashtags": [],
          "symbols": []
        },
        "in_reply_to_status_id": null,
        "retweet_count": 1201,
        "truncated": true
      },
      "is_quote_status": true,
      "created_at": "Sun Jan 26 17:55:17 +0000 2020",
      "entities": {
        "user_mentions": [
          {
            "id_str": "71949243",
            "id": 71949243,
            "indices": [
              3,
              18
            ],
            "screen_name": "Diego_Schalper",
            "name": "Diego Schalper"
          }
        ],
        "urls": [],
        "hashtags": [],
        "symbols": []
      },
      "in_reply_to_status_id_str": null,
      "filter_level": "low",
      "in_reply_to_screen_name": null,
      "place": null,
      "retweeted_status": {
        "quoted_status_id_str": "1220699647414538242",
        "quoted_status": {
          "favorite_count": 2824,
          "created_at": "Fri Jan 24 13:27:30 +0000 2020",
          "in_reply_to_status_id_str": null,
          "id_str": "1220699647414538242",
          "extended_tweet": {
            "display_text_range": [
              0,
              276
            ],
            "full_text": "Deplorable q ex Presidentes/as del Tribunal Constitucional, incluyendo actual Presidenta, defiendan Constitución nacida en dictadura y se pronuncien, de  hecho, por rechazo en plebiscito. Es abierto conflicto entre juez y partes, y subraya necesidad de profundo cambio del TC.",
            "entities": {
              "user_mentions": [],
              "urls": [],
              "hashtags": [],
              "symbols": []
            }
          },
          "in_reply_to_screen_name": null,
          "place": null,
          "filter_level": "low",
          "retweeted": false,
          "text": "Deplorable q ex Presidentes/as del Tribunal Constitucional, incluyendo actual Presidenta, defiendan Constitución na… https://t.co/5mQ6zM2Hk1",
          "in_reply_to_user_id_str": null,
          "contributors": null,
          "id": 1220699647414538242,
          "user": {
            "profile_sidebar_border_color": "C0DEED",
            "is_translator": false,
            "screen_name": "HeraldoMunoz",
            "followers_count": 59561,
            "created_at": "Thu Feb 03 20:52:16 +0000 2011",
            "profile_background_color": "C0DEED",
            "profile_image_url_https": "https://pbs.twimg.com/profile_images/1211731140047974401/O-wykf22_normal.jpg",
            "profile_sidebar_fill_color": "DDEEF6",
            "name": "Heraldo Muñoz",
            "url": null,
            "default_profile": true,
            "translator_type": "none",
            "profile_text_color": "333333",
            "listed_count": 425,
            "profile_background_image_url": "http://abs.twimg.com/images/themes/theme1/bg.png",
            "following": null,
            "profile_background_tile": false,
            "default_profile_image": false,
            "protected": false,
            "id": 246971667,
            "contributors_enabled": false,
            "geo_enabled": false,
            "utc_offset": null,
            "description": "Presidente del Partido por la Democracia (PPD), ex Ministro de Relaciones Exteriores de Chile, Embajador del Océano de fundaciones Pew y Bertarelli.",
            "time_zone": null,
            "follow_request_sent": null,
            "favourites_count": 66,
            "friends_count": 1500,
            "verified": false,
            "profile_background_image_url_https": "https://abs.twimg.com/images/themes/theme1/bg.png",
            "id_str": "246971667",
            "statuses_count": 11501,
            "profile_image_url": "http://pbs.twimg.com/profile_images/1211731140047974401/O-wykf22_normal.jpg",
            "notifications": null,
            "location": null,
            "lang": null,
            "profile_use_background_image": true,
            "profile_link_color": "1DA1F2",
            "profile_banner_url": "https://pbs.twimg.com/profile_banners/246971667/1577733451"
          },
          "quote_count": 244,
          "geo": null,
          "coordinates": null,
          "is_quote_status": false,
          "source": "<a href=\"http://twitter.com/download/iphone\" rel=\"nofollow\">Twitter for iPhone</a>",
          "favorited": false,
          "reply_count": 1096,
          "lang": "es",
          "in_reply_to_user_id": null,
          "entities": {
            "user_mentions": [],
            "urls": [
              {
                "display_url": "twitter.com/i/web/status/1…",
                "expanded_url": "https://twitter.com/i/web/status/1220699647414538242",
                "indices": [
                  117,
                  140
                ],
                "url": "https://t.co/5mQ6zM2Hk1"
              }
            ],
            "hashtags": [],
            "symbols": []
          },
          "in_reply_to_status_id": null,
          "retweet_count": 1201,
          "truncated": true
        },
        "favorite_count": 764,
        "created_at": "Sun Jan 26 15:25:22 +0000 2020",
        "entities": {
          "user_mentions": [],
          "urls": [
            {
              "display_url": "twitter.com/i/web/status/1…",
              "expanded_url": "https://twitter.com/i/web/status/1221454086341627905",
              "indices": [
                116,
                139
              ],
              "url": "https://t.co/CgDC5hMMDg"
            }
          ],
          "hashtags": [],
          "symbols": []
        },
        "in_reply_to_status_id_str": null,
        "id_str": "1221454086341627905",
        "extended_tweet": {
          "display_text_range": [
            0,
            260
          ],
          "full_text": "Deplorable es que alguien que fue Canciller emita un juicio de tan poca profundidad y rigurosidad. Que triste como están terminando su vida política muchos de los que en algún momento condujeron desde un reformismo socialdemócrata. Entregados al Frente Amplio!",
          "entities": {
            "user_mentions": [],
            "urls": [],
            "hashtags": [],
            "symbols": []
          }
        },
        "in_reply_to_screen_name": null,
        "place": null,
        "filter_level": "low",
        "retweeted": false,
        "text": "Deplorable es que alguien que fue Canciller emita un juicio de tan poca profundidad y rigurosidad. Que triste como… https://t.co/CgDC5hMMDg",
        "in_reply_to_user_id_str": null,
        "contributors": null,
        "id": 1221454086341627905,
        "user": {
          "profile_sidebar_border_color": "000000",
          "is_translator": false,
          "screen_name": "Diego_Schalper",
          "followers_count": 56099,
          "created_at": "Sun Sep 06 02:44:00 +0000 2009",
          "profile_background_color": "330E1D",
          "profile_image_url_https": "https://pbs.twimg.com/profile_images/854359352039411716/VLkUr3Jh_normal.jpg",
          "profile_sidebar_fill_color": "DDEEF6",
          "name": "Diego Schalper",
          "url": null,
          "default_profile": false,
          "translator_type": "none",
          "profile_text_color": "333333",
          "listed_count": 171,
          "profile_background_image_url": "http://abs.twimg.com/images/themes/theme1/bg.png",
          "following": null,
          "profile_background_tile": false,
          "default_profile_image": false,
          "protected": false,
          "id": 71949243,
          "contributors_enabled": false,
          "geo_enabled": true,
          "utc_offset": null,
          "description": "Abogado. Diputado del distrito 15. Jugado por la solidaridad.",
          "time_zone": null,
          "follow_request_sent": null,
          "favourites_count": 1438,
          "friends_count": 3303,
          "verified": false,
          "profile_background_image_url_https": "https://abs.twimg.com/images/themes/theme1/bg.png",
          "id_str": "71949243",
          "statuses_count": 13907,
          "profile_image_url": "http://pbs.twimg.com/profile_images/854359352039411716/VLkUr3Jh_normal.jpg",
          "notifications": null,
          "location": "Chile",
          "lang": null,
          "profile_use_background_image": false,
          "profile_link_color": "1B95E0",
          "profile_banner_url": "https://pbs.twimg.com/profile_banners/71949243/1438712405"
        },
        "quote_count": 13,
        "geo": null,
        "retweet_count": 341,
        "is_quote_status": true,
        "source": "<a href=\"http://twitter.com/download/iphone\" rel=\"nofollow\">Twitter for iPhone</a>",
        "favorited": false,
        "reply_count": 57,
        "lang": "es",
        "quoted_status_permalink": {
          "display": "twitter.com/heraldomunoz/s…",
          "expanded": "https://twitter.com/heraldomunoz/status/1220699647414538242",
          "url": "https://t.co/snXxaHJEhd"
        },
        "in_reply_to_user_id": null,
        "truncated": true,
        "in_reply_to_status_id": null,
        "coordinates": null,
        "quoted_status_id": 1220699647414538242
      },
      "retweeted": false,
      "text": "RT @Diego_Schalper: Deplorable es que alguien que fue Canciller emita un juicio de tan poca profundidad y rigurosidad. Que triste como está…",
      "in_reply_to_user_id_str": null,
      "contributors": null,
      "id": 1221491816031277057,
      "user": {
        "profile_sidebar_border_color": "C0DEED",
        "is_translator": false,
        "screen_name": "clurifur",
        "followers_count": 239,
        "created_at": "Sat Jul 24 05:31:20 +0000 2010",
        "profile_background_color": "C0DEED",
        "profile_image_url_https": "https://abs.twimg.com/sticky/default_profile_images/default_profile_normal.png",
        "profile_sidebar_fill_color": "DDEEF6",
        "name": "clurifur",
        "url": null,
        "default_profile": true,
        "translator_type": "none",
        "profile_text_color": "333333",
        "listed_count": 4,
        "profile_background_image_url": "http://abs.twimg.com/images/themes/theme1/bg.png",
        "following": null,
        "profile_background_tile": false,
        "protected": false,
        "id": 170203199,
        "contributors_enabled": false,
        "geo_enabled": true,
        "utc_offset": null,
        "description": null,
        "time_zone": null,
        "follow_request_sent": null,
        "favourites_count": 35098,
        "friends_count": 349,
        "verified": false,
        "profile_background_image_url_https": "https://abs.twimg.com/images/themes/theme1/bg.png",
        "id_str": "170203199",
        "statuses_count": 26810,
        "profile_image_url": "http://abs.twimg.com/sticky/default_profile_images/default_profile_normal.png",
        "notifications": null,
        "location": null,
        "lang": null,
        "profile_use_background_image": true,
        "profile_link_color": "1DA1F2",
        "default_profile_image": false
      },
      "quote_count": 0,
      "geo": null,
      "favorite_count": 0,
      "retweet_count": 0,
      "id_str": "1221491816031277057",
      "source": "<a href=\"http://twitter.com/download/android\" rel=\"nofollow\">Twitter for Android</a>",
      "favorited": false,
      "reply_count": 0,
      "timestamp_ms": "1580061317819",
      "lang": "es",
      "quoted_status_permalink": {
        "display": "twitter.com/heraldomunoz/s…",
        "expanded": "https://twitter.com/heraldomunoz/status/1220699647414538242",
        "url": "https://t.co/snXxaHJEhd"
      },
      "in_reply_to_user_id": null,
      "truncated": false,
      "in_reply_to_status_id": null,
      "coordinates": null,
      "quoted_status_id": 1220699647414538242
    },
    {
      "favorite_count": 0,
      "created_at": "Sun Jan 26 17:55:19 +0000 2020",
      "in_reply_to_status_id_str": "1221491329894506497",
      "id_str": "1221491822179913729",
      "extended_tweet": {
        "display_text_range": [
          68,
          282
        ],
        "full_text": "@eudmed @PFuerzaPopular @luchogalarreta @MIKI_Torres_ @LuzSalgado_R Si pues, pero Keiko no es usted. No hará nada aparte de estas \"muda\" haciéndole el juego al DICTADOR, botando a Bartra de su bancada y ni siquiera apoyando a sus candidatos. Cobarde...que se retire de la politica.1",
        "entities": {
          "user_mentions": [
            {
              "id_str": "129305935",
              "id": 129305935,
              "indices": [
                0,
                7
              ],
              "screen_name": "eudmed",
              "name": "Eugenio D'Medina Lora"
            },
            {
              "id_str": "721086806",
              "id": 721086806,
              "indices": [
                8,
                23
              ],
              "screen_name": "PFuerzaPopular",
              "name": "Partido Político Fuerza Popular 🇵🇪"
            },
            {
              "id_str": "55181597",
              "id": 55181597,
              "indices": [
                24,
                39
              ],
              "screen_name": "luchogalarreta",
              "name": "Lucho Galarreta"
            },
            {
              "id_str": "2594077129",
              "id": 2594077129,
              "indices": [
                40,
                53
              ],
              "screen_name": "MIKI_Torres_",
              "name": "MIKI Torres"
            },
            {
              "id_str": "486862376",
              "id": 486862376,
              "indices": [
                54,
                67
              ],
              "screen_name": "LuzSalgado_R",
              "name": "Luz Salgado"
            }
          ],
          "urls": [],
          "hashtags": [],
          "symbols": []
        }
      },
      "in_reply_to_screen_name": "eudmed",
      "place": null,
      "filter_level": "low",
      "retweeted": false,
      "text": "@eudmed @PFuerzaPopular @luchogalarreta @MIKI_Torres_ @LuzSalgado_R Si pues, pero Keiko no es usted. No hará nada a… https://t.co/cB6lfHGO7f",
      "in_reply_to_user_id_str": "129305935",
      "contributors": null,
      "id": 1221491822179913729,
      "user": {
        "profile_sidebar_border_color": "C0DEED",
        "is_translator": false,
        "screen_name": "Peru_peor",
        "followers_count": 203,
        "created_at": "Sat Sep 10 11:02:51 +0000 2016",
        "profile_background_color": "F5F8FA",
        "profile_image_url_https": "https://pbs.twimg.com/profile_images/1207831611565150213/GLBDYH1O_normal.jpg",
        "profile_sidebar_fill_color": "DDEEF6",
        "name": "La Morsa en Dictadura",
        "url": null,
        "default_profile": true,
        "translator_type": "none",
        "profile_text_color": "333333",
        "listed_count": 1,
        "profile_background_image_url": "",
        "following": null,
        "profile_background_tile": false,
        "default_profile_image": false,
        "protected": false,
        "id": 774563785054887937,
        "contributors_enabled": false,
        "geo_enabled": true,
        "utc_offset": null,
        "description": "#GolpedeEstado El dictador es rojo pero mas inepto que EVO.",
        "time_zone": null,
        "follow_request_sent": null,
        "favourites_count": 3374,
        "friends_count": 208,
        "verified": false,
        "profile_background_image_url_https": "",
        "id_str": "774563785054887937",
        "statuses_count": 6120,
        "profile_image_url": "http://pbs.twimg.com/profile_images/1207831611565150213/GLBDYH1O_normal.jpg",
        "notifications": null,
        "location": null,
        "lang": null,
        "profile_use_background_image": true,
        "profile_link_color": "1DA1F2",
        "profile_banner_url": "https://pbs.twimg.com/profile_banners/774563785054887937/1570479358"
      },
      "display_text_range": [
        68,
        140
      ],
      "quote_count": 0,
      "geo": null,
      "retweet_count": 0,
      "is_quote_status": false,
      "source": "<a href=\"http://twitter.com/download/android\" rel=\"nofollow\">Twitter for Android</a>",
      "favorited": false,
      "reply_count": 0,
      "timestamp_ms": "1580061319285",
      "lang": "es",
      "in_reply_to_user_id": 129305935,
      "entities": {
        "user_mentions": [
          {
            "id_str": "129305935",
            "id": 129305935,
            "indices": [
              0,
              7
            ],
            "screen_name": "eudmed",
            "name": "Eugenio D'Medina Lora"
          },
          {
            "id_str": "721086806",
            "id": 721086806,
            "indices": [
              8,
              23
            ],
            "screen_name": "PFuerzaPopular",
            "name": "Partido Político Fuerza Popular 🇵🇪"
          },
          {
            "id_str": "55181597",
            "id": 55181597,
            "indices": [
              24,
              39
            ],
            "screen_name": "luchogalarreta",
            "name": "Lucho Galarreta"
          },
          {
            "id_str": "2594077129",
            "id": 2594077129,
            "indices": [
              40,
              53
            ],
            "screen_name": "MIKI_Torres_",
            "name": "MIKI Torres"
          },
          {
            "id_str": "486862376",
            "id": 486862376,
            "indices": [
              54,
              67
            ],
            "screen_name": "LuzSalgado_R",
            "name": "Luz Salgado"
          }
        ],
        "urls": [
          {
            "display_url": "twitter.com/i/web/status/1…",
            "expanded_url": "https://twitter.com/i/web/status/1221491822179913729",
            "indices": [
              117,
              140
            ],
            "url": "https://t.co/cB6lfHGO7f"
          }
        ],
        "hashtags": [],
        "symbols": []
      },
      "in_reply_to_status_id": 1221491329894506497,
      "coordinates": null,
      "truncated": true
    },
    {
      "created_at": "Sun Jan 26 17:55:19 +0000 2020",
      "in_reply_to_status_id_str": null,
      "id_str": "1221491824432422913",
      "in_reply_to_screen_name": null,
      "place": null,
      "filter_level": "low",
      "in_reply_to_user_id": null,
      "retweeted": false,
      "text": "La gente aglomerándose para saludar a Keiko. Nos merecemos un congreso peor que el que tuvimos y el dólar a 400 soles. #Elecciones2020",
      "in_reply_to_user_id_str": null,
      "contributors": null,
      "id": 1221491824432422913,
      "user": {
        "profile_sidebar_border_color": "C0DEED",
        "is_translator": false,
        "screen_name": "alfredmaiocchi",
        "followers_count": 504,
        "created_at": "Tue Mar 24 10:19:40 +0000 2015",
        "profile_background_color": "ABB8C2",
        "profile_image_url_https": "https://pbs.twimg.com/profile_images/1153506748654858240/iityNdMU_normal.png",
        "profile_sidebar_fill_color": "DDEEF6",
        "name": "Alƒredo",
        "url": null,
        "default_profile": false,
        "translator_type": "none",
        "profile_text_color": "333333",
        "listed_count": 5,
        "profile_background_image_url": "http://abs.twimg.com/images/themes/theme1/bg.png",
        "following": null,
        "profile_background_tile": false,
        "default_profile_image": false,
        "protected": false,
        "id": 3109931049,
        "contributors_enabled": false,
        "geo_enabled": false,
        "utc_offset": null,
        "description": "Mejor es ser libre, súper increíble, poder desplazarse con fuerza y placer.Its better being free, its super incredible, be able to move with force and pleasure.",
        "time_zone": null,
        "follow_request_sent": null,
        "favourites_count": 11196,
        "friends_count": 455,
        "verified": false,
        "profile_background_image_url_https": "https://abs.twimg.com/images/themes/theme1/bg.png",
        "id_str": "3109931049",
        "statuses_count": 9345,
        "profile_image_url": "http://pbs.twimg.com/profile_images/1153506748654858240/iityNdMU_normal.png",
        "notifications": null,
        "location": "Peru",
        "lang": null,
        "profile_use_background_image": true,
        "profile_link_color": "0084B4",
        "profile_banner_url": "https://pbs.twimg.com/profile_banners/3109931049/1558115288"
      },
      "quote_count": 0,
      "geo": null,
      "coordinates": null,
      "is_quote_status": false,
      "source": "<a href=\"https://mobile.twitter.com\" rel=\"nofollow\">Twitter Web App</a>",
      "favorited": false,
      "favorite_count": 0,
      "timestamp_ms": "1580061319822",
      "lang": "es",
      "reply_count": 0,
      "entities": {
        "user_mentions": [],
        "urls": [],
        "hashtags": [
          {
            "indices": [
              119,
              134
            ],
            "text": "Elecciones2020"
          }
        ],
        "symbols": []
      },
      "in_reply_to_status_id": null,
      "retweet_count": 0,
      "truncated": false
    },
    {
      "favorite_count": 0,
      "created_at": "Sun Jan 26 17:55:21 +0000 2020",
      "in_reply_to_status_id_str": "1221298951866986496",
      "id_str": "1221491830593851392",
      "in_reply_to_screen_name": "LuzSalgado_R",
      "place": null,
      "filter_level": "low",
      "retweeted": false,
      "text": "@LuzSalgado_R @KeikoFujimori Cierra el orto vieja hdp",
      "in_reply_to_user_id_str": "486862376",
      "contributors": null,
      "id": 1221491830593851392,
      "user": {
        "profile_sidebar_border_color": "FFFFFF",
        "is_translator": false,
        "screen_name": "ElRinoban",
        "followers_count": 162,
        "created_at": "Wed Sep 02 18:32:22 +0000 2009",
        "profile_background_color": "1A1B1F",
        "profile_image_url_https": "https://pbs.twimg.com/profile_images/1219299458233573377/6s2zYzYq_normal.jpg",
        "profile_sidebar_fill_color": "252429",
        "name": "Rinoban★",
        "url": null,
        "default_profile": false,
        "translator_type": "regular",
        "profile_text_color": "666666",
        "listed_count": 2,
        "profile_background_image_url": "http://abs.twimg.com/images/themes/theme9/bg.gif",
        "following": null,
        "profile_background_tile": true,
        "default_profile_image": false,
        "protected": false,
        "id": 71037539,
        "contributors_enabled": false,
        "geo_enabled": false,
        "utc_offset": null,
        "description": "Ingeniero, amante de la tecnología, naturaleza y de los cómics, me encanta viajar ✈🌎. Digo lo que pienso y hago lo que quiero.",
        "time_zone": null,
        "follow_request_sent": null,
        "favourites_count": 2465,
        "friends_count": 391,
        "verified": false,
        "profile_background_image_url_https": "https://abs.twimg.com/images/themes/theme9/bg.gif",
        "id_str": "71037539",
        "statuses_count": 4363,
        "profile_image_url": "http://pbs.twimg.com/profile_images/1219299458233573377/6s2zYzYq_normal.jpg",
        "notifications": null,
        "location": null,
        "lang": null,
        "profile_use_background_image": true,
        "profile_link_color": "2FC2EF",
        "profile_banner_url": "https://pbs.twimg.com/profile_banners/71037539/1567781774"
      },
      "display_text_range": [
        29,
        53
      ],
      "quote_count": 0,
      "geo": null,
      "coordinates": null,
      "is_quote_status": false,
      "source": "<a href=\"http://twitter.com/download/android\" rel=\"nofollow\">Twitter for Android</a>",
      "favorited": false,
      "reply_count": 0,
      "timestamp_ms": "1580061321291",
      "lang": "es",
      "in_reply_to_user_id": 486862376,
      "entities": {
        "user_mentions": [
          {
            "id_str": "486862376",
            "id": 486862376,
            "indices": [
              0,
              13
            ],
            "screen_name": "LuzSalgado_R",
            "name": "Luz Salgado"
          },
          {
            "id_str": "53189543",
            "id": 53189543,
            "indices": [
              14,
              28
            ],
            "screen_name": "KeikoFujimori",
            "name": "Keiko Fujimori"
          }
        ],
        "urls": [],
        "hashtags": [],
        "symbols": []
      },
      "in_reply_to_status_id": 1221298951866986496,
      "retweet_count": 0,
      "truncated": false
    },
    {
      "favorite_count": 0,
      "created_at": "Sun Jan 26 17:55:21 +0000 2020",
      "in_reply_to_status_id_str": null,
      "id_str": "1221491833206738944",
      "in_reply_to_screen_name": null,
      "place": null,
      "filter_level": "low",
      "retweeted_status": {
        "created_at": "Sun Jan 26 17:16:27 +0000 2020",
        "in_reply_to_status_id_str": null,
        "id_str": "1221482041289605121",
        "in_reply_to_screen_name": null,
        "place": null,
        "filter_level": "low",
        "in_reply_to_user_id": null,
        "retweeted": false,
        "text": "Un like y entro a votar gritando ANTES MUERTA QUE VER AL APRA GANAR",
        "in_reply_to_user_id_str": null,
        "contributors": null,
        "id": 1221482041289605121,
        "user": {
          "profile_sidebar_border_color": "FFFFFF",
          "is_translator": false,
          "screen_name": "CholaProgre",
          "followers_count": 429,
          "created_at": "Mon Oct 07 15:11:14 +0000 2013",
          "profile_background_color": "F58EA8",
          "profile_image_url_https": "https://pbs.twimg.com/profile_images/1161851265472704512/myapJlfW_normal.jpg",
          "profile_sidebar_fill_color": "F6FFD1",
          "name": "M",
          "url": null,
          "default_profile": false,
          "translator_type": "none",
          "profile_text_color": "333333",
          "listed_count": 3,
          "profile_background_image_url": "http://abs.twimg.com/images/themes/theme19/bg.gif",
          "following": null,
          "profile_background_tile": true,
          "default_profile_image": false,
          "protected": false,
          "id": 1944358500,
          "contributors_enabled": false,
          "geo_enabled": true,
          "utc_offset": null,
          "description": "Hipérbole cotidiana",
          "time_zone": null,
          "follow_request_sent": null,
          "favourites_count": 10870,
          "friends_count": 767,
          "verified": false,
          "profile_background_image_url_https": "https://abs.twimg.com/images/themes/theme19/bg.gif",
          "id_str": "1944358500",
          "statuses_count": 34477,
          "profile_image_url": "http://pbs.twimg.com/profile_images/1161851265472704512/myapJlfW_normal.jpg",
          "notifications": null,
          "location": null,
          "lang": null,
          "profile_use_background_image": true,
          "profile_link_color": "F58EA8",
          "profile_banner_url": "https://pbs.twimg.com/profile_banners/1944358500/1526329768"
        },
        "quote_count": 0,
        "geo": null,
        "coordinates": null,
        "is_quote_status": false,
        "source": "<a href=\"http://twitter.com/download/android\" rel=\"nofollow\">Twitter for Android</a>",
        "favorited": false,
        "favorite_count": 13,
        "lang": "es",
        "reply_count": 0,
        "entities": {
          "user_mentions": [],
          "urls": [],
          "hashtags": [],
          "symbols": []
        },
        "in_reply_to_status_id": null,
        "retweet_count": 2,
        "truncated": false
      },
      "retweeted": false,
      "text": "RT @CholaProgre: Un like y entro a votar gritando ANTES MUERTA QUE VER AL APRA GANAR",
      "in_reply_to_user_id_str": null,
      "contributors": null,
      "id": 1221491833206738944,
      "user": {
        "profile_sidebar_border_color": "000000",
        "is_translator": false,
        "screen_name": "0josdevideotape",
        "followers_count": 55,
        "created_at": "Mon Nov 03 02:15:50 +0000 2014",
        "profile_background_color": "000000",
        "profile_image_url_https": "https://pbs.twimg.com/profile_images/818643471317790720/byLRibZe_normal.jpg",
        "profile_sidebar_fill_color": "000000",
        "name": "Luis",
        "url": null,
        "default_profile": false,
        "translator_type": "none",
        "profile_text_color": "000000",
        "listed_count": 1,
        "profile_background_image_url": "http://abs.twimg.com/images/themes/theme1/bg.png",
        "following": null,
        "profile_background_tile": false,
        "default_profile_image": false,
        "protected": false,
        "id": 2858058969,
        "contributors_enabled": false,
        "geo_enabled": true,
        "utc_offset": null,
        "description": ".",
        "time_zone": null,
        "follow_request_sent": null,
        "favourites_count": 948,
        "friends_count": 519,
        "verified": false,
        "profile_background_image_url_https": "https://abs.twimg.com/images/themes/theme1/bg.png",
        "id_str": "2858058969",
        "statuses_count": 1107,
        "profile_image_url": "http://pbs.twimg.com/profile_images/818643471317790720/byLRibZe_normal.jpg",
        "notifications": null,
        "location": null,
        "lang": null,
        "profile_use_background_image": false,
        "profile_link_color": "000000",
        "profile_banner_url": "https://pbs.twimg.com/profile_banners/2858058969/1564071148"
      },
      "quote_count": 0,
      "geo": null,
      "coordinates": null,
      "is_quote_status": false,
      "source": "<a href=\"https://mobile.twitter.com\" rel=\"nofollow\">Twitter Web App</a>",
      "favorited": false,
      "reply_count": 0,
      "timestamp_ms": "1580061321914",
      "lang": "es",
      "in_reply_to_user_id": null,
      "entities": {
        "user_mentions": [
          {
            "id_str": "1944358500",
            "id": 1944358500,
            "indices": [
              3,
              15
            ],
            "screen_name": "CholaProgre",
            "name": "M"
          }
        ],
        "urls": [],
        "hashtags": [],
        "symbols": []
      },
      "in_reply_to_status_id": null,
      "retweet_count": 0,
      "truncated": false
    }
  ]
}