{
  "request_date": "2020-01-26-13:57:35",
  "data": [
    {
      "favorite_count": 0,
      "created_at": "Sun Jan 26 18:57:23 +0000 2020",
      "in_reply_to_status_id_str": null,
      "id_str": "1221507444762988546",
      "in_reply_to_screen_name": null,
      "place": null,
      "filter_level": "low",
      "retweeted_status": {
        "created_at": "Sun Jan 26 18:04:31 +0000 2020",
        "in_reply_to_status_id_str": null,
        "id_str": "1221494136253173760",
        "in_reply_to_screen_name": null,
        "place": null,
        "filter_level": "low",
        "in_reply_to_user_id": null,
        "retweeted": false,
        "text": "Frente Amplio:\n1: Fernández Chacon.\n6: Gabriela Salvador.",
        "in_reply_to_user_id_str": null,
        "contributors": null,
        "id": 1221494136253173760,
        "user": {
          "profile_sidebar_border_color": "181A1E",
          "is_translator": false,
          "screen_name": "RobertSellerico",
          "followers_count": 192,
          "created_at": "Tue Jan 04 19:29:34 +0000 2011",
          "profile_background_color": "050505",
          "profile_image_url_https": "https://pbs.twimg.com/profile_images/887155604661424128/FjpJbdiM_normal.jpg",
          "profile_sidebar_fill_color": "252429",
          "name": "Robert Sellerico",
          "url": "http://facebook.com/sellericoseminario",
          "default_profile": false,
          "translator_type": "none",
          "profile_text_color": "666666",
          "listed_count": 6,
          "profile_background_image_url": "http://abs.twimg.com/images/themes/theme14/bg.gif",
          "following": null,
          "profile_background_tile": true,
          "default_profile_image": false,
          "protected": false,
          "id": 234065360,
          "contributors_enabled": false,
          "geo_enabled": true,
          "utc_offset": null,
          "description": "Diseñador Gráfico. Fanático del rock y la salsa de los 70s y 80s. Leo cómics, novelas y veo películas del MCU más de una vez.",
          "time_zone": null,
          "follow_request_sent": null,
          "favourites_count": 27536,
          "friends_count": 860,
          "verified": false,
          "profile_background_image_url_https": "https://abs.twimg.com/images/themes/theme14/bg.gif",
          "id_str": "234065360",
          "statuses_count": 10719,
          "profile_image_url": "http://pbs.twimg.com/profile_images/887155604661424128/FjpJbdiM_normal.jpg",
          "notifications": null,
          "location": "Lima - Peru",
          "lang": null,
          "profile_use_background_image": true,
          "profile_link_color": "ABB8C2",
          "profile_banner_url": "https://pbs.twimg.com/profile_banners/234065360/1502441707"
        },
        "quote_count": 1,
        "geo": null,
        "coordinates": null,
        "is_quote_status": false,
        "source": "<a href=\"http://twitter.com/download/android\" rel=\"nofollow\">Twitter for Android</a>",
        "favorited": false,
        "favorite_count": 37,
        "lang": "es",
        "reply_count": 2,
        "entities": {
          "user_mentions": [],
          "urls": [],
          "hashtags": [],
          "symbols": []
        },
        "in_reply_to_status_id": null,
        "retweet_count": 6,
        "truncated": false
      },
      "retweeted": false,
      "text": "RT @RobertSellerico: Frente Amplio:\n1: Fernández Chacon.\n6: Gabriela Salvador.",
      "in_reply_to_user_id_str": null,
      "contributors": null,
      "id": 1221507444762988546,
      "user": {
        "profile_sidebar_border_color": "000000",
        "is_translator": false,
        "screen_name": "frappunato",
        "followers_count": 175,
        "created_at": "Thu Feb 18 19:37:24 +0000 2010",
        "profile_background_color": "C6E2EE",
        "profile_image_url_https": "https://pbs.twimg.com/profile_images/1220969366134710272/DqOWvVOJ_normal.jpg",
        "profile_sidebar_fill_color": "000000",
        "name": "🦄",
        "url": null,
        "default_profile": false,
        "translator_type": "none",
        "profile_text_color": "000000",
        "listed_count": 2,
        "profile_background_image_url": "http://abs.twimg.com/images/themes/theme1/bg.png",
        "following": null,
        "profile_background_tile": true,
        "default_profile_image": false,
        "protected": false,
        "id": 115474923,
        "contributors_enabled": false,
        "geo_enabled": true,
        "utc_offset": null,
        "description": null,
        "time_zone": null,
        "follow_request_sent": null,
        "favourites_count": 45836,
        "friends_count": 402,
        "verified": false,
        "profile_background_image_url_https": "https://abs.twimg.com/images/themes/theme1/bg.png",
        "id_str": "115474923",
        "statuses_count": 21964,
        "profile_image_url": "http://pbs.twimg.com/profile_images/1220969366134710272/DqOWvVOJ_normal.jpg",
        "notifications": null,
        "location": "Lima",
        "lang": null,
        "profile_use_background_image": true,
        "profile_link_color": "E81C4F",
        "profile_banner_url": "https://pbs.twimg.com/profile_banners/115474923/1563039980"
      },
      "quote_count": 0,
      "geo": null,
      "coordinates": null,
      "is_quote_status": false,
      "source": "<a href=\"http://twitter.com/download/iphone\" rel=\"nofollow\">Twitter for iPhone</a>",
      "favorited": false,
      "reply_count": 0,
      "timestamp_ms": "1580065043999",
      "lang": "es",
      "in_reply_to_user_id": null,
      "entities": {
        "user_mentions": [
          {
            "id_str": "234065360",
            "id": 234065360,
            "indices": [
              3,
              19
            ],
            "screen_name": "RobertSellerico",
            "name": "Robert Sellerico"
          }
        ],
        "urls": [],
        "hashtags": [],
        "symbols": []
      },
      "in_reply_to_status_id": null,
      "retweet_count": 0,
      "truncated": false
    },
    {
      "favorite_count": 0,
      "created_at": "Sun Jan 26 18:57:24 +0000 2020",
      "in_reply_to_status_id_str": "1221159873834110984",
      "id_str": "1221507446235189255",
      "in_reply_to_screen_name": "hectorbecerrilr",
      "place": null,
      "filter_level": "low",
      "retweeted": false,
      "text": "@hectorbecerrilr Perdón, a qué siglo está haciendo referencia?, gracias @KeikoFujimori por este congreso...",
      "in_reply_to_user_id_str": "525822471",
      "contributors": null,
      "id": 1221507446235189255,
      "user": {
        "profile_sidebar_border_color": "C0DEED",
        "is_translator": false,
        "screen_name": "victorhaya1",
        "followers_count": 91,
        "created_at": "Thu Sep 18 01:58:38 +0000 2014",
        "profile_background_color": "C0DEED",
        "profile_image_url_https": "https://pbs.twimg.com/profile_images/512435449332531200/0KYjGDM-_normal.jpeg",
        "profile_sidebar_fill_color": "DDEEF6",
        "name": "Victor Haya",
        "url": null,
        "default_profile": true,
        "translator_type": "none",
        "profile_text_color": "333333",
        "listed_count": 1,
        "profile_background_image_url": "http://abs.twimg.com/images/themes/theme1/bg.png",
        "following": null,
        "profile_background_tile": false,
        "protected": false,
        "id": 2774111561,
        "contributors_enabled": false,
        "geo_enabled": true,
        "utc_offset": null,
        "description": "Actualidad política y económica. Cine. Fútbol. Literatura.",
        "time_zone": null,
        "follow_request_sent": null,
        "favourites_count": 5881,
        "friends_count": 227,
        "verified": false,
        "profile_background_image_url_https": "https://abs.twimg.com/images/themes/theme1/bg.png",
        "id_str": "2774111561",
        "statuses_count": 1358,
        "profile_image_url": "http://pbs.twimg.com/profile_images/512435449332531200/0KYjGDM-_normal.jpeg",
        "notifications": null,
        "location": null,
        "lang": null,
        "profile_use_background_image": true,
        "profile_link_color": "1DA1F2",
        "default_profile_image": false
      },
      "display_text_range": [
        17,
        107
      ],
      "quote_count": 0,
      "geo": null,
      "coordinates": null,
      "is_quote_status": false,
      "source": "<a href=\"http://twitter.com/download/android\" rel=\"nofollow\">Twitter for Android</a>",
      "favorited": false,
      "reply_count": 0,
      "timestamp_ms": "1580065044350",
      "lang": "es",
      "in_reply_to_user_id": 525822471,
      "entities": {
        "user_mentions": [
          {
            "id_str": "525822471",
            "id": 525822471,
            "indices": [
              0,
              16
            ],
            "screen_name": "hectorbecerrilr",
            "name": "HÉCTOR BECERRIL R."
          },
          {
            "id_str": "53189543",
            "id": 53189543,
            "indices": [
              72,
              86
            ],
            "screen_name": "KeikoFujimori",
            "name": "Keiko Fujimori"
          }
        ],
        "urls": [],
        "hashtags": [],
        "symbols": []
      },
      "in_reply_to_status_id": 1221159873834110984,
      "retweet_count": 0,
      "truncated": false
    },
    {
      "favorite_count": 0,
      "created_at": "Sun Jan 26 18:57:24 +0000 2020",
      "in_reply_to_status_id_str": null,
      "id_str": "1221507448281976832",
      "in_reply_to_screen_name": null,
      "place": null,
      "filter_level": "low",
      "retweeted_status": {
        "created_at": "Sun Jan 26 18:51:55 +0000 2020",
        "in_reply_to_status_id_str": null,
        "id_str": "1221506066879565824",
        "in_reply_to_screen_name": null,
        "place": null,
        "filter_level": "low",
        "in_reply_to_user_id": null,
        "retweeted": false,
        "text": "Si el APRA y Solidaridad Nacional no pasan la valla SACO LAS CHELAS\n\n¿Tú?",
        "in_reply_to_user_id_str": null,
        "contributors": null,
        "id": 1221506066879565824,
        "user": {
          "profile_sidebar_border_color": "FFFFFF",
          "is_translator": false,
          "screen_name": "FloroPeruano",
          "followers_count": 105768,
          "created_at": "Mon Mar 17 00:26:17 +0000 2014",
          "profile_background_color": "C0DEED",
          "profile_image_url_https": "https://pbs.twimg.com/profile_images/1088990769120231424/mGH_TlXY_normal.jpg",
          "profile_sidebar_fill_color": "DDEEF6",
          "name": "Floro Peruano 🇵🇪",
          "url": "https://www.instagram.com/floroperuano",
          "default_profile": false,
          "translator_type": "none",
          "profile_text_color": "333333",
          "listed_count": 189,
          "profile_background_image_url": "http://abs.twimg.com/images/themes/theme1/bg.png",
          "following": null,
          "profile_background_tile": true,
          "default_profile_image": false,
          "protected": false,
          "id": 2393467536,
          "contributors_enabled": false,
          "geo_enabled": true,
          "utc_offset": null,
          "description": "La mejor manera de decir algo es a través de un tuit. Se viene algo grande 🔥contactototto@gmail.com",
          "time_zone": null,
          "follow_request_sent": null,
          "favourites_count": 148153,
          "friends_count": 1223,
          "verified": false,
          "profile_background_image_url_https": "https://abs.twimg.com/images/themes/theme1/bg.png",
          "id_str": "2393467536",
          "statuses_count": 74668,
          "profile_image_url": "http://pbs.twimg.com/profile_images/1088990769120231424/mGH_TlXY_normal.jpg",
          "notifications": null,
          "location": "Lima-Perú",
          "lang": null,
          "profile_use_background_image": true,
          "profile_link_color": "0084B4",
          "profile_banner_url": "https://pbs.twimg.com/profile_banners/2393467536/1549830995"
        },
        "quote_count": 0,
        "geo": null,
        "coordinates": null,
        "is_quote_status": false,
        "source": "<a href=\"http://twitter.com/download/iphone\" rel=\"nofollow\">Twitter for iPhone</a>",
        "favorited": false,
        "favorite_count": 23,
        "lang": "es",
        "reply_count": 5,
        "entities": {
          "user_mentions": [],
          "urls": [],
          "hashtags": [],
          "symbols": []
        },
        "in_reply_to_status_id": null,
        "retweet_count": 5,
        "truncated": false
      },
      "retweeted": false,
      "text": "RT @FloroPeruano: Si el APRA y Solidaridad Nacional no pasan la valla SACO LAS CHELAS\n\n¿Tú?",
      "in_reply_to_user_id_str": null,
      "contributors": null,
      "id": 1221507448281976832,
      "user": {
        "profile_sidebar_border_color": "C0DEED",
        "is_translator": false,
        "screen_name": "mdelacruzlock",
        "followers_count": 74,
        "created_at": "Sat Sep 30 01:37:11 +0000 2017",
        "profile_background_color": "F5F8FA",
        "profile_image_url_https": "https://pbs.twimg.com/profile_images/1037247762071470080/SizwlnlS_normal.jpg",
        "profile_sidebar_fill_color": "DDEEF6",
        "name": "M",
        "url": null,
        "default_profile": true,
        "translator_type": "none",
        "profile_text_color": "333333",
        "listed_count": 0,
        "profile_background_image_url": "",
        "following": null,
        "profile_background_tile": false,
        "default_profile_image": false,
        "protected": false,
        "id": 913940756599013377,
        "contributors_enabled": false,
        "geo_enabled": false,
        "utc_offset": null,
        "description": null,
        "time_zone": null,
        "follow_request_sent": null,
        "favourites_count": 2854,
        "friends_count": 175,
        "verified": false,
        "profile_background_image_url_https": "",
        "id_str": "913940756599013377",
        "statuses_count": 2550,
        "profile_image_url": "http://pbs.twimg.com/profile_images/1037247762071470080/SizwlnlS_normal.jpg",
        "notifications": null,
        "location": null,
        "lang": null,
        "profile_use_background_image": true,
        "profile_link_color": "1DA1F2",
        "profile_banner_url": "https://pbs.twimg.com/profile_banners/913940756599013377/1506922688"
      },
      "quote_count": 0,
      "geo": null,
      "coordinates": null,
      "is_quote_status": false,
      "source": "<a href=\"http://twitter.com/download/android\" rel=\"nofollow\">Twitter for Android</a>",
      "favorited": false,
      "reply_count": 0,
      "timestamp_ms": "1580065044838",
      "lang": "es",
      "in_reply_to_user_id": null,
      "entities": {
        "user_mentions": [
          {
            "id_str": "2393467536",
            "id": 2393467536,
            "indices": [
              3,
              16
            ],
            "screen_name": "FloroPeruano",
            "name": "Floro Peruano 🇵🇪"
          }
        ],
        "urls": [],
        "hashtags": [],
        "symbols": []
      },
      "in_reply_to_status_id": null,
      "retweet_count": 0,
      "truncated": false
    },
    {
      "favorite_count": 0,
      "created_at": "Sun Jan 26 18:57:25 +0000 2020",
      "in_reply_to_status_id_str": null,
      "id_str": "1221507449489887233",
      "in_reply_to_screen_name": null,
      "place": null,
      "filter_level": "low",
      "retweeted_status": {
        "favorite_count": 722,
        "created_at": "Sun Jan 26 04:54:29 +0000 2020",
        "in_reply_to_status_id_str": null,
        "id_str": "1221295319704453121",
        "extended_tweet": {
          "display_text_range": [
            0,
            280
          ],
          "extended_entities": {
            "media": [
              {
                "id_str": "1221295311982755840",
                "id": 1221295311982755840,
                "indices": [
                  281,
                  304
                ],
                "expanded_url": "https://twitter.com/j_elcurioso/status/1221295319704453121/photo/1",
                "media_url": "http://pbs.twimg.com/media/EPLpnZSVAAARiuu.jpg",
                "display_url": "pic.twitter.com/vJM3y5Fkpu",
                "type": "photo",
                "media_url_https": "https://pbs.twimg.com/media/EPLpnZSVAAARiuu.jpg",
                "url": "https://t.co/vJM3y5Fkpu",
                "sizes": {
                  "thumb": {
                    "h": 150,
                    "w": 150,
                    "resize": "crop"
                  },
                  "small": {
                    "h": 680,
                    "w": 680,
                    "resize": "fit"
                  },
                  "medium": {
                    "h": 1080,
                    "w": 1080,
                    "resize": "fit"
                  },
                  "large": {
                    "h": 1080,
                    "w": 1080,
                    "resize": "fit"
                  }
                }
              }
            ]
          },
          "full_text": "Señores indecisos: voten morado, que no es votar por Guzmán. Si están más a la izquierda, voten JP: No es Verónica quien postula. O voten por el Frente Amplio, y no estarían votando por Arana.\nNo perdamos esta oportunidad histórica de cambiar la política del país.\n#Elecciones2020 https://t.co/vJM3y5Fkpu",
          "entities": {
            "user_mentions": [],
            "urls": [],
            "hashtags": [
              {
                "indices": [
                  265,
                  280
                ],
                "text": "Elecciones2020"
              }
            ],
            "media": [
              {
                "id_str": "1221295311982755840",
                "id": 1221295311982755840,
                "indices": [
                  281,
                  304
                ],
                "expanded_url": "https://twitter.com/j_elcurioso/status/1221295319704453121/photo/1",
                "media_url": "http://pbs.twimg.com/media/EPLpnZSVAAARiuu.jpg",
                "display_url": "pic.twitter.com/vJM3y5Fkpu",
                "type": "photo",
                "media_url_https": "https://pbs.twimg.com/media/EPLpnZSVAAARiuu.jpg",
                "url": "https://t.co/vJM3y5Fkpu",
                "sizes": {
                  "thumb": {
                    "h": 150,
                    "w": 150,
                    "resize": "crop"
                  },
                  "small": {
                    "h": 680,
                    "w": 680,
                    "resize": "fit"
                  },
                  "medium": {
                    "h": 1080,
                    "w": 1080,
                    "resize": "fit"
                  },
                  "large": {
                    "h": 1080,
                    "w": 1080,
                    "resize": "fit"
                  }
                }
              }
            ],
            "symbols": []
          }
        },
        "in_reply_to_screen_name": null,
        "place": null,
        "filter_level": "low",
        "retweeted": false,
        "text": "Señores indecisos: voten morado, que no es votar por Guzmán. Si están más a la izquierda, voten JP: No es Verónica… https://t.co/CcXFYVuN0u",
        "in_reply_to_user_id_str": null,
        "contributors": null,
        "id": 1221295319704453121,
        "user": {
          "profile_sidebar_border_color": "C0DEED",
          "is_translator": false,
          "screen_name": "j_elcurioso",
          "followers_count": 488,
          "created_at": "Wed Jun 08 15:53:24 +0000 2011",
          "profile_background_color": "C0DEED",
          "profile_image_url_https": "https://pbs.twimg.com/profile_images/1071896785281527809/_rz57K9i_normal.jpg",
          "profile_sidebar_fill_color": "DDEEF6",
          "name": "Jorge Ch.",
          "url": null,
          "default_profile": true,
          "translator_type": "none",
          "profile_text_color": "333333",
          "listed_count": 4,
          "profile_background_image_url": "http://abs.twimg.com/images/themes/theme1/bg.png",
          "following": null,
          "profile_background_tile": false,
          "default_profile_image": false,
          "protected": false,
          "id": 313393658,
          "contributors_enabled": false,
          "geo_enabled": false,
          "utc_offset": null,
          "description": "Riquelmista. La libertad no es negociable. Los milagros existen. Venga a mí todo lo que sea cultura, política y deportes.   #Gabo  #UNMSM  #FujimoriNuncaMás",
          "time_zone": null,
          "follow_request_sent": null,
          "favourites_count": 20573,
          "friends_count": 3329,
          "verified": false,
          "profile_background_image_url_https": "https://abs.twimg.com/images/themes/theme1/bg.png",
          "id_str": "313393658",
          "statuses_count": 14136,
          "profile_image_url": "http://pbs.twimg.com/profile_images/1071896785281527809/_rz57K9i_normal.jpg",
          "notifications": null,
          "location": "Lima, Perú",
          "lang": null,
          "profile_use_background_image": true,
          "profile_link_color": "1DA1F2",
          "profile_banner_url": "https://pbs.twimg.com/profile_banners/313393658/1571336573"
        },
        "display_text_range": [
          0,
          140
        ],
        "quote_count": 15,
        "geo": null,
        "retweet_count": 329,
        "is_quote_status": false,
        "source": "<a href=\"http://twitter.com/download/android\" rel=\"nofollow\">Twitter for Android</a>",
        "favorited": false,
        "reply_count": 65,
        "lang": "es",
        "in_reply_to_user_id": null,
        "entities": {
          "user_mentions": [],
          "urls": [
            {
              "display_url": "twitter.com/i/web/status/1…",
              "expanded_url": "https://twitter.com/i/web/status/1221295319704453121",
              "indices": [
                116,
                139
              ],
              "url": "https://t.co/CcXFYVuN0u"
            }
          ],
          "hashtags": [],
          "symbols": []
        },
        "in_reply_to_status_id": null,
        "coordinates": null,
        "possibly_sensitive": false,
        "truncated": true
      },
      "retweeted": false,
      "text": "RT @j_elcurioso: Señores indecisos: voten morado, que no es votar por Guzmán. Si están más a la izquierda, voten JP: No es Verónica quien p…",
      "in_reply_to_user_id_str": null,
      "contributors": null,
      "id": 1221507449489887233,
      "user": {
        "profile_sidebar_border_color": "C0DEED",
        "is_translator": false,
        "screen_name": "MathiasMSNjr",
        "followers_count": 189,
        "created_at": "Sun Jan 22 02:59:23 +0000 2017",
        "profile_background_color": "F5F8FA",
        "profile_image_url_https": "https://pbs.twimg.com/profile_images/1171661717455155202/M5eTaxPW_normal.jpg",
        "profile_sidebar_fill_color": "DDEEF6",
        "name": "Mathias Washington 🇵🇪",
        "url": null,
        "default_profile": true,
        "translator_type": "none",
        "profile_text_color": "333333",
        "listed_count": 2,
        "profile_background_image_url": "",
        "following": null,
        "profile_background_tile": false,
        "default_profile_image": false,
        "protected": false,
        "id": 823002088670105601,
        "contributors_enabled": false,
        "geo_enabled": false,
        "utc_offset": null,
        "description": "Del país de los incas, del ceviche, el lomo saltado, el ají de gallina, el chaufa, la inca cola...peruano MUNDIALISTA, del Barça❤️💙 e FLA🔴⚫🏆🏆",
        "time_zone": null,
        "follow_request_sent": null,
        "favourites_count": 61952,
        "friends_count": 166,
        "verified": false,
        "profile_background_image_url_https": "",
        "id_str": "823002088670105601",
        "statuses_count": 14111,
        "profile_image_url": "http://pbs.twimg.com/profile_images/1171661717455155202/M5eTaxPW_normal.jpg",
        "notifications": null,
        "location": "Lima, Peru",
        "lang": null,
        "profile_use_background_image": true,
        "profile_link_color": "1DA1F2",
        "profile_banner_url": "https://pbs.twimg.com/profile_banners/823002088670105601/1535771670"
      },
      "quote_count": 0,
      "geo": null,
      "coordinates": null,
      "is_quote_status": false,
      "source": "<a href=\"http://twitter.com/download/android\" rel=\"nofollow\">Twitter for Android</a>",
      "favorited": false,
      "reply_count": 0,
      "timestamp_ms": "1580065045126",
      "lang": "es",
      "in_reply_to_user_id": null,
      "entities": {
        "user_mentions": [
          {
            "id_str": "313393658",
            "id": 313393658,
            "indices": [
              3,
              15
            ],
            "screen_name": "j_elcurioso",
            "name": "Jorge Ch."
          }
        ],
        "urls": [],
        "hashtags": [],
        "symbols": []
      },
      "in_reply_to_status_id": null,
      "retweet_count": 0,
      "truncated": false
    },
    {
      "quoted_status_id_str": "1221282530185351168",
      "quoted_status": {
        "quoted_status_id_str": "1220750741536681987",
        "favorite_count": 16,
        "created_at": "Sun Jan 26 04:03:40 +0000 2020",
        "entities": {
          "user_mentions": [],
          "urls": [
            {
              "display_url": "twitter.com/i/web/status/1…",
              "expanded_url": "https://twitter.com/i/web/status/1221282530185351168",
              "indices": [
                117,
                140
              ],
              "url": "https://t.co/yqKbVFmRYk"
            }
          ],
          "hashtags": [],
          "symbols": []
        },
        "in_reply_to_status_id_str": null,
        "id_str": "1221282530185351168",
        "extended_tweet": {
          "display_text_range": [
            0,
            254
          ],
          "full_text": "Qué cosa insoportable cómo han convertido a la cultura popular en una forma de propaganda estatal. ¿Dónde estaba la crítica y la parodia política para los mil desastres del Frente Amplio? (Ej: Atraso educativo, aumento del crimen, ANCAP, Venezuela, etc.)",
          "entities": {
            "user_mentions": [],
            "urls": [],
            "hashtags": [],
            "symbols": []
          }
        },
        "in_reply_to_screen_name": null,
        "place": null,
        "filter_level": "low",
        "retweeted": false,
        "text": "Qué cosa insoportable cómo han convertido a la cultura popular en una forma de propaganda estatal. ¿Dónde estaba la… https://t.co/yqKbVFmRYk",
        "in_reply_to_user_id_str": null,
        "contributors": null,
        "id": 1221282530185351168,
        "user": {
          "profile_sidebar_border_color": "C0DEED",
          "is_translator": false,
          "screen_name": "fpaganinip",
          "followers_count": 514,
          "created_at": "Wed Feb 20 04:14:28 +0000 2019",
          "profile_background_color": "F5F8FA",
          "profile_image_url_https": "https://pbs.twimg.com/profile_images/1220787338382626823/4Ki0DI4Z_normal.jpg",
          "profile_sidebar_fill_color": "DDEEF6",
          "name": "Ferta Paganini",
          "url": null,
          "default_profile": true,
          "translator_type": "none",
          "profile_text_color": "333333",
          "listed_count": 0,
          "profile_background_image_url": "",
          "following": null,
          "profile_background_tile": false,
          "default_profile_image": false,
          "protected": false,
          "id": 1098073375900135426,
          "contributors_enabled": false,
          "geo_enabled": false,
          "utc_offset": null,
          "description": "Liberal, progresista, internacionalista y humanista 🌹\nCiudadano de Uruguay y del mundo 🇺🇾🌎\nFerta es por Fernando. Soy nene 🤷🏼‍♂",
          "time_zone": null,
          "follow_request_sent": null,
          "favourites_count": 19133,
          "friends_count": 431,
          "verified": false,
          "profile_background_image_url_https": "",
          "id_str": "1098073375900135426",
          "statuses_count": 2578,
          "profile_image_url": "http://pbs.twimg.com/profile_images/1220787338382626823/4Ki0DI4Z_normal.jpg",
          "notifications": null,
          "location": "Montevideo, Uruguay",
          "lang": null,
          "profile_use_background_image": true,
          "profile_link_color": "1DA1F2",
          "profile_banner_url": "https://pbs.twimg.com/profile_banners/1098073375900135426/1579991375"
        },
        "quote_count": 4,
        "geo": null,
        "retweet_count": 2,
        "is_quote_status": true,
        "source": "<a href=\"https://mobile.twitter.com\" rel=\"nofollow\">Twitter Web App</a>",
        "favorited": false,
        "reply_count": 8,
        "lang": "es",
        "in_reply_to_user_id": null,
        "truncated": true,
        "in_reply_to_status_id": null,
        "coordinates": null,
        "quoted_status_id": 1220750741536681987
      },
      "is_quote_status": true,
      "created_at": "Sun Jan 26 18:57:25 +0000 2020",
      "entities": {
        "user_mentions": [
          {
            "id_str": "794170501556011008",
            "id": 794170501556011008,
            "indices": [
              3,
              15
            ],
            "screen_name": "giglesias19",
            "name": "Gianina Iglesias"
          }
        ],
        "urls": [],
        "hashtags": [],
        "symbols": []
      },
      "in_reply_to_status_id_str": null,
      "filter_level": "low",
      "in_reply_to_screen_name": null,
      "place": null,
      "retweeted_status": {
        "quoted_status_id_str": "1221282530185351168",
        "quoted_status": {
          "quoted_status_id_str": "1220750741536681987",
          "favorite_count": 16,
          "created_at": "Sun Jan 26 04:03:40 +0000 2020",
          "entities": {
            "user_mentions": [],
            "urls": [
              {
                "display_url": "twitter.com/i/web/status/1…",
                "expanded_url": "https://twitter.com/i/web/status/1221282530185351168",
                "indices": [
                  117,
                  140
                ],
                "url": "https://t.co/yqKbVFmRYk"
              }
            ],
            "hashtags": [],
            "symbols": []
          },
          "in_reply_to_status_id_str": null,
          "id_str": "1221282530185351168",
          "extended_tweet": {
            "display_text_range": [
              0,
              254
            ],
            "full_text": "Qué cosa insoportable cómo han convertido a la cultura popular en una forma de propaganda estatal. ¿Dónde estaba la crítica y la parodia política para los mil desastres del Frente Amplio? (Ej: Atraso educativo, aumento del crimen, ANCAP, Venezuela, etc.)",
            "entities": {
              "user_mentions": [],
              "urls": [],
              "hashtags": [],
              "symbols": []
            }
          },
          "in_reply_to_screen_name": null,
          "place": null,
          "filter_level": "low",
          "retweeted": false,
          "text": "Qué cosa insoportable cómo han convertido a la cultura popular en una forma de propaganda estatal. ¿Dónde estaba la… https://t.co/yqKbVFmRYk",
          "in_reply_to_user_id_str": null,
          "contributors": null,
          "id": 1221282530185351168,
          "user": {
            "profile_sidebar_border_color": "C0DEED",
            "is_translator": false,
            "screen_name": "fpaganinip",
            "followers_count": 514,
            "created_at": "Wed Feb 20 04:14:28 +0000 2019",
            "profile_background_color": "F5F8FA",
            "profile_image_url_https": "https://pbs.twimg.com/profile_images/1220787338382626823/4Ki0DI4Z_normal.jpg",
            "profile_sidebar_fill_color": "DDEEF6",
            "name": "Ferta Paganini",
            "url": null,
            "default_profile": true,
            "translator_type": "none",
            "profile_text_color": "333333",
            "listed_count": 0,
            "profile_background_image_url": "",
            "following": null,
            "profile_background_tile": false,
            "default_profile_image": false,
            "protected": false,
            "id": 1098073375900135426,
            "contributors_enabled": false,
            "geo_enabled": false,
            "utc_offset": null,
            "description": "Liberal, progresista, internacionalista y humanista 🌹\nCiudadano de Uruguay y del mundo 🇺🇾🌎\nFerta es por Fernando. Soy nene 🤷🏼‍♂",
            "time_zone": null,
            "follow_request_sent": null,
            "favourites_count": 19133,
            "friends_count": 431,
            "verified": false,
            "profile_background_image_url_https": "",
            "id_str": "1098073375900135426",
            "statuses_count": 2578,
            "profile_image_url": "http://pbs.twimg.com/profile_images/1220787338382626823/4Ki0DI4Z_normal.jpg",
            "notifications": null,
            "location": "Montevideo, Uruguay",
            "lang": null,
            "profile_use_background_image": true,
            "profile_link_color": "1DA1F2",
            "profile_banner_url": "https://pbs.twimg.com/profile_banners/1098073375900135426/1579991375"
          },
          "quote_count": 4,
          "geo": null,
          "retweet_count": 2,
          "is_quote_status": true,
          "source": "<a href=\"https://mobile.twitter.com\" rel=\"nofollow\">Twitter Web App</a>",
          "favorited": false,
          "reply_count": 8,
          "lang": "es",
          "in_reply_to_user_id": null,
          "truncated": true,
          "in_reply_to_status_id": null,
          "coordinates": null,
          "quoted_status_id": 1220750741536681987
        },
        "favorite_count": 25,
        "created_at": "Sun Jan 26 18:29:48 +0000 2020",
        "entities": {
          "user_mentions": [],
          "urls": [],
          "hashtags": [],
          "symbols": []
        },
        "in_reply_to_status_id_str": null,
        "id_str": "1221500501172330497",
        "in_reply_to_screen_name": null,
        "place": null,
        "filter_level": "low",
        "retweeted": false,
        "text": "Milenials descubren la murga",
        "in_reply_to_user_id_str": null,
        "contributors": null,
        "id": 1221500501172330497,
        "user": {
          "profile_sidebar_border_color": "C0DEED",
          "is_translator": false,
          "screen_name": "giglesias19",
          "followers_count": 7862,
          "created_at": "Thu Nov 03 13:32:57 +0000 2016",
          "profile_background_color": "F5F8FA",
          "profile_image_url_https": "https://pbs.twimg.com/profile_images/1217529513556566017/wbHOVhaK_normal.jpg",
          "profile_sidebar_fill_color": "DDEEF6",
          "name": "Gianina Iglesias",
          "url": null,
          "default_profile": true,
          "translator_type": "none",
          "profile_text_color": "333333",
          "listed_count": 6,
          "profile_background_image_url": "",
          "following": null,
          "profile_background_tile": false,
          "default_profile_image": false,
          "protected": false,
          "id": 794170501556011008,
          "contributors_enabled": false,
          "geo_enabled": true,
          "utc_offset": null,
          "description": "Alguna Vez estuve en un reallity. \nEstudiante de Lic. en comunicación.\nCocinera / comunicadora / redactora #revistaVos.",
          "time_zone": null,
          "follow_request_sent": null,
          "favourites_count": 54322,
          "friends_count": 1742,
          "verified": false,
          "profile_background_image_url_https": "",
          "id_str": "794170501556011008",
          "statuses_count": 14869,
          "profile_image_url": "http://pbs.twimg.com/profile_images/1217529513556566017/wbHOVhaK_normal.jpg",
          "notifications": null,
          "location": "Uruguay",
          "lang": null,
          "profile_use_background_image": true,
          "profile_link_color": "1DA1F2",
          "profile_banner_url": "https://pbs.twimg.com/profile_banners/794170501556011008/1569812621"
        },
        "quote_count": 0,
        "geo": null,
        "retweet_count": 4,
        "is_quote_status": true,
        "source": "<a href=\"http://twitter.com/download/android\" rel=\"nofollow\">Twitter for Android</a>",
        "favorited": false,
        "reply_count": 7,
        "lang": "es",
        "quoted_status_permalink": {
          "display": "twitter.com/fpaganinip/sta…",
          "expanded": "https://twitter.com/fpaganinip/status/1221282530185351168",
          "url": "https://t.co/y7sbsPJNFU"
        },
        "in_reply_to_user_id": null,
        "truncated": false,
        "in_reply_to_status_id": null,
        "coordinates": null,
        "quoted_status_id": 1221282530185351168
      },
      "retweeted": false,
      "text": "RT @giglesias19: Milenials descubren la murga",
      "in_reply_to_user_id_str": null,
      "contributors": null,
      "id": 1221507451356352513,
      "user": {
        "profile_sidebar_border_color": "181A1E",
        "is_translator": false,
        "screen_name": "freakrho",
        "followers_count": 420,
        "created_at": "Fri May 28 14:36:58 +0000 2010",
        "profile_background_color": "1C581C",
        "profile_image_url_https": "https://pbs.twimg.com/profile_images/1166087517759819783/aszUVCCx_normal.jpg",
        "profile_sidebar_fill_color": "252429",
        "name": "Rho ρ 💛",
        "url": "http://freakrho.com",
        "default_profile": false,
        "translator_type": "none",
        "profile_text_color": "666666",
        "listed_count": 32,
        "profile_background_image_url": "http://abs.twimg.com/images/themes/theme9/bg.gif",
        "following": null,
        "profile_background_tile": false,
        "default_profile_image": false,
        "protected": false,
        "id": 149142966,
        "contributors_enabled": false,
        "geo_enabled": true,
        "utc_offset": null,
        "description": "Videogame developer. #indiedev #gamedev | Currently working at Pomelo Games | Homolesbocomunista | Mastodon: https://mastodon.gamedev.place/@freakrho",
        "time_zone": null,
        "follow_request_sent": null,
        "favourites_count": 9302,
        "friends_count": 670,
        "verified": false,
        "profile_background_image_url_https": "https://abs.twimg.com/images/themes/theme9/bg.gif",
        "id_str": "149142966",
        "statuses_count": 9255,
        "profile_image_url": "http://pbs.twimg.com/profile_images/1166087517759819783/aszUVCCx_normal.jpg",
        "notifications": null,
        "location": "Montevideo, Uruguay",
        "lang": null,
        "profile_use_background_image": true,
        "profile_link_color": "94D487",
        "profile_banner_url": "https://pbs.twimg.com/profile_banners/149142966/1513283213"
      },
      "quote_count": 0,
      "geo": null,
      "favorite_count": 0,
      "retweet_count": 0,
      "id_str": "1221507451356352513",
      "source": "<a href=\"http://twitter.com/download/android\" rel=\"nofollow\">Twitter for Android</a>",
      "favorited": false,
      "reply_count": 0,
      "timestamp_ms": "1580065045571",
      "lang": "es",
      "quoted_status_permalink": {
        "display": "twitter.com/fpaganinip/sta…",
        "expanded": "https://twitter.com/fpaganinip/status/1221282530185351168",
        "url": "https://t.co/y7sbsPJNFU"
      },
      "in_reply_to_user_id": null,
      "truncated": false,
      "in_reply_to_status_id": null,
      "coordinates": null,
      "quoted_status_id": 1221282530185351168
    },
    {
      "favorite_count": 0,
      "created_at": "Sun Jan 26 18:57:26 +0000 2020",
      "in_reply_to_status_id_str": null,
      "id_str": "1221507453805891584",
      "in_reply_to_screen_name": null,
      "place": null,
      "filter_level": "low",
      "retweeted_status": {
        "favorite_count": 232,
        "created_at": "Sun Jan 26 13:21:10 +0000 2020",
        "in_reply_to_status_id_str": null,
        "id_str": "1221422831218712576",
        "extended_tweet": {
          "display_text_range": [
            0,
            275
          ],
          "full_text": "La cobertura de @noticiAmerica y @canalN_ es una absoluta  vergüenza:\n1. Concentrados en #FuerzaPopular y dándole tribuna exclusiva a Martha Chavez\n2. Promueven #CuartoPoder sacando el segmento de Julio Guzmán \n¿A santo de qué hacen eso?\n#Voto2020 \n#EleccionesCongresales2020",
          "entities": {
            "user_mentions": [
              {
                "id_str": "65549291",
                "id": 65549291,
                "indices": [
                  16,
                  30
                ],
                "screen_name": "noticiAmerica",
                "name": "América Noticias"
              },
              {
                "id_str": "248692867",
                "id": 248692867,
                "indices": [
                  33,
                  41
                ],
                "screen_name": "canalN_",
                "name": "Canal N"
              }
            ],
            "urls": [],
            "hashtags": [
              {
                "indices": [
                  89,
                  103
                ],
                "text": "FuerzaPopular"
              },
              {
                "indices": [
                  161,
                  173
                ],
                "text": "CuartoPoder"
              },
              {
                "indices": [
                  238,
                  247
                ],
                "text": "Voto2020"
              },
              {
                "indices": [
                  249,
                  275
                ],
                "text": "EleccionesCongresales2020"
              }
            ],
            "symbols": []
          }
        },
        "in_reply_to_screen_name": null,
        "place": {
          "full_name": "La Molina, Peru",
          "id": "01141e434906e058",
          "place_type": "city",
          "country": "Peru",
          "country_code": "PE",
          "attributes": {},
          "bounding_box": {
            "coordinates": [
              [
                [
                  -76.972519,
                  -12.12481
                ],
                [
                  -76.972519,
                  -12.059871
                ],
                [
                  -76.883441,
                  -12.059871
                ],
                [
                  -76.883441,
                  -12.12481
                ]
              ]
            ],
            "type": "Polygon"
          },
          "url": "https://api.twitter.com/1.1/geo/id/01141e434906e058.json",
          "name": "La Molina"
        },
        "filter_level": "low",
        "retweeted": false,
        "text": "La cobertura de @noticiAmerica y @canalN_ es una absoluta  vergüenza:\n1. Concentrados en #FuerzaPopular y dándole t… https://t.co/oQJ2F78rHv",
        "in_reply_to_user_id_str": null,
        "contributors": null,
        "id": 1221422831218712576,
        "user": {
          "profile_sidebar_border_color": "000000",
          "is_translator": false,
          "screen_name": "MadameTempestad",
          "followers_count": 1867,
          "created_at": "Fri Feb 06 23:26:25 +0000 2009",
          "profile_background_color": "000000",
          "profile_image_url_https": "https://pbs.twimg.com/profile_images/1215454211535585285/aI0__F-W_normal.jpg",
          "profile_sidebar_fill_color": "000000",
          "name": "Pamela 🇵🇪",
          "url": null,
          "default_profile": false,
          "translator_type": "none",
          "profile_text_color": "000000",
          "listed_count": 15,
          "profile_background_image_url": "http://abs.twimg.com/images/themes/theme1/bg.png",
          "following": null,
          "profile_background_tile": false,
          "default_profile_image": false,
          "protected": false,
          "id": 20282000,
          "contributors_enabled": false,
          "geo_enabled": true,
          "utc_offset": null,
          "description": "Alianza Lima 💜💜💜\nDisléxica \nPelirroja bamba",
          "time_zone": null,
          "follow_request_sent": null,
          "favourites_count": 140489,
          "friends_count": 675,
          "verified": false,
          "profile_background_image_url_https": "https://abs.twimg.com/images/themes/theme1/bg.png",
          "id_str": "20282000",
          "statuses_count": 94951,
          "profile_image_url": "http://pbs.twimg.com/profile_images/1215454211535585285/aI0__F-W_normal.jpg",
          "notifications": null,
          "location": "Lima",
          "lang": null,
          "profile_use_background_image": false,
          "profile_link_color": "F58EA8",
          "profile_banner_url": "https://pbs.twimg.com/profile_banners/20282000/1561899624"
        },
        "quote_count": 10,
        "geo": null,
        "coordinates": null,
        "is_quote_status": false,
        "source": "<a href=\"http://twitter.com/download/android\" rel=\"nofollow\">Twitter for Android</a>",
        "favorited": false,
        "reply_count": 33,
        "lang": "es",
        "in_reply_to_user_id": null,
        "entities": {
          "user_mentions": [
            {
              "id_str": "65549291",
              "id": 65549291,
              "indices": [
                16,
                30
              ],
              "screen_name": "noticiAmerica",
              "name": "América Noticias"
            },
            {
              "id_str": "248692867",
              "id": 248692867,
              "indices": [
                33,
                41
              ],
              "screen_name": "canalN_",
              "name": "Canal N"
            }
          ],
          "urls": [
            {
              "display_url": "twitter.com/i/web/status/1…",
              "expanded_url": "https://twitter.com/i/web/status/1221422831218712576",
              "indices": [
                117,
                140
              ],
              "url": "https://t.co/oQJ2F78rHv"
            }
          ],
          "hashtags": [
            {
              "indices": [
                89,
                103
              ],
              "text": "FuerzaPopular"
            }
          ],
          "symbols": []
        },
        "in_reply_to_status_id": null,
        "retweet_count": 127,
        "truncated": true
      },
      "retweeted": false,
      "text": "RT @MadameTempestad: La cobertura de @noticiAmerica y @canalN_ es una absoluta  vergüenza:\n1. Concentrados en #FuerzaPopular y dándole trib…",
      "in_reply_to_user_id_str": null,
      "contributors": null,
      "id": 1221507453805891584,
      "user": {
        "profile_sidebar_border_color": "C0DEED",
        "is_translator": false,
        "screen_name": "hannibal0309",
        "followers_count": 226,
        "created_at": "Sat Jan 21 15:41:38 +0000 2017",
        "profile_background_color": "F5F8FA",
        "profile_image_url_https": "https://abs.twimg.com/sticky/default_profile_images/default_profile_normal.png",
        "profile_sidebar_fill_color": "DDEEF6",
        "name": "jmunoz",
        "url": null,
        "default_profile": true,
        "translator_type": "none",
        "profile_text_color": "333333",
        "listed_count": 1,
        "profile_background_image_url": "",
        "following": null,
        "profile_background_tile": false,
        "protected": false,
        "id": 822831527092482049,
        "contributors_enabled": false,
        "geo_enabled": true,
        "utc_offset": null,
        "description": null,
        "time_zone": null,
        "follow_request_sent": null,
        "favourites_count": 90735,
        "friends_count": 133,
        "verified": false,
        "profile_background_image_url_https": "",
        "id_str": "822831527092482049",
        "statuses_count": 103217,
        "profile_image_url": "http://abs.twimg.com/sticky/default_profile_images/default_profile_normal.png",
        "notifications": null,
        "location": "Stamford, CT",
        "lang": null,
        "profile_use_background_image": true,
        "profile_link_color": "1DA1F2",
        "default_profile_image": false
      },
      "quote_count": 0,
      "geo": null,
      "coordinates": null,
      "is_quote_status": false,
      "source": "<a href=\"http://twitter.com/download/android\" rel=\"nofollow\">Twitter for Android</a>",
      "favorited": false,
      "reply_count": 0,
      "timestamp_ms": "1580065046155",
      "lang": "es",
      "in_reply_to_user_id": null,
      "entities": {
        "user_mentions": [
          {
            "id_str": "20282000",
            "id": 20282000,
            "indices": [
              3,
              19
            ],
            "screen_name": "MadameTempestad",
            "name": "Pamela 🇵🇪"
          },
          {
            "id_str": "65549291",
            "id": 65549291,
            "indices": [
              37,
              51
            ],
            "screen_name": "noticiAmerica",
            "name": "América Noticias"
          },
          {
            "id_str": "248692867",
            "id": 248692867,
            "indices": [
              54,
              62
            ],
            "screen_name": "canalN_",
            "name": "Canal N"
          }
        ],
        "urls": [],
        "hashtags": [
          {
            "indices": [
              110,
              124
            ],
            "text": "FuerzaPopular"
          }
        ],
        "symbols": []
      },
      "in_reply_to_status_id": null,
      "retweet_count": 0,
      "truncated": false
    },
    {
      "quoted_status_id_str": "1221494720842485760",
      "quoted_status": {
        "quoted_status_id_str": "1221471326931759106",
        "favorite_count": 18,
        "created_at": "Sun Jan 26 18:06:50 +0000 2020",
        "entities": {
          "user_mentions": [],
          "urls": [
            {
              "display_url": "twitter.com/i/web/status/1…",
              "expanded_url": "https://twitter.com/i/web/status/1221494720842485760",
              "indices": [
                117,
                140
              ],
              "url": "https://t.co/OXBqFSX22Z"
            }
          ],
          "hashtags": [],
          "symbols": []
        },
        "in_reply_to_status_id_str": null,
        "id_str": "1221494720842485760",
        "extended_tweet": {
          "display_text_range": [
            0,
            204
          ],
          "full_text": "Its time to give the people of this country a voice!!\n\nMake sure your voice is heard.. at ALL LEVELS... the government was supposed to be the voice of the people...LETS TAKE THAT BACK\n\n#WorkingTogetherPPA https://t.co/eEgSWeM5t8",
          "entities": {
            "user_mentions": [],
            "urls": [
              {
                "display_url": "twitter.com/missionisgreat…",
                "expanded_url": "https://twitter.com/missionisgreat/status/1221471326931759106",
                "indices": [
                  205,
                  228
                ],
                "url": "https://t.co/eEgSWeM5t8"
              }
            ],
            "hashtags": [
              {
                "indices": [
                  185,
                  204
                ],
                "text": "WorkingTogetherPPA"
              }
            ],
            "symbols": []
          }
        },
        "in_reply_to_screen_name": null,
        "place": null,
        "filter_level": "low",
        "retweeted": false,
        "text": "Its time to give the people of this country a voice!!\n\nMake sure your voice is heard.. at ALL LEVELS... the governm… https://t.co/OXBqFSX22Z",
        "in_reply_to_user_id_str": null,
        "contributors": null,
        "id": 1221494720842485760,
        "user": {
          "profile_sidebar_border_color": "C0DEED",
          "is_translator": false,
          "screen_name": "KellyLorenczPPA",
          "followers_count": 2083,
          "created_at": "Sun Apr 28 04:29:56 +0000 2019",
          "profile_background_color": "F5F8FA",
          "profile_image_url_https": "https://pbs.twimg.com/profile_images/1218995229375655936/XCGSice9_normal.jpg",
          "profile_sidebar_fill_color": "DDEEF6",
          "name": "Kelly Lorencz",
          "url": "http://www.peoplespartyofalberta.com",
          "default_profile": true,
          "translator_type": "none",
          "profile_text_color": "333333",
          "listed_count": 21,
          "profile_background_image_url": "",
          "following": null,
          "profile_background_tile": false,
          "default_profile_image": false,
          "protected": false,
          "id": 1122357253070131200,
          "contributors_enabled": false,
          "geo_enabled": false,
          "utc_offset": null,
          "description": "🇨🇦 Canadian Airborne Veteran 🇨🇦\n\nFather & Patriot\nCorrections 🇨🇦\n\nFB- Peoples Party of Alberta \n\n#WorkingTogetherPPA #PPA\n#Cdnpoli #abpoli",
          "time_zone": null,
          "follow_request_sent": null,
          "favourites_count": 758,
          "friends_count": 687,
          "verified": false,
          "profile_background_image_url_https": "",
          "id_str": "1122357253070131200",
          "statuses_count": 2357,
          "profile_image_url": "http://pbs.twimg.com/profile_images/1218995229375655936/XCGSice9_normal.jpg",
          "notifications": null,
          "location": "Alberta, Canada",
          "lang": null,
          "profile_use_background_image": true,
          "profile_link_color": "1DA1F2",
          "profile_banner_url": "https://pbs.twimg.com/profile_banners/1122357253070131200/1579464753"
        },
        "display_text_range": [
          0,
          140
        ],
        "quote_count": 2,
        "geo": null,
        "retweet_count": 11,
        "is_quote_status": true,
        "source": "<a href=\"http://twitter.com/download/android\" rel=\"nofollow\">Twitter for Android</a>",
        "favorited": false,
        "reply_count": 1,
        "lang": "en",
        "in_reply_to_user_id": null,
        "truncated": true,
        "in_reply_to_status_id": null,
        "coordinates": null,
        "possibly_sensitive": false,
        "quoted_status_id": 1221471326931759106
      },
      "is_quote_status": true,
      "created_at": "Sun Jan 26 18:57:28 +0000 2020",
      "entities": {
        "user_mentions": [
          {
            "id_str": "56905881",
            "id": 56905881,
            "indices": [
              3,
              16
            ],
            "screen_name": "tleehumphrey",
            "name": "T Lee Humphrey"
          }
        ],
        "urls": [],
        "hashtags": [
          {
            "indices": [
              72,
              76
            ],
            "text": "PPC"
          }
        ],
        "symbols": []
      },
      "in_reply_to_status_id_str": null,
      "filter_level": "low",
      "in_reply_to_screen_name": null,
      "place": null,
      "retweeted_status": {
        "quoted_status_id_str": "1221494720842485760",
        "quoted_status": {
          "quoted_status_id_str": "1221471326931759106",
          "favorite_count": 18,
          "created_at": "Sun Jan 26 18:06:50 +0000 2020",
          "entities": {
            "user_mentions": [],
            "urls": [
              {
                "display_url": "twitter.com/i/web/status/1…",
                "expanded_url": "https://twitter.com/i/web/status/1221494720842485760",
                "indices": [
                  117,
                  140
                ],
                "url": "https://t.co/OXBqFSX22Z"
              }
            ],
            "hashtags": [],
            "symbols": []
          },
          "in_reply_to_status_id_str": null,
          "id_str": "1221494720842485760",
          "extended_tweet": {
            "display_text_range": [
              0,
              204
            ],
            "full_text": "Its time to give the people of this country a voice!!\n\nMake sure your voice is heard.. at ALL LEVELS... the government was supposed to be the voice of the people...LETS TAKE THAT BACK\n\n#WorkingTogetherPPA https://t.co/eEgSWeM5t8",
            "entities": {
              "user_mentions": [],
              "urls": [
                {
                  "display_url": "twitter.com/missionisgreat…",
                  "expanded_url": "https://twitter.com/missionisgreat/status/1221471326931759106",
                  "indices": [
                    205,
                    228
                  ],
                  "url": "https://t.co/eEgSWeM5t8"
                }
              ],
              "hashtags": [
                {
                  "indices": [
                    185,
                    204
                  ],
                  "text": "WorkingTogetherPPA"
                }
              ],
              "symbols": []
            }
          },
          "in_reply_to_screen_name": null,
          "place": null,
          "filter_level": "low",
          "retweeted": false,
          "text": "Its time to give the people of this country a voice!!\n\nMake sure your voice is heard.. at ALL LEVELS... the governm… https://t.co/OXBqFSX22Z",
          "in_reply_to_user_id_str": null,
          "contributors": null,
          "id": 1221494720842485760,
          "user": {
            "profile_sidebar_border_color": "C0DEED",
            "is_translator": false,
            "screen_name": "KellyLorenczPPA",
            "followers_count": 2083,
            "created_at": "Sun Apr 28 04:29:56 +0000 2019",
            "profile_background_color": "F5F8FA",
            "profile_image_url_https": "https://pbs.twimg.com/profile_images/1218995229375655936/XCGSice9_normal.jpg",
            "profile_sidebar_fill_color": "DDEEF6",
            "name": "Kelly Lorencz",
            "url": "http://www.peoplespartyofalberta.com",
            "default_profile": true,
            "translator_type": "none",
            "profile_text_color": "333333",
            "listed_count": 21,
            "profile_background_image_url": "",
            "following": null,
            "profile_background_tile": false,
            "default_profile_image": false,
            "protected": false,
            "id": 1122357253070131200,
            "contributors_enabled": false,
            "geo_enabled": false,
            "utc_offset": null,
            "description": "🇨🇦 Canadian Airborne Veteran 🇨🇦\n\nFather & Patriot\nCorrections 🇨🇦\n\nFB- Peoples Party of Alberta \n\n#WorkingTogetherPPA #PPA\n#Cdnpoli #abpoli",
            "time_zone": null,
            "follow_request_sent": null,
            "favourites_count": 758,
            "friends_count": 687,
            "verified": false,
            "profile_background_image_url_https": "",
            "id_str": "1122357253070131200",
            "statuses_count": 2357,
            "profile_image_url": "http://pbs.twimg.com/profile_images/1218995229375655936/XCGSice9_normal.jpg",
            "notifications": null,
            "location": "Alberta, Canada",
            "lang": null,
            "profile_use_background_image": true,
            "profile_link_color": "1DA1F2",
            "profile_banner_url": "https://pbs.twimg.com/profile_banners/1122357253070131200/1579464753"
          },
          "display_text_range": [
            0,
            140
          ],
          "quote_count": 2,
          "geo": null,
          "retweet_count": 11,
          "is_quote_status": true,
          "source": "<a href=\"http://twitter.com/download/android\" rel=\"nofollow\">Twitter for Android</a>",
          "favorited": false,
          "reply_count": 1,
          "lang": "en",
          "in_reply_to_user_id": null,
          "truncated": true,
          "in_reply_to_status_id": null,
          "coordinates": null,
          "possibly_sensitive": false,
          "quoted_status_id": 1221471326931759106
        },
        "is_quote_status": true,
        "created_at": "Sun Jan 26 18:33:55 +0000 2020",
        "entities": {
          "user_mentions": [],
          "urls": [
            {
              "display_url": "twitter.com/i/web/status/1…",
              "expanded_url": "https://twitter.com/i/web/status/1221501536150228992",
              "indices": [
                117,
                140
              ],
              "url": "https://t.co/BGHxgHcyqj"
            }
          ],
          "hashtags": [
            {
              "indices": [
                54,
                58
              ],
              "text": "PPC"
            }
          ],
          "symbols": []
        },
        "in_reply_to_status_id_str": null,
        "filter_level": "low",
        "extended_tweet": {
          "display_text_range": [
            0,
            182
          ],
          "full_text": "The people of Canada weighed and measured Bernier and #PPC and found them all wanting. No polling has suggested that electoral assessment has changed at all in the past three months. https://t.co/zkD5K4v5lZ",
          "entities": {
            "user_mentions": [],
            "urls": [
              {
                "display_url": "twitter.com/kellylorenczpp…",
                "expanded_url": "https://twitter.com/kellylorenczppa/status/1221494720842485760",
                "indices": [
                  183,
                  206
                ],
                "url": "https://t.co/zkD5K4v5lZ"
              }
            ],
            "hashtags": [
              {
                "indices": [
                  54,
                  58
                ],
                "text": "PPC"
              }
            ],
            "symbols": []
          }
        },
        "in_reply_to_screen_name": null,
        "place": null,
        "retweeted": false,
        "text": "The people of Canada weighed and measured Bernier and #PPC and found them all wanting. No polling has suggested tha… https://t.co/BGHxgHcyqj",
        "in_reply_to_user_id_str": null,
        "contributors": null,
        "id": 1221501536150228992,
        "user": {
          "profile_sidebar_border_color": "C0DEED",
          "is_translator": false,
          "screen_name": "tleehumphrey",
          "followers_count": 8119,
          "created_at": "Wed Jul 15 03:04:23 +0000 2009",
          "profile_background_color": "C0DEED",
          "profile_image_url_https": "https://pbs.twimg.com/profile_images/1836426059/Lee_Professional_Photo_normal.jpg",
          "profile_sidebar_fill_color": "DDEEF6",
          "name": "T Lee Humphrey",
          "url": null,
          "default_profile": true,
          "translator_type": "none",
          "profile_text_color": "333333",
          "listed_count": 75,
          "profile_background_image_url": "http://abs.twimg.com/images/themes/theme1/bg.png",
          "following": null,
          "profile_background_tile": false,
          "default_profile_image": false,
          "protected": false,
          "id": 56905881,
          "contributors_enabled": false,
          "geo_enabled": true,
          "utc_offset": null,
          "description": "Veteran, Founder of Veterans For The Conservative Party of Canada, President of JAMES International Security Consulting, Proudly Canadian",
          "time_zone": null,
          "follow_request_sent": null,
          "favourites_count": 39985,
          "friends_count": 469,
          "verified": false,
          "profile_background_image_url_https": "https://abs.twimg.com/images/themes/theme1/bg.png",
          "id_str": "56905881",
          "statuses_count": 67011,
          "profile_image_url": "http://pbs.twimg.com/profile_images/1836426059/Lee_Professional_Photo_normal.jpg",
          "notifications": null,
          "location": "Calgary, Alberta",
          "lang": null,
          "profile_use_background_image": true,
          "profile_link_color": "1DA1F2",
          "profile_banner_url": "https://pbs.twimg.com/profile_banners/56905881/1528575599"
        },
        "display_text_range": [
          0,
          140
        ],
        "quote_count": 1,
        "geo": null,
        "favorite_count": 6,
        "retweet_count": 1,
        "id_str": "1221501536150228992",
        "source": "<a href=\"http://twitter.com/download/iphone\" rel=\"nofollow\">Twitter for iPhone</a>",
        "favorited": false,
        "reply_count": 4,
        "lang": "en",
        "quoted_status_permalink": {
          "display": "twitter.com/kellylorenczpp…",
          "expanded": "https://twitter.com/kellylorenczppa/status/1221494720842485760",
          "url": "https://t.co/zkD5K4v5lZ"
        },
        "in_reply_to_user_id": null,
        "truncated": true,
        "in_reply_to_status_id": null,
        "coordinates": null,
        "possibly_sensitive": false,
        "quoted_status_id": 1221494720842485760
      },
      "retweeted": false,
      "text": "RT @tleehumphrey: The people of Canada weighed and measured Bernier and #PPC and found them all wanting. No polling has suggested that elec…",
      "in_reply_to_user_id_str": null,
      "contributors": null,
      "id": 1221507462618062850,
      "user": {
        "profile_sidebar_border_color": "000000",
        "is_translator": false,
        "screen_name": "raytoutofer",
        "followers_count": 1096,
        "created_at": "Tue Jan 02 16:05:21 +0000 2018",
        "profile_background_color": "000000",
        "profile_image_url_https": "https://pbs.twimg.com/profile_images/948233027003568134/CgN4fiLw_normal.jpg",
        "profile_sidebar_fill_color": "000000",
        "name": "Mr. Lee Bates, #TrudeauNotMyPM",
        "url": null,
        "default_profile": false,
        "translator_type": "none",
        "profile_text_color": "000000",
        "listed_count": 0,
        "profile_background_image_url": "http://abs.twimg.com/images/themes/theme1/bg.png",
        "following": null,
        "profile_background_tile": false,
        "default_profile_image": false,
        "protected": false,
        "id": 948223698649124870,
        "contributors_enabled": false,
        "geo_enabled": false,
        "utc_offset": null,
        "description": "I loathe @JustinTrudeau #WorstPMEver .\nI am anti Globalist, anti UN , \n#MAGA #BuildTheWall.  \n#MMGA Make Men Great Again. \n#DefundCBC",
        "time_zone": null,
        "follow_request_sent": null,
        "favourites_count": 79210,
        "friends_count": 1534,
        "verified": false,
        "profile_background_image_url_https": "https://abs.twimg.com/images/themes/theme1/bg.png",
        "id_str": "948223698649124870",
        "statuses_count": 59046,
        "profile_image_url": "http://pbs.twimg.com/profile_images/948233027003568134/CgN4fiLw_normal.jpg",
        "notifications": null,
        "location": "🇨🇦",
        "lang": null,
        "profile_use_background_image": false,
        "profile_link_color": "1B95E0",
        "profile_banner_url": "https://pbs.twimg.com/profile_banners/948223698649124870/1514911568"
      },
      "quote_count": 0,
      "geo": null,
      "favorite_count": 0,
      "retweet_count": 0,
      "id_str": "1221507462618062850",
      "source": "<a href=\"https://mobile.twitter.com\" rel=\"nofollow\">Twitter Web App</a>",
      "favorited": false,
      "reply_count": 0,
      "timestamp_ms": "1580065048256",
      "lang": "en",
      "quoted_status_permalink": {
        "display": "twitter.com/kellylorenczpp…",
        "expanded": "https://twitter.com/kellylorenczppa/status/1221494720842485760",
        "url": "https://t.co/zkD5K4v5lZ"
      },
      "in_reply_to_user_id": null,
      "truncated": false,
      "in_reply_to_status_id": null,
      "coordinates": null,
      "quoted_status_id": 1221494720842485760
    },
    {
      "created_at": "Sun Jan 26 18:57:28 +0000 2020",
      "in_reply_to_status_id_str": null,
      "id_str": "1221507464279089152",
      "in_reply_to_screen_name": null,
      "place": null,
      "filter_level": "low",
      "in_reply_to_user_id": null,
      "retweeted": false,
      "text": "Ya llegué al centro de votación, mi hermana y yo marcaremos la flor del Frente Amplio 🌺🌺",
      "in_reply_to_user_id_str": null,
      "contributors": null,
      "id": 1221507464279089152,
      "user": {
        "profile_sidebar_border_color": "FFFFFF",
        "is_translator": false,
        "screen_name": "J_jesus_S",
        "followers_count": 437,
        "created_at": "Sat Mar 12 18:01:48 +0000 2011",
        "profile_background_color": "C0DEED",
        "profile_image_url_https": "https://pbs.twimg.com/profile_images/1081206662411759617/oRku36sv_normal.jpg",
        "profile_sidebar_fill_color": "DDEEF6",
        "name": "Jesús",
        "url": null,
        "default_profile": false,
        "translator_type": "none",
        "profile_text_color": "333333",
        "listed_count": 7,
        "profile_background_image_url": "http://abs.twimg.com/images/themes/theme1/bg.png",
        "following": null,
        "profile_background_tile": true,
        "default_profile_image": false,
        "protected": false,
        "id": 264928996,
        "contributors_enabled": false,
        "geo_enabled": true,
        "utc_offset": null,
        "description": "#Derecho #Unmsm",
        "time_zone": null,
        "follow_request_sent": null,
        "favourites_count": 14563,
        "friends_count": 512,
        "verified": false,
        "profile_background_image_url_https": "https://abs.twimg.com/images/themes/theme1/bg.png",
        "id_str": "264928996",
        "statuses_count": 19468,
        "profile_image_url": "http://pbs.twimg.com/profile_images/1081206662411759617/oRku36sv_normal.jpg",
        "notifications": null,
        "location": "Lima, Perú",
        "lang": null,
        "profile_use_background_image": true,
        "profile_link_color": "0084B4",
        "profile_banner_url": "https://pbs.twimg.com/profile_banners/264928996/1513216329"
      },
      "quote_count": 0,
      "geo": null,
      "coordinates": null,
      "is_quote_status": false,
      "source": "<a href=\"http://twitter.com/download/android\" rel=\"nofollow\">Twitter for Android</a>",
      "favorited": false,
      "favorite_count": 0,
      "timestamp_ms": "1580065048652",
      "lang": "es",
      "reply_count": 0,
      "entities": {
        "user_mentions": [],
        "urls": [],
        "hashtags": [],
        "symbols": []
      },
      "in_reply_to_status_id": null,
      "retweet_count": 0,
      "truncated": false
    },
    {
      "favorite_count": 0,
      "created_at": "Sun Jan 26 18:57:29 +0000 2020",
      "in_reply_to_status_id_str": null,
      "id_str": "1221507465893896194",
      "in_reply_to_screen_name": null,
      "place": null,
      "filter_level": "low",
      "retweeted_status": {
        "favorite_count": 6,
        "created_at": "Sun Jan 26 18:56:25 +0000 2020",
        "in_reply_to_status_id_str": null,
        "id_str": "1221507198599270401",
        "extended_tweet": {
          "display_text_range": [
            0,
            276
          ],
          "extended_entities": {
            "media": [
              {
                "id_str": "1221507186297384961",
                "id": 1221507186297384961,
                "indices": [
                  277,
                  300
                ],
                "expanded_url": "https://twitter.com/PeruEnNoticias/status/1221507198599270401/photo/1",
                "media_url": "http://pbs.twimg.com/media/EPOqUGnXsAE13nM.png",
                "display_url": "pic.twitter.com/rdFMPimILQ",
                "type": "photo",
                "media_url_https": "https://pbs.twimg.com/media/EPOqUGnXsAE13nM.png",
                "url": "https://t.co/rdFMPimILQ",
                "sizes": {
                  "thumb": {
                    "h": 150,
                    "w": 150,
                    "resize": "crop"
                  },
                  "small": {
                    "h": 357,
                    "w": 591,
                    "resize": "fit"
                  },
                  "medium": {
                    "h": 357,
                    "w": 591,
                    "resize": "fit"
                  },
                  "large": {
                    "h": 357,
                    "w": 591,
                    "resize": "fit"
                  }
                }
              }
            ]
          },
          "full_text": "#FRAUDE: Mientras Rosa Bartra se despachaba en todos los noticieros, Martha Chávez hasta el día de hoy seguía dando declaraciones. En comparativo de espacios en medios, #SolidaridadNacional y #Apra fueron promocionados al 50% del total de partidos.\n\n#EleccionesCongresales2020 https://t.co/rdFMPimILQ",
          "entities": {
            "user_mentions": [],
            "urls": [],
            "hashtags": [
              {
                "indices": [
                  0,
                  7
                ],
                "text": "FRAUDE"
              },
              {
                "indices": [
                  169,
                  189
                ],
                "text": "SolidaridadNacional"
              },
              {
                "indices": [
                  192,
                  197
                ],
                "text": "Apra"
              },
              {
                "indices": [
                  250,
                  276
                ],
                "text": "EleccionesCongresales2020"
              }
            ],
            "media": [
              {
                "id_str": "1221507186297384961",
                "id": 1221507186297384961,
                "indices": [
                  277,
                  300
                ],
                "expanded_url": "https://twitter.com/PeruEnNoticias/status/1221507198599270401/photo/1",
                "media_url": "http://pbs.twimg.com/media/EPOqUGnXsAE13nM.png",
                "display_url": "pic.twitter.com/rdFMPimILQ",
                "type": "photo",
                "media_url_https": "https://pbs.twimg.com/media/EPOqUGnXsAE13nM.png",
                "url": "https://t.co/rdFMPimILQ",
                "sizes": {
                  "thumb": {
                    "h": 150,
                    "w": 150,
                    "resize": "crop"
                  },
                  "small": {
                    "h": 357,
                    "w": 591,
                    "resize": "fit"
                  },
                  "medium": {
                    "h": 357,
                    "w": 591,
                    "resize": "fit"
                  },
                  "large": {
                    "h": 357,
                    "w": 591,
                    "resize": "fit"
                  }
                }
              }
            ],
            "symbols": []
          }
        },
        "in_reply_to_screen_name": null,
        "place": null,
        "filter_level": "low",
        "retweeted": false,
        "text": "#FRAUDE: Mientras Rosa Bartra se despachaba en todos los noticieros, Martha Chávez hasta el día de hoy seguía dando… https://t.co/NdFtLdh35n",
        "in_reply_to_user_id_str": null,
        "contributors": null,
        "id": 1221507198599270401,
        "user": {
          "profile_sidebar_border_color": "000000",
          "is_translator": false,
          "screen_name": "PeruEnNoticias",
          "followers_count": 6842,
          "created_at": "Sat Aug 20 11:25:23 +0000 2016",
          "profile_background_color": "000000",
          "profile_image_url_https": "https://pbs.twimg.com/profile_images/766961071102029824/U96jZ6lM_normal.jpg",
          "profile_sidebar_fill_color": "000000",
          "name": "PeruEnNoticias.com",
          "url": "http://www.aldiaperu.com",
          "default_profile": false,
          "translator_type": "none",
          "profile_text_color": "000000",
          "listed_count": 19,
          "profile_background_image_url": "http://abs.twimg.com/images/themes/theme1/bg.png",
          "following": null,
          "profile_background_tile": false,
          "default_profile_image": false,
          "protected": false,
          "id": 766959311033470976,
          "contributors_enabled": false,
          "geo_enabled": false,
          "utc_offset": null,
          "description": "Noticias del Perú y del mundo. Infórmese sobre noticias de actualidad, política, gastronomía, espectáculos, deportes y más. #Lavajato #Odebrecht #SIGUENOS",
          "time_zone": null,
          "follow_request_sent": null,
          "favourites_count": 6874,
          "friends_count": 79,
          "verified": false,
          "profile_background_image_url_https": "https://abs.twimg.com/images/themes/theme1/bg.png",
          "id_str": "766959311033470976",
          "statuses_count": 3450,
          "profile_image_url": "http://pbs.twimg.com/profile_images/766961071102029824/U96jZ6lM_normal.jpg",
          "notifications": null,
          "location": "Lima, Perú",
          "lang": null,
          "profile_use_background_image": false,
          "profile_link_color": "E81C4F",
          "profile_banner_url": "https://pbs.twimg.com/profile_banners/766959311033470976/1478558213"
        },
        "display_text_range": [
          0,
          140
        ],
        "quote_count": 0,
        "geo": null,
        "retweet_count": 4,
        "is_quote_status": false,
        "source": "<a href=\"https://mobile.twitter.com\" rel=\"nofollow\">Twitter Web App</a>",
        "favorited": false,
        "reply_count": 0,
        "lang": "es",
        "in_reply_to_user_id": null,
        "entities": {
          "user_mentions": [],
          "urls": [
            {
              "display_url": "twitter.com/i/web/status/1…",
              "expanded_url": "https://twitter.com/i/web/status/1221507198599270401",
              "indices": [
                117,
                140
              ],
              "url": "https://t.co/NdFtLdh35n"
            }
          ],
          "hashtags": [
            {
              "indices": [
                0,
                7
              ],
              "text": "FRAUDE"
            }
          ],
          "symbols": []
        },
        "in_reply_to_status_id": null,
        "coordinates": null,
        "possibly_sensitive": false,
        "truncated": true
      },
      "retweeted": false,
      "text": "RT @PeruEnNoticias: #FRAUDE: Mientras Rosa Bartra se despachaba en todos los noticieros, Martha Chávez hasta el día de hoy seguía dando dec…",
      "in_reply_to_user_id_str": null,
      "contributors": null,
      "id": 1221507465893896194,
      "user": {
        "profile_sidebar_border_color": "C0DEED",
        "is_translator": false,
        "screen_name": "JohanEspinal15",
        "followers_count": 41,
        "created_at": "Sat Aug 31 16:07:07 +0000 2019",
        "profile_background_color": "F5F8FA",
        "profile_image_url_https": "https://abs.twimg.com/sticky/default_profile_images/default_profile_normal.png",
        "profile_sidebar_fill_color": "DDEEF6",
        "name": "Johan Espinal",
        "url": null,
        "default_profile": true,
        "translator_type": "none",
        "profile_text_color": "333333",
        "listed_count": 0,
        "profile_background_image_url": "",
        "following": null,
        "profile_background_tile": false,
        "protected": false,
        "id": 1167831140998291456,
        "contributors_enabled": false,
        "geo_enabled": false,
        "utc_offset": null,
        "description": null,
        "time_zone": null,
        "follow_request_sent": null,
        "favourites_count": 9743,
        "friends_count": 60,
        "verified": false,
        "profile_background_image_url_https": "",
        "id_str": "1167831140998291456",
        "statuses_count": 5118,
        "profile_image_url": "http://abs.twimg.com/sticky/default_profile_images/default_profile_normal.png",
        "notifications": null,
        "location": null,
        "lang": null,
        "profile_use_background_image": true,
        "profile_link_color": "1DA1F2",
        "default_profile_image": false
      },
      "quote_count": 0,
      "geo": null,
      "coordinates": null,
      "is_quote_status": false,
      "source": "<a href=\"https://mobile.twitter.com\" rel=\"nofollow\">Twitter Web App</a>",
      "favorited": false,
      "reply_count": 0,
      "timestamp_ms": "1580065049037",
      "lang": "es",
      "in_reply_to_user_id": null,
      "entities": {
        "user_mentions": [
          {
            "id_str": "766959311033470976",
            "id": 766959311033470976,
            "indices": [
              3,
              18
            ],
            "screen_name": "PeruEnNoticias",
            "name": "PeruEnNoticias.com"
          }
        ],
        "urls": [],
        "hashtags": [
          {
            "indices": [
              20,
              27
            ],
            "text": "FRAUDE"
          }
        ],
        "symbols": []
      },
      "in_reply_to_status_id": null,
      "retweet_count": 0,
      "truncated": false
    },
    {
      "favorite_count": 0,
      "created_at": "Sun Jan 26 18:57:29 +0000 2020",
      "in_reply_to_status_id_str": null,
      "id_str": "1221507469429616641",
      "in_reply_to_screen_name": null,
      "place": null,
      "filter_level": "low",
      "retweeted_status": {
        "favorite_count": 1055,
        "created_at": "Sun Jan 26 06:25:57 +0000 2020",
        "in_reply_to_status_id_str": null,
        "id_str": "1221318337524830208",
        "extended_tweet": {
          "display_text_range": [
            0,
            147
          ],
          "full_text": "|￣￣￣￣￣￣￣￣￣￣￣|\n|    MARTHA CHÁVEZ     |\n|           NUNCA MÁS        |\n|＿＿＿＿＿＿＿＿＿＿＿| \n             (\\__/) ||\n             (•ㅅ•) ||\n            / 　 づ",
          "entities": {
            "user_mentions": [],
            "urls": [],
            "hashtags": [],
            "symbols": []
          }
        },
        "in_reply_to_screen_name": null,
        "place": null,
        "filter_level": "low",
        "retweeted": false,
        "text": "|￣￣￣￣￣￣￣￣￣￣￣|\n|    MARTHA CHÁVEZ     |\n|           NUNCA MÁS        |\n|＿＿＿＿＿＿＿＿＿＿＿| \n             (\\__/) ||… https://t.co/6gNXGVxf4J",
        "in_reply_to_user_id_str": null,
        "contributors": null,
        "id": 1221318337524830208,
        "user": {
          "profile_sidebar_border_color": "C0DEED",
          "is_translator": false,
          "screen_name": "displicente_98",
          "followers_count": 736,
          "created_at": "Mon Sep 17 18:17:18 +0000 2018",
          "profile_background_color": "F5F8FA",
          "profile_image_url_https": "https://pbs.twimg.com/profile_images/1211196597910016000/9FH5-FRc_normal.jpg",
          "profile_sidebar_fill_color": "DDEEF6",
          "name": "Renato 🇵🇪",
          "url": null,
          "default_profile": true,
          "translator_type": "none",
          "profile_text_color": "333333",
          "listed_count": 1,
          "profile_background_image_url": "",
          "following": null,
          "profile_background_tile": false,
          "default_profile_image": false,
          "protected": false,
          "id": 1041752971913166848,
          "contributors_enabled": false,
          "geo_enabled": true,
          "utc_offset": null,
          "description": "Amante de la política / Ingeniería / PUCP / Fan de Marvel",
          "time_zone": null,
          "follow_request_sent": null,
          "favourites_count": 37165,
          "friends_count": 794,
          "verified": false,
          "profile_background_image_url_https": "",
          "id_str": "1041752971913166848",
          "statuses_count": 20142,
          "profile_image_url": "http://pbs.twimg.com/profile_images/1211196597910016000/9FH5-FRc_normal.jpg",
          "notifications": null,
          "location": "Miraflores, Peru",
          "lang": null,
          "profile_use_background_image": true,
          "profile_link_color": "1DA1F2",
          "profile_banner_url": "https://pbs.twimg.com/profile_banners/1041752971913166848/1578435744"
        },
        "quote_count": 9,
        "geo": null,
        "coordinates": null,
        "is_quote_status": false,
        "source": "<a href=\"http://twitter.com/download/android\" rel=\"nofollow\">Twitter for Android</a>",
        "favorited": false,
        "reply_count": 18,
        "lang": "es",
        "in_reply_to_user_id": null,
        "entities": {
          "user_mentions": [],
          "urls": [
            {
              "display_url": "twitter.com/i/web/status/1…",
              "expanded_url": "https://twitter.com/i/web/status/1221318337524830208",
              "indices": [
                109,
                132
              ],
              "url": "https://t.co/6gNXGVxf4J"
            }
          ],
          "hashtags": [],
          "symbols": []
        },
        "in_reply_to_status_id": null,
        "retweet_count": 447,
        "truncated": true
      },
      "retweeted": false,
      "text": "RT @displicente_98: |￣￣￣￣￣￣￣￣￣￣￣|\n|    MARTHA CHÁVEZ     |\n|           NUNCA MÁS        |\n|＿＿＿＿＿＿＿＿＿＿＿| \n             (\\__/) ||…",
      "in_reply_to_user_id_str": null,
      "contributors": null,
      "id": 1221507469429616641,
      "user": {
        "profile_sidebar_border_color": "FFFFFF",
        "is_translator": false,
        "screen_name": "bayernxdisplis",
        "followers_count": 2460,
        "created_at": "Fri Jan 04 18:09:57 +0000 2013",
        "profile_background_color": "C0DEED",
        "profile_image_url_https": "https://pbs.twimg.com/profile_images/1214947250738212864/Rux6jx7-_normal.jpg",
        "profile_sidebar_fill_color": "DDEEF6",
        "name": "Mel,,,hincha del más grande.",
        "url": "https://www.instagram.com/bayern_lover4/",
        "default_profile": false,
        "translator_type": "none",
        "profile_text_color": "333333",
        "listed_count": 20,
        "profile_background_image_url": "http://abs.twimg.com/images/themes/theme1/bg.png",
        "following": null,
        "profile_background_tile": true,
        "default_profile_image": false,
        "protected": false,
        "id": 1061064968,
        "contributors_enabled": false,
        "geo_enabled": true,
        "utc_offset": null,
        "description": "Selección Peruana❤️ Fc Bayern🇩🇪 Universitario💛 Larry👬 Los displis🎥 Skam✨ THE MCU AS THE REASON OF MY EXISTENCE.",
        "time_zone": null,
        "follow_request_sent": null,
        "favourites_count": 182720,
        "friends_count": 3403,
        "verified": false,
        "profile_background_image_url_https": "https://abs.twimg.com/images/themes/theme1/bg.png",
        "id_str": "1061064968",
        "statuses_count": 145206,
        "profile_image_url": "http://pbs.twimg.com/profile_images/1214947250738212864/Rux6jx7-_normal.jpg",
        "notifications": null,
        "location": "La victoria, Peru",
        "lang": null,
        "profile_use_background_image": true,
        "profile_link_color": "E81C4F",
        "profile_banner_url": "https://pbs.twimg.com/profile_banners/1061064968/1576550230"
      },
      "quote_count": 0,
      "geo": null,
      "coordinates": null,
      "is_quote_status": false,
      "source": "<a href=\"http://twitter.com/download/iphone\" rel=\"nofollow\">Twitter for iPhone</a>",
      "favorited": false,
      "reply_count": 0,
      "timestamp_ms": "1580065049880",
      "lang": "es",
      "in_reply_to_user_id": null,
      "entities": {
        "user_mentions": [
          {
            "id_str": "1041752971913166848",
            "id": 1041752971913166848,
            "indices": [
              3,
              18
            ],
            "screen_name": "displicente_98",
            "name": "Renato 🇵🇪"
          }
        ],
        "urls": [],
        "hashtags": [],
        "symbols": []
      },
      "in_reply_to_status_id": null,
      "retweet_count": 0,
      "truncated": false
    }
  ]
}