{
  "data": [
    {
      "source": "<a href=\"http://twitter.com/download/android\" rel=\"nofollow\">Twitter for Android</a>",
      "in_reply_to_user_id": null,
      "quote_count": 0,
      "retweet_count": 0,
      "lang": "es",
      "contributors": null,
      "user": {
        "default_profile_image": false,
        "screen_name": "AnaVela91517064",
        "profile_link_color": "1DA1F2",
        "followers_count": 94,
        "default_profile": true,
        "translator_type": "none",
        "verified": false,
        "profile_banner_url": "https://pbs.twimg.com/profile_banners/1041167539697532928/1547067244",
        "protected": false,
        "profile_background_tile": false,
        "is_translator": false,
        "name": "Ana Velasquez",
        "lang": null,
        "url": null,
        "following": null,
        "profile_background_image_url": "",
        "utc_offset": null,
        "profile_text_color": "333333",
        "profile_image_url": "http://pbs.twimg.com/profile_images/1083103228882046978/tQAixQYc_normal.jpg",
        "created_at": "Sun Sep 16 03:31:00 +0000 2018",
        "friends_count": 36,
        "follow_request_sent": null,
        "description": "Madre, amiga, mujer♥️♥️",
        "id_str": "1041167539697532928",
        "profile_sidebar_fill_color": "DDEEF6",
        "location": null,
        "profile_sidebar_border_color": "C0DEED",
        "profile_use_background_image": true,
        "profile_background_color": "F5F8FA",
        "favourites_count": 23701,
        "time_zone": null,
        "id": 1041167539697532928,
        "geo_enabled": false,
        "profile_background_image_url_https": "",
        "profile_image_url_https": "https://pbs.twimg.com/profile_images/1083103228882046978/tQAixQYc_normal.jpg",
        "notifications": null,
        "listed_count": 0,
        "contributors_enabled": false,
        "statuses_count": 4422
      },
      "in_reply_to_user_id_str": null,
      "geo": null,
      "reply_count": 0,
      "coordinates": null,
      "entities": {
        "urls": [
          {
            "display_url": "diariocorreo.pe/politica/giuli…",
            "url": "https://t.co/3maguGYA0K",
            "indices": [
              115,
              138
            ],
            "expanded_url": "https://diariocorreo.pe/politica/giuliana-loza-celebro-su-cumpleanos-con-keiko-fujimori-en-chincha-gracias-por-tu-amistad-noticia/"
          }
        ],
        "user_mentions": [
          {
            "name": "Richard Montoya",
            "screen_name": "RichardMontoyaR",
            "id_str": "732405489384992772",
            "id": 732405489384992772,
            "indices": [
              3,
              19
            ]
          }
        ],
        "hashtags": [],
        "symbols": []
      },
      "favorited": false,
      "created_at": "Wed Jan 22 02:51:23 +0000 2020",
      "retweeted": false,
      "id_str": "1219814791423893504",
      "timestamp_ms": "1579661483995",
      "in_reply_to_screen_name": null,
      "is_quote_status": false,
      "possibly_sensitive": false,
      "in_reply_to_status_id": null,
      "in_reply_to_status_id_str": null,
      "id": 1219814791423893504,
      "retweeted_status": {
        "source": "<a href=\"http://twitter.com/download/iphone\" rel=\"nofollow\">Twitter for iPhone</a>",
        "in_reply_to_user_id": null,
        "quote_count": 0,
        "retweet_count": 33,
        "lang": "es",
        "contributors": null,
        "user": {
          "default_profile_image": false,
          "screen_name": "RichardMontoyaR",
          "profile_link_color": "1DA1F2",
          "followers_count": 7471,
          "default_profile": true,
          "translator_type": "none",
          "verified": false,
          "profile_banner_url": "https://pbs.twimg.com/profile_banners/732405489384992772/1545795598",
          "protected": false,
          "profile_background_tile": false,
          "is_translator": false,
          "name": "Richard Montoya",
          "lang": null,
          "url": null,
          "following": null,
          "profile_background_image_url": "",
          "utc_offset": null,
          "profile_text_color": "333333",
          "profile_image_url": "http://pbs.twimg.com/profile_images/1214396448525242369/c85baU7a_normal.jpg",
          "created_at": "Tue May 17 03:00:50 +0000 2016",
          "friends_count": 2232,
          "follow_request_sent": null,
          "description": "anti caviar , anti comunista",
          "id_str": "732405489384992772",
          "profile_sidebar_fill_color": "DDEEF6",
          "location": "San Isidro Lima , Peru 🇵🇪",
          "profile_sidebar_border_color": "C0DEED",
          "profile_use_background_image": true,
          "profile_background_color": "F5F8FA",
          "favourites_count": 172594,
          "time_zone": null,
          "id": 732405489384992772,
          "geo_enabled": true,
          "profile_background_image_url_https": "",
          "profile_image_url_https": "https://pbs.twimg.com/profile_images/1214396448525242369/c85baU7a_normal.jpg",
          "notifications": null,
          "listed_count": 13,
          "contributors_enabled": false,
          "statuses_count": 145300
        },
        "retweeted": false,
        "in_reply_to_user_id_str": null,
        "geo": null,
        "reply_count": 2,
        "coordinates": null,
        "entities": {
          "urls": [
            {
              "display_url": "twitter.com/i/web/status/1…",
              "url": "https://t.co/BAetpzNTqO",
              "indices": [
                95,
                118
              ],
              "expanded_url": "https://twitter.com/i/web/status/1219684850480885765"
            }
          ],
          "user_mentions": [],
          "hashtags": [],
          "symbols": []
        },
        "favorited": false,
        "created_at": "Tue Jan 21 18:15:03 +0000 2020",
        "text": "Giuliana Loza celebró su cumpleaños con Keiko Fujimori en Chincha: “¡Gracias por tu amistad!\"… https://t.co/BAetpzNTqO",
        "id_str": "1219684850480885765",
        "in_reply_to_screen_name": null,
        "is_quote_status": false,
        "in_reply_to_status_id": null,
        "in_reply_to_status_id_str": null,
        "id": 1219684850480885765,
        "possibly_sensitive": false,
        "favorite_count": 94,
        "filter_level": "low",
        "extended_tweet": {
          "entities": {
            "urls": [
              {
                "display_url": "diariocorreo.pe/politica/giuli…",
                "url": "https://t.co/3maguGYA0K",
                "indices": [
                  94,
                  117
                ],
                "expanded_url": "https://diariocorreo.pe/politica/giuliana-loza-celebro-su-cumpleanos-con-keiko-fujimori-en-chincha-gracias-por-tu-amistad-noticia/"
              }
            ],
            "user_mentions": [
              {
                "name": "Diario Correo",
                "screen_name": "diariocorreo",
                "id_str": "85840608",
                "id": 85840608,
                "indices": [
                  122,
                  135
                ]
              },
              {
                "name": "Giulliana Loza",
                "screen_name": "GiullianaLoza",
                "id_str": "1003350317352804352",
                "id": 1003350317352804352,
                "indices": [
                  224,
                  238
                ]
              }
            ],
            "hashtags": [],
            "symbols": []
          },
          "full_text": "Giuliana Loza celebró su cumpleaños con Keiko Fujimori en Chincha: “¡Gracias por tu amistad!\" https://t.co/3maguGYA0K vía @diariocorreo mientras los adversarios les gana el odio , Keiko feliz con su Familia 💪.. Feliz Cumple @GiullianaLoza  🎂🎉🎈",
          "display_text_range": [
            0,
            243
          ]
        },
        "truncated": true,
        "place": null
      },
      "favorite_count": 0,
      "filter_level": "low",
      "text": "RT @RichardMontoyaR: Giuliana Loza celebró su cumpleaños con Keiko Fujimori en Chincha: “¡Gracias por tu amistad!\" https://t.co/3maguGYA0K…",
      "truncated": false,
      "place": null
    },
    {
      "source": "<a href=\"http://twitter.com/download/android\" rel=\"nofollow\">Twitter for Android</a>",
      "in_reply_to_user_id": 829750511624679424,
      "quote_count": 0,
      "retweet_count": 0,
      "lang": "es",
      "contributors": null,
      "user": {
        "default_profile_image": false,
        "screen_name": "Raul49581960",
        "profile_link_color": "1DA1F2",
        "followers_count": 9,
        "default_profile": true,
        "translator_type": "none",
        "verified": false,
        "protected": false,
        "profile_background_tile": false,
        "is_translator": false,
        "name": "Raul",
        "lang": null,
        "url": null,
        "following": null,
        "profile_background_image_url": "",
        "utc_offset": null,
        "profile_text_color": "333333",
        "profile_image_url": "http://abs.twimg.com/sticky/default_profile_images/default_profile_normal.png",
        "created_at": "Mon Mar 26 15:12:46 +0000 2018",
        "friends_count": 192,
        "follow_request_sent": null,
        "description": null,
        "id_str": "978288657416237056",
        "profile_sidebar_fill_color": "DDEEF6",
        "location": null,
        "profile_sidebar_border_color": "C0DEED",
        "profile_use_background_image": true,
        "profile_background_color": "F5F8FA",
        "favourites_count": 62,
        "time_zone": null,
        "id": 978288657416237056,
        "geo_enabled": false,
        "profile_background_image_url_https": "",
        "profile_image_url_https": "https://abs.twimg.com/sticky/default_profile_images/default_profile_normal.png",
        "notifications": null,
        "listed_count": 0,
        "contributors_enabled": false,
        "statuses_count": 2078
      },
      "display_text_range": [
        13,
        140
      ],
      "retweeted": false,
      "in_reply_to_user_id_str": "829750511624679424",
      "geo": null,
      "reply_count": 0,
      "coordinates": null,
      "entities": {
        "urls": [
          {
            "display_url": "twitter.com/i/web/status/1…",
            "url": "https://t.co/pb8vLWYhIa",
            "indices": [
              117,
              140
            ],
            "expanded_url": "https://twitter.com/i/web/status/1219814855470747649"
          }
        ],
        "user_mentions": [
          {
            "name": "Política LRepública",
            "screen_name": "Politica_LR",
            "id_str": "829750511624679424",
            "id": 829750511624679424,
            "indices": [
              0,
              12
            ]
          }
        ],
        "hashtags": [],
        "symbols": []
      },
      "favorited": false,
      "created_at": "Wed Jan 22 02:51:39 +0000 2020",
      "text": "@Politica_LR Como jode cuando demuelen no? Asi se siente Keiko a adiario la demuelen, sobense nomas moraditos, mora… https://t.co/pb8vLWYhIa",
      "id_str": "1219814855470747649",
      "timestamp_ms": "1579661499265",
      "in_reply_to_screen_name": "Politica_LR",
      "is_quote_status": false,
      "in_reply_to_status_id": 1219726036662935553,
      "in_reply_to_status_id_str": "1219726036662935553",
      "id": 1219814855470747649,
      "favorite_count": 0,
      "filter_level": "low",
      "extended_tweet": {
        "entities": {
          "urls": [],
          "user_mentions": [
            {
              "name": "Política LRepública",
              "screen_name": "Politica_LR",
              "id_str": "829750511624679424",
              "id": 829750511624679424,
              "indices": [
                0,
                12
              ]
            }
          ],
          "hashtags": [],
          "symbols": []
        },
        "full_text": "@Politica_LR Como jode cuando demuelen no? Asi se siente Keiko a adiario la demuelen, sobense nomas moraditos, moraditos de dolor si es q les duele...saaooo...",
        "display_text_range": [
          13,
          159
        ]
      },
      "truncated": true,
      "place": null
    },
    {
      "source": "<a href=\"http://twitter.com/download/android\" rel=\"nofollow\">Twitter for Android</a>",
      "in_reply_to_user_id": null,
      "quote_count": 0,
      "retweet_count": 0,
      "lang": "es",
      "contributors": null,
      "user": {
        "default_profile_image": false,
        "screen_name": "manarellidiego",
        "profile_link_color": "1DA1F2",
        "followers_count": 2589,
        "default_profile": true,
        "translator_type": "none",
        "verified": false,
        "protected": false,
        "profile_background_tile": false,
        "is_translator": false,
        "name": "diego manarelli",
        "lang": null,
        "url": null,
        "following": null,
        "profile_background_image_url": "http://abs.twimg.com/images/themes/theme1/bg.png",
        "utc_offset": null,
        "profile_text_color": "333333",
        "profile_image_url": "http://pbs.twimg.com/profile_images/899800908233572353/iAIKmdMA_normal.jpg",
        "created_at": "Thu Jun 05 02:28:58 +0000 2014",
        "friends_count": 259,
        "follow_request_sent": null,
        "description": null,
        "id_str": "2583443602",
        "profile_sidebar_fill_color": "DDEEF6",
        "location": null,
        "profile_sidebar_border_color": "C0DEED",
        "profile_use_background_image": true,
        "profile_background_color": "C0DEED",
        "favourites_count": 53078,
        "time_zone": null,
        "id": 2583443602,
        "geo_enabled": true,
        "profile_background_image_url_https": "https://abs.twimg.com/images/themes/theme1/bg.png",
        "profile_image_url_https": "https://pbs.twimg.com/profile_images/899800908233572353/iAIKmdMA_normal.jpg",
        "notifications": null,
        "listed_count": 5,
        "contributors_enabled": false,
        "statuses_count": 80586
      },
      "in_reply_to_user_id_str": null,
      "geo": null,
      "reply_count": 0,
      "coordinates": null,
      "entities": {
        "urls": [],
        "user_mentions": [
          {
            "name": "Fuerza Popular - Barranco",
            "screen_name": "fpbarranco1",
            "id_str": "1128100492092088320",
            "id": 1128100492092088320,
            "indices": [
              3,
              15
            ]
          }
        ],
        "hashtags": [],
        "symbols": []
      },
      "favorited": false,
      "created_at": "Wed Jan 22 02:51:50 +0000 2020",
      "retweeted": false,
      "id_str": "1219814902606508033",
      "timestamp_ms": "1579661510503",
      "in_reply_to_screen_name": null,
      "is_quote_status": false,
      "in_reply_to_status_id": null,
      "in_reply_to_status_id_str": null,
      "id": 1219814902606508033,
      "retweeted_status": {
        "source": "<a href=\"http://twitter.com/download/android\" rel=\"nofollow\">Twitter for Android</a>",
        "in_reply_to_user_id": null,
        "quote_count": 1,
        "retweet_count": 19,
        "lang": "es",
        "contributors": null,
        "user": {
          "default_profile_image": false,
          "screen_name": "fpbarranco1",
          "profile_link_color": "1DA1F2",
          "followers_count": 969,
          "default_profile": true,
          "translator_type": "none",
          "verified": false,
          "profile_banner_url": "https://pbs.twimg.com/profile_banners/1128100492092088320/1566322304",
          "protected": false,
          "profile_background_tile": false,
          "is_translator": false,
          "name": "Fuerza Popular - Barranco",
          "lang": null,
          "url": "https://www.facebook.com/Fuerza-Popular-Limaco-Barranco-1404637366415021/",
          "following": null,
          "profile_background_image_url": "",
          "utc_offset": null,
          "profile_text_color": "333333",
          "profile_image_url": "http://pbs.twimg.com/profile_images/1128100699752009728/RF1zXbjO_normal.jpg",
          "created_at": "Tue May 14 00:51:31 +0000 2019",
          "friends_count": 1326,
          "follow_request_sent": null,
          "description": "Demostrando que con Unidad ,Lealtad y Disciplina podemos lograr mucho por nuestro País.",
          "id_str": "1128100492092088320",
          "profile_sidebar_fill_color": "DDEEF6",
          "location": "Barranco, Peru",
          "profile_sidebar_border_color": "C0DEED",
          "profile_use_background_image": true,
          "profile_background_color": "F5F8FA",
          "favourites_count": 6784,
          "time_zone": null,
          "id": 1128100492092088320,
          "geo_enabled": false,
          "profile_background_image_url_https": "",
          "profile_image_url_https": "https://pbs.twimg.com/profile_images/1128100699752009728/RF1zXbjO_normal.jpg",
          "notifications": null,
          "listed_count": 1,
          "contributors_enabled": false,
          "statuses_count": 2702
        },
        "display_text_range": [
          0,
          140
        ],
        "retweeted": false,
        "in_reply_to_user_id_str": null,
        "geo": null,
        "reply_count": 3,
        "coordinates": null,
        "entities": {
          "urls": [
            {
              "display_url": "twitter.com/i/web/status/1…",
              "url": "https://t.co/P8aNJcQHN8",
              "indices": [
                117,
                140
              ],
              "expanded_url": "https://twitter.com/i/web/status/1219772384628092928"
            }
          ],
          "user_mentions": [],
          "hashtags": [],
          "symbols": []
        },
        "favorited": false,
        "created_at": "Wed Jan 22 00:02:53 +0000 2020",
        "text": "Feliz Cumpleaños Dra. Giuliana Loza!! Desde Fuerza Popular el Agradecimiento por su Trabajo y  Dedicación por Defen… https://t.co/P8aNJcQHN8",
        "id_str": "1219772384628092928",
        "in_reply_to_screen_name": null,
        "is_quote_status": false,
        "in_reply_to_status_id": null,
        "in_reply_to_status_id_str": null,
        "id": 1219772384628092928,
        "possibly_sensitive": false,
        "favorite_count": 75,
        "filter_level": "low",
        "extended_tweet": {
          "extended_entities": {
            "media": [
              {
                "display_url": "pic.twitter.com/WUyasCHkT2",
                "id": 1219772382023442432,
                "id_str": "1219772382023442432",
                "expanded_url": "https://twitter.com/fpbarranco1/status/1219772384628092928/photo/1",
                "media_url": "http://pbs.twimg.com/media/EO2AhNFW4AAPvTJ.jpg",
                "url": "https://t.co/WUyasCHkT2",
                "media_url_https": "https://pbs.twimg.com/media/EO2AhNFW4AAPvTJ.jpg",
                "sizes": {
                  "large": {
                    "resize": "fit",
                    "w": 482,
                    "h": 290
                  },
                  "thumb": {
                    "resize": "crop",
                    "w": 150,
                    "h": 150
                  },
                  "medium": {
                    "resize": "fit",
                    "w": 482,
                    "h": 290
                  },
                  "small": {
                    "resize": "fit",
                    "w": 482,
                    "h": 290
                  }
                },
                "indices": [
                  276,
                  299
                ],
                "type": "photo"
              }
            ]
          },
          "entities": {
            "media": [
              {
                "display_url": "pic.twitter.com/WUyasCHkT2",
                "id": 1219772382023442432,
                "id_str": "1219772382023442432",
                "expanded_url": "https://twitter.com/fpbarranco1/status/1219772384628092928/photo/1",
                "media_url": "http://pbs.twimg.com/media/EO2AhNFW4AAPvTJ.jpg",
                "url": "https://t.co/WUyasCHkT2",
                "media_url_https": "https://pbs.twimg.com/media/EO2AhNFW4AAPvTJ.jpg",
                "sizes": {
                  "large": {
                    "resize": "fit",
                    "w": 482,
                    "h": 290
                  },
                  "thumb": {
                    "resize": "crop",
                    "w": 150,
                    "h": 150
                  },
                  "medium": {
                    "resize": "fit",
                    "w": 482,
                    "h": 290
                  },
                  "small": {
                    "resize": "fit",
                    "w": 482,
                    "h": 290
                  }
                },
                "indices": [
                  276,
                  299
                ],
                "type": "photo"
              }
            ],
            "urls": [],
            "user_mentions": [
              {
                "name": "Fuerza Popular - Lima",
                "screen_name": "fzapopularlima",
                "id_str": "3884783915",
                "id": 3884783915,
                "indices": [
                  170,
                  185
                ]
              },
              {
                "name": "Luis Otoya Trelles",
                "screen_name": "luchootoya",
                "id_str": "361511219",
                "id": 361511219,
                "indices": [
                  186,
                  197
                ]
              },
              {
                "name": "Amador Merino Reyna",
                "screen_name": "amerinoreyna",
                "id_str": "392511116",
                "id": 392511116,
                "indices": [
                  198,
                  211
                ]
              },
              {
                "name": "Milagros Salazar",
                "screen_name": "msalazarcongres",
                "id_str": "764219808145629184",
                "id": 764219808145629184,
                "indices": [
                  212,
                  228
                ]
              },
              {
                "name": "Milagros Takayama",
                "screen_name": "milytakayama",
                "id_str": "113771910",
                "id": 113771910,
                "indices": [
                  229,
                  242
                ]
              },
              {
                "name": "Lucho Galarreta",
                "screen_name": "luchogalarreta",
                "id_str": "55181597",
                "id": 55181597,
                "indices": [
                  243,
                  258
                ]
              },
              {
                "name": "Richard Montoya",
                "screen_name": "RichardMontoyaR",
                "id_str": "732405489384992772",
                "id": 732405489384992772,
                "indices": [
                  259,
                  275
                ]
              }
            ],
            "hashtags": [
              {
                "text": "FujimorismoUnido",
                "indices": [
                  137,
                  154
                ]
              },
              {
                "text": "KeikoLibertad",
                "indices": [
                  155,
                  169
                ]
              }
            ],
            "symbols": []
          },
          "full_text": "Feliz Cumpleaños Dra. Giuliana Loza!! Desde Fuerza Popular el Agradecimiento por su Trabajo y  Dedicación por Defender a Keiko Fujimori. #FujimorismoUnido #KeikoLibertad @fzapopularlima @luchootoya @amerinoreyna @msalazarcongres @milytakayama @luchogalarreta @RichardMontoyaR https://t.co/WUyasCHkT2",
          "display_text_range": [
            0,
            275
          ]
        },
        "truncated": true,
        "place": null
      },
      "favorite_count": 0,
      "filter_level": "low",
      "text": "RT @fpbarranco1: Feliz Cumpleaños Dra. Giuliana Loza!! Desde Fuerza Popular el Agradecimiento por su Trabajo y  Dedicación por Defender a K…",
      "truncated": false,
      "place": null
    },
    {
      "source": "<a href=\"http://twitter.com/download/android\" rel=\"nofollow\">Twitter for Android</a>",
      "in_reply_to_user_id": 722522801165463553,
      "quote_count": 0,
      "retweet_count": 0,
      "lang": "und",
      "contributors": null,
      "user": {
        "default_profile_image": false,
        "screen_name": "Joseroman2010",
        "profile_link_color": "0084B4",
        "followers_count": 641,
        "default_profile": false,
        "translator_type": "none",
        "verified": false,
        "protected": false,
        "profile_background_tile": false,
        "is_translator": false,
        "name": "JR",
        "lang": null,
        "url": null,
        "following": null,
        "profile_background_image_url": "http://abs.twimg.com/images/themes/theme1/bg.png",
        "utc_offset": null,
        "profile_text_color": "333333",
        "profile_image_url": "http://pbs.twimg.com/profile_images/378800000166707505/705dd860789d4511bd62a9a1caa825ab_normal.jpeg",
        "created_at": "Sun Oct 18 07:14:53 +0000 2009",
        "friends_count": 3639,
        "follow_request_sent": null,
        "description": null,
        "id_str": "83316761",
        "profile_sidebar_fill_color": "C0DFEC",
        "location": "Lima",
        "profile_sidebar_border_color": "A8C7F7",
        "profile_use_background_image": true,
        "profile_background_color": "022330",
        "favourites_count": 36257,
        "time_zone": null,
        "id": 83316761,
        "geo_enabled": false,
        "profile_background_image_url_https": "https://abs.twimg.com/images/themes/theme1/bg.png",
        "profile_image_url_https": "https://pbs.twimg.com/profile_images/378800000166707505/705dd860789d4511bd62a9a1caa825ab_normal.jpeg",
        "notifications": null,
        "listed_count": 4,
        "contributors_enabled": false,
        "statuses_count": 46959
      },
      "display_text_range": [
        58,
        58
      ],
      "in_reply_to_user_id_str": "722522801165463553",
      "geo": null,
      "reply_count": 0,
      "coordinates": null,
      "entities": {
        "media": [
          {
            "display_url": "pic.twitter.com/gWtlsgjEo5",
            "id": 1219814936261681152,
            "id_str": "1219814936261681152",
            "expanded_url": "https://twitter.com/Joseroman2010/status/1219814945686196225/photo/1",
            "media_url": "http://pbs.twimg.com/media/EO2nOL-X4AAgjUS.jpg",
            "url": "https://t.co/gWtlsgjEo5",
            "media_url_https": "https://pbs.twimg.com/media/EO2nOL-X4AAgjUS.jpg",
            "sizes": {
              "large": {
                "resize": "fit",
                "w": 1080,
                "h": 1359
              },
              "thumb": {
                "resize": "crop",
                "w": 150,
                "h": 150
              },
              "medium": {
                "resize": "fit",
                "w": 954,
                "h": 1200
              },
              "small": {
                "resize": "fit",
                "w": 540,
                "h": 680
              }
            },
            "indices": [
              59,
              82
            ],
            "type": "photo"
          }
        ],
        "urls": [],
        "user_mentions": [
          {
            "name": "Memorex📺®",
            "screen_name": "RecuerdosPeru",
            "id_str": "722522801165463553",
            "id": 722522801165463553,
            "indices": [
              0,
              14
            ]
          },
          {
            "name": "LUCIFER🌹",
            "screen_name": "Pusycat2017",
            "id_str": "1630843398",
            "id": 1630843398,
            "indices": [
              15,
              27
            ]
          },
          {
            "name": "Partido Político Fuerza Popular 🇵🇪",
            "screen_name": "PFuerzaPopular",
            "id_str": "721086806",
            "id": 721086806,
            "indices": [
              28,
              43
            ]
          },
          {
            "name": "Keiko Fujimori",
            "screen_name": "KeikoFujimori",
            "id_str": "53189543",
            "id": 53189543,
            "indices": [
              44,
              58
            ]
          }
        ],
        "hashtags": [],
        "symbols": []
      },
      "favorited": false,
      "created_at": "Wed Jan 22 02:52:00 +0000 2020",
      "retweeted": false,
      "id_str": "1219814945686196225",
      "timestamp_ms": "1579661520774",
      "extended_entities": {
        "media": [
          {
            "display_url": "pic.twitter.com/gWtlsgjEo5",
            "id": 1219814936261681152,
            "id_str": "1219814936261681152",
            "expanded_url": "https://twitter.com/Joseroman2010/status/1219814945686196225/photo/1",
            "media_url": "http://pbs.twimg.com/media/EO2nOL-X4AAgjUS.jpg",
            "url": "https://t.co/gWtlsgjEo5",
            "media_url_https": "https://pbs.twimg.com/media/EO2nOL-X4AAgjUS.jpg",
            "sizes": {
              "large": {
                "resize": "fit",
                "w": 1080,
                "h": 1359
              },
              "thumb": {
                "resize": "crop",
                "w": 150,
                "h": 150
              },
              "medium": {
                "resize": "fit",
                "w": 954,
                "h": 1200
              },
              "small": {
                "resize": "fit",
                "w": 540,
                "h": 680
              }
            },
            "indices": [
              59,
              82
            ],
            "type": "photo"
          }
        ]
      },
      "in_reply_to_screen_name": "RecuerdosPeru",
      "is_quote_status": false,
      "in_reply_to_status_id": 1219773886386057216,
      "in_reply_to_status_id_str": "1219773886386057216",
      "id": 1219814945686196225,
      "possibly_sensitive": false,
      "favorite_count": 0,
      "filter_level": "low",
      "text": "@RecuerdosPeru @Pusycat2017 @PFuerzaPopular @KeikoFujimori https://t.co/gWtlsgjEo5",
      "truncated": false,
      "place": null
    },
    {
      "source": "<a href=\"http://twitter.com/download/android\" rel=\"nofollow\">Twitter for Android</a>",
      "in_reply_to_user_id": 1465904048,
      "quote_count": 0,
      "retweet_count": 0,
      "lang": "pt",
      "contributors": null,
      "user": {
        "default_profile_image": false,
        "screen_name": "teo_centrismo",
        "profile_link_color": "1B95E0",
        "followers_count": 824,
        "default_profile": false,
        "translator_type": "none",
        "verified": false,
        "profile_banner_url": "https://pbs.twimg.com/profile_banners/766301263558508544/1579405329",
        "protected": false,
        "profile_background_tile": false,
        "is_translator": false,
        "name": "gênio do tipo shikamaru nara",
        "lang": null,
        "url": "https://curiouscat.me/teo_centrismo",
        "following": null,
        "profile_background_image_url": "http://abs.twimg.com/images/themes/theme1/bg.png",
        "utc_offset": null,
        "profile_text_color": "000000",
        "profile_image_url": "http://pbs.twimg.com/profile_images/1219055710362906626/gpzolVIs_normal.jpg",
        "created_at": "Thu Aug 18 15:50:33 +0000 2016",
        "friends_count": 974,
        "follow_request_sent": null,
        "description": "humor autodestrutivo e piadas com algum problema meu",
        "id_str": "766301263558508544",
        "profile_sidebar_fill_color": "000000",
        "location": "Earth, dimension c-137",
        "profile_sidebar_border_color": "000000",
        "profile_use_background_image": false,
        "profile_background_color": "000000",
        "favourites_count": 7188,
        "time_zone": null,
        "id": 766301263558508544,
        "geo_enabled": false,
        "profile_background_image_url_https": "https://abs.twimg.com/images/themes/theme1/bg.png",
        "profile_image_url_https": "https://pbs.twimg.com/profile_images/1219055710362906626/gpzolVIs_normal.jpg",
        "notifications": null,
        "listed_count": 0,
        "contributors_enabled": false,
        "statuses_count": 4349
      },
      "display_text_range": [
        11,
        32
      ],
      "in_reply_to_user_id_str": "1465904048",
      "geo": null,
      "reply_count": 0,
      "coordinates": null,
      "entities": {
        "urls": [],
        "user_mentions": [
          {
            "name": "keiko",
            "screen_name": "Yoshinobw",
            "id_str": "1465904048",
            "id": 1465904048,
            "indices": [
              0,
              10
            ]
          }
        ],
        "hashtags": [],
        "symbols": []
      },
      "favorited": false,
      "created_at": "Wed Jan 22 02:52:01 +0000 2020",
      "retweeted": false,
      "id_str": "1219814950782238721",
      "timestamp_ms": "1579661521989",
      "in_reply_to_screen_name": "Yoshinobw",
      "is_quote_status": false,
      "in_reply_to_status_id": 1219801035973255168,
      "in_reply_to_status_id_str": "1219801035973255168",
      "id": 1219814950782238721,
      "favorite_count": 0,
      "filter_level": "low",
      "text": "@Yoshinobw ta doente dnv, keiko?",
      "truncated": false,
      "place": null
    },
    {
      "source": "<a href=\"http://twitter.com/download/iphone\" rel=\"nofollow\">Twitter for iPhone</a>",
      "in_reply_to_user_id": null,
      "quote_count": 0,
      "retweet_count": 0,
      "lang": "es",
      "contributors": null,
      "user": {
        "default_profile_image": false,
        "screen_name": "MiloCrema91",
        "profile_link_color": "1DA1F2",
        "followers_count": 147,
        "default_profile": true,
        "translator_type": "none",
        "verified": false,
        "profile_banner_url": "https://pbs.twimg.com/profile_banners/816141206749057024/1483420143",
        "protected": false,
        "profile_background_tile": false,
        "is_translator": false,
        "name": "Milo",
        "lang": null,
        "url": null,
        "following": null,
        "profile_background_image_url": "",
        "utc_offset": null,
        "profile_text_color": "333333",
        "profile_image_url": "http://pbs.twimg.com/profile_images/1191085445964324866/kT1OAxE0_normal.jpg",
        "created_at": "Tue Jan 03 04:36:41 +0000 2017",
        "friends_count": 499,
        "follow_request_sent": null,
        "description": "Abogado - Ser de la U es un estilo de vida.",
        "id_str": "816141206749057024",
        "profile_sidebar_fill_color": "DDEEF6",
        "location": "Lima, Peru",
        "profile_sidebar_border_color": "C0DEED",
        "profile_use_background_image": true,
        "profile_background_color": "F5F8FA",
        "favourites_count": 32686,
        "time_zone": null,
        "id": 816141206749057024,
        "geo_enabled": true,
        "profile_background_image_url_https": "",
        "profile_image_url_https": "https://pbs.twimg.com/profile_images/1191085445964324866/kT1OAxE0_normal.jpg",
        "notifications": null,
        "listed_count": 0,
        "contributors_enabled": false,
        "statuses_count": 6895
      },
      "in_reply_to_user_id_str": null,
      "geo": null,
      "reply_count": 0,
      "coordinates": null,
      "entities": {
        "urls": [],
        "user_mentions": [
          {
            "name": "Memorex📺®",
            "screen_name": "RecuerdosPeru",
            "id_str": "722522801165463553",
            "id": 722522801165463553,
            "indices": [
              3,
              17
            ]
          }
        ],
        "hashtags": [],
        "symbols": []
      },
      "favorited": false,
      "created_at": "Wed Jan 22 02:52:10 +0000 2020",
      "retweeted": false,
      "id_str": "1219814986253570049",
      "timestamp_ms": "1579661530446",
      "in_reply_to_screen_name": null,
      "is_quote_status": false,
      "in_reply_to_status_id": null,
      "in_reply_to_status_id_str": null,
      "id": 1219814986253570049,
      "retweeted_status": {
        "source": "<a href=\"http://twitter.com/download/iphone\" rel=\"nofollow\">Twitter for iPhone</a>",
        "in_reply_to_user_id": null,
        "quote_count": 170,
        "retweet_count": 791,
        "lang": "es",
        "contributors": null,
        "user": {
          "default_profile_image": false,
          "screen_name": "RecuerdosPeru",
          "profile_link_color": "91D2FA",
          "followers_count": 42928,
          "default_profile": false,
          "translator_type": "none",
          "verified": false,
          "profile_banner_url": "https://pbs.twimg.com/profile_banners/722522801165463553/1463326115",
          "protected": false,
          "profile_background_tile": false,
          "is_translator": false,
          "name": "Memorex📺®",
          "lang": null,
          "url": "http://bit.ly/2cusRXJ",
          "following": null,
          "profile_background_image_url": "http://abs.twimg.com/images/themes/theme1/bg.png",
          "utc_offset": null,
          "profile_text_color": "000000",
          "profile_image_url": "http://pbs.twimg.com/profile_images/765358739167801345/J2i4_RTf_normal.jpg",
          "created_at": "Tue Apr 19 20:30:34 +0000 2016",
          "friends_count": 0,
          "follow_request_sent": null,
          "description": "#Memorex📺 - Tu canal digital de noticias, #Síguenos y estarás al día de la verdadera historia del país.",
          "id_str": "722522801165463553",
          "profile_sidebar_fill_color": "000000",
          "location": "Lima, Peru ",
          "profile_sidebar_border_color": "000000",
          "profile_use_background_image": false,
          "profile_background_color": "000000",
          "favourites_count": 36820,
          "time_zone": null,
          "id": 722522801165463553,
          "geo_enabled": true,
          "profile_background_image_url_https": "https://abs.twimg.com/images/themes/theme1/bg.png",
          "profile_image_url_https": "https://pbs.twimg.com/profile_images/765358739167801345/J2i4_RTf_normal.jpg",
          "notifications": null,
          "listed_count": 82,
          "contributors_enabled": false,
          "statuses_count": 37635
        },
        "display_text_range": [
          0,
          140
        ],
        "retweeted": false,
        "in_reply_to_user_id_str": null,
        "geo": null,
        "reply_count": 81,
        "coordinates": null,
        "entities": {
          "urls": [
            {
              "display_url": "twitter.com/i/web/status/1…",
              "url": "https://t.co/5iWnoXVpVp",
              "indices": [
                116,
                139
              ],
              "expanded_url": "https://twitter.com/i/web/status/1067073165371822080"
            }
          ],
          "user_mentions": [],
          "hashtags": [],
          "symbols": []
        },
        "favorited": false,
        "created_at": "Mon Nov 26 15:10:42 +0000 2018",
        "text": "Miguelito Barraza, en su estilo con manzanitas nos explica quién es el responsable de los aportes millonarios a la… https://t.co/5iWnoXVpVp",
        "id_str": "1067073165371822080",
        "in_reply_to_screen_name": null,
        "is_quote_status": false,
        "in_reply_to_status_id": null,
        "in_reply_to_status_id_str": null,
        "id": 1067073165371822080,
        "possibly_sensitive": false,
        "favorite_count": 1628,
        "filter_level": "low",
        "extended_tweet": {
          "extended_entities": {
            "media": [
              {
                "id_str": "1067072975332085760",
                "media_url": "http://pbs.twimg.com/ext_tw_video_thumb/1067072975332085760/pu/img/FoUlm6Ww4Gh4iSa3.jpg",
                "indices": [
                  201,
                  224
                ],
                "display_url": "pic.twitter.com/JePSFAWZMF",
                "id": 1067072975332085760,
                "url": "https://t.co/JePSFAWZMF",
                "expanded_url": "https://twitter.com/RecuerdosPeru/status/1067073165371822080/video/1",
                "video_info": {
                  "variants": [
                    {
                      "content_type": "video/mp4",
                      "url": "https://video.twimg.com/ext_tw_video/1067072975332085760/pu/vid/384x288/4-q5hKHK7r-t5eNi.mp4?tag=5",
                      "bitrate": 832000
                    },
                    {
                      "content_type": "application/x-mpegURL",
                      "url": "https://video.twimg.com/ext_tw_video/1067072975332085760/pu/pl/TiyMdAj_KN8kCJhc.m3u8?tag=5"
                    },
                    {
                      "content_type": "video/mp4",
                      "url": "https://video.twimg.com/ext_tw_video/1067072975332085760/pu/vid/240x180/3oMG1rsXPoGSumzY.mp4?tag=5",
                      "bitrate": 256000
                    }
                  ],
                  "aspect_ratio": [
                    4,
                    3
                  ],
                  "duration_millis": 136463
                },
                "additional_media_info": {
                  "monetizable": false
                },
                "type": "video",
                "media_url_https": "https://pbs.twimg.com/ext_tw_video_thumb/1067072975332085760/pu/img/FoUlm6Ww4Gh4iSa3.jpg",
                "sizes": {
                  "medium": {
                    "resize": "fit",
                    "w": 384,
                    "h": 288
                  },
                  "thumb": {
                    "resize": "crop",
                    "w": 150,
                    "h": 150
                  },
                  "small": {
                    "resize": "fit",
                    "w": 384,
                    "h": 288
                  },
                  "large": {
                    "resize": "fit",
                    "w": 384,
                    "h": 288
                  }
                }
              }
            ]
          },
          "entities": {
            "media": [
              {
                "id_str": "1067072975332085760",
                "media_url": "http://pbs.twimg.com/ext_tw_video_thumb/1067072975332085760/pu/img/FoUlm6Ww4Gh4iSa3.jpg",
                "indices": [
                  201,
                  224
                ],
                "display_url": "pic.twitter.com/JePSFAWZMF",
                "id": 1067072975332085760,
                "url": "https://t.co/JePSFAWZMF",
                "expanded_url": "https://twitter.com/RecuerdosPeru/status/1067073165371822080/video/1",
                "video_info": {
                  "variants": [
                    {
                      "content_type": "video/mp4",
                      "url": "https://video.twimg.com/ext_tw_video/1067072975332085760/pu/vid/384x288/4-q5hKHK7r-t5eNi.mp4?tag=5",
                      "bitrate": 832000
                    },
                    {
                      "content_type": "application/x-mpegURL",
                      "url": "https://video.twimg.com/ext_tw_video/1067072975332085760/pu/pl/TiyMdAj_KN8kCJhc.m3u8?tag=5"
                    },
                    {
                      "content_type": "video/mp4",
                      "url": "https://video.twimg.com/ext_tw_video/1067072975332085760/pu/vid/240x180/3oMG1rsXPoGSumzY.mp4?tag=5",
                      "bitrate": 256000
                    }
                  ],
                  "aspect_ratio": [
                    4,
                    3
                  ],
                  "duration_millis": 136463
                },
                "additional_media_info": {
                  "monetizable": false
                },
                "type": "video",
                "media_url_https": "https://pbs.twimg.com/ext_tw_video_thumb/1067072975332085760/pu/img/FoUlm6Ww4Gh4iSa3.jpg",
                "sizes": {
                  "medium": {
                    "resize": "fit",
                    "w": 384,
                    "h": 288
                  },
                  "thumb": {
                    "resize": "crop",
                    "w": 150,
                    "h": 150
                  },
                  "small": {
                    "resize": "fit",
                    "w": 384,
                    "h": 288
                  },
                  "large": {
                    "resize": "fit",
                    "w": 384,
                    "h": 288
                  }
                }
              }
            ],
            "urls": [],
            "user_mentions": [
              {
                "name": "Keiko Fujimori",
                "screen_name": "KeikoFujimori",
                "id_str": "53189543",
                "id": 53189543,
                "indices": [
                  126,
                  140
                ]
              },
              {
                "name": "Cuarto Poder",
                "screen_name": "Cuarto_Poder",
                "id_str": "53775366",
                "id": 53775366,
                "indices": [
                  187,
                  200
                ]
              }
            ],
            "hashtags": [],
            "symbols": []
          },
          "full_text": "Miguelito Barraza, en su estilo con manzanitas nos explica quién es el responsable de los aportes millonarios a la campaña de @KeikoFujimori según las declaraciones de Jaime Yoshiyama en @Cuarto_Poder https://t.co/JePSFAWZMF",
          "display_text_range": [
            0,
            200
          ]
        },
        "truncated": true,
        "place": null
      },
      "favorite_count": 0,
      "filter_level": "low",
      "text": "RT @RecuerdosPeru: Miguelito Barraza, en su estilo con manzanitas nos explica quién es el responsable de los aportes millonarios a la campa…",
      "truncated": false,
      "place": null
    },
    {
      "source": "<a href=\"http://twitter.com/download/android\" rel=\"nofollow\">Twitter for Android</a>",
      "in_reply_to_user_id": 722522801165463553,
      "quote_count": 0,
      "retweet_count": 0,
      "lang": "und",
      "contributors": null,
      "user": {
        "default_profile_image": false,
        "screen_name": "Joseroman2010",
        "profile_link_color": "0084B4",
        "followers_count": 641,
        "default_profile": false,
        "translator_type": "none",
        "verified": false,
        "protected": false,
        "profile_background_tile": false,
        "is_translator": false,
        "name": "JR",
        "lang": null,
        "url": null,
        "following": null,
        "profile_background_image_url": "http://abs.twimg.com/images/themes/theme1/bg.png",
        "utc_offset": null,
        "profile_text_color": "333333",
        "profile_image_url": "http://pbs.twimg.com/profile_images/378800000166707505/705dd860789d4511bd62a9a1caa825ab_normal.jpeg",
        "created_at": "Sun Oct 18 07:14:53 +0000 2009",
        "friends_count": 3639,
        "follow_request_sent": null,
        "description": null,
        "id_str": "83316761",
        "profile_sidebar_fill_color": "C0DFEC",
        "location": "Lima",
        "profile_sidebar_border_color": "A8C7F7",
        "profile_use_background_image": true,
        "profile_background_color": "022330",
        "favourites_count": 36257,
        "time_zone": null,
        "id": 83316761,
        "geo_enabled": false,
        "profile_background_image_url_https": "https://abs.twimg.com/images/themes/theme1/bg.png",
        "profile_image_url_https": "https://pbs.twimg.com/profile_images/378800000166707505/705dd860789d4511bd62a9a1caa825ab_normal.jpeg",
        "notifications": null,
        "listed_count": 4,
        "contributors_enabled": false,
        "statuses_count": 46960
      },
      "display_text_range": [
        58,
        58
      ],
      "in_reply_to_user_id_str": "722522801165463553",
      "geo": null,
      "reply_count": 0,
      "coordinates": null,
      "entities": {
        "media": [
          {
            "display_url": "pic.twitter.com/kQ1RHj23LH",
            "id": 1219815011113107456,
            "id_str": "1219815011113107456",
            "expanded_url": "https://twitter.com/Joseroman2010/status/1219815022915989504/photo/1",
            "media_url": "http://pbs.twimg.com/media/EO2nSi0WAAAvpSM.jpg",
            "url": "https://t.co/kQ1RHj23LH",
            "media_url_https": "https://pbs.twimg.com/media/EO2nSi0WAAAvpSM.jpg",
            "sizes": {
              "medium": {
                "resize": "fit",
                "w": 813,
                "h": 1200
              },
              "thumb": {
                "resize": "crop",
                "w": 150,
                "h": 150
              },
              "large": {
                "resize": "fit",
                "w": 1080,
                "h": 1595
              },
              "small": {
                "resize": "fit",
                "w": 460,
                "h": 680
              }
            },
            "indices": [
              59,
              82
            ],
            "type": "photo"
          }
        ],
        "urls": [],
        "user_mentions": [
          {
            "name": "Memorex📺®",
            "screen_name": "RecuerdosPeru",
            "id_str": "722522801165463553",
            "id": 722522801165463553,
            "indices": [
              0,
              14
            ]
          },
          {
            "name": "LUCIFER🌹",
            "screen_name": "Pusycat2017",
            "id_str": "1630843398",
            "id": 1630843398,
            "indices": [
              15,
              27
            ]
          },
          {
            "name": "Partido Político Fuerza Popular 🇵🇪",
            "screen_name": "PFuerzaPopular",
            "id_str": "721086806",
            "id": 721086806,
            "indices": [
              28,
              43
            ]
          },
          {
            "name": "Keiko Fujimori",
            "screen_name": "KeikoFujimori",
            "id_str": "53189543",
            "id": 53189543,
            "indices": [
              44,
              58
            ]
          }
        ],
        "hashtags": [],
        "symbols": []
      },
      "favorited": false,
      "created_at": "Wed Jan 22 02:52:19 +0000 2020",
      "retweeted": false,
      "id_str": "1219815022915989504",
      "timestamp_ms": "1579661539187",
      "extended_entities": {
        "media": [
          {
            "display_url": "pic.twitter.com/kQ1RHj23LH",
            "id": 1219815011113107456,
            "id_str": "1219815011113107456",
            "expanded_url": "https://twitter.com/Joseroman2010/status/1219815022915989504/photo/1",
            "media_url": "http://pbs.twimg.com/media/EO2nSi0WAAAvpSM.jpg",
            "url": "https://t.co/kQ1RHj23LH",
            "media_url_https": "https://pbs.twimg.com/media/EO2nSi0WAAAvpSM.jpg",
            "sizes": {
              "medium": {
                "resize": "fit",
                "w": 813,
                "h": 1200
              },
              "thumb": {
                "resize": "crop",
                "w": 150,
                "h": 150
              },
              "large": {
                "resize": "fit",
                "w": 1080,
                "h": 1595
              },
              "small": {
                "resize": "fit",
                "w": 460,
                "h": 680
              }
            },
            "indices": [
              59,
              82
            ],
            "type": "photo"
          }
        ]
      },
      "in_reply_to_screen_name": "RecuerdosPeru",
      "is_quote_status": false,
      "in_reply_to_status_id": 1219773886386057216,
      "in_reply_to_status_id_str": "1219773886386057216",
      "id": 1219815022915989504,
      "possibly_sensitive": false,
      "favorite_count": 0,
      "filter_level": "low",
      "text": "@RecuerdosPeru @Pusycat2017 @PFuerzaPopular @KeikoFujimori https://t.co/kQ1RHj23LH",
      "truncated": false,
      "place": null
    },
    {
      "source": "<a href=\"http://twitter.com/download/android\" rel=\"nofollow\">Twitter for Android</a>",
      "in_reply_to_user_id": null,
      "quote_count": 0,
      "retweet_count": 0,
      "lang": "und",
      "contributors": null,
      "user": {
        "default_profile_image": false,
        "screen_name": "Pusycat2017",
        "profile_link_color": "981CEB",
        "followers_count": 7379,
        "default_profile": false,
        "translator_type": "none",
        "verified": false,
        "profile_banner_url": "https://pbs.twimg.com/profile_banners/1630843398/1544666405",
        "protected": false,
        "profile_background_tile": false,
        "is_translator": false,
        "name": "LUCIFER🌹",
        "lang": null,
        "url": null,
        "following": null,
        "profile_background_image_url": "http://abs.twimg.com/images/themes/theme1/bg.png",
        "utc_offset": null,
        "profile_text_color": "000000",
        "profile_image_url": "http://pbs.twimg.com/profile_images/984200433639084040/UdHEDFZp_normal.jpg",
        "created_at": "Mon Jul 29 17:37:57 +0000 2013",
        "friends_count": 4669,
        "follow_request_sent": null,
        "description": "Siempre  LUCIFER🌹 \n\n\n\n#SiguemeYTeSigo  👠💋🌹 \n 🐩🐈🐰\n       I ❤ (U)  🍷🌻🌸🌼 \n#YDaleU 💪😍   #VaosConTodoVizcarra ✌😈",
        "id_str": "1630843398",
        "profile_sidebar_fill_color": "000000",
        "location": "Lima, Peru",
        "profile_sidebar_border_color": "000000",
        "profile_use_background_image": false,
        "profile_background_color": "000000",
        "favourites_count": 148521,
        "time_zone": null,
        "id": 1630843398,
        "geo_enabled": true,
        "profile_background_image_url_https": "https://abs.twimg.com/images/themes/theme1/bg.png",
        "profile_image_url_https": "https://pbs.twimg.com/profile_images/984200433639084040/UdHEDFZp_normal.jpg",
        "notifications": null,
        "listed_count": 38,
        "contributors_enabled": false,
        "statuses_count": 209093
      },
      "in_reply_to_user_id_str": null,
      "geo": null,
      "reply_count": 0,
      "coordinates": null,
      "entities": {
        "media": [
          {
            "id_str": "1219814936261681152",
            "media_url": "http://pbs.twimg.com/media/EO2nOL-X4AAgjUS.jpg",
            "source_user_id_str": "83316761",
            "indices": [
              78,
              101
            ],
            "source_status_id_str": "1219814945686196225",
            "display_url": "pic.twitter.com/gWtlsgjEo5",
            "id": 1219814936261681152,
            "url": "https://t.co/gWtlsgjEo5",
            "expanded_url": "https://twitter.com/Joseroman2010/status/1219814945686196225/photo/1",
            "type": "photo",
            "media_url_https": "https://pbs.twimg.com/media/EO2nOL-X4AAgjUS.jpg",
            "source_status_id": 1219814945686196225,
            "source_user_id": 83316761,
            "sizes": {
              "medium": {
                "resize": "fit",
                "w": 954,
                "h": 1200
              },
              "thumb": {
                "resize": "crop",
                "w": 150,
                "h": 150
              },
              "small": {
                "resize": "fit",
                "w": 540,
                "h": 680
              },
              "large": {
                "resize": "fit",
                "w": 1080,
                "h": 1359
              }
            }
          }
        ],
        "urls": [],
        "user_mentions": [
          {
            "name": "JR",
            "screen_name": "Joseroman2010",
            "id_str": "83316761",
            "id": 83316761,
            "indices": [
              3,
              17
            ]
          },
          {
            "name": "Memorex📺®",
            "screen_name": "RecuerdosPeru",
            "id_str": "722522801165463553",
            "id": 722522801165463553,
            "indices": [
              19,
              33
            ]
          },
          {
            "name": "LUCIFER🌹",
            "screen_name": "Pusycat2017",
            "id_str": "1630843398",
            "id": 1630843398,
            "indices": [
              34,
              46
            ]
          },
          {
            "name": "Partido Político Fuerza Popular 🇵🇪",
            "screen_name": "PFuerzaPopular",
            "id_str": "721086806",
            "id": 721086806,
            "indices": [
              47,
              62
            ]
          },
          {
            "name": "Keiko Fujimori",
            "screen_name": "KeikoFujimori",
            "id_str": "53189543",
            "id": 53189543,
            "indices": [
              63,
              77
            ]
          }
        ],
        "hashtags": [],
        "symbols": []
      },
      "favorited": false,
      "created_at": "Wed Jan 22 02:52:26 +0000 2020",
      "retweeted": false,
      "id_str": "1219815051839901696",
      "timestamp_ms": "1579661546083",
      "extended_entities": {
        "media": [
          {
            "id_str": "1219814936261681152",
            "media_url": "http://pbs.twimg.com/media/EO2nOL-X4AAgjUS.jpg",
            "source_user_id_str": "83316761",
            "indices": [
              78,
              101
            ],
            "source_status_id_str": "1219814945686196225",
            "display_url": "pic.twitter.com/gWtlsgjEo5",
            "id": 1219814936261681152,
            "url": "https://t.co/gWtlsgjEo5",
            "expanded_url": "https://twitter.com/Joseroman2010/status/1219814945686196225/photo/1",
            "type": "photo",
            "media_url_https": "https://pbs.twimg.com/media/EO2nOL-X4AAgjUS.jpg",
            "source_status_id": 1219814945686196225,
            "source_user_id": 83316761,
            "sizes": {
              "medium": {
                "resize": "fit",
                "w": 954,
                "h": 1200
              },
              "thumb": {
                "resize": "crop",
                "w": 150,
                "h": 150
              },
              "small": {
                "resize": "fit",
                "w": 540,
                "h": 680
              },
              "large": {
                "resize": "fit",
                "w": 1080,
                "h": 1359
              }
            }
          }
        ]
      },
      "in_reply_to_screen_name": null,
      "is_quote_status": false,
      "possibly_sensitive": false,
      "in_reply_to_status_id": null,
      "in_reply_to_status_id_str": null,
      "id": 1219815051839901696,
      "retweeted_status": {
        "source": "<a href=\"http://twitter.com/download/android\" rel=\"nofollow\">Twitter for Android</a>",
        "in_reply_to_user_id": 722522801165463553,
        "quote_count": 0,
        "retweet_count": 1,
        "lang": "und",
        "contributors": null,
        "user": {
          "default_profile_image": false,
          "screen_name": "Joseroman2010",
          "profile_link_color": "0084B4",
          "followers_count": 641,
          "default_profile": false,
          "translator_type": "none",
          "verified": false,
          "protected": false,
          "profile_background_tile": false,
          "is_translator": false,
          "name": "JR",
          "lang": null,
          "url": null,
          "following": null,
          "profile_background_image_url": "http://abs.twimg.com/images/themes/theme1/bg.png",
          "utc_offset": null,
          "profile_text_color": "333333",
          "profile_image_url": "http://pbs.twimg.com/profile_images/378800000166707505/705dd860789d4511bd62a9a1caa825ab_normal.jpeg",
          "created_at": "Sun Oct 18 07:14:53 +0000 2009",
          "friends_count": 3639,
          "follow_request_sent": null,
          "description": null,
          "id_str": "83316761",
          "profile_sidebar_fill_color": "C0DFEC",
          "location": "Lima",
          "profile_sidebar_border_color": "A8C7F7",
          "profile_use_background_image": true,
          "profile_background_color": "022330",
          "favourites_count": 36257,
          "time_zone": null,
          "id": 83316761,
          "geo_enabled": false,
          "profile_background_image_url_https": "https://abs.twimg.com/images/themes/theme1/bg.png",
          "profile_image_url_https": "https://pbs.twimg.com/profile_images/378800000166707505/705dd860789d4511bd62a9a1caa825ab_normal.jpeg",
          "notifications": null,
          "listed_count": 4,
          "contributors_enabled": false,
          "statuses_count": 46960
        },
        "display_text_range": [
          58,
          58
        ],
        "in_reply_to_user_id_str": "722522801165463553",
        "geo": null,
        "reply_count": 0,
        "coordinates": null,
        "entities": {
          "media": [
            {
              "display_url": "pic.twitter.com/gWtlsgjEo5",
              "id": 1219814936261681152,
              "id_str": "1219814936261681152",
              "expanded_url": "https://twitter.com/Joseroman2010/status/1219814945686196225/photo/1",
              "media_url": "http://pbs.twimg.com/media/EO2nOL-X4AAgjUS.jpg",
              "url": "https://t.co/gWtlsgjEo5",
              "media_url_https": "https://pbs.twimg.com/media/EO2nOL-X4AAgjUS.jpg",
              "sizes": {
                "medium": {
                  "resize": "fit",
                  "w": 954,
                  "h": 1200
                },
                "thumb": {
                  "resize": "crop",
                  "w": 150,
                  "h": 150
                },
                "small": {
                  "resize": "fit",
                  "w": 540,
                  "h": 680
                },
                "large": {
                  "resize": "fit",
                  "w": 1080,
                  "h": 1359
                }
              },
              "indices": [
                59,
                82
              ],
              "type": "photo"
            }
          ],
          "urls": [],
          "user_mentions": [
            {
              "name": "Memorex📺®",
              "screen_name": "RecuerdosPeru",
              "id_str": "722522801165463553",
              "id": 722522801165463553,
              "indices": [
                0,
                14
              ]
            },
            {
              "name": "LUCIFER🌹",
              "screen_name": "Pusycat2017",
              "id_str": "1630843398",
              "id": 1630843398,
              "indices": [
                15,
                27
              ]
            },
            {
              "name": "Partido Político Fuerza Popular 🇵🇪",
              "screen_name": "PFuerzaPopular",
              "id_str": "721086806",
              "id": 721086806,
              "indices": [
                28,
                43
              ]
            },
            {
              "name": "Keiko Fujimori",
              "screen_name": "KeikoFujimori",
              "id_str": "53189543",
              "id": 53189543,
              "indices": [
                44,
                58
              ]
            }
          ],
          "hashtags": [],
          "symbols": []
        },
        "favorited": false,
        "created_at": "Wed Jan 22 02:52:00 +0000 2020",
        "retweeted": false,
        "id_str": "1219814945686196225",
        "extended_entities": {
          "media": [
            {
              "display_url": "pic.twitter.com/gWtlsgjEo5",
              "id": 1219814936261681152,
              "id_str": "1219814936261681152",
              "expanded_url": "https://twitter.com/Joseroman2010/status/1219814945686196225/photo/1",
              "media_url": "http://pbs.twimg.com/media/EO2nOL-X4AAgjUS.jpg",
              "url": "https://t.co/gWtlsgjEo5",
              "media_url_https": "https://pbs.twimg.com/media/EO2nOL-X4AAgjUS.jpg",
              "sizes": {
                "medium": {
                  "resize": "fit",
                  "w": 954,
                  "h": 1200
                },
                "thumb": {
                  "resize": "crop",
                  "w": 150,
                  "h": 150
                },
                "small": {
                  "resize": "fit",
                  "w": 540,
                  "h": 680
                },
                "large": {
                  "resize": "fit",
                  "w": 1080,
                  "h": 1359
                }
              },
              "indices": [
                59,
                82
              ],
              "type": "photo"
            }
          ]
        },
        "in_reply_to_screen_name": "RecuerdosPeru",
        "is_quote_status": false,
        "in_reply_to_status_id": 1219773886386057216,
        "in_reply_to_status_id_str": "1219773886386057216",
        "id": 1219814945686196225,
        "possibly_sensitive": false,
        "favorite_count": 0,
        "filter_level": "low",
        "text": "@RecuerdosPeru @Pusycat2017 @PFuerzaPopular @KeikoFujimori https://t.co/gWtlsgjEo5",
        "truncated": false,
        "place": null
      },
      "favorite_count": 0,
      "filter_level": "low",
      "text": "RT @Joseroman2010: @RecuerdosPeru @Pusycat2017 @PFuerzaPopular @KeikoFujimori https://t.co/gWtlsgjEo5",
      "truncated": false,
      "place": null
    },
    {
      "source": "<a href=\"http://twitter.com/download/android\" rel=\"nofollow\">Twitter for Android</a>",
      "in_reply_to_user_id": 722522801165463553,
      "quote_count": 0,
      "retweet_count": 0,
      "lang": "und",
      "contributors": null,
      "user": {
        "default_profile_image": false,
        "screen_name": "Joseroman2010",
        "profile_link_color": "0084B4",
        "followers_count": 641,
        "default_profile": false,
        "translator_type": "none",
        "verified": false,
        "protected": false,
        "profile_background_tile": false,
        "is_translator": false,
        "name": "JR",
        "lang": null,
        "url": null,
        "following": null,
        "profile_background_image_url": "http://abs.twimg.com/images/themes/theme1/bg.png",
        "utc_offset": null,
        "profile_text_color": "333333",
        "profile_image_url": "http://pbs.twimg.com/profile_images/378800000166707505/705dd860789d4511bd62a9a1caa825ab_normal.jpeg",
        "created_at": "Sun Oct 18 07:14:53 +0000 2009",
        "friends_count": 3639,
        "follow_request_sent": null,
        "description": null,
        "id_str": "83316761",
        "profile_sidebar_fill_color": "C0DFEC",
        "location": "Lima",
        "profile_sidebar_border_color": "A8C7F7",
        "profile_use_background_image": true,
        "profile_background_color": "022330",
        "favourites_count": 36257,
        "time_zone": null,
        "id": 83316761,
        "geo_enabled": false,
        "profile_background_image_url_https": "https://abs.twimg.com/images/themes/theme1/bg.png",
        "profile_image_url_https": "https://pbs.twimg.com/profile_images/378800000166707505/705dd860789d4511bd62a9a1caa825ab_normal.jpeg",
        "notifications": null,
        "listed_count": 4,
        "contributors_enabled": false,
        "statuses_count": 46961
      },
      "display_text_range": [
        58,
        58
      ],
      "in_reply_to_user_id_str": "722522801165463553",
      "geo": null,
      "reply_count": 0,
      "coordinates": null,
      "entities": {
        "media": [
          {
            "display_url": "pic.twitter.com/PKKWZPQarT",
            "id": 1219815051156250624,
            "id_str": "1219815051156250624",
            "expanded_url": "https://twitter.com/Joseroman2010/status/1219815060282974208/photo/1",
            "media_url": "http://pbs.twimg.com/media/EO2nU3_X4AAg44-.jpg",
            "url": "https://t.co/PKKWZPQarT",
            "media_url_https": "https://pbs.twimg.com/media/EO2nU3_X4AAg44-.jpg",
            "sizes": {
              "large": {
                "resize": "fit",
                "w": 720,
                "h": 1109
              },
              "thumb": {
                "resize": "crop",
                "w": 150,
                "h": 150
              },
              "small": {
                "resize": "fit",
                "w": 441,
                "h": 680
              },
              "medium": {
                "resize": "fit",
                "w": 720,
                "h": 1109
              }
            },
            "indices": [
              59,
              82
            ],
            "type": "photo"
          }
        ],
        "urls": [],
        "user_mentions": [
          {
            "name": "Memorex📺®",
            "screen_name": "RecuerdosPeru",
            "id_str": "722522801165463553",
            "id": 722522801165463553,
            "indices": [
              0,
              14
            ]
          },
          {
            "name": "LUCIFER🌹",
            "screen_name": "Pusycat2017",
            "id_str": "1630843398",
            "id": 1630843398,
            "indices": [
              15,
              27
            ]
          },
          {
            "name": "Partido Político Fuerza Popular 🇵🇪",
            "screen_name": "PFuerzaPopular",
            "id_str": "721086806",
            "id": 721086806,
            "indices": [
              28,
              43
            ]
          },
          {
            "name": "Keiko Fujimori",
            "screen_name": "KeikoFujimori",
            "id_str": "53189543",
            "id": 53189543,
            "indices": [
              44,
              58
            ]
          }
        ],
        "hashtags": [],
        "symbols": []
      },
      "favorited": false,
      "created_at": "Wed Jan 22 02:52:28 +0000 2020",
      "retweeted": false,
      "id_str": "1219815060282974208",
      "timestamp_ms": "1579661548096",
      "extended_entities": {
        "media": [
          {
            "display_url": "pic.twitter.com/PKKWZPQarT",
            "id": 1219815051156250624,
            "id_str": "1219815051156250624",
            "expanded_url": "https://twitter.com/Joseroman2010/status/1219815060282974208/photo/1",
            "media_url": "http://pbs.twimg.com/media/EO2nU3_X4AAg44-.jpg",
            "url": "https://t.co/PKKWZPQarT",
            "media_url_https": "https://pbs.twimg.com/media/EO2nU3_X4AAg44-.jpg",
            "sizes": {
              "large": {
                "resize": "fit",
                "w": 720,
                "h": 1109
              },
              "thumb": {
                "resize": "crop",
                "w": 150,
                "h": 150
              },
              "small": {
                "resize": "fit",
                "w": 441,
                "h": 680
              },
              "medium": {
                "resize": "fit",
                "w": 720,
                "h": 1109
              }
            },
            "indices": [
              59,
              82
            ],
            "type": "photo"
          }
        ]
      },
      "in_reply_to_screen_name": "RecuerdosPeru",
      "is_quote_status": false,
      "in_reply_to_status_id": 1219773886386057216,
      "in_reply_to_status_id_str": "1219773886386057216",
      "id": 1219815060282974208,
      "possibly_sensitive": false,
      "favorite_count": 0,
      "filter_level": "low",
      "text": "@RecuerdosPeru @Pusycat2017 @PFuerzaPopular @KeikoFujimori https://t.co/PKKWZPQarT",
      "truncated": false,
      "place": null
    },
    {
      "source": "<a href=\"http://twitter.com/download/android\" rel=\"nofollow\">Twitter for Android</a>",
      "in_reply_to_user_id": 722522801165463553,
      "quote_count": 0,
      "retweet_count": 0,
      "lang": "und",
      "contributors": null,
      "user": {
        "default_profile_image": false,
        "screen_name": "Joseroman2010",
        "profile_link_color": "0084B4",
        "followers_count": 641,
        "default_profile": false,
        "translator_type": "none",
        "verified": false,
        "protected": false,
        "profile_background_tile": false,
        "is_translator": false,
        "name": "JR",
        "lang": null,
        "url": null,
        "following": null,
        "profile_background_image_url": "http://abs.twimg.com/images/themes/theme1/bg.png",
        "utc_offset": null,
        "profile_text_color": "333333",
        "profile_image_url": "http://pbs.twimg.com/profile_images/378800000166707505/705dd860789d4511bd62a9a1caa825ab_normal.jpeg",
        "created_at": "Sun Oct 18 07:14:53 +0000 2009",
        "friends_count": 3639,
        "follow_request_sent": null,
        "description": null,
        "id_str": "83316761",
        "profile_sidebar_fill_color": "C0DFEC",
        "location": "Lima",
        "profile_sidebar_border_color": "A8C7F7",
        "profile_use_background_image": true,
        "profile_background_color": "022330",
        "favourites_count": 36257,
        "time_zone": null,
        "id": 83316761,
        "geo_enabled": false,
        "profile_background_image_url_https": "https://abs.twimg.com/images/themes/theme1/bg.png",
        "profile_image_url_https": "https://pbs.twimg.com/profile_images/378800000166707505/705dd860789d4511bd62a9a1caa825ab_normal.jpeg",
        "notifications": null,
        "listed_count": 4,
        "contributors_enabled": false,
        "statuses_count": 46962
      },
      "display_text_range": [
        58,
        58
      ],
      "in_reply_to_user_id_str": "722522801165463553",
      "geo": null,
      "reply_count": 0,
      "coordinates": null,
      "entities": {
        "media": [
          {
            "display_url": "pic.twitter.com/4DVv0i3WbJ",
            "id": 1219815096970612736,
            "id_str": "1219815096970612736",
            "expanded_url": "https://twitter.com/Joseroman2010/status/1219815120659939328/photo/1",
            "media_url": "http://pbs.twimg.com/media/EO2nXiqXkAA2IBg.jpg",
            "url": "https://t.co/4DVv0i3WbJ",
            "media_url_https": "https://pbs.twimg.com/media/EO2nXiqXkAA2IBg.jpg",
            "sizes": {
              "medium": {
                "resize": "fit",
                "w": 831,
                "h": 1200
              },
              "thumb": {
                "resize": "crop",
                "w": 150,
                "h": 150
              },
              "small": {
                "resize": "fit",
                "w": 471,
                "h": 680
              },
              "large": {
                "resize": "fit",
                "w": 1080,
                "h": 1560
              }
            },
            "indices": [
              59,
              82
            ],
            "type": "photo"
          }
        ],
        "urls": [],
        "user_mentions": [
          {
            "name": "Memorex📺®",
            "screen_name": "RecuerdosPeru",
            "id_str": "722522801165463553",
            "id": 722522801165463553,
            "indices": [
              0,
              14
            ]
          },
          {
            "name": "LUCIFER🌹",
            "screen_name": "Pusycat2017",
            "id_str": "1630843398",
            "id": 1630843398,
            "indices": [
              15,
              27
            ]
          },
          {
            "name": "Partido Político Fuerza Popular 🇵🇪",
            "screen_name": "PFuerzaPopular",
            "id_str": "721086806",
            "id": 721086806,
            "indices": [
              28,
              43
            ]
          },
          {
            "name": "Keiko Fujimori",
            "screen_name": "KeikoFujimori",
            "id_str": "53189543",
            "id": 53189543,
            "indices": [
              44,
              58
            ]
          }
        ],
        "hashtags": [],
        "symbols": []
      },
      "favorited": false,
      "created_at": "Wed Jan 22 02:52:42 +0000 2020",
      "retweeted": false,
      "id_str": "1219815120659939328",
      "timestamp_ms": "1579661562491",
      "extended_entities": {
        "media": [
          {
            "display_url": "pic.twitter.com/4DVv0i3WbJ",
            "id": 1219815096970612736,
            "id_str": "1219815096970612736",
            "expanded_url": "https://twitter.com/Joseroman2010/status/1219815120659939328/photo/1",
            "media_url": "http://pbs.twimg.com/media/EO2nXiqXkAA2IBg.jpg",
            "url": "https://t.co/4DVv0i3WbJ",
            "media_url_https": "https://pbs.twimg.com/media/EO2nXiqXkAA2IBg.jpg",
            "sizes": {
              "medium": {
                "resize": "fit",
                "w": 831,
                "h": 1200
              },
              "thumb": {
                "resize": "crop",
                "w": 150,
                "h": 150
              },
              "small": {
                "resize": "fit",
                "w": 471,
                "h": 680
              },
              "large": {
                "resize": "fit",
                "w": 1080,
                "h": 1560
              }
            },
            "indices": [
              59,
              82
            ],
            "type": "photo"
          }
        ]
      },
      "in_reply_to_screen_name": "RecuerdosPeru",
      "is_quote_status": false,
      "in_reply_to_status_id": 1219773886386057216,
      "in_reply_to_status_id_str": "1219773886386057216",
      "id": 1219815120659939328,
      "possibly_sensitive": false,
      "favorite_count": 0,
      "filter_level": "low",
      "text": "@RecuerdosPeru @Pusycat2017 @PFuerzaPopular @KeikoFujimori https://t.co/4DVv0i3WbJ",
      "truncated": false,
      "place": null
    }
  ],
  "request_date": "2020-01-21-21:52:47"
}