{
  "request_date": "2020-01-07-22:41:23",
  "data": [
    {
      "reply_count": 0,
      "contributors": null,
      "user": {
        "verified": false,
        "profile_image_url": "http://pbs.twimg.com/profile_images/1210556314977480704/kIdgS-Ju_normal.jpg",
        "follow_request_sent": null,
        "profile_use_background_image": true,
        "profile_link_color": "1DA1F2",
        "profile_background_tile": false,
        "profile_image_url_https": "https://pbs.twimg.com/profile_images/1210556314977480704/kIdgS-Ju_normal.jpg",
        "profile_background_color": "F5F8FA",
        "utc_offset": null,
        "name": "Óðr",
        "geo_enabled": false,
        "url": null,
        "profile_banner_url": "https://pbs.twimg.com/profile_banners/1035012673061175296/1578161510",
        "id": 1035012673061175296,
        "lang": null,
        "contributors_enabled": false,
        "followers_count": 399,
        "friends_count": 2857,
        "profile_sidebar_border_color": "C0DEED",
        "following": null,
        "default_profile": true,
        "statuses_count": 12130,
        "description": null,
        "screen_name": "Too_Crazy_Fox_",
        "id_str": "1035012673061175296",
        "protected": false,
        "is_translator": false,
        "location": "Thief River Falls, MN",
        "default_profile_image": false,
        "profile_background_image_url_https": "",
        "notifications": null,
        "profile_sidebar_fill_color": "DDEEF6",
        "profile_background_image_url": "",
        "favourites_count": 8340,
        "translator_type": "none",
        "created_at": "Thu Aug 30 03:53:45 +0000 2018",
        "time_zone": null,
        "listed_count": 1,
        "profile_text_color": "333333"
      },
      "favorited": false,
      "source": "<a href=\"https://mobile.twitter.com\" rel=\"nofollow\">Twitter Web App</a>",
      "retweet_count": 0,
      "text": "RT @NewsBreaking: NEWS BREAKING ALERT: A Boeing 737 passenger plane carrying 180 people has crashed shortly after takeoff near Tehran, Iran…",
      "id": 1214753922277158912,
      "in_reply_to_user_id": null,
      "lang": "en",
      "retweeted_status": {
        "reply_count": 13,
        "contributors": null,
        "user": {
          "verified": false,
          "profile_image_url": "http://pbs.twimg.com/profile_images/1153198508024799232/xRV7N-1P_normal.jpg",
          "follow_request_sent": null,
          "profile_use_background_image": true,
          "profile_link_color": "2FC2EF",
          "profile_background_tile": false,
          "profile_image_url_https": "https://pbs.twimg.com/profile_images/1153198508024799232/xRV7N-1P_normal.jpg",
          "profile_background_color": "1A1B1F",
          "utc_offset": null,
          "name": "LIVE Breaking News",
          "geo_enabled": false,
          "url": "http://www.newsbreakinglive.com",
          "profile_banner_url": "https://pbs.twimg.com/profile_banners/18112970/1537368029",
          "id": 18112970,
          "lang": null,
          "contributors_enabled": false,
          "followers_count": 159991,
          "friends_count": 122072,
          "profile_sidebar_border_color": "181A1E",
          "following": null,
          "default_profile": false,
          "statuses_count": 72720,
          "description": "A LIVE Twitter news wire with Breaking News and top stories from around the world.",
          "screen_name": "NewsBreaking",
          "id_str": "18112970",
          "protected": false,
          "is_translator": false,
          "location": "United States",
          "default_profile_image": false,
          "profile_background_image_url_https": "https://abs.twimg.com/images/themes/theme9/bg.gif",
          "notifications": null,
          "profile_sidebar_fill_color": "252429",
          "profile_background_image_url": "http://abs.twimg.com/images/themes/theme9/bg.gif",
          "favourites_count": 693,
          "translator_type": "none",
          "created_at": "Sun Dec 14 06:38:11 +0000 2008",
          "time_zone": null,
          "listed_count": 1539,
          "profile_text_color": "666666"
        },
        "favorited": false,
        "source": "<a href=\"https://about.twitter.com/products/tweetdeck\" rel=\"nofollow\">TweetDeck</a>",
        "retweet_count": 105,
        "text": "NEWS BREAKING ALERT: A Boeing 737 passenger plane carrying 180 people has crashed shortly after takeoff near Tehran… https://t.co/MoNOsi01zK",
        "id": 1214753386865684481,
        "in_reply_to_user_id": null,
        "lang": "en",
        "is_quote_status": false,
        "quote_count": 12,
        "geo": null,
        "entities": {
          "urls": [
            {
              "url": "https://t.co/MoNOsi01zK",
              "display_url": "twitter.com/i/web/status/1…",
              "expanded_url": "https://twitter.com/i/web/status/1214753386865684481",
              "indices": [
                117,
                140
              ]
            }
          ],
          "user_mentions": [],
          "symbols": [],
          "hashtags": []
        },
        "in_reply_to_screen_name": null,
        "possibly_sensitive": false,
        "extended_tweet": {
          "entities": {
            "urls": [
              {
                "url": "https://t.co/Bse2GaJDin",
                "display_url": "bit.ly/2sZA4gm",
                "expanded_url": "http://bit.ly/2sZA4gm",
                "indices": [
                  145,
                  168
                ]
              }
            ],
            "user_mentions": [],
            "symbols": [],
            "hashtags": []
          },
          "full_text": "NEWS BREAKING ALERT: A Boeing 737 passenger plane carrying 180 people has crashed shortly after takeoff near Tehran, Iran (10:36 p.m. ET 1/7/20) https://t.co/Bse2GaJDin",
          "display_text_range": [
            0,
            168
          ]
        },
        "in_reply_to_user_id_str": null,
        "id_str": "1214753386865684481",
        "in_reply_to_status_id": null,
        "coordinates": null,
        "retweeted": false,
        "filter_level": "low",
        "truncated": true,
        "favorite_count": 57,
        "place": null,
        "in_reply_to_status_id_str": null,
        "created_at": "Wed Jan 08 03:39:11 +0000 2020"
      },
      "quote_count": 0,
      "is_quote_status": false,
      "geo": null,
      "entities": {
        "urls": [],
        "user_mentions": [
          {
            "screen_name": "NewsBreaking",
            "id_str": "18112970",
            "name": "LIVE Breaking News",
            "indices": [
              3,
              16
            ],
            "id": 18112970
          }
        ],
        "symbols": [],
        "hashtags": []
      },
      "in_reply_to_screen_name": null,
      "in_reply_to_user_id_str": null,
      "id_str": "1214753922277158912",
      "in_reply_to_status_id": null,
      "timestamp_ms": "1578454878764",
      "coordinates": null,
      "retweeted": false,
      "filter_level": "low",
      "truncated": false,
      "favorite_count": 0,
      "place": null,
      "in_reply_to_status_id_str": null,
      "created_at": "Wed Jan 08 03:41:18 +0000 2020"
    },
    {
      "reply_count": 0,
      "contributors": null,
      "user": {
        "verified": false,
        "profile_image_url": "http://pbs.twimg.com/profile_images/1204624402094153732/N1fvR7oa_normal.png",
        "follow_request_sent": null,
        "profile_use_background_image": false,
        "profile_link_color": "000000",
        "profile_background_tile": false,
        "profile_image_url_https": "https://pbs.twimg.com/profile_images/1204624402094153732/N1fvR7oa_normal.png",
        "profile_background_color": "000000",
        "utc_offset": null,
        "name": "Chris",
        "geo_enabled": false,
        "url": null,
        "id": 952362149782810624,
        "lang": null,
        "contributors_enabled": false,
        "followers_count": 401,
        "friends_count": 80,
        "profile_sidebar_border_color": "000000",
        "following": null,
        "default_profile": false,
        "statuses_count": 971,
        "description": "@adidasfootball",
        "screen_name": "RealHylian",
        "id_str": "952362149782810624",
        "protected": false,
        "is_translator": false,
        "location": null,
        "default_profile_image": false,
        "profile_background_image_url_https": "https://abs.twimg.com/images/themes/theme1/bg.png",
        "notifications": null,
        "profile_sidebar_fill_color": "000000",
        "profile_background_image_url": "http://abs.twimg.com/images/themes/theme1/bg.png",
        "favourites_count": 1399,
        "translator_type": "none",
        "created_at": "Sun Jan 14 02:10:05 +0000 2018",
        "time_zone": null,
        "listed_count": 0,
        "profile_text_color": "000000"
      },
      "favorited": false,
      "source": "<a href=\"http://twitter.com\" rel=\"nofollow\">Twitter Web Client</a>",
      "retweet_count": 0,
      "text": "RT @realDonaldTrump: All is well! Missiles launched from Iran at two military bases located in Iraq. Assessment of casualties &amp; damages tak…",
      "id": 1214753922289733632,
      "in_reply_to_user_id": null,
      "lang": "en",
      "retweeted_status": {
        "reply_count": 52815,
        "contributors": null,
        "user": {
          "verified": true,
          "profile_image_url": "http://pbs.twimg.com/profile_images/874276197357596672/kUuht00m_normal.jpg",
          "follow_request_sent": null,
          "profile_use_background_image": true,
          "profile_link_color": "1B95E0",
          "profile_background_tile": true,
          "profile_image_url_https": "https://pbs.twimg.com/profile_images/874276197357596672/kUuht00m_normal.jpg",
          "profile_background_color": "6D5C18",
          "utc_offset": null,
          "name": "Donald J. Trump",
          "geo_enabled": true,
          "url": "http://www.Instagram.com/realDonaldTrump",
          "profile_banner_url": "https://pbs.twimg.com/profile_banners/25073877/1560920145",
          "id": 25073877,
          "lang": null,
          "contributors_enabled": false,
          "followers_count": 69780272,
          "friends_count": 47,
          "profile_sidebar_border_color": "BDDCAD",
          "following": null,
          "default_profile": false,
          "statuses_count": 47739,
          "description": "45th President of the United States of America🇺🇸",
          "screen_name": "realDonaldTrump",
          "id_str": "25073877",
          "protected": false,
          "is_translator": false,
          "location": "Washington, DC",
          "default_profile_image": false,
          "profile_background_image_url_https": "https://abs.twimg.com/images/themes/theme1/bg.png",
          "notifications": null,
          "profile_sidebar_fill_color": "C5CEC0",
          "profile_background_image_url": "http://abs.twimg.com/images/themes/theme1/bg.png",
          "favourites_count": 6,
          "translator_type": "regular",
          "created_at": "Wed Mar 18 13:46:38 +0000 2009",
          "time_zone": null,
          "listed_count": 112760,
          "profile_text_color": "333333"
        },
        "favorited": false,
        "source": "<a href=\"http://twitter.com/download/iphone\" rel=\"nofollow\">Twitter for iPhone</a>",
        "retweet_count": 71048,
        "text": "All is well! Missiles launched from Iran at two military bases located in Iraq. Assessment of casualties &amp; damages… https://t.co/5OSmLxzhin",
        "id": 1214739853025394693,
        "in_reply_to_user_id": null,
        "lang": "en",
        "is_quote_status": false,
        "quote_count": 26933,
        "geo": null,
        "entities": {
          "urls": [
            {
              "url": "https://t.co/5OSmLxzhin",
              "display_url": "twitter.com/i/web/status/1…",
              "expanded_url": "https://twitter.com/i/web/status/1214739853025394693",
              "indices": [
                120,
                143
              ]
            }
          ],
          "user_mentions": [],
          "symbols": [],
          "hashtags": []
        },
        "in_reply_to_screen_name": null,
        "extended_tweet": {
          "entities": {
            "urls": [],
            "user_mentions": [],
            "symbols": [],
            "hashtags": []
          },
          "full_text": "All is well! Missiles launched from Iran at two military bases located in Iraq. Assessment of casualties &amp; damages taking place now. So far, so good! We have the most powerful and well equipped military anywhere in the world, by far! I will be making a statement tomorrow morning.",
          "display_text_range": [
            0,
            284
          ]
        },
        "in_reply_to_user_id_str": null,
        "id_str": "1214739853025394693",
        "in_reply_to_status_id": null,
        "coordinates": null,
        "retweeted": false,
        "filter_level": "low",
        "truncated": true,
        "favorite_count": 246119,
        "place": null,
        "in_reply_to_status_id_str": null,
        "created_at": "Wed Jan 08 02:45:24 +0000 2020"
      },
      "quote_count": 0,
      "is_quote_status": false,
      "geo": null,
      "entities": {
        "urls": [],
        "user_mentions": [
          {
            "screen_name": "realDonaldTrump",
            "id_str": "25073877",
            "name": "Donald J. Trump",
            "indices": [
              3,
              19
            ],
            "id": 25073877
          }
        ],
        "symbols": [],
        "hashtags": []
      },
      "in_reply_to_screen_name": null,
      "in_reply_to_user_id_str": null,
      "id_str": "1214753922289733632",
      "in_reply_to_status_id": null,
      "timestamp_ms": "1578454878767",
      "coordinates": null,
      "retweeted": false,
      "filter_level": "low",
      "truncated": false,
      "favorite_count": 0,
      "place": null,
      "in_reply_to_status_id_str": null,
      "created_at": "Wed Jan 08 03:41:18 +0000 2020"
    },
    {
      "reply_count": 0,
      "contributors": null,
      "user": {
        "verified": false,
        "profile_image_url": "http://pbs.twimg.com/profile_images/1149216247483027456/v0S3-5WJ_normal.jpg",
        "follow_request_sent": null,
        "profile_use_background_image": true,
        "profile_link_color": "1DA1F2",
        "profile_background_tile": false,
        "profile_image_url_https": "https://pbs.twimg.com/profile_images/1149216247483027456/v0S3-5WJ_normal.jpg",
        "profile_background_color": "F5F8FA",
        "utc_offset": null,
        "name": "RChase",
        "geo_enabled": false,
        "url": null,
        "profile_banner_url": "https://pbs.twimg.com/profile_banners/704804324921061376/1578026695",
        "id": 704804324921061376,
        "lang": null,
        "contributors_enabled": false,
        "followers_count": 2249,
        "friends_count": 2657,
        "profile_sidebar_border_color": "C0DEED",
        "following": null,
        "default_profile": true,
        "statuses_count": 13543,
        "description": "lifelong Independent, former Obama voter (Regrettably). So Thankful for our amazing President Trump. #Maga #KAG #Trump2020Landslide #TurnWARed",
        "screen_name": "rychase01",
        "id_str": "704804324921061376",
        "protected": false,
        "is_translator": false,
        "location": "Washington, USA",
        "default_profile_image": false,
        "profile_background_image_url_https": "",
        "notifications": null,
        "profile_sidebar_fill_color": "DDEEF6",
        "profile_background_image_url": "",
        "favourites_count": 131064,
        "translator_type": "none",
        "created_at": "Tue Mar 01 23:03:40 +0000 2016",
        "time_zone": null,
        "listed_count": 22,
        "profile_text_color": "333333"
      },
      "favorited": false,
      "source": "<a href=\"http://twitter.com/download/iphone\" rel=\"nofollow\">Twitter for iPhone</a>",
      "retweet_count": 0,
      "text": "RT @TheBrandonMorse: Iran claims it killed 30 Americans. The Pentagon said they killed no Americans. \n\nMSNBC decided to run Iran’s narrativ…",
      "id": 1214753922369257475,
      "in_reply_to_user_id": null,
      "lang": "en",
      "retweeted_status": {
        "reply_count": 285,
        "contributors": null,
        "user": {
          "verified": true,
          "profile_image_url": "http://pbs.twimg.com/profile_images/1186667779040141314/6RXGxJM6_normal.jpg",
          "follow_request_sent": null,
          "profile_use_background_image": true,
          "profile_link_color": "A30000",
          "profile_background_tile": false,
          "profile_image_url_https": "https://pbs.twimg.com/profile_images/1186667779040141314/6RXGxJM6_normal.jpg",
          "profile_background_color": "FFFFFF",
          "utc_offset": null,
          "name": "Brandon Morse",
          "geo_enabled": false,
          "url": "https://www.redstate.com/brandon_morse/",
          "profile_banner_url": "https://pbs.twimg.com/profile_banners/31136822/1521228914",
          "id": 31136822,
          "lang": null,
          "contributors_enabled": false,
          "followers_count": 33780,
          "friends_count": 1877,
          "profile_sidebar_border_color": "FFFFFF",
          "following": null,
          "default_profile": false,
          "statuses_count": 184546,
          "description": "Senior Editor at @RedState. I do bad photoshops. Never tell me the odds.  \nFacebook: http://facebook.com/TheBrandonMors…",
          "screen_name": "TheBrandonMorse",
          "id_str": "31136822",
          "protected": false,
          "is_translator": false,
          "location": "Dallas, TX",
          "default_profile_image": false,
          "profile_background_image_url_https": "https://abs.twimg.com/images/themes/theme3/bg.gif",
          "notifications": null,
          "profile_sidebar_fill_color": "000000",
          "profile_background_image_url": "http://abs.twimg.com/images/themes/theme3/bg.gif",
          "favourites_count": 3135,
          "translator_type": "none",
          "created_at": "Tue Apr 14 14:44:16 +0000 2009",
          "time_zone": null,
          "listed_count": 925,
          "profile_text_color": "404040"
        },
        "favorited": false,
        "source": "<a href=\"http://twitter.com/#!/download/ipad\" rel=\"nofollow\">Twitter for iPad</a>",
        "retweet_count": 7011,
        "text": "Iran claims it killed 30 Americans. The Pentagon said they killed no Americans. \n\nMSNBC decided to run Iran’s narra… https://t.co/RTbGjXnRzc",
        "id": 1214729629765971968,
        "in_reply_to_user_id": null,
        "lang": "en",
        "is_quote_status": false,
        "quote_count": 244,
        "geo": null,
        "entities": {
          "urls": [
            {
              "url": "https://t.co/RTbGjXnRzc",
              "display_url": "twitter.com/i/web/status/1…",
              "expanded_url": "https://twitter.com/i/web/status/1214729629765971968",
              "indices": [
                117,
                140
              ]
            }
          ],
          "user_mentions": [],
          "symbols": [],
          "hashtags": []
        },
        "in_reply_to_screen_name": null,
        "extended_tweet": {
          "entities": {
            "urls": [],
            "user_mentions": [],
            "symbols": [],
            "hashtags": []
          },
          "full_text": "Iran claims it killed 30 Americans. The Pentagon said they killed no Americans. \n\nMSNBC decided to run Iran’s narrative. \n\nIf you were wondering whose side the media is on, let that inform your opinion.",
          "display_text_range": [
            0,
            202
          ]
        },
        "in_reply_to_user_id_str": null,
        "id_str": "1214729629765971968",
        "in_reply_to_status_id": null,
        "coordinates": null,
        "retweeted": false,
        "filter_level": "low",
        "truncated": true,
        "favorite_count": 16892,
        "place": null,
        "in_reply_to_status_id_str": null,
        "created_at": "Wed Jan 08 02:04:46 +0000 2020"
      },
      "quote_count": 0,
      "is_quote_status": false,
      "geo": null,
      "entities": {
        "urls": [],
        "user_mentions": [
          {
            "screen_name": "TheBrandonMorse",
            "id_str": "31136822",
            "name": "Brandon Morse",
            "indices": [
              3,
              19
            ],
            "id": 31136822
          }
        ],
        "symbols": [],
        "hashtags": []
      },
      "in_reply_to_screen_name": null,
      "in_reply_to_user_id_str": null,
      "id_str": "1214753922369257475",
      "in_reply_to_status_id": null,
      "timestamp_ms": "1578454878786",
      "coordinates": null,
      "retweeted": false,
      "filter_level": "low",
      "truncated": false,
      "favorite_count": 0,
      "place": null,
      "in_reply_to_status_id_str": null,
      "created_at": "Wed Jan 08 03:41:18 +0000 2020"
    },
    {
      "reply_count": 0,
      "contributors": null,
      "user": {
        "verified": false,
        "profile_image_url": "http://pbs.twimg.com/profile_images/1076639935891980289/rfemA4w1_normal.jpg",
        "follow_request_sent": null,
        "profile_use_background_image": true,
        "profile_link_color": "1DA1F2",
        "profile_background_tile": false,
        "profile_image_url_https": "https://pbs.twimg.com/profile_images/1076639935891980289/rfemA4w1_normal.jpg",
        "profile_background_color": "C0DEED",
        "utc_offset": null,
        "name": "❤Love ❌y Buckeyes❤",
        "geo_enabled": true,
        "url": null,
        "profile_banner_url": "https://pbs.twimg.com/profile_banners/1451063588/1551043342",
        "id": 1451063588,
        "lang": null,
        "contributors_enabled": false,
        "followers_count": 1028,
        "friends_count": 1037,
        "profile_sidebar_border_color": "C0DEED",
        "following": null,
        "default_profile": true,
        "statuses_count": 23561,
        "description": "Buckeye Alu❌ Go Bucks! O-H-I-O ! #BuckeyeNation #GoBuckeyes #BuckeyePride I block nobody but I do mute ignorance so they can talk to themselves 🤷🏻‍♂️",
        "screen_name": "DavidBucki",
        "id_str": "1451063588",
        "protected": false,
        "is_translator": false,
        "location": "Florida, USA",
        "default_profile_image": false,
        "profile_background_image_url_https": "https://abs.twimg.com/images/themes/theme1/bg.png",
        "notifications": null,
        "profile_sidebar_fill_color": "DDEEF6",
        "profile_background_image_url": "http://abs.twimg.com/images/themes/theme1/bg.png",
        "favourites_count": 41783,
        "translator_type": "none",
        "created_at": "Thu May 23 09:57:50 +0000 2013",
        "time_zone": null,
        "listed_count": 13,
        "profile_text_color": "333333"
      },
      "favorited": false,
      "source": "<a href=\"http://twitter.com/download/iphone\" rel=\"nofollow\">Twitter for iPhone</a>",
      "retweet_count": 0,
      "text": "RT @Scaramucci: Iran Impeachment War One \n\n⁦@realDonaldTrump⁩ isn’t fooling anyone but now we need to ask men and women in the Senate what…",
      "id": 1214753922402832384,
      "in_reply_to_user_id": null,
      "lang": "en",
      "retweeted_status": {
        "truncated": true,
        "contributors": null,
        "user": {
          "verified": true,
          "profile_image_url": "http://pbs.twimg.com/profile_images/1200128731953672192/QSk_aGos_normal.jpg",
          "follow_request_sent": null,
          "profile_use_background_image": true,
          "profile_link_color": "3B94D9",
          "profile_background_tile": true,
          "profile_image_url_https": "https://pbs.twimg.com/profile_images/1200128731953672192/QSk_aGos_normal.jpg",
          "profile_background_color": "7DB5D1",
          "utc_offset": null,
          "name": "Anthony Scaramucci",
          "geo_enabled": true,
          "url": "https://www.salt.org/",
          "profile_banner_url": "https://pbs.twimg.com/profile_banners/24578794/1559566817",
          "id": 24578794,
          "lang": null,
          "contributors_enabled": false,
          "followers_count": 851752,
          "friends_count": 1335,
          "profile_sidebar_border_color": "FFFFFF",
          "following": null,
          "default_profile": false,
          "statuses_count": 23359,
          "description": "American entrepreneur. Founder @SkyBridge and @SALTConference.",
          "screen_name": "Scaramucci",
          "id_str": "24578794",
          "protected": false,
          "is_translator": false,
          "location": "Long Island, NY",
          "default_profile_image": false,
          "profile_background_image_url_https": "https://abs.twimg.com/images/themes/theme1/bg.png",
          "notifications": null,
          "profile_sidebar_fill_color": "DDEEF6",
          "profile_background_image_url": "http://abs.twimg.com/images/themes/theme1/bg.png",
          "favourites_count": 10785,
          "translator_type": "regular",
          "created_at": "Sun Mar 15 20:20:03 +0000 2009",
          "time_zone": null,
          "listed_count": 4028,
          "profile_text_color": "333333"
        },
        "favorited": false,
        "source": "<a href=\"http://twitter.com/download/iphone\" rel=\"nofollow\">Twitter for iPhone</a>",
        "retweet_count": 35,
        "text": "Iran Impeachment War One \n\n⁦@realDonaldTrump⁩ isn’t fooling anyone but now we need to ask men and women in the Sena… https://t.co/gtaPpbdpaS",
        "id": 1214752562144038917,
        "in_reply_to_user_id": null,
        "lang": "en",
        "is_quote_status": false,
        "quote_count": 1,
        "geo": null,
        "entities": {
          "urls": [
            {
              "url": "https://t.co/gtaPpbdpaS",
              "display_url": "twitter.com/i/web/status/1…",
              "expanded_url": "https://twitter.com/i/web/status/1214752562144038917",
              "indices": [
                117,
                140
              ]
            }
          ],
          "user_mentions": [
            {
              "screen_name": "realDonaldTrump",
              "id_str": "25073877",
              "name": "Donald J. Trump",
              "indices": [
                28,
                44
              ],
              "id": 25073877
            }
          ],
          "symbols": [],
          "hashtags": []
        },
        "in_reply_to_screen_name": null,
        "possibly_sensitive": false,
        "extended_tweet": {
          "entities": {
            "urls": [],
            "user_mentions": [
              {
                "screen_name": "realDonaldTrump",
                "id_str": "25073877",
                "name": "Donald J. Trump",
                "indices": [
                  28,
                  44
                ],
                "id": 25073877
              }
            ],
            "media": [
              {
                "url": "https://t.co/qycAJBIcYS",
                "id": 1214752557760962560,
                "display_url": "pic.twitter.com/qycAJBIcYS",
                "id_str": "1214752557760962560",
                "expanded_url": "https://twitter.com/Scaramucci/status/1214752562144038917/photo/1",
                "type": "photo",
                "media_url_https": "https://pbs.twimg.com/media/ENurA-dW4AA_EVX.jpg",
                "indices": [
                  168,
                  191
                ],
                "media_url": "http://pbs.twimg.com/media/ENurA-dW4AA_EVX.jpg",
                "sizes": {
                  "medium": {
                    "h": 720,
                    "w": 838,
                    "resize": "fit"
                  },
                  "thumb": {
                    "h": 150,
                    "w": 150,
                    "resize": "crop"
                  },
                  "large": {
                    "h": 720,
                    "w": 838,
                    "resize": "fit"
                  },
                  "small": {
                    "h": 584,
                    "w": 680,
                    "resize": "fit"
                  }
                }
              }
            ],
            "symbols": [],
            "hashtags": []
          },
          "extended_entities": {
            "media": [
              {
                "url": "https://t.co/qycAJBIcYS",
                "id": 1214752557760962560,
                "display_url": "pic.twitter.com/qycAJBIcYS",
                "id_str": "1214752557760962560",
                "expanded_url": "https://twitter.com/Scaramucci/status/1214752562144038917/photo/1",
                "type": "photo",
                "media_url_https": "https://pbs.twimg.com/media/ENurA-dW4AA_EVX.jpg",
                "indices": [
                  168,
                  191
                ],
                "media_url": "http://pbs.twimg.com/media/ENurA-dW4AA_EVX.jpg",
                "sizes": {
                  "medium": {
                    "h": 720,
                    "w": 838,
                    "resize": "fit"
                  },
                  "thumb": {
                    "h": 150,
                    "w": 150,
                    "resize": "crop"
                  },
                  "large": {
                    "h": 720,
                    "w": 838,
                    "resize": "fit"
                  },
                  "small": {
                    "h": 584,
                    "w": 680,
                    "resize": "fit"
                  }
                }
              }
            ]
          },
          "full_text": "Iran Impeachment War One \n\n⁦@realDonaldTrump⁩ isn’t fooling anyone but now we need to ask men and women in the Senate what are they thinking. Haven’t they seen enough? https://t.co/qycAJBIcYS",
          "display_text_range": [
            0,
            167
          ]
        },
        "in_reply_to_user_id_str": null,
        "id_str": "1214752562144038917",
        "in_reply_to_status_id": null,
        "coordinates": null,
        "display_text_range": [
          0,
          140
        ],
        "filter_level": "low",
        "reply_count": 18,
        "favorite_count": 113,
        "place": null,
        "in_reply_to_status_id_str": null,
        "created_at": "Wed Jan 08 03:35:54 +0000 2020",
        "retweeted": false
      },
      "quote_count": 0,
      "is_quote_status": false,
      "geo": null,
      "entities": {
        "urls": [],
        "user_mentions": [
          {
            "screen_name": "Scaramucci",
            "id_str": "24578794",
            "name": "Anthony Scaramucci",
            "indices": [
              3,
              14
            ],
            "id": 24578794
          },
          {
            "screen_name": "realDonaldTrump",
            "id_str": "25073877",
            "name": "Donald J. Trump",
            "indices": [
              44,
              60
            ],
            "id": 25073877
          }
        ],
        "symbols": [],
        "hashtags": []
      },
      "in_reply_to_screen_name": null,
      "in_reply_to_user_id_str": null,
      "id_str": "1214753922402832384",
      "in_reply_to_status_id": null,
      "timestamp_ms": "1578454878794",
      "coordinates": null,
      "retweeted": false,
      "filter_level": "low",
      "truncated": false,
      "favorite_count": 0,
      "place": null,
      "in_reply_to_status_id_str": null,
      "created_at": "Wed Jan 08 03:41:18 +0000 2020"
    },
    {
      "reply_count": 0,
      "contributors": null,
      "user": {
        "verified": false,
        "profile_image_url": "http://pbs.twimg.com/profile_images/1076273279843745793/kVTSg98M_normal.jpg",
        "follow_request_sent": null,
        "profile_use_background_image": true,
        "profile_link_color": "1DA1F2",
        "profile_background_tile": false,
        "profile_image_url_https": "https://pbs.twimg.com/profile_images/1076273279843745793/kVTSg98M_normal.jpg",
        "profile_background_color": "F5F8FA",
        "utc_offset": null,
        "name": "sussan71🍊",
        "geo_enabled": false,
        "url": null,
        "profile_banner_url": "https://pbs.twimg.com/profile_banners/1075960827650306048/1565746871",
        "id": 1075960827650306048,
        "lang": null,
        "contributors_enabled": false,
        "followers_count": 2139,
        "friends_count": 2925,
        "profile_sidebar_border_color": "C0DEED",
        "following": null,
        "default_profile": true,
        "statuses_count": 42385,
        "description": "🌉🌊🍊...born in Cali🍊...profiled by Dept of Immigration because of my Hispanic name..fighting.🍊#Resistance🍊",
        "screen_name": "sussan711",
        "id_str": "1075960827650306048",
        "protected": false,
        "is_translator": false,
        "location": "San Francisco, CA",
        "default_profile_image": false,
        "profile_background_image_url_https": "",
        "notifications": null,
        "profile_sidebar_fill_color": "DDEEF6",
        "profile_background_image_url": "",
        "favourites_count": 63374,
        "translator_type": "none",
        "created_at": "Fri Dec 21 03:47:06 +0000 2018",
        "time_zone": null,
        "listed_count": 3,
        "profile_text_color": "333333"
      },
      "favorited": false,
      "source": "<a href=\"http://twitter.com/download/android\" rel=\"nofollow\">Twitter for Android</a>",
      "retweet_count": 0,
      "text": "RT @OMGno2trump: Breaking:  20 US soldiers killed by 60 Iranian missiles.  Trump is losing big time. First he betrayed our Kurdish allies.…",
      "id": 1214753922423742466,
      "in_reply_to_user_id": null,
      "lang": "en",
      "retweeted_status": {
        "reply_count": 387,
        "contributors": null,
        "user": {
          "verified": false,
          "profile_image_url": "http://pbs.twimg.com/profile_images/838264459042951168/CM9yKtdC_normal.jpg",
          "follow_request_sent": null,
          "profile_use_background_image": true,
          "profile_link_color": "1DA1F2",
          "profile_background_tile": false,
          "profile_image_url_https": "https://pbs.twimg.com/profile_images/838264459042951168/CM9yKtdC_normal.jpg",
          "profile_background_color": "F5F8FA",
          "utc_offset": null,
          "name": "John Oberlin",
          "geo_enabled": false,
          "url": null,
          "profile_banner_url": "https://pbs.twimg.com/profile_banners/800111181058838528/1530733747",
          "id": 800111181058838528,
          "lang": null,
          "contributors_enabled": false,
          "followers_count": 110761,
          "friends_count": 38783,
          "profile_sidebar_border_color": "C0DEED",
          "following": null,
          "default_profile": true,
          "statuses_count": 22463,
          "description": "I'm an educated guy who cares about the world and trying to make it a little better place.  I've never seen someone spread so much hate and ignorance as Trump.",
          "screen_name": "OMGno2trump",
          "id_str": "800111181058838528",
          "protected": false,
          "is_translator": false,
          "location": "I live in a small house in Charlotte, NC area",
          "default_profile_image": false,
          "profile_background_image_url_https": "",
          "notifications": null,
          "profile_sidebar_fill_color": "DDEEF6",
          "profile_background_image_url": "",
          "favourites_count": 37164,
          "translator_type": "none",
          "created_at": "Sat Nov 19 22:59:05 +0000 2016",
          "time_zone": null,
          "listed_count": 327,
          "profile_text_color": "333333"
        },
        "favorited": false,
        "source": "<a href=\"http://twitter.com/download/android\" rel=\"nofollow\">Twitter for Android</a>",
        "retweet_count": 1510,
        "text": "Breaking:  20 US soldiers killed by 60 Iranian missiles.  Trump is losing big time. First he betrayed our Kurdish a… https://t.co/jiqb9dg1EE",
        "id": 1214708216514404357,
        "in_reply_to_user_id": null,
        "lang": "en",
        "is_quote_status": false,
        "quote_count": 171,
        "geo": null,
        "entities": {
          "urls": [
            {
              "url": "https://t.co/jiqb9dg1EE",
              "display_url": "twitter.com/i/web/status/1…",
              "expanded_url": "https://twitter.com/i/web/status/1214708216514404357",
              "indices": [
                117,
                140
              ]
            }
          ],
          "user_mentions": [],
          "symbols": [],
          "hashtags": []
        },
        "in_reply_to_screen_name": null,
        "extended_tweet": {
          "entities": {
            "urls": [],
            "user_mentions": [],
            "symbols": [],
            "hashtags": []
          },
          "full_text": "Breaking:  20 US soldiers killed by 60 Iranian missiles.  Trump is losing big time. First he betrayed our Kurdish allies.  Then gave Syria to Russia.  Now the US is going to be kicked out of Iraq and Iran will be running it.  It's hard to imagine how Trump could fuck it up more.",
          "display_text_range": [
            0,
            279
          ]
        },
        "in_reply_to_user_id_str": null,
        "id_str": "1214708216514404357",
        "in_reply_to_status_id": null,
        "coordinates": null,
        "retweeted": false,
        "filter_level": "low",
        "truncated": true,
        "favorite_count": 3082,
        "place": null,
        "in_reply_to_status_id_str": null,
        "created_at": "Wed Jan 08 00:39:41 +0000 2020"
      },
      "quote_count": 0,
      "is_quote_status": false,
      "geo": null,
      "entities": {
        "urls": [],
        "user_mentions": [
          {
            "screen_name": "OMGno2trump",
            "id_str": "800111181058838528",
            "name": "John Oberlin",
            "indices": [
              3,
              15
            ],
            "id": 800111181058838528
          }
        ],
        "symbols": [],
        "hashtags": []
      },
      "in_reply_to_screen_name": null,
      "in_reply_to_user_id_str": null,
      "id_str": "1214753922423742466",
      "in_reply_to_status_id": null,
      "timestamp_ms": "1578454878799",
      "coordinates": null,
      "retweeted": false,
      "filter_level": "low",
      "truncated": false,
      "favorite_count": 0,
      "place": null,
      "in_reply_to_status_id_str": null,
      "created_at": "Wed Jan 08 03:41:18 +0000 2020"
    },
    {
      "reply_count": 0,
      "contributors": null,
      "user": {
        "verified": false,
        "profile_image_url": "http://abs.twimg.com/sticky/default_profile_images/default_profile_normal.png",
        "follow_request_sent": null,
        "profile_use_background_image": true,
        "profile_link_color": "1DA1F2",
        "profile_background_tile": false,
        "profile_image_url_https": "https://abs.twimg.com/sticky/default_profile_images/default_profile_normal.png",
        "profile_background_color": "C0DEED",
        "utc_offset": null,
        "name": "Kai Wang",
        "geo_enabled": false,
        "url": null,
        "id": 2403738209,
        "lang": null,
        "contributors_enabled": false,
        "followers_count": 78,
        "friends_count": 255,
        "profile_sidebar_border_color": "C0DEED",
        "following": null,
        "default_profile": true,
        "statuses_count": 87559,
        "description": null,
        "screen_name": "KaiWang77716866",
        "id_str": "2403738209",
        "protected": false,
        "is_translator": false,
        "location": "US",
        "default_profile_image": false,
        "profile_background_image_url_https": "https://abs.twimg.com/images/themes/theme1/bg.png",
        "notifications": null,
        "profile_sidebar_fill_color": "DDEEF6",
        "profile_background_image_url": "http://abs.twimg.com/images/themes/theme1/bg.png",
        "favourites_count": 4,
        "translator_type": "none",
        "created_at": "Wed Mar 12 02:56:01 +0000 2014",
        "time_zone": null,
        "listed_count": 0,
        "profile_text_color": "333333"
      },
      "favorited": false,
      "source": "<a href=\"https://mobile.twitter.com\" rel=\"nofollow\">Twitter Web App</a>",
      "retweet_count": 0,
      "text": "RT @YahooNews: NEW: Saudis warn of new destructive cyberattack that experts tie to Iran https://t.co/7ESNvCBmw8 by @JennaMC_Laugh https://t…",
      "id": 1214753922335805440,
      "in_reply_to_user_id": null,
      "lang": "en",
      "retweeted_status": {
        "truncated": false,
        "contributors": null,
        "user": {
          "verified": true,
          "profile_image_url": "http://pbs.twimg.com/profile_images/1176155649547350017/PgDayX_-_normal.jpg",
          "follow_request_sent": null,
          "profile_use_background_image": true,
          "profile_link_color": "420099",
          "profile_background_tile": false,
          "profile_image_url_https": "https://pbs.twimg.com/profile_images/1176155649547350017/PgDayX_-_normal.jpg",
          "profile_background_color": "131516",
          "utc_offset": null,
          "name": "Yahoo News",
          "geo_enabled": true,
          "url": "https://www.yahoo.com/news/",
          "profile_banner_url": "https://pbs.twimg.com/profile_banners/7309052/1572896472",
          "id": 7309052,
          "lang": null,
          "contributors_enabled": false,
          "followers_count": 1106072,
          "friends_count": 2360,
          "profile_sidebar_border_color": "FFFFFF",
          "following": null,
          "default_profile": false,
          "statuses_count": 207637,
          "description": "Top stories. Trusted sources. Your window to the news that matters most to you. Download our app here: http://yhoo.it/2mYfv0V",
          "screen_name": "YahooNews",
          "id_str": "7309052",
          "protected": false,
          "is_translator": false,
          "location": "New York City",
          "default_profile_image": false,
          "profile_background_image_url_https": "https://abs.twimg.com/images/themes/theme1/bg.png",
          "notifications": null,
          "profile_sidebar_fill_color": "E5F0FB",
          "profile_background_image_url": "http://abs.twimg.com/images/themes/theme1/bg.png",
          "favourites_count": 324,
          "translator_type": "none",
          "created_at": "Sat Jul 07 06:52:31 +0000 2007",
          "time_zone": null,
          "listed_count": 14444,
          "profile_text_color": "314251"
        },
        "favorited": false,
        "source": "<a href=\"https://buffer.com\" rel=\"nofollow\">Buffer</a>",
        "retweet_count": 21,
        "text": "NEW: Saudis warn of new destructive cyberattack that experts tie to Iran https://t.co/7ESNvCBmw8 by @JennaMC_Laugh https://t.co/VwHPN0CSZF",
        "id": 1214728562751819776,
        "in_reply_to_user_id": null,
        "lang": "en",
        "is_quote_status": false,
        "quote_count": 2,
        "geo": null,
        "entities": {
          "urls": [
            {
              "url": "https://t.co/7ESNvCBmw8",
              "display_url": "yhoo.it/35wTnLi",
              "expanded_url": "https://yhoo.it/35wTnLi",
              "indices": [
                73,
                96
              ]
            }
          ],
          "user_mentions": [
            {
              "screen_name": "JennaMC_Laugh",
              "id_str": "1868300024",
              "name": "Jenna McLaughlin",
              "indices": [
                100,
                114
              ],
              "id": 1868300024
            }
          ],
          "media": [
            {
              "url": "https://t.co/VwHPN0CSZF",
              "id": 1214728560969170946,
              "display_url": "pic.twitter.com/VwHPN0CSZF",
              "id_str": "1214728560969170946",
              "expanded_url": "https://twitter.com/YahooNews/status/1214728562751819776/photo/1",
              "type": "photo",
              "media_url_https": "https://pbs.twimg.com/media/ENuVMLcWwAI3BgL.jpg",
              "indices": [
                115,
                138
              ],
              "media_url": "http://pbs.twimg.com/media/ENuVMLcWwAI3BgL.jpg",
              "sizes": {
                "medium": {
                  "h": 675,
                  "w": 1200,
                  "resize": "fit"
                },
                "thumb": {
                  "h": 150,
                  "w": 150,
                  "resize": "crop"
                },
                "large": {
                  "h": 720,
                  "w": 1280,
                  "resize": "fit"
                },
                "small": {
                  "h": 383,
                  "w": 680,
                  "resize": "fit"
                }
              }
            }
          ],
          "symbols": [],
          "hashtags": []
        },
        "in_reply_to_screen_name": null,
        "possibly_sensitive": false,
        "in_reply_to_user_id_str": null,
        "id_str": "1214728562751819776",
        "in_reply_to_status_id": null,
        "coordinates": null,
        "display_text_range": [
          0,
          114
        ],
        "filter_level": "low",
        "reply_count": 1,
        "favorite_count": 10,
        "place": null,
        "extended_entities": {
          "media": [
            {
              "url": "https://t.co/VwHPN0CSZF",
              "id": 1214728560969170946,
              "display_url": "pic.twitter.com/VwHPN0CSZF",
              "id_str": "1214728560969170946",
              "expanded_url": "https://twitter.com/YahooNews/status/1214728562751819776/photo/1",
              "type": "photo",
              "media_url_https": "https://pbs.twimg.com/media/ENuVMLcWwAI3BgL.jpg",
              "indices": [
                115,
                138
              ],
              "media_url": "http://pbs.twimg.com/media/ENuVMLcWwAI3BgL.jpg",
              "sizes": {
                "medium": {
                  "h": 675,
                  "w": 1200,
                  "resize": "fit"
                },
                "thumb": {
                  "h": 150,
                  "w": 150,
                  "resize": "crop"
                },
                "large": {
                  "h": 720,
                  "w": 1280,
                  "resize": "fit"
                },
                "small": {
                  "h": 383,
                  "w": 680,
                  "resize": "fit"
                }
              }
            }
          ]
        },
        "in_reply_to_status_id_str": null,
        "created_at": "Wed Jan 08 02:00:32 +0000 2020",
        "retweeted": false
      },
      "quote_count": 0,
      "is_quote_status": false,
      "geo": null,
      "entities": {
        "urls": [
          {
            "url": "https://t.co/7ESNvCBmw8",
            "display_url": "yhoo.it/35wTnLi",
            "expanded_url": "https://yhoo.it/35wTnLi",
            "indices": [
              88,
              111
            ]
          }
        ],
        "user_mentions": [
          {
            "screen_name": "YahooNews",
            "id_str": "7309052",
            "name": "Yahoo News",
            "indices": [
              3,
              13
            ],
            "id": 7309052
          },
          {
            "screen_name": "JennaMC_Laugh",
            "id_str": "1868300024",
            "name": "Jenna McLaughlin",
            "indices": [
              115,
              129
            ],
            "id": 1868300024
          }
        ],
        "symbols": [],
        "hashtags": []
      },
      "in_reply_to_screen_name": null,
      "possibly_sensitive": false,
      "in_reply_to_user_id_str": null,
      "id_str": "1214753922335805440",
      "in_reply_to_status_id": null,
      "timestamp_ms": "1578454878778",
      "coordinates": null,
      "retweeted": false,
      "filter_level": "low",
      "truncated": false,
      "favorite_count": 0,
      "place": null,
      "in_reply_to_status_id_str": null,
      "created_at": "Wed Jan 08 03:41:18 +0000 2020"
    },
    {
      "reply_count": 0,
      "contributors": null,
      "user": {
        "verified": false,
        "profile_image_url": "http://pbs.twimg.com/profile_images/1213345647170084864/sMWfSOBl_normal.jpg",
        "follow_request_sent": null,
        "profile_use_background_image": true,
        "profile_link_color": "1DA1F2",
        "profile_background_tile": false,
        "profile_image_url_https": "https://pbs.twimg.com/profile_images/1213345647170084864/sMWfSOBl_normal.jpg",
        "profile_background_color": "F5F8FA",
        "utc_offset": null,
        "name": "Gilbert J",
        "geo_enabled": false,
        "url": null,
        "profile_banner_url": "https://pbs.twimg.com/profile_banners/891988990194139136/1563641821",
        "id": 891988990194139136,
        "lang": null,
        "contributors_enabled": false,
        "followers_count": 79,
        "friends_count": 197,
        "profile_sidebar_border_color": "C0DEED",
        "following": null,
        "default_profile": true,
        "statuses_count": 12139,
        "description": "Electronics Engineer\n💙 Tech, Science, Discovery, Gadgets, Sports\n#football #Technology #blog  #Tech  #success #author #Discoverer #barca #Leomessi 💙",
        "screen_name": "Gilbert_j0se",
        "id_str": "891988990194139136",
        "protected": false,
        "is_translator": false,
        "location": " Kerala,India",
        "default_profile_image": false,
        "profile_background_image_url_https": "",
        "notifications": null,
        "profile_sidebar_fill_color": "DDEEF6",
        "profile_background_image_url": "",
        "favourites_count": 20310,
        "translator_type": "none",
        "created_at": "Mon Jul 31 11:48:42 +0000 2017",
        "time_zone": null,
        "listed_count": 0,
        "profile_text_color": "333333"
      },
      "favorited": false,
      "source": "<a href=\"http://twitter.com/download/android\" rel=\"nofollow\">Twitter for Android</a>",
      "retweet_count": 0,
      "text": "RT @realDonaldTrump: All is well! Missiles launched from Iran at two military bases located in Iraq. Assessment of casualties &amp; damages tak…",
      "id": 1214753922516013058,
      "in_reply_to_user_id": null,
      "lang": "en",
      "retweeted_status": {
        "reply_count": 52863,
        "contributors": null,
        "user": {
          "verified": true,
          "profile_image_url": "http://pbs.twimg.com/profile_images/874276197357596672/kUuht00m_normal.jpg",
          "follow_request_sent": null,
          "profile_use_background_image": true,
          "profile_link_color": "1B95E0",
          "profile_background_tile": true,
          "profile_image_url_https": "https://pbs.twimg.com/profile_images/874276197357596672/kUuht00m_normal.jpg",
          "profile_background_color": "6D5C18",
          "utc_offset": null,
          "name": "Donald J. Trump",
          "geo_enabled": true,
          "url": "http://www.Instagram.com/realDonaldTrump",
          "profile_banner_url": "https://pbs.twimg.com/profile_banners/25073877/1560920145",
          "id": 25073877,
          "lang": null,
          "contributors_enabled": false,
          "followers_count": 69771337,
          "friends_count": 47,
          "profile_sidebar_border_color": "BDDCAD",
          "following": null,
          "default_profile": false,
          "statuses_count": 47740,
          "description": "45th President of the United States of America🇺🇸",
          "screen_name": "realDonaldTrump",
          "id_str": "25073877",
          "protected": false,
          "is_translator": false,
          "location": "Washington, DC",
          "default_profile_image": false,
          "profile_background_image_url_https": "https://abs.twimg.com/images/themes/theme1/bg.png",
          "notifications": null,
          "profile_sidebar_fill_color": "C5CEC0",
          "profile_background_image_url": "http://abs.twimg.com/images/themes/theme1/bg.png",
          "favourites_count": 6,
          "translator_type": "regular",
          "created_at": "Wed Mar 18 13:46:38 +0000 2009",
          "time_zone": null,
          "listed_count": 112869,
          "profile_text_color": "333333"
        },
        "favorited": false,
        "source": "<a href=\"http://twitter.com/download/iphone\" rel=\"nofollow\">Twitter for iPhone</a>",
        "retweet_count": 71096,
        "text": "All is well! Missiles launched from Iran at two military bases located in Iraq. Assessment of casualties &amp; damages… https://t.co/5OSmLxzhin",
        "id": 1214739853025394693,
        "in_reply_to_user_id": null,
        "lang": "en",
        "is_quote_status": false,
        "quote_count": 26933,
        "geo": null,
        "entities": {
          "urls": [
            {
              "url": "https://t.co/5OSmLxzhin",
              "display_url": "twitter.com/i/web/status/1…",
              "expanded_url": "https://twitter.com/i/web/status/1214739853025394693",
              "indices": [
                120,
                143
              ]
            }
          ],
          "user_mentions": [],
          "symbols": [],
          "hashtags": []
        },
        "in_reply_to_screen_name": null,
        "extended_tweet": {
          "entities": {
            "urls": [],
            "user_mentions": [],
            "symbols": [],
            "hashtags": []
          },
          "full_text": "All is well! Missiles launched from Iran at two military bases located in Iraq. Assessment of casualties &amp; damages taking place now. So far, so good! We have the most powerful and well equipped military anywhere in the world, by far! I will be making a statement tomorrow morning.",
          "display_text_range": [
            0,
            284
          ]
        },
        "in_reply_to_user_id_str": null,
        "id_str": "1214739853025394693",
        "in_reply_to_status_id": null,
        "coordinates": null,
        "retweeted": false,
        "filter_level": "low",
        "truncated": true,
        "favorite_count": 246362,
        "place": null,
        "in_reply_to_status_id_str": null,
        "created_at": "Wed Jan 08 02:45:24 +0000 2020"
      },
      "quote_count": 0,
      "is_quote_status": false,
      "geo": null,
      "entities": {
        "urls": [],
        "user_mentions": [
          {
            "screen_name": "realDonaldTrump",
            "id_str": "25073877",
            "name": "Donald J. Trump",
            "indices": [
              3,
              19
            ],
            "id": 25073877
          }
        ],
        "symbols": [],
        "hashtags": []
      },
      "in_reply_to_screen_name": null,
      "in_reply_to_user_id_str": null,
      "id_str": "1214753922516013058",
      "in_reply_to_status_id": null,
      "timestamp_ms": "1578454878821",
      "coordinates": null,
      "retweeted": false,
      "filter_level": "low",
      "truncated": false,
      "favorite_count": 0,
      "place": null,
      "in_reply_to_status_id_str": null,
      "created_at": "Wed Jan 08 03:41:18 +0000 2020"
    },
    {
      "reply_count": 0,
      "contributors": null,
      "user": {
        "verified": false,
        "profile_image_url": "http://pbs.twimg.com/profile_images/1155599016467542016/5ES8LDEy_normal.jpg",
        "follow_request_sent": null,
        "profile_use_background_image": true,
        "profile_link_color": "0084B4",
        "profile_background_tile": false,
        "profile_image_url_https": "https://pbs.twimg.com/profile_images/1155599016467542016/5ES8LDEy_normal.jpg",
        "profile_background_color": "000000",
        "utc_offset": null,
        "name": "CH",
        "geo_enabled": true,
        "url": null,
        "profile_banner_url": "https://pbs.twimg.com/profile_banners/219055863/1526670262",
        "id": 219055863,
        "lang": null,
        "contributors_enabled": false,
        "followers_count": 222,
        "friends_count": 316,
        "profile_sidebar_border_color": "000000",
        "following": null,
        "default_profile": false,
        "statuses_count": 15462,
        "description": "Real Madrid & NYY // It's not a question of can or can't. Just do it!",
        "screen_name": "CHernandez_92",
        "id_str": "219055863",
        "protected": false,
        "is_translator": false,
        "location": null,
        "default_profile_image": false,
        "profile_background_image_url_https": "https://abs.twimg.com/images/themes/theme1/bg.png",
        "notifications": null,
        "profile_sidebar_fill_color": "DDEEF6",
        "profile_background_image_url": "http://abs.twimg.com/images/themes/theme1/bg.png",
        "favourites_count": 1130,
        "translator_type": "none",
        "created_at": "Tue Nov 23 20:23:44 +0000 2010",
        "time_zone": null,
        "listed_count": 0,
        "profile_text_color": "333333"
      },
      "favorited": false,
      "source": "<a href=\"http://twitter.com/download/android\" rel=\"nofollow\">Twitter for Android</a>",
      "retweet_count": 0,
      "text": "RT @spectatorindex: BREAKING: Ukrainian passenger plane carrying 180 people crashes in Iran",
      "id": 1214753922549571590,
      "in_reply_to_user_id": null,
      "lang": "en",
      "retweeted_status": {
        "reply_count": 559,
        "favorite_count": 3746,
        "user": {
          "verified": false,
          "profile_image_url": "http://pbs.twimg.com/profile_images/1145865652533547008/XBahoZmX_normal.png",
          "follow_request_sent": null,
          "profile_use_background_image": false,
          "profile_link_color": "ABB8C2",
          "profile_background_tile": false,
          "profile_image_url_https": "https://pbs.twimg.com/profile_images/1145865652533547008/XBahoZmX_normal.png",
          "profile_background_color": "000000",
          "utc_offset": null,
          "name": "The Spectator Index",
          "geo_enabled": false,
          "url": "http://spectatorindex.com",
          "profile_banner_url": "https://pbs.twimg.com/profile_banners/1626294277/1430626667",
          "id": 1626294277,
          "lang": null,
          "contributors_enabled": false,
          "followers_count": 1333506,
          "friends_count": 0,
          "profile_sidebar_border_color": "000000",
          "following": null,
          "default_profile": false,
          "statuses_count": 39734,
          "description": "Watching the world. Focused on politics, economics, science and sports. Message us for business inquiries.",
          "screen_name": "spectatorindex",
          "id_str": "1626294277",
          "protected": false,
          "is_translator": false,
          "location": "Global",
          "default_profile_image": false,
          "profile_background_image_url_https": "https://abs.twimg.com/images/themes/theme1/bg.png",
          "notifications": null,
          "profile_sidebar_fill_color": "000000",
          "profile_background_image_url": "http://abs.twimg.com/images/themes/theme1/bg.png",
          "favourites_count": 1,
          "translator_type": "none",
          "created_at": "Sat Jul 27 20:42:27 +0000 2013",
          "time_zone": null,
          "listed_count": 10371,
          "profile_text_color": "000000"
        },
        "favorited": false,
        "source": "<a href=\"http://twitter.com/download/android\" rel=\"nofollow\">Twitter for Android</a>",
        "retweet_count": 3822,
        "text": "BREAKING: Ukrainian passenger plane carrying 180 people crashes in Iran",
        "id": 1214750551407124480,
        "in_reply_to_user_id": null,
        "lang": "en",
        "is_quote_status": false,
        "quote_count": 2638,
        "geo": null,
        "entities": {
          "urls": [],
          "user_mentions": [],
          "symbols": [],
          "hashtags": []
        },
        "in_reply_to_screen_name": null,
        "in_reply_to_user_id_str": null,
        "id_str": "1214750551407124480",
        "in_reply_to_status_id": null,
        "coordinates": null,
        "retweeted": false,
        "filter_level": "low",
        "truncated": false,
        "place": null,
        "in_reply_to_status_id_str": null,
        "created_at": "Wed Jan 08 03:27:55 +0000 2020",
        "contributors": null
      },
      "quote_count": 0,
      "is_quote_status": false,
      "geo": null,
      "entities": {
        "urls": [],
        "user_mentions": [
          {
            "screen_name": "spectatorindex",
            "id_str": "1626294277",
            "name": "The Spectator Index",
            "indices": [
              3,
              18
            ],
            "id": 1626294277
          }
        ],
        "symbols": [],
        "hashtags": []
      },
      "in_reply_to_screen_name": null,
      "in_reply_to_user_id_str": null,
      "id_str": "1214753922549571590",
      "in_reply_to_status_id": null,
      "timestamp_ms": "1578454878829",
      "coordinates": null,
      "retweeted": false,
      "filter_level": "low",
      "truncated": false,
      "favorite_count": 0,
      "place": null,
      "in_reply_to_status_id_str": null,
      "created_at": "Wed Jan 08 03:41:18 +0000 2020"
    },
    {
      "truncated": false,
      "contributors": null,
      "quoted_status_permalink": {
        "expanded": "https://twitter.com/oliverdarcy/status/1214736295966203908",
        "url": "https://t.co/BVrQIZOTsc",
        "display": "twitter.com/oliverdarcy/st…"
      },
      "favorited": false,
      "source": "<a href=\"http://twitter.com/download/iphone\" rel=\"nofollow\">Twitter for iPhone</a>",
      "retweet_count": 0,
      "text": "RT @almostjingo: This is hilarious 🤣 @CNN’s senior news dude has spent all night getting his news from Fox.",
      "id": 1214753922465726465,
      "in_reply_to_user_id": null,
      "lang": "en",
      "retweeted_status": {
        "truncated": false,
        "contributors": null,
        "quoted_status_permalink": {
          "expanded": "https://twitter.com/oliverdarcy/status/1214736295966203908",
          "url": "https://t.co/BVrQIZOTsc",
          "display": "twitter.com/oliverdarcy/st…"
        },
        "favorited": false,
        "source": "<a href=\"http://twitter.com/download/iphone\" rel=\"nofollow\">Twitter for iPhone</a>",
        "retweet_count": 293,
        "text": "This is hilarious 🤣 @CNN’s senior news dude has spent all night getting his news from Fox.",
        "id": 1214747530216345600,
        "in_reply_to_user_id": null,
        "lang": "en",
        "is_quote_status": true,
        "quote_count": 9,
        "in_reply_to_status_id_str": null,
        "entities": {
          "urls": [],
          "user_mentions": [
            {
              "screen_name": "CNN",
              "id_str": "759251",
              "name": "CNN",
              "indices": [
                20,
                24
              ],
              "id": 759251
            }
          ],
          "symbols": [],
          "hashtags": []
        },
        "in_reply_to_screen_name": null,
        "in_reply_to_user_id_str": null,
        "id_str": "1214747530216345600",
        "in_reply_to_status_id": null,
        "quoted_status_id": 1214736295966203908,
        "coordinates": null,
        "geo": null,
        "filter_level": "low",
        "quoted_status": {
          "reply_count": 63,
          "contributors": null,
          "user": {
            "verified": true,
            "profile_image_url": "http://pbs.twimg.com/profile_images/1178773076915425285/AAZ-bGPf_normal.jpg",
            "follow_request_sent": null,
            "profile_use_background_image": true,
            "profile_link_color": "2FC2EF",
            "profile_background_tile": false,
            "profile_image_url_https": "https://pbs.twimg.com/profile_images/1178773076915425285/AAZ-bGPf_normal.jpg",
            "profile_background_color": "1A1B1F",
            "utc_offset": null,
            "name": "Oliver Darcy",
            "geo_enabled": true,
            "url": null,
            "profile_banner_url": "https://pbs.twimg.com/profile_banners/27075032/1569882120",
            "id": 27075032,
            "lang": null,
            "contributors_enabled": false,
            "followers_count": 104335,
            "friends_count": 1650,
            "profile_sidebar_border_color": "181A1E",
            "following": null,
            "default_profile": false,
            "statuses_count": 56866,
            "description": "senior media reporter, @CNN. covering the intersection of media & politics. sometimes tech. inbox: oliver.darcy@turner.com",
            "screen_name": "oliverdarcy",
            "id_str": "27075032",
            "protected": false,
            "is_translator": false,
            "location": "New York City",
            "default_profile_image": false,
            "profile_background_image_url_https": "https://abs.twimg.com/images/themes/theme9/bg.gif",
            "notifications": null,
            "profile_sidebar_fill_color": "252429",
            "profile_background_image_url": "http://abs.twimg.com/images/themes/theme9/bg.gif",
            "favourites_count": 20279,
            "translator_type": "none",
            "created_at": "Fri Mar 27 19:20:52 +0000 2009",
            "time_zone": null,
            "listed_count": 2627,
            "profile_text_color": "666666"
          },
          "favorited": false,
          "source": "<a href=\"https://about.twitter.com/products/tweetdeck\" rel=\"nofollow\">TweetDeck</a>",
          "retweet_count": 40,
          "text": "Hannity also talking about hitting oil refineries. He says we aren't sending \"our sons and daughters\" to Iran. Last… https://t.co/p1SdhSSi7A",
          "id": 1214736295966203908,
          "in_reply_to_user_id": 27075032,
          "lang": "en",
          "is_quote_status": false,
          "quote_count": 12,
          "geo": null,
          "entities": {
            "urls": [
              {
                "url": "https://t.co/p1SdhSSi7A",
                "display_url": "twitter.com/i/web/status/1…",
                "expanded_url": "https://twitter.com/i/web/status/1214736295966203908",
                "indices": [
                  117,
                  140
                ]
              }
            ],
            "user_mentions": [],
            "symbols": [],
            "hashtags": []
          },
          "in_reply_to_screen_name": "oliverdarcy",
          "extended_tweet": {
            "entities": {
              "urls": [],
              "user_mentions": [],
              "symbols": [],
              "hashtags": []
            },
            "full_text": "Hannity also talking about hitting oil refineries. He says we aren't sending \"our sons and daughters\" to Iran. Last night, Hannity also said, \"They got three major oil refineries and we know where they are.\"",
            "display_text_range": [
              0,
              207
            ]
          },
          "in_reply_to_user_id_str": "27075032",
          "id_str": "1214736295966203908",
          "in_reply_to_status_id": 1214735311374344192,
          "coordinates": null,
          "retweeted": false,
          "filter_level": "low",
          "truncated": true,
          "favorite_count": 66,
          "place": null,
          "in_reply_to_status_id_str": "1214735311374344192",
          "created_at": "Wed Jan 08 02:31:16 +0000 2020"
        },
        "favorite_count": 611,
        "place": null,
        "quoted_status_id_str": "1214736295966203908",
        "created_at": "Wed Jan 08 03:15:54 +0000 2020",
        "retweeted": false,
        "user": {
          "verified": false,
          "profile_image_url": "http://pbs.twimg.com/profile_images/955677323314872320/WX4prkai_normal.jpg",
          "follow_request_sent": null,
          "profile_use_background_image": false,
          "profile_link_color": "1B95E0",
          "profile_background_tile": false,
          "profile_image_url_https": "https://pbs.twimg.com/profile_images/955677323314872320/WX4prkai_normal.jpg",
          "profile_background_color": "000000",
          "utc_offset": null,
          "name": "Rosie memos",
          "geo_enabled": false,
          "url": "http://foia.gov",
          "profile_banner_url": "https://pbs.twimg.com/profile_banners/741977462028926976/1570074242",
          "id": 741977462028926976,
          "lang": null,
          "contributors_enabled": false,
          "followers_count": 79355,
          "friends_count": 7162,
          "profile_sidebar_border_color": "000000",
          "following": null,
          "default_profile": false,
          "statuses_count": 179579,
          "description": "Digging for truth but twitter likes to say it's not available. Expert level typo maker.",
          "screen_name": "almostjingo",
          "id_str": "741977462028926976",
          "protected": false,
          "is_translator": false,
          "location": "Los Angeles, CA",
          "default_profile_image": false,
          "profile_background_image_url_https": "https://abs.twimg.com/images/themes/theme1/bg.png",
          "notifications": null,
          "profile_sidebar_fill_color": "000000",
          "profile_background_image_url": "http://abs.twimg.com/images/themes/theme1/bg.png",
          "favourites_count": 234379,
          "translator_type": "none",
          "created_at": "Sun Jun 12 12:56:27 +0000 2016",
          "time_zone": null,
          "listed_count": 691,
          "profile_text_color": "000000"
        },
        "reply_count": 27
      },
      "quote_count": 0,
      "is_quote_status": true,
      "in_reply_to_status_id_str": null,
      "entities": {
        "urls": [],
        "user_mentions": [
          {
            "screen_name": "almostjingo",
            "id_str": "741977462028926976",
            "name": "Rosie memos",
            "indices": [
              3,
              15
            ],
            "id": 741977462028926976
          },
          {
            "screen_name": "CNN",
            "id_str": "759251",
            "name": "CNN",
            "indices": [
              37,
              41
            ],
            "id": 759251
          }
        ],
        "symbols": [],
        "hashtags": []
      },
      "in_reply_to_screen_name": null,
      "in_reply_to_user_id_str": null,
      "id_str": "1214753922465726465",
      "in_reply_to_status_id": null,
      "quoted_status_id": 1214736295966203908,
      "timestamp_ms": "1578454878809",
      "coordinates": null,
      "geo": null,
      "filter_level": "low",
      "quoted_status": {
        "reply_count": 63,
        "contributors": null,
        "user": {
          "verified": true,
          "profile_image_url": "http://pbs.twimg.com/profile_images/1178773076915425285/AAZ-bGPf_normal.jpg",
          "follow_request_sent": null,
          "profile_use_background_image": true,
          "profile_link_color": "2FC2EF",
          "profile_background_tile": false,
          "profile_image_url_https": "https://pbs.twimg.com/profile_images/1178773076915425285/AAZ-bGPf_normal.jpg",
          "profile_background_color": "1A1B1F",
          "utc_offset": null,
          "name": "Oliver Darcy",
          "geo_enabled": true,
          "url": null,
          "profile_banner_url": "https://pbs.twimg.com/profile_banners/27075032/1569882120",
          "id": 27075032,
          "lang": null,
          "contributors_enabled": false,
          "followers_count": 104335,
          "friends_count": 1650,
          "profile_sidebar_border_color": "181A1E",
          "following": null,
          "default_profile": false,
          "statuses_count": 56866,
          "description": "senior media reporter, @CNN. covering the intersection of media & politics. sometimes tech. inbox: oliver.darcy@turner.com",
          "screen_name": "oliverdarcy",
          "id_str": "27075032",
          "protected": false,
          "is_translator": false,
          "location": "New York City",
          "default_profile_image": false,
          "profile_background_image_url_https": "https://abs.twimg.com/images/themes/theme9/bg.gif",
          "notifications": null,
          "profile_sidebar_fill_color": "252429",
          "profile_background_image_url": "http://abs.twimg.com/images/themes/theme9/bg.gif",
          "favourites_count": 20279,
          "translator_type": "none",
          "created_at": "Fri Mar 27 19:20:52 +0000 2009",
          "time_zone": null,
          "listed_count": 2627,
          "profile_text_color": "666666"
        },
        "favorited": false,
        "source": "<a href=\"https://about.twitter.com/products/tweetdeck\" rel=\"nofollow\">TweetDeck</a>",
        "retweet_count": 40,
        "text": "Hannity also talking about hitting oil refineries. He says we aren't sending \"our sons and daughters\" to Iran. Last… https://t.co/p1SdhSSi7A",
        "id": 1214736295966203908,
        "in_reply_to_user_id": 27075032,
        "lang": "en",
        "is_quote_status": false,
        "quote_count": 12,
        "geo": null,
        "entities": {
          "urls": [
            {
              "url": "https://t.co/p1SdhSSi7A",
              "display_url": "twitter.com/i/web/status/1…",
              "expanded_url": "https://twitter.com/i/web/status/1214736295966203908",
              "indices": [
                117,
                140
              ]
            }
          ],
          "user_mentions": [],
          "symbols": [],
          "hashtags": []
        },
        "in_reply_to_screen_name": "oliverdarcy",
        "extended_tweet": {
          "entities": {
            "urls": [],
            "user_mentions": [],
            "symbols": [],
            "hashtags": []
          },
          "full_text": "Hannity also talking about hitting oil refineries. He says we aren't sending \"our sons and daughters\" to Iran. Last night, Hannity also said, \"They got three major oil refineries and we know where they are.\"",
          "display_text_range": [
            0,
            207
          ]
        },
        "in_reply_to_user_id_str": "27075032",
        "id_str": "1214736295966203908",
        "in_reply_to_status_id": 1214735311374344192,
        "coordinates": null,
        "retweeted": false,
        "filter_level": "low",
        "truncated": true,
        "favorite_count": 66,
        "place": null,
        "in_reply_to_status_id_str": "1214735311374344192",
        "created_at": "Wed Jan 08 02:31:16 +0000 2020"
      },
      "favorite_count": 0,
      "place": null,
      "quoted_status_id_str": "1214736295966203908",
      "created_at": "Wed Jan 08 03:41:18 +0000 2020",
      "retweeted": false,
      "user": {
        "verified": false,
        "profile_image_url": "http://pbs.twimg.com/profile_images/1082851717580939266/EBm14aYC_normal.jpg",
        "follow_request_sent": null,
        "profile_use_background_image": true,
        "profile_link_color": "1DA1F2",
        "profile_background_tile": false,
        "profile_image_url_https": "https://pbs.twimg.com/profile_images/1082851717580939266/EBm14aYC_normal.jpg",
        "profile_background_color": "C0DEED",
        "utc_offset": null,
        "name": "Chicvid",
        "geo_enabled": true,
        "url": null,
        "profile_banner_url": "https://pbs.twimg.com/profile_banners/148251250/1485120974",
        "id": 148251250,
        "lang": null,
        "contributors_enabled": false,
        "followers_count": 587,
        "friends_count": 108,
        "profile_sidebar_border_color": "C0DEED",
        "following": null,
        "default_profile": true,
        "statuses_count": 62741,
        "description": "Just an ordinary citizen who loves reading current events on Twitter, my daily paper. If what I read/tweet/RT is not agreeable to one, just block me.",
        "screen_name": "chicvidbabe222",
        "id_str": "148251250",
        "protected": false,
        "is_translator": false,
        "location": null,
        "default_profile_image": false,
        "profile_background_image_url_https": "https://abs.twimg.com/images/themes/theme1/bg.png",
        "notifications": null,
        "profile_sidebar_fill_color": "DDEEF6",
        "profile_background_image_url": "http://abs.twimg.com/images/themes/theme1/bg.png",
        "favourites_count": 83647,
        "translator_type": "none",
        "created_at": "Wed May 26 06:39:02 +0000 2010",
        "time_zone": null,
        "listed_count": 5,
        "profile_text_color": "333333"
      },
      "reply_count": 0
    },
    {
      "reply_count": 0,
      "contributors": null,
      "user": {
        "verified": false,
        "profile_image_url": "http://pbs.twimg.com/profile_images/1033835277314347014/_oHKzJgA_normal.jpg",
        "follow_request_sent": null,
        "profile_use_background_image": true,
        "profile_link_color": "1F98C7",
        "profile_background_tile": false,
        "profile_image_url_https": "https://pbs.twimg.com/profile_images/1033835277314347014/_oHKzJgA_normal.jpg",
        "profile_background_color": "C6E2EE",
        "utc_offset": null,
        "name": "Tom Schade",
        "geo_enabled": true,
        "url": null,
        "id": 586083217,
        "lang": null,
        "contributors_enabled": false,
        "followers_count": 14390,
        "friends_count": 15696,
        "profile_sidebar_border_color": "C6E2EE",
        "following": null,
        "default_profile": false,
        "statuses_count": 292257,
        "description": "Retired, conservative. Father of four, stepfather of three. Grandfather of 20. Proud vet of USMC. MAGA! Enjoy my family and life. Migrating to Gab as @Tom7.",
        "screen_name": "SchadeTom",
        "id_str": "586083217",
        "protected": false,
        "is_translator": false,
        "location": null,
        "default_profile_image": false,
        "profile_background_image_url_https": "https://abs.twimg.com/images/themes/theme2/bg.gif",
        "notifications": null,
        "profile_sidebar_fill_color": "DAECF4",
        "profile_background_image_url": "http://abs.twimg.com/images/themes/theme2/bg.gif",
        "favourites_count": 116014,
        "translator_type": "none",
        "created_at": "Sun May 20 23:37:18 +0000 2012",
        "time_zone": null,
        "listed_count": 130,
        "profile_text_color": "663B12"
      },
      "favorited": false,
      "source": "<a href=\"http://twitter.com/download/android\" rel=\"nofollow\">Twitter for Android</a>",
      "retweet_count": 0,
      "text": "RT @steph93065: @motherbaus @realDonaldTrump @kbsalsaud All Iran has to do is not attack us and they'll be fine.",
      "id": 1214753922453295104,
      "in_reply_to_user_id": null,
      "lang": "en",
      "retweeted_status": {
        "truncated": false,
        "contributors": null,
        "user": {
          "verified": false,
          "profile_image_url": "http://pbs.twimg.com/profile_images/1058159653991866368/6XaSXYo5_normal.jpg",
          "follow_request_sent": null,
          "profile_use_background_image": false,
          "profile_link_color": "ABB8C2",
          "profile_background_tile": false,
          "profile_image_url_https": "https://pbs.twimg.com/profile_images/1058159653991866368/6XaSXYo5_normal.jpg",
          "profile_background_color": "000000",
          "utc_offset": null,
          "name": "Steph - Text TRUMP to 88022",
          "geo_enabled": true,
          "url": "https://www.donaldjtrump.com",
          "profile_banner_url": "https://pbs.twimg.com/profile_banners/261749735/1577153339",
          "id": 261749735,
          "lang": null,
          "contributors_enabled": false,
          "followers_count": 321378,
          "friends_count": 119054,
          "profile_sidebar_border_color": "000000",
          "following": null,
          "default_profile": false,
          "statuses_count": 286325,
          "description": "AirForceMom #MarineMom The only valid censorship of ideas is the right of people not to listen. \n\n@NewRightNetwork Contributor",
          "screen_name": "steph93065",
          "id_str": "261749735",
          "protected": false,
          "is_translator": false,
          "location": "Charlotte, North Carolina ",
          "default_profile_image": false,
          "profile_background_image_url_https": "https://abs.twimg.com/images/themes/theme14/bg.gif",
          "notifications": null,
          "profile_sidebar_fill_color": "000000",
          "profile_background_image_url": "http://abs.twimg.com/images/themes/theme14/bg.gif",
          "favourites_count": 569724,
          "translator_type": "none",
          "created_at": "Sun Mar 06 16:36:44 +0000 2011",
          "time_zone": null,
          "listed_count": 1440,
          "profile_text_color": "000000"
        },
        "favorited": false,
        "source": "<a href=\"https://mobile.twitter.com\" rel=\"nofollow\">Twitter Web App</a>",
        "retweet_count": 3,
        "text": "@motherbaus @realDonaldTrump @kbsalsaud All Iran has to do is not attack us and they'll be fine.",
        "id": 1214634884293107713,
        "in_reply_to_user_id": 1027777373889093632,
        "lang": "en",
        "is_quote_status": false,
        "quote_count": 1,
        "geo": null,
        "entities": {
          "urls": [],
          "user_mentions": [
            {
              "screen_name": "motherbaus",
              "id_str": "1027777373889093632",
              "name": "Motherbaus💖🌎 🐶🐾⛄❄",
              "indices": [
                0,
                11
              ],
              "id": 1027777373889093632
            },
            {
              "screen_name": "realDonaldTrump",
              "id_str": "25073877",
              "name": "Donald J. Trump",
              "indices": [
                12,
                28
              ],
              "id": 25073877
            },
            {
              "screen_name": "kbsalsaud",
              "id_str": "975194850994851840",
              "name": "Khalid bin Salman                  خالد بن سلمان",
              "indices": [
                29,
                39
              ],
              "id": 975194850994851840
            }
          ],
          "symbols": [],
          "hashtags": []
        },
        "in_reply_to_screen_name": "motherbaus",
        "in_reply_to_user_id_str": "1027777373889093632",
        "id_str": "1214634884293107713",
        "in_reply_to_status_id": 1214633082336284675,
        "coordinates": null,
        "display_text_range": [
          40,
          96
        ],
        "filter_level": "low",
        "reply_count": 18,
        "favorite_count": 68,
        "place": null,
        "in_reply_to_status_id_str": "1214633082336284675",
        "created_at": "Tue Jan 07 19:48:17 +0000 2020",
        "retweeted": false
      },
      "quote_count": 0,
      "is_quote_status": false,
      "geo": null,
      "entities": {
        "urls": [],
        "user_mentions": [
          {
            "screen_name": "steph93065",
            "id_str": "261749735",
            "name": "Steph - Text TRUMP to 88022",
            "indices": [
              3,
              14
            ],
            "id": 261749735
          },
          {
            "screen_name": "motherbaus",
            "id_str": "1027777373889093632",
            "name": "Motherbaus💖🌎 🐶🐾⛄❄",
            "indices": [
              16,
              27
            ],
            "id": 1027777373889093632
          },
          {
            "screen_name": "realDonaldTrump",
            "id_str": "25073877",
            "name": "Donald J. Trump",
            "indices": [
              28,
              44
            ],
            "id": 25073877
          },
          {
            "screen_name": "kbsalsaud",
            "id_str": "975194850994851840",
            "name": "Khalid bin Salman                  خالد بن سلمان",
            "indices": [
              45,
              55
            ],
            "id": 975194850994851840
          }
        ],
        "symbols": [],
        "hashtags": []
      },
      "in_reply_to_screen_name": null,
      "in_reply_to_user_id_str": null,
      "id_str": "1214753922453295104",
      "in_reply_to_status_id": null,
      "timestamp_ms": "1578454878806",
      "coordinates": null,
      "retweeted": false,
      "filter_level": "low",
      "truncated": false,
      "favorite_count": 0,
      "place": null,
      "in_reply_to_status_id_str": null,
      "created_at": "Wed Jan 08 03:41:18 +0000 2020"
    }
  ]
}