{
  "request_date": "2020-01-07-22:53:59",
  "data": [
    {
      "reply_count": 0,
      "contributors": null,
      "user": {
        "verified": false,
        "profile_image_url": "http://pbs.twimg.com/profile_images/463705400756285440/rmv74Jgi_normal.png",
        "follow_request_sent": null,
        "profile_use_background_image": true,
        "profile_link_color": "1DA1F2",
        "profile_background_tile": false,
        "profile_image_url_https": "https://pbs.twimg.com/profile_images/463705400756285440/rmv74Jgi_normal.png",
        "profile_background_color": "C0DEED",
        "utc_offset": null,
        "name": "juan pablo razo",
        "geo_enabled": true,
        "url": null,
        "profile_banner_url": "https://pbs.twimg.com/profile_banners/136666277/1403034791",
        "id": 136666277,
        "lang": null,
        "contributors_enabled": false,
        "followers_count": 180,
        "friends_count": 876,
        "profile_sidebar_border_color": "C0DEED",
        "following": null,
        "default_profile": true,
        "statuses_count": 1604,
        "description": null,
        "screen_name": "juanpablorazo",
        "id_str": "136666277",
        "protected": false,
        "is_translator": false,
        "location": "guanajuato,mexico.",
        "default_profile_image": false,
        "profile_background_image_url_https": "https://abs.twimg.com/images/themes/theme1/bg.png",
        "notifications": null,
        "profile_sidebar_fill_color": "DDEEF6",
        "profile_background_image_url": "http://abs.twimg.com/images/themes/theme1/bg.png",
        "favourites_count": 343,
        "translator_type": "none",
        "created_at": "Sat Apr 24 15:23:38 +0000 2010",
        "time_zone": null,
        "listed_count": 1,
        "profile_text_color": "333333"
      },
      "favorited": false,
      "source": "<a href=\"http://twitter.com/download/android\" rel=\"nofollow\">Twitter for Android</a>",
      "retweet_count": 0,
      "text": "RT @JTejado: Les comparto razones y antecedentes por lo que el Mundial en Catar (2022), luego de crisis con Irán, se podría cambiar de sede…",
      "id": 1214757093162528768,
      "in_reply_to_user_id": null,
      "lang": "es",
      "retweeted_status": {
        "reply_count": 168,
        "contributors": null,
        "user": {
          "verified": true,
          "profile_image_url": "http://pbs.twimg.com/profile_images/841635162991427585/VY1uSVVJ_normal.jpg",
          "follow_request_sent": null,
          "profile_use_background_image": true,
          "profile_link_color": "1DA1F2",
          "profile_background_tile": false,
          "profile_image_url_https": "https://pbs.twimg.com/profile_images/841635162991427585/VY1uSVVJ_normal.jpg",
          "profile_background_color": "C0DEED",
          "utc_offset": null,
          "name": "Javier Tejado",
          "geo_enabled": true,
          "url": null,
          "profile_banner_url": "https://pbs.twimg.com/profile_banners/102677277/1515806817",
          "id": 102677277,
          "lang": null,
          "contributors_enabled": false,
          "followers_count": 25843,
          "friends_count": 6116,
          "profile_sidebar_border_color": "C0DEED",
          "following": null,
          "default_profile": true,
          "statuses_count": 7376,
          "description": "Analista W-Radio, ForoTV, ACIR, Fórmula y El Universal. Premio Nacional de Comunicación José Pages Llergo (2019) y Premio Nacional de Periodismo (Mención 2001)",
          "screen_name": "JTejado",
          "id_str": "102677277",
          "protected": false,
          "is_translator": false,
          "location": "Distrito Federal, México",
          "default_profile_image": false,
          "profile_background_image_url_https": "https://abs.twimg.com/images/themes/theme1/bg.png",
          "notifications": null,
          "profile_sidebar_fill_color": "DDEEF6",
          "profile_background_image_url": "http://abs.twimg.com/images/themes/theme1/bg.png",
          "favourites_count": 4686,
          "translator_type": "none",
          "created_at": "Thu Jan 07 13:24:24 +0000 2010",
          "time_zone": null,
          "listed_count": 211,
          "profile_text_color": "333333"
        },
        "favorited": false,
        "source": "<a href=\"http://twitter.com/#!/download/ipad\" rel=\"nofollow\">Twitter for iPad</a>",
        "retweet_count": 655,
        "text": "Les comparto razones y antecedentes por lo que el Mundial en Catar (2022), luego de crisis con Irán, se podría camb… https://t.co/zXDss8rG0X",
        "id": 1214534862465572864,
        "in_reply_to_user_id": null,
        "lang": "es",
        "is_quote_status": false,
        "quote_count": 134,
        "geo": null,
        "entities": {
          "urls": [
            {
              "url": "https://t.co/zXDss8rG0X",
              "display_url": "twitter.com/i/web/status/1…",
              "expanded_url": "https://twitter.com/i/web/status/1214534862465572864",
              "indices": [
                117,
                140
              ]
            }
          ],
          "user_mentions": [],
          "symbols": [],
          "hashtags": []
        },
        "in_reply_to_screen_name": null,
        "possibly_sensitive": false,
        "extended_tweet": {
          "entities": {
            "urls": [
              {
                "url": "https://t.co/PGrCvNSSYl",
                "display_url": "eluniversal.com.mx/opinion/javier…",
                "expanded_url": "https://www.eluniversal.com.mx/opinion/javier-tejado-donde/conflicto-con-iran-aleja-el-mundial-2022-de-qatar-y-lo-acerca-mexico",
                "indices": [
                  249,
                  272
                ]
              }
            ],
            "user_mentions": [],
            "symbols": [],
            "hashtags": []
          },
          "full_text": "Les comparto razones y antecedentes por lo que el Mundial en Catar (2022), luego de crisis con Irán, se podría cambiar de sede, a México! ⚠️ En la FIFA ya venían explorando un cambio de sede. Con ello, seríamos por tercera ocasión sede Mundialista! https://t.co/PGrCvNSSYl",
          "display_text_range": [
            0,
            272
          ]
        },
        "in_reply_to_user_id_str": null,
        "id_str": "1214534862465572864",
        "in_reply_to_status_id": null,
        "coordinates": null,
        "retweeted": false,
        "filter_level": "low",
        "truncated": true,
        "favorite_count": 1320,
        "place": null,
        "in_reply_to_status_id_str": null,
        "created_at": "Tue Jan 07 13:10:50 +0000 2020"
      },
      "quote_count": 0,
      "is_quote_status": false,
      "geo": null,
      "entities": {
        "urls": [],
        "user_mentions": [
          {
            "screen_name": "JTejado",
            "id_str": "102677277",
            "name": "Javier Tejado",
            "indices": [
              3,
              11
            ],
            "id": 102677277
          }
        ],
        "symbols": [],
        "hashtags": []
      },
      "in_reply_to_screen_name": null,
      "in_reply_to_user_id_str": null,
      "id_str": "1214757093162528768",
      "in_reply_to_status_id": null,
      "timestamp_ms": "1578455634762",
      "coordinates": null,
      "retweeted": false,
      "filter_level": "low",
      "truncated": false,
      "favorite_count": 0,
      "place": null,
      "in_reply_to_status_id_str": null,
      "created_at": "Wed Jan 08 03:53:54 +0000 2020"
    },
    {
      "reply_count": 0,
      "contributors": null,
      "user": {
        "verified": false,
        "profile_image_url": "http://pbs.twimg.com/profile_images/1174535137096282112/XHdR5gdk_normal.jpg",
        "follow_request_sent": null,
        "profile_use_background_image": true,
        "profile_link_color": "1DA1F2",
        "profile_background_tile": false,
        "profile_image_url_https": "https://pbs.twimg.com/profile_images/1174535137096282112/XHdR5gdk_normal.jpg",
        "profile_background_color": "F5F8FA",
        "utc_offset": null,
        "name": "رافد البصري",
        "geo_enabled": false,
        "url": null,
        "id": 1174534701513617408,
        "lang": null,
        "contributors_enabled": false,
        "followers_count": 14,
        "friends_count": 96,
        "profile_sidebar_border_color": "C0DEED",
        "following": null,
        "default_profile": true,
        "statuses_count": 49,
        "description": "ماكو شي",
        "screen_name": "LAKACdfRaVUXKsl",
        "id_str": "1174534701513617408",
        "protected": false,
        "is_translator": false,
        "location": null,
        "default_profile_image": false,
        "profile_background_image_url_https": "",
        "notifications": null,
        "profile_sidebar_fill_color": "DDEEF6",
        "profile_background_image_url": "",
        "favourites_count": 3767,
        "translator_type": "none",
        "created_at": "Thu Sep 19 04:05:07 +0000 2019",
        "time_zone": null,
        "listed_count": 0,
        "profile_text_color": "333333"
      },
      "favorited": false,
      "source": "<a href=\"http://twitter.com/download/android\" rel=\"nofollow\">Twitter for Android</a>",
      "retweet_count": 0,
      "text": "RT @thestevennabil: Militias created by #QassimSuleimani attacked peaceful protesters in #Iraq #Nasriyah tonight, they burned their tents a…",
      "id": 1214757093179379712,
      "in_reply_to_user_id": null,
      "lang": "und",
      "retweeted_status": {
        "truncated": true,
        "contributors": null,
        "user": {
          "verified": true,
          "profile_image_url": "http://pbs.twimg.com/profile_images/1204554064354140162/E9bEY9Rf_normal.jpg",
          "follow_request_sent": null,
          "profile_use_background_image": false,
          "profile_link_color": "89C9FA",
          "profile_background_tile": false,
          "profile_image_url_https": "https://pbs.twimg.com/profile_images/1204554064354140162/E9bEY9Rf_normal.jpg",
          "profile_background_color": "000000",
          "utc_offset": null,
          "name": "Steven nabil",
          "geo_enabled": false,
          "url": "http://steven-official.weebly.com",
          "profile_banner_url": "https://pbs.twimg.com/profile_banners/2386350236/1572134854",
          "id": 2386350236,
          "lang": null,
          "contributors_enabled": false,
          "followers_count": 342385,
          "friends_count": 3229,
          "profile_sidebar_border_color": "000000",
          "following": null,
          "default_profile": false,
          "statuses_count": 11803,
          "description": "TV correspondent @alhurranews, ASU alumni, traveling and sports enthusiast, my opinion represents me not anyone else.",
          "screen_name": "thestevennabil",
          "id_str": "2386350236",
          "protected": false,
          "is_translator": false,
          "location": "United States",
          "default_profile_image": false,
          "profile_background_image_url_https": "https://abs.twimg.com/images/themes/theme1/bg.png",
          "notifications": null,
          "profile_sidebar_fill_color": "000000",
          "profile_background_image_url": "http://abs.twimg.com/images/themes/theme1/bg.png",
          "favourites_count": 6965,
          "translator_type": "none",
          "created_at": "Thu Mar 13 04:55:48 +0000 2014",
          "time_zone": null,
          "listed_count": 596,
          "profile_text_color": "000000"
        },
        "favorited": false,
        "source": "<a href=\"http://twitter.com/download/iphone\" rel=\"nofollow\">Twitter for iPhone</a>",
        "retweet_count": 858,
        "text": "Militias created by #QassimSuleimani attacked peaceful protesters in #Iraq #Nasriyah tonight, they burned their ten… https://t.co/Ao42TcR6kb",
        "id": 1214663096351936512,
        "in_reply_to_user_id": null,
        "lang": "und",
        "is_quote_status": false,
        "quote_count": 119,
        "geo": null,
        "entities": {
          "urls": [
            {
              "url": "https://t.co/Ao42TcR6kb",
              "display_url": "twitter.com/i/web/status/1…",
              "expanded_url": "https://twitter.com/i/web/status/1214663096351936512",
              "indices": [
                117,
                140
              ]
            }
          ],
          "user_mentions": [],
          "symbols": [],
          "hashtags": [
            {
              "indices": [
                20,
                36
              ],
              "text": "QassimSuleimani"
            },
            {
              "indices": [
                69,
                74
              ],
              "text": "Iraq"
            },
            {
              "indices": [
                75,
                84
              ],
              "text": "Nasriyah"
            }
          ]
        },
        "in_reply_to_screen_name": null,
        "possibly_sensitive": false,
        "extended_tweet": {
          "entities": {
            "urls": [],
            "user_mentions": [],
            "media": [
              {
                "id_str": "1214663035240906752",
                "media_url_https": "https://pbs.twimg.com/ext_tw_video_thumb/1214663035240906752/pu/img/FbN_s9X5BQizYexU.jpg",
                "expanded_url": "https://twitter.com/thestevennabil/status/1214663096351936512/video/1",
                "video_info": {
                  "duration_millis": 54996,
                  "variants": [
                    {
                      "bitrate": 832000,
                      "url": "https://video.twimg.com/ext_tw_video/1214663035240906752/pu/vid/352x640/5nb_QmM5ObqNkJCk.mp4?tag=10",
                      "content_type": "video/mp4"
                    },
                    {
                      "url": "https://video.twimg.com/ext_tw_video/1214663035240906752/pu/pl/EO94_KXm-wSDa7d1.m3u8?tag=10",
                      "content_type": "application/x-mpegURL"
                    },
                    {
                      "bitrate": 632000,
                      "url": "https://video.twimg.com/ext_tw_video/1214663035240906752/pu/vid/320x580/HRP4WZxfb73LXbeX.mp4?tag=10",
                      "content_type": "video/mp4"
                    }
                  ],
                  "aspect_ratio": [
                    11,
                    20
                  ]
                },
                "url": "https://t.co/8MX0yHlAY3",
                "display_url": "pic.twitter.com/8MX0yHlAY3",
                "id": 1214663035240906752,
                "additional_media_info": {
                  "monetizable": false
                },
                "media_url": "http://pbs.twimg.com/ext_tw_video_thumb/1214663035240906752/pu/img/FbN_s9X5BQizYexU.jpg",
                "indices": [
                  256,
                  279
                ],
                "type": "video",
                "sizes": {
                  "medium": {
                    "h": 640,
                    "w": 352,
                    "resize": "fit"
                  },
                  "thumb": {
                    "h": 150,
                    "w": 150,
                    "resize": "crop"
                  },
                  "small": {
                    "h": 640,
                    "w": 352,
                    "resize": "fit"
                  },
                  "large": {
                    "h": 640,
                    "w": 352,
                    "resize": "fit"
                  }
                }
              }
            ],
            "symbols": [],
            "hashtags": [
              {
                "indices": [
                  20,
                  36
                ],
                "text": "QassimSuleimani"
              },
              {
                "indices": [
                  69,
                  74
                ],
                "text": "Iraq"
              },
              {
                "indices": [
                  75,
                  84
                ],
                "text": "Nasriyah"
              },
              {
                "indices": [
                  172,
                  177
                ],
                "text": "Iran"
              },
              {
                "indices": [
                  248,
                  255
                ],
                "text": "العراق"
              }
            ]
          },
          "extended_entities": {
            "media": [
              {
                "id_str": "1214663035240906752",
                "media_url_https": "https://pbs.twimg.com/ext_tw_video_thumb/1214663035240906752/pu/img/FbN_s9X5BQizYexU.jpg",
                "expanded_url": "https://twitter.com/thestevennabil/status/1214663096351936512/video/1",
                "video_info": {
                  "duration_millis": 54996,
                  "variants": [
                    {
                      "bitrate": 832000,
                      "url": "https://video.twimg.com/ext_tw_video/1214663035240906752/pu/vid/352x640/5nb_QmM5ObqNkJCk.mp4?tag=10",
                      "content_type": "video/mp4"
                    },
                    {
                      "url": "https://video.twimg.com/ext_tw_video/1214663035240906752/pu/pl/EO94_KXm-wSDa7d1.m3u8?tag=10",
                      "content_type": "application/x-mpegURL"
                    },
                    {
                      "bitrate": 632000,
                      "url": "https://video.twimg.com/ext_tw_video/1214663035240906752/pu/vid/320x580/HRP4WZxfb73LXbeX.mp4?tag=10",
                      "content_type": "video/mp4"
                    }
                  ],
                  "aspect_ratio": [
                    11,
                    20
                  ]
                },
                "url": "https://t.co/8MX0yHlAY3",
                "display_url": "pic.twitter.com/8MX0yHlAY3",
                "id": 1214663035240906752,
                "additional_media_info": {
                  "monetizable": false
                },
                "media_url": "http://pbs.twimg.com/ext_tw_video_thumb/1214663035240906752/pu/img/FbN_s9X5BQizYexU.jpg",
                "indices": [
                  256,
                  279
                ],
                "type": "video",
                "sizes": {
                  "medium": {
                    "h": 640,
                    "w": 352,
                    "resize": "fit"
                  },
                  "thumb": {
                    "h": 150,
                    "w": 150,
                    "resize": "crop"
                  },
                  "small": {
                    "h": 640,
                    "w": 352,
                    "resize": "fit"
                  },
                  "large": {
                    "h": 640,
                    "w": 352,
                    "resize": "fit"
                  }
                }
              }
            ]
          },
          "full_text": "Militias created by #QassimSuleimani attacked peaceful protesters in #Iraq #Nasriyah tonight, they burned their tents and shot live ammunition at them,Several are wounded. #Iran ميليشيات قاسم سليماني تفتح النار على المتظاهرين السلميين في الناصرية  #العراق https://t.co/8MX0yHlAY3",
          "display_text_range": [
            0,
            255
          ]
        },
        "in_reply_to_user_id_str": null,
        "id_str": "1214663096351936512",
        "in_reply_to_status_id": null,
        "coordinates": null,
        "display_text_range": [
          0,
          140
        ],
        "filter_level": "low",
        "reply_count": 190,
        "favorite_count": 2228,
        "place": null,
        "in_reply_to_status_id_str": null,
        "created_at": "Tue Jan 07 21:40:24 +0000 2020",
        "retweeted": false
      },
      "quote_count": 0,
      "is_quote_status": false,
      "geo": null,
      "entities": {
        "urls": [],
        "user_mentions": [
          {
            "screen_name": "thestevennabil",
            "id_str": "2386350236",
            "name": "Steven nabil",
            "indices": [
              3,
              18
            ],
            "id": 2386350236
          }
        ],
        "symbols": [],
        "hashtags": [
          {
            "indices": [
              40,
              56
            ],
            "text": "QassimSuleimani"
          },
          {
            "indices": [
              89,
              94
            ],
            "text": "Iraq"
          },
          {
            "indices": [
              95,
              104
            ],
            "text": "Nasriyah"
          }
        ]
      },
      "in_reply_to_screen_name": null,
      "in_reply_to_user_id_str": null,
      "id_str": "1214757093179379712",
      "in_reply_to_status_id": null,
      "timestamp_ms": "1578455634766",
      "coordinates": null,
      "retweeted": false,
      "filter_level": "low",
      "truncated": false,
      "favorite_count": 0,
      "place": null,
      "in_reply_to_status_id_str": null,
      "created_at": "Wed Jan 08 03:53:54 +0000 2020"
    },
    {
      "truncated": true,
      "contributors": null,
      "user": {
        "verified": false,
        "profile_image_url": "http://pbs.twimg.com/profile_images/1103654581375062017/M-4hbR6P_normal.jpg",
        "follow_request_sent": null,
        "profile_use_background_image": true,
        "profile_link_color": "1DA1F2",
        "profile_background_tile": false,
        "profile_image_url_https": "https://pbs.twimg.com/profile_images/1103654581375062017/M-4hbR6P_normal.jpg",
        "profile_background_color": "C0DEED",
        "utc_offset": null,
        "name": "Caleb",
        "geo_enabled": true,
        "url": null,
        "profile_banner_url": "https://pbs.twimg.com/profile_banners/3035782259/1548172942",
        "id": 3035782259,
        "lang": null,
        "contributors_enabled": false,
        "followers_count": 383,
        "friends_count": 471,
        "profile_sidebar_border_color": "C0DEED",
        "following": null,
        "default_profile": true,
        "statuses_count": 3234,
        "description": "God is great | GC ‘23",
        "screen_name": "_honeycutt_",
        "id_str": "3035782259",
        "protected": false,
        "is_translator": false,
        "location": null,
        "default_profile_image": false,
        "profile_background_image_url_https": "https://abs.twimg.com/images/themes/theme1/bg.png",
        "notifications": null,
        "profile_sidebar_fill_color": "DDEEF6",
        "profile_background_image_url": "http://abs.twimg.com/images/themes/theme1/bg.png",
        "favourites_count": 5330,
        "translator_type": "none",
        "created_at": "Sat Feb 14 01:14:27 +0000 2015",
        "time_zone": null,
        "listed_count": 2,
        "profile_text_color": "333333"
      },
      "favorited": false,
      "source": "<a href=\"http://twitter.com/download/iphone\" rel=\"nofollow\">Twitter for iPhone</a>",
      "retweet_count": 0,
      "text": "@KeithMcC2929 @kernelofwisdom @steph93065 @NBCNews You would enjoy Iran taking control of Iraq wouldn’t you buddy?… https://t.co/IZKx31THC0",
      "id": 1214757093061869568,
      "in_reply_to_user_id": 954835223300182017,
      "lang": "en",
      "is_quote_status": false,
      "quote_count": 0,
      "geo": null,
      "entities": {
        "urls": [
          {
            "url": "https://t.co/IZKx31THC0",
            "display_url": "twitter.com/i/web/status/1…",
            "expanded_url": "https://twitter.com/i/web/status/1214757093061869568",
            "indices": [
              116,
              139
            ]
          }
        ],
        "user_mentions": [
          {
            "screen_name": "KeithMcC2929",
            "id_str": "954835223300182017",
            "name": "#NoWarWithIran 🌹",
            "indices": [
              0,
              13
            ],
            "id": 954835223300182017
          },
          {
            "screen_name": "kernelofwisdom",
            "id_str": "180501721",
            "name": "Trigg3r Warn1ng",
            "indices": [
              14,
              29
            ],
            "id": 180501721
          },
          {
            "screen_name": "steph93065",
            "id_str": "261749735",
            "name": "Steph - Text TRUMP to 88022",
            "indices": [
              30,
              41
            ],
            "id": 261749735
          },
          {
            "screen_name": "NBCNews",
            "id_str": "14173315",
            "name": "NBC News",
            "indices": [
              42,
              50
            ],
            "id": 14173315
          }
        ],
        "symbols": [],
        "hashtags": []
      },
      "in_reply_to_screen_name": "KeithMcC2929",
      "extended_tweet": {
        "entities": {
          "urls": [],
          "user_mentions": [
            {
              "screen_name": "KeithMcC2929",
              "id_str": "954835223300182017",
              "name": "#NoWarWithIran 🌹",
              "indices": [
                0,
                13
              ],
              "id": 954835223300182017
            },
            {
              "screen_name": "kernelofwisdom",
              "id_str": "180501721",
              "name": "Trigg3r Warn1ng",
              "indices": [
                14,
                29
              ],
              "id": 180501721
            },
            {
              "screen_name": "steph93065",
              "id_str": "261749735",
              "name": "Steph - Text TRUMP to 88022",
              "indices": [
                30,
                41
              ],
              "id": 261749735
            },
            {
              "screen_name": "NBCNews",
              "id_str": "14173315",
              "name": "NBC News",
              "indices": [
                42,
                50
              ],
              "id": 14173315
            }
          ],
          "symbols": [],
          "hashtags": []
        },
        "full_text": "@KeithMcC2929 @kernelofwisdom @steph93065 @NBCNews You would enjoy Iran taking control of Iraq wouldn’t you buddy? Because without us Iraq doesn’t stand a chance.",
        "display_text_range": [
          51,
          162
        ]
      },
      "in_reply_to_user_id_str": "954835223300182017",
      "id_str": "1214757093061869568",
      "in_reply_to_status_id": 1214756771493011457,
      "timestamp_ms": "1578455634738",
      "coordinates": null,
      "display_text_range": [
        51,
        140
      ],
      "filter_level": "low",
      "reply_count": 0,
      "favorite_count": 0,
      "place": null,
      "in_reply_to_status_id_str": "1214756771493011457",
      "created_at": "Wed Jan 08 03:53:54 +0000 2020",
      "retweeted": false
    },
    {
      "truncated": false,
      "contributors": null,
      "quoted_status_permalink": {
        "expanded": "https://twitter.com/alihashem_tv/status/1214756252749877250",
        "url": "https://t.co/5Gw8e5jRHb",
        "display": "twitter.com/alihashem_tv/s…"
      },
      "favorited": false,
      "source": "<a href=\"http://twitter.com/download/android\" rel=\"nofollow\">Twitter for Android</a>",
      "retweet_count": 0,
      "text": "RT @StratSentinel: Alleged footage of #Ukraine International Airline #UIA flight number #PS752 that crashed in #Tehran #Iran. Flight ends i…",
      "id": 1214757093166796806,
      "in_reply_to_user_id": null,
      "lang": "en",
      "retweeted_status": {
        "truncated": true,
        "contributors": null,
        "quoted_status_permalink": {
          "expanded": "https://twitter.com/alihashem_tv/status/1214756252749877250",
          "url": "https://t.co/5Gw8e5jRHb",
          "display": "twitter.com/alihashem_tv/s…"
        },
        "favorited": false,
        "source": "<a href=\"https://about.twitter.com/products/tweetdeck\" rel=\"nofollow\">TweetDeck</a>",
        "retweet_count": 15,
        "text": "Alleged footage of #Ukraine International Airline #UIA flight number #PS752 that crashed in #Tehran #Iran. Flight e… https://t.co/4IUXc5ohyv",
        "id": 1214756918834663425,
        "in_reply_to_user_id": null,
        "lang": "en",
        "is_quote_status": true,
        "quote_count": 0,
        "in_reply_to_status_id_str": null,
        "entities": {
          "urls": [
            {
              "url": "https://t.co/4IUXc5ohyv",
              "display_url": "twitter.com/i/web/status/1…",
              "expanded_url": "https://twitter.com/i/web/status/1214756918834663425",
              "indices": [
                117,
                140
              ]
            }
          ],
          "user_mentions": [],
          "symbols": [],
          "hashtags": [
            {
              "indices": [
                19,
                27
              ],
              "text": "Ukraine"
            },
            {
              "indices": [
                50,
                54
              ],
              "text": "UIA"
            },
            {
              "indices": [
                69,
                75
              ],
              "text": "PS752"
            },
            {
              "indices": [
                92,
                99
              ],
              "text": "Tehran"
            },
            {
              "indices": [
                100,
                105
              ],
              "text": "Iran"
            }
          ]
        },
        "in_reply_to_screen_name": null,
        "extended_tweet": {
          "entities": {
            "urls": [],
            "user_mentions": [],
            "symbols": [],
            "hashtags": [
              {
                "indices": [
                  19,
                  27
                ],
                "text": "Ukraine"
              },
              {
                "indices": [
                  50,
                  54
                ],
                "text": "UIA"
              },
              {
                "indices": [
                  69,
                  75
                ],
                "text": "PS752"
              },
              {
                "indices": [
                  92,
                  99
                ],
                "text": "Tehran"
              },
              {
                "indices": [
                  100,
                  105
                ],
                "text": "Iran"
              }
            ]
          },
          "full_text": "Alleged footage of #Ukraine International Airline #UIA flight number #PS752 that crashed in #Tehran #Iran. Flight ends in a massive fireball...",
          "display_text_range": [
            0,
            143
          ]
        },
        "in_reply_to_user_id_str": null,
        "id_str": "1214756918834663425",
        "in_reply_to_status_id": null,
        "quoted_status_id": 1214756252749877250,
        "coordinates": null,
        "geo": null,
        "filter_level": "low",
        "quoted_status": {
          "truncated": false,
          "contributors": null,
          "user": {
            "verified": true,
            "profile_image_url": "http://pbs.twimg.com/profile_images/1148923486573879298/qEtZowCL_normal.jpg",
            "follow_request_sent": null,
            "profile_use_background_image": true,
            "profile_link_color": "91D2FA",
            "profile_background_tile": true,
            "profile_image_url_https": "https://pbs.twimg.com/profile_images/1148923486573879298/qEtZowCL_normal.jpg",
            "profile_background_color": "1A1B1F",
            "utc_offset": null,
            "name": "Ali Hashem  علي هاشم",
            "geo_enabled": true,
            "url": "https://www.youtube.com/playlist?list=PLR3FEJkhaw85ncttQo1VWwh_Jy3EkvpaD",
            "profile_banner_url": "https://pbs.twimg.com/profile_banners/14749971/1561449756",
            "id": 14749971,
            "lang": null,
            "contributors_enabled": false,
            "followers_count": 51033,
            "friends_count": 4199,
            "profile_sidebar_border_color": "FFFFFF",
            "following": null,
            "default_profile": false,
            "statuses_count": 42676,
            "description": "BBC #Iran affairs correspondent | مراسل بي بي سي الخاص لشؤون إيران| |Research Fellow @CIWAS_RHUL | #DigitalDiplomacy #الدبلوماسية_الرقمية | صحفي لا مناضل",
            "screen_name": "alihashem_tv",
            "id_str": "14749971",
            "protected": false,
            "is_translator": false,
            "location": "Lon - Bey - Bghd - Teh",
            "default_profile_image": false,
            "profile_background_image_url_https": "https://abs.twimg.com/images/themes/theme18/bg.gif",
            "notifications": null,
            "profile_sidebar_fill_color": "F6F6F6",
            "profile_background_image_url": "http://abs.twimg.com/images/themes/theme18/bg.gif",
            "favourites_count": 4682,
            "translator_type": "regular",
            "created_at": "Mon May 12 21:14:52 +0000 2008",
            "time_zone": null,
            "listed_count": 976,
            "profile_text_color": "333333"
          },
          "favorited": false,
          "source": "<a href=\"http://twitter.com/download/iphone\" rel=\"nofollow\">Twitter for iPhone</a>",
          "retweet_count": 101,
          "text": "#Breaking First footage of the Ukrainian airplane while on fire falling near #Tehran https://t.co/kGxnBb7f1q",
          "id": 1214756252749877250,
          "in_reply_to_user_id": 14749971,
          "lang": "en",
          "is_quote_status": false,
          "quote_count": 33,
          "geo": null,
          "entities": {
            "urls": [],
            "user_mentions": [],
            "media": [
              {
                "type": "photo",
                "url": "https://t.co/kGxnBb7f1q",
                "media_url_https": "https://pbs.twimg.com/ext_tw_video_thumb/1214756191173304320/pu/img/v3wu9a1VqQZk-AjL.jpg",
                "display_url": "pic.twitter.com/kGxnBb7f1q",
                "id_str": "1214756191173304320",
                "expanded_url": "https://twitter.com/alihashem_tv/status/1214756252749877250/video/1",
                "additional_media_info": {
                  "monetizable": false
                },
                "id": 1214756191173304320,
                "indices": [
                  85,
                  108
                ],
                "media_url": "http://pbs.twimg.com/ext_tw_video_thumb/1214756191173304320/pu/img/v3wu9a1VqQZk-AjL.jpg",
                "sizes": {
                  "medium": {
                    "h": 640,
                    "w": 304,
                    "resize": "fit"
                  },
                  "thumb": {
                    "h": 150,
                    "w": 150,
                    "resize": "crop"
                  },
                  "small": {
                    "h": 640,
                    "w": 304,
                    "resize": "fit"
                  },
                  "large": {
                    "h": 640,
                    "w": 304,
                    "resize": "fit"
                  }
                }
              }
            ],
            "symbols": [],
            "hashtags": [
              {
                "indices": [
                  0,
                  9
                ],
                "text": "Breaking"
              },
              {
                "indices": [
                  77,
                  84
                ],
                "text": "Tehran"
              }
            ]
          },
          "in_reply_to_screen_name": "alihashem_tv",
          "possibly_sensitive": false,
          "in_reply_to_user_id_str": "14749971",
          "id_str": "1214756252749877250",
          "in_reply_to_status_id": 1214750605664772098,
          "coordinates": null,
          "display_text_range": [
            0,
            84
          ],
          "filter_level": "low",
          "reply_count": 11,
          "favorite_count": 83,
          "place": null,
          "extended_entities": {
            "media": [
              {
                "id_str": "1214756191173304320",
                "media_url_https": "https://pbs.twimg.com/ext_tw_video_thumb/1214756191173304320/pu/img/v3wu9a1VqQZk-AjL.jpg",
                "expanded_url": "https://twitter.com/alihashem_tv/status/1214756252749877250/video/1",
                "video_info": {
                  "duration_millis": 34082,
                  "variants": [
                    {
                      "url": "https://video.twimg.com/ext_tw_video/1214756191173304320/pu/pl/6u_rZ4y3vUFnekOl.m3u8?tag=10",
                      "content_type": "application/x-mpegURL"
                    },
                    {
                      "bitrate": 632000,
                      "url": "https://video.twimg.com/ext_tw_video/1214756191173304320/pu/vid/304x640/pLKZLOAKWhv4uR9Q.mp4?tag=10",
                      "content_type": "video/mp4"
                    }
                  ],
                  "aspect_ratio": [
                    19,
                    40
                  ]
                },
                "url": "https://t.co/kGxnBb7f1q",
                "display_url": "pic.twitter.com/kGxnBb7f1q",
                "id": 1214756191173304320,
                "additional_media_info": {
                  "monetizable": false
                },
                "media_url": "http://pbs.twimg.com/ext_tw_video_thumb/1214756191173304320/pu/img/v3wu9a1VqQZk-AjL.jpg",
                "indices": [
                  85,
                  108
                ],
                "type": "video",
                "sizes": {
                  "medium": {
                    "h": 640,
                    "w": 304,
                    "resize": "fit"
                  },
                  "thumb": {
                    "h": 150,
                    "w": 150,
                    "resize": "crop"
                  },
                  "small": {
                    "h": 640,
                    "w": 304,
                    "resize": "fit"
                  },
                  "large": {
                    "h": 640,
                    "w": 304,
                    "resize": "fit"
                  }
                }
              }
            ]
          },
          "in_reply_to_status_id_str": "1214750605664772098",
          "created_at": "Wed Jan 08 03:50:34 +0000 2020",
          "retweeted": false
        },
        "favorite_count": 15,
        "place": null,
        "quoted_status_id_str": "1214756252749877250",
        "created_at": "Wed Jan 08 03:53:13 +0000 2020",
        "retweeted": false,
        "user": {
          "verified": true,
          "profile_image_url": "http://pbs.twimg.com/profile_images/835919577955643393/_vvEm9Vd_normal.jpg",
          "follow_request_sent": null,
          "profile_use_background_image": false,
          "profile_link_color": "1B95E0",
          "profile_background_tile": false,
          "profile_image_url_https": "https://pbs.twimg.com/profile_images/835919577955643393/_vvEm9Vd_normal.jpg",
          "profile_background_color": "000000",
          "utc_offset": null,
          "name": "Strategic Sentinel",
          "geo_enabled": true,
          "url": "https://www.strategicsentinel.org/",
          "profile_banner_url": "https://pbs.twimg.com/profile_banners/789303014192402432/1488133904",
          "id": 789303014192402432,
          "lang": null,
          "contributors_enabled": false,
          "followers_count": 79905,
          "friends_count": 903,
          "profile_sidebar_border_color": "000000",
          "following": null,
          "default_profile": false,
          "statuses_count": 11185,
          "description": "Nonpartisan International Relations and National Security analysis. RT/use of media/follow/like ≠ Endorsement. Contact: pr(at)http://strategicsentinel.org",
          "screen_name": "StratSentinel",
          "id_str": "789303014192402432",
          "protected": false,
          "is_translator": false,
          "location": "Washington, DC",
          "default_profile_image": false,
          "profile_background_image_url_https": "https://abs.twimg.com/images/themes/theme1/bg.png",
          "notifications": null,
          "profile_sidebar_fill_color": "000000",
          "profile_background_image_url": "http://abs.twimg.com/images/themes/theme1/bg.png",
          "favourites_count": 2743,
          "translator_type": "none",
          "created_at": "Fri Oct 21 03:11:17 +0000 2016",
          "time_zone": null,
          "listed_count": 1537,
          "profile_text_color": "000000"
        },
        "reply_count": 1
      },
      "quote_count": 0,
      "is_quote_status": true,
      "in_reply_to_status_id_str": null,
      "entities": {
        "urls": [],
        "user_mentions": [
          {
            "screen_name": "StratSentinel",
            "id_str": "789303014192402432",
            "name": "Strategic Sentinel",
            "indices": [
              3,
              17
            ],
            "id": 789303014192402432
          }
        ],
        "symbols": [],
        "hashtags": [
          {
            "indices": [
              38,
              46
            ],
            "text": "Ukraine"
          },
          {
            "indices": [
              69,
              73
            ],
            "text": "UIA"
          },
          {
            "indices": [
              88,
              94
            ],
            "text": "PS752"
          },
          {
            "indices": [
              111,
              118
            ],
            "text": "Tehran"
          },
          {
            "indices": [
              119,
              124
            ],
            "text": "Iran"
          }
        ]
      },
      "in_reply_to_screen_name": null,
      "in_reply_to_user_id_str": null,
      "id_str": "1214757093166796806",
      "in_reply_to_status_id": null,
      "quoted_status_id": 1214756252749877250,
      "timestamp_ms": "1578455634763",
      "coordinates": null,
      "geo": null,
      "filter_level": "low",
      "quoted_status": {
        "truncated": false,
        "contributors": null,
        "user": {
          "verified": true,
          "profile_image_url": "http://pbs.twimg.com/profile_images/1148923486573879298/qEtZowCL_normal.jpg",
          "follow_request_sent": null,
          "profile_use_background_image": true,
          "profile_link_color": "91D2FA",
          "profile_background_tile": true,
          "profile_image_url_https": "https://pbs.twimg.com/profile_images/1148923486573879298/qEtZowCL_normal.jpg",
          "profile_background_color": "1A1B1F",
          "utc_offset": null,
          "name": "Ali Hashem  علي هاشم",
          "geo_enabled": true,
          "url": "https://www.youtube.com/playlist?list=PLR3FEJkhaw85ncttQo1VWwh_Jy3EkvpaD",
          "profile_banner_url": "https://pbs.twimg.com/profile_banners/14749971/1561449756",
          "id": 14749971,
          "lang": null,
          "contributors_enabled": false,
          "followers_count": 51033,
          "friends_count": 4199,
          "profile_sidebar_border_color": "FFFFFF",
          "following": null,
          "default_profile": false,
          "statuses_count": 42676,
          "description": "BBC #Iran affairs correspondent | مراسل بي بي سي الخاص لشؤون إيران| |Research Fellow @CIWAS_RHUL | #DigitalDiplomacy #الدبلوماسية_الرقمية | صحفي لا مناضل",
          "screen_name": "alihashem_tv",
          "id_str": "14749971",
          "protected": false,
          "is_translator": false,
          "location": "Lon - Bey - Bghd - Teh",
          "default_profile_image": false,
          "profile_background_image_url_https": "https://abs.twimg.com/images/themes/theme18/bg.gif",
          "notifications": null,
          "profile_sidebar_fill_color": "F6F6F6",
          "profile_background_image_url": "http://abs.twimg.com/images/themes/theme18/bg.gif",
          "favourites_count": 4682,
          "translator_type": "regular",
          "created_at": "Mon May 12 21:14:52 +0000 2008",
          "time_zone": null,
          "listed_count": 976,
          "profile_text_color": "333333"
        },
        "favorited": false,
        "source": "<a href=\"http://twitter.com/download/iphone\" rel=\"nofollow\">Twitter for iPhone</a>",
        "retweet_count": 101,
        "text": "#Breaking First footage of the Ukrainian airplane while on fire falling near #Tehran https://t.co/kGxnBb7f1q",
        "id": 1214756252749877250,
        "in_reply_to_user_id": 14749971,
        "lang": "en",
        "is_quote_status": false,
        "quote_count": 33,
        "geo": null,
        "entities": {
          "urls": [],
          "user_mentions": [],
          "media": [
            {
              "type": "photo",
              "url": "https://t.co/kGxnBb7f1q",
              "media_url_https": "https://pbs.twimg.com/ext_tw_video_thumb/1214756191173304320/pu/img/v3wu9a1VqQZk-AjL.jpg",
              "display_url": "pic.twitter.com/kGxnBb7f1q",
              "id_str": "1214756191173304320",
              "expanded_url": "https://twitter.com/alihashem_tv/status/1214756252749877250/video/1",
              "additional_media_info": {
                "monetizable": false
              },
              "id": 1214756191173304320,
              "indices": [
                85,
                108
              ],
              "media_url": "http://pbs.twimg.com/ext_tw_video_thumb/1214756191173304320/pu/img/v3wu9a1VqQZk-AjL.jpg",
              "sizes": {
                "medium": {
                  "h": 640,
                  "w": 304,
                  "resize": "fit"
                },
                "thumb": {
                  "h": 150,
                  "w": 150,
                  "resize": "crop"
                },
                "small": {
                  "h": 640,
                  "w": 304,
                  "resize": "fit"
                },
                "large": {
                  "h": 640,
                  "w": 304,
                  "resize": "fit"
                }
              }
            }
          ],
          "symbols": [],
          "hashtags": [
            {
              "indices": [
                0,
                9
              ],
              "text": "Breaking"
            },
            {
              "indices": [
                77,
                84
              ],
              "text": "Tehran"
            }
          ]
        },
        "in_reply_to_screen_name": "alihashem_tv",
        "possibly_sensitive": false,
        "in_reply_to_user_id_str": "14749971",
        "id_str": "1214756252749877250",
        "in_reply_to_status_id": 1214750605664772098,
        "coordinates": null,
        "display_text_range": [
          0,
          84
        ],
        "filter_level": "low",
        "reply_count": 11,
        "favorite_count": 83,
        "place": null,
        "extended_entities": {
          "media": [
            {
              "id_str": "1214756191173304320",
              "media_url_https": "https://pbs.twimg.com/ext_tw_video_thumb/1214756191173304320/pu/img/v3wu9a1VqQZk-AjL.jpg",
              "expanded_url": "https://twitter.com/alihashem_tv/status/1214756252749877250/video/1",
              "video_info": {
                "duration_millis": 34082,
                "variants": [
                  {
                    "url": "https://video.twimg.com/ext_tw_video/1214756191173304320/pu/pl/6u_rZ4y3vUFnekOl.m3u8?tag=10",
                    "content_type": "application/x-mpegURL"
                  },
                  {
                    "bitrate": 632000,
                    "url": "https://video.twimg.com/ext_tw_video/1214756191173304320/pu/vid/304x640/pLKZLOAKWhv4uR9Q.mp4?tag=10",
                    "content_type": "video/mp4"
                  }
                ],
                "aspect_ratio": [
                  19,
                  40
                ]
              },
              "url": "https://t.co/kGxnBb7f1q",
              "display_url": "pic.twitter.com/kGxnBb7f1q",
              "id": 1214756191173304320,
              "additional_media_info": {
                "monetizable": false
              },
              "media_url": "http://pbs.twimg.com/ext_tw_video_thumb/1214756191173304320/pu/img/v3wu9a1VqQZk-AjL.jpg",
              "indices": [
                85,
                108
              ],
              "type": "video",
              "sizes": {
                "medium": {
                  "h": 640,
                  "w": 304,
                  "resize": "fit"
                },
                "thumb": {
                  "h": 150,
                  "w": 150,
                  "resize": "crop"
                },
                "small": {
                  "h": 640,
                  "w": 304,
                  "resize": "fit"
                },
                "large": {
                  "h": 640,
                  "w": 304,
                  "resize": "fit"
                }
              }
            }
          ]
        },
        "in_reply_to_status_id_str": "1214750605664772098",
        "created_at": "Wed Jan 08 03:50:34 +0000 2020",
        "retweeted": false
      },
      "favorite_count": 0,
      "place": null,
      "quoted_status_id_str": "1214756252749877250",
      "created_at": "Wed Jan 08 03:53:54 +0000 2020",
      "retweeted": false,
      "user": {
        "verified": false,
        "profile_image_url": "http://pbs.twimg.com/profile_images/1061675489587314691/eHtEu25w_normal.jpg",
        "follow_request_sent": null,
        "profile_use_background_image": true,
        "profile_link_color": "1DA1F2",
        "profile_background_tile": false,
        "profile_image_url_https": "https://pbs.twimg.com/profile_images/1061675489587314691/eHtEu25w_normal.jpg",
        "profile_background_color": "F5F8FA",
        "utc_offset": null,
        "name": "LordOfRabies",
        "geo_enabled": true,
        "url": null,
        "profile_banner_url": "https://pbs.twimg.com/profile_banners/1028141899335516160/1533963440",
        "id": 1028141899335516160,
        "lang": null,
        "contributors_enabled": false,
        "followers_count": 15,
        "friends_count": 86,
        "profile_sidebar_border_color": "C0DEED",
        "following": null,
        "default_profile": true,
        "statuses_count": 297,
        "description": null,
        "screen_name": "Lord0fTexas",
        "id_str": "1028141899335516160",
        "protected": false,
        "is_translator": false,
        "location": "Texas, USA",
        "default_profile_image": false,
        "profile_background_image_url_https": "",
        "notifications": null,
        "profile_sidebar_fill_color": "DDEEF6",
        "profile_background_image_url": "",
        "favourites_count": 1744,
        "translator_type": "none",
        "created_at": "Sat Aug 11 04:51:45 +0000 2018",
        "time_zone": null,
        "listed_count": 0,
        "profile_text_color": "333333"
      },
      "reply_count": 0
    },
    {
      "reply_count": 0,
      "favorite_count": 0,
      "user": {
        "verified": false,
        "profile_image_url": "http://pbs.twimg.com/profile_images/1194246940910768129/5Mc28L90_normal.jpg",
        "follow_request_sent": null,
        "profile_use_background_image": true,
        "profile_link_color": "1DA1F2",
        "profile_background_tile": false,
        "profile_image_url_https": "https://pbs.twimg.com/profile_images/1194246940910768129/5Mc28L90_normal.jpg",
        "profile_background_color": "F5F8FA",
        "utc_offset": null,
        "name": "HaveWeAllGoneMad",
        "geo_enabled": false,
        "url": null,
        "profile_banner_url": "https://pbs.twimg.com/profile_banners/1008103433822351360/1573566445",
        "id": 1008103433822351360,
        "lang": null,
        "contributors_enabled": false,
        "followers_count": 7469,
        "friends_count": 8056,
        "profile_sidebar_border_color": "C0DEED",
        "following": null,
        "default_profile": true,
        "statuses_count": 42380,
        "description": "Proud of my country,  not my government. Enough of the hypocrisy with the Liberal/Left in Canada! Time to take Canada back.  A storm is brewing",
        "screen_name": "HaveWeAllGoneM1",
        "id_str": "1008103433822351360",
        "protected": false,
        "is_translator": false,
        "location": null,
        "default_profile_image": false,
        "profile_background_image_url_https": "",
        "notifications": null,
        "profile_sidebar_fill_color": "DDEEF6",
        "profile_background_image_url": "",
        "favourites_count": 100241,
        "translator_type": "none",
        "created_at": "Sat Jun 16 21:46:03 +0000 2018",
        "time_zone": null,
        "listed_count": 11,
        "profile_text_color": "333333"
      },
      "favorited": false,
      "source": "<a href=\"https://mobile.twitter.com\" rel=\"nofollow\">Twitter Web App</a>",
      "retweet_count": 0,
      "text": "So...earth quake in Iran tonight too! \n\nI'll refrain from the biblical commentary \n\nhttps://t.co/B69TV2ZMA1",
      "id": 1214757093195972608,
      "in_reply_to_user_id": null,
      "lang": "en",
      "is_quote_status": false,
      "quote_count": 0,
      "geo": null,
      "entities": {
        "urls": [
          {
            "url": "https://t.co/B69TV2ZMA1",
            "display_url": "volcanodiscovery.com/earthquakes/qu…",
            "expanded_url": "https://www.volcanodiscovery.com/earthquakes/quake-info/2639315/M5-Wed-8-Jan-Southern-Iran.html",
            "indices": [
              84,
              107
            ]
          }
        ],
        "user_mentions": [],
        "symbols": [],
        "hashtags": []
      },
      "in_reply_to_screen_name": null,
      "possibly_sensitive": false,
      "in_reply_to_user_id_str": null,
      "id_str": "1214757093195972608",
      "in_reply_to_status_id": null,
      "timestamp_ms": "1578455634770",
      "coordinates": null,
      "retweeted": false,
      "filter_level": "low",
      "truncated": false,
      "place": null,
      "in_reply_to_status_id_str": null,
      "created_at": "Wed Jan 08 03:53:54 +0000 2020",
      "contributors": null
    },
    {
      "reply_count": 0,
      "contributors": null,
      "user": {
        "verified": false,
        "profile_image_url": "http://pbs.twimg.com/profile_images/1192569988277850112/MjXaYFnA_normal.jpg",
        "follow_request_sent": null,
        "profile_use_background_image": true,
        "profile_link_color": "1DA1F2",
        "profile_background_tile": false,
        "profile_image_url_https": "https://pbs.twimg.com/profile_images/1192569988277850112/MjXaYFnA_normal.jpg",
        "profile_background_color": "F5F8FA",
        "utc_offset": null,
        "name": "moonbreeze",
        "geo_enabled": false,
        "url": null,
        "id": 1165024871627350016,
        "lang": null,
        "contributors_enabled": false,
        "followers_count": 262,
        "friends_count": 902,
        "profile_sidebar_border_color": "C0DEED",
        "following": null,
        "default_profile": true,
        "statuses_count": 29597,
        "description": "Summer gardens, watching the moon and stars",
        "screen_name": "moonbreeze2",
        "id_str": "1165024871627350016",
        "protected": false,
        "is_translator": false,
        "location": null,
        "default_profile_image": false,
        "profile_background_image_url_https": "",
        "notifications": null,
        "profile_sidebar_fill_color": "DDEEF6",
        "profile_background_image_url": "",
        "favourites_count": 22326,
        "translator_type": "none",
        "created_at": "Fri Aug 23 22:33:26 +0000 2019",
        "time_zone": null,
        "listed_count": 2,
        "profile_text_color": "333333"
      },
      "favorited": false,
      "source": "<a href=\"http://twitter.com/#!/download/ipad\" rel=\"nofollow\">Twitter for iPad</a>",
      "retweet_count": 0,
      "text": "RT @TPM: Carlson Seems To Jab Fox Colleagues For Now Trusting ‘Deep State’ Intel Agencies On Iran https://t.co/pczlMGuiQW",
      "id": 1214757093183504384,
      "in_reply_to_user_id": null,
      "lang": "en",
      "retweeted_status": {
        "reply_count": 2,
        "favorite_count": 10,
        "user": {
          "verified": true,
          "profile_image_url": "http://pbs.twimg.com/profile_images/472039922929369090/1GIGWESD_normal.png",
          "follow_request_sent": null,
          "profile_use_background_image": false,
          "profile_link_color": "9F0A0E",
          "profile_background_tile": false,
          "profile_image_url_https": "https://pbs.twimg.com/profile_images/472039922929369090/1GIGWESD_normal.png",
          "profile_background_color": "9F0A0E",
          "utc_offset": null,
          "name": "Talking Points Memo",
          "geo_enabled": false,
          "url": "http://www.talkingpointsmemo.com/",
          "profile_banner_url": "https://pbs.twimg.com/profile_banners/14717197/1556565992",
          "id": 14717197,
          "lang": null,
          "contributors_enabled": false,
          "followers_count": 279704,
          "friends_count": 657,
          "profile_sidebar_border_color": "000000",
          "following": null,
          "default_profile": false,
          "statuses_count": 149288,
          "description": "Breaking news and analysis from the TPM team. \n\n“I’ll leave that to the geniuses at Talking Points Memo.\" —Tucker Carlson.",
          "screen_name": "TPM",
          "id_str": "14717197",
          "protected": false,
          "is_translator": false,
          "location": "NY & DC",
          "default_profile_image": false,
          "profile_background_image_url_https": "https://abs.twimg.com/images/themes/theme1/bg.png",
          "notifications": null,
          "profile_sidebar_fill_color": "D6D6D6",
          "profile_background_image_url": "http://abs.twimg.com/images/themes/theme1/bg.png",
          "favourites_count": 123,
          "translator_type": "none",
          "created_at": "Fri May 09 19:46:43 +0000 2008",
          "time_zone": null,
          "listed_count": 9361,
          "profile_text_color": "333333"
        },
        "favorited": false,
        "source": "<a href=\"http://talkingpointsmemo.com\" rel=\"nofollow\">Talking Points Memo</a>",
        "retweet_count": 3,
        "text": "Carlson Seems To Jab Fox Colleagues For Now Trusting ‘Deep State’ Intel Agencies On Iran https://t.co/pczlMGuiQW",
        "id": 1214577153003663360,
        "in_reply_to_user_id": null,
        "lang": "en",
        "is_quote_status": false,
        "quote_count": 1,
        "geo": null,
        "entities": {
          "urls": [
            {
              "url": "https://t.co/pczlMGuiQW",
              "display_url": "talkingpointsmemo.com/news/carlson-s…",
              "expanded_url": "https://talkingpointsmemo.com/news/carlson-seems-to-jab-fox-colleagues-for-now-trusting-deep-state-intel-agencies-on-iran",
              "indices": [
                89,
                112
              ]
            }
          ],
          "user_mentions": [],
          "symbols": [],
          "hashtags": []
        },
        "in_reply_to_screen_name": null,
        "possibly_sensitive": false,
        "in_reply_to_user_id_str": null,
        "id_str": "1214577153003663360",
        "in_reply_to_status_id": null,
        "coordinates": null,
        "retweeted": false,
        "filter_level": "low",
        "truncated": false,
        "place": null,
        "in_reply_to_status_id_str": null,
        "created_at": "Tue Jan 07 15:58:53 +0000 2020",
        "contributors": null
      },
      "quote_count": 0,
      "is_quote_status": false,
      "geo": null,
      "entities": {
        "urls": [
          {
            "url": "https://t.co/pczlMGuiQW",
            "display_url": "talkingpointsmemo.com/news/carlson-s…",
            "expanded_url": "https://talkingpointsmemo.com/news/carlson-seems-to-jab-fox-colleagues-for-now-trusting-deep-state-intel-agencies-on-iran",
            "indices": [
              98,
              121
            ]
          }
        ],
        "user_mentions": [
          {
            "screen_name": "TPM",
            "id_str": "14717197",
            "name": "Talking Points Memo",
            "indices": [
              3,
              7
            ],
            "id": 14717197
          }
        ],
        "symbols": [],
        "hashtags": []
      },
      "in_reply_to_screen_name": null,
      "possibly_sensitive": false,
      "in_reply_to_user_id_str": null,
      "id_str": "1214757093183504384",
      "in_reply_to_status_id": null,
      "timestamp_ms": "1578455634767",
      "coordinates": null,
      "retweeted": false,
      "filter_level": "low",
      "truncated": false,
      "favorite_count": 0,
      "place": null,
      "in_reply_to_status_id_str": null,
      "created_at": "Wed Jan 08 03:53:54 +0000 2020"
    },
    {
      "reply_count": 0,
      "contributors": null,
      "user": {
        "verified": false,
        "profile_image_url": "http://pbs.twimg.com/profile_images/1157996574456238080/vmVvCqQc_normal.jpg",
        "follow_request_sent": null,
        "profile_use_background_image": false,
        "profile_link_color": "F58EA8",
        "profile_background_tile": false,
        "profile_image_url_https": "https://pbs.twimg.com/profile_images/1157996574456238080/vmVvCqQc_normal.jpg",
        "profile_background_color": "000000",
        "utc_offset": null,
        "name": "Pu Tang Clan",
        "geo_enabled": false,
        "url": null,
        "profile_banner_url": "https://pbs.twimg.com/profile_banners/355381026/1524961097",
        "id": 355381026,
        "lang": null,
        "contributors_enabled": false,
        "followers_count": 25,
        "friends_count": 198,
        "profile_sidebar_border_color": "000000",
        "following": null,
        "default_profile": false,
        "statuses_count": 344,
        "description": "Who gives a shit about follower ratios",
        "screen_name": "plumochumo",
        "id_str": "355381026",
        "protected": false,
        "is_translator": false,
        "location": "Hong Kong",
        "default_profile_image": false,
        "profile_background_image_url_https": "https://abs.twimg.com/images/themes/theme1/bg.png",
        "notifications": null,
        "profile_sidebar_fill_color": "000000",
        "profile_background_image_url": "http://abs.twimg.com/images/themes/theme1/bg.png",
        "favourites_count": 97,
        "translator_type": "none",
        "created_at": "Mon Aug 15 08:02:03 +0000 2011",
        "time_zone": null,
        "listed_count": 0,
        "profile_text_color": "000000"
      },
      "favorited": false,
      "source": "<a href=\"http://twitter.com/download/iphone\" rel=\"nofollow\">Twitter for iPhone</a>",
      "retweet_count": 0,
      "text": "RT @thelawoffice11: So Iran has kicked off and knowing Trump he will retaliate  .....so there we are a great distraction to impeachment and…",
      "id": 1214757093238018048,
      "in_reply_to_user_id": null,
      "lang": "en",
      "retweeted_status": {
        "reply_count": 111,
        "contributors": null,
        "user": {
          "verified": false,
          "profile_image_url": "http://pbs.twimg.com/profile_images/919849405662015488/8opdznL8_normal.jpg",
          "follow_request_sent": null,
          "profile_use_background_image": false,
          "profile_link_color": "ABB8C2",
          "profile_background_tile": false,
          "profile_image_url_https": "https://pbs.twimg.com/profile_images/919849405662015488/8opdznL8_normal.jpg",
          "profile_background_color": "000000",
          "utc_offset": null,
          "name": "The Law Office",
          "geo_enabled": false,
          "url": null,
          "profile_banner_url": "https://pbs.twimg.com/profile_banners/882955777241227265/1506946256",
          "id": 882955777241227265,
          "lang": null,
          "contributors_enabled": false,
          "followers_count": 2581,
          "friends_count": 4978,
          "profile_sidebar_border_color": "000000",
          "following": null,
          "default_profile": false,
          "statuses_count": 4963,
          "description": "We are a multi-lingual legal service firm based in Durham (North East England). We deal with all matters relating to property, wills & probates and much more.",
          "screen_name": "thelawoffice11",
          "id_str": "882955777241227265",
          "protected": false,
          "is_translator": false,
          "location": "Durham, England",
          "default_profile_image": false,
          "profile_background_image_url_https": "https://abs.twimg.com/images/themes/theme1/bg.png",
          "notifications": null,
          "profile_sidebar_fill_color": "000000",
          "profile_background_image_url": "http://abs.twimg.com/images/themes/theme1/bg.png",
          "favourites_count": 1307,
          "translator_type": "none",
          "created_at": "Thu Jul 06 13:33:56 +0000 2017",
          "time_zone": null,
          "listed_count": 4,
          "profile_text_color": "000000"
        },
        "favorited": false,
        "source": "<a href=\"https://mobile.twitter.com\" rel=\"nofollow\">Twitter Web App</a>",
        "retweet_count": 196,
        "text": "So Iran has kicked off and knowing Trump he will retaliate  .....so there we are a great distraction to impeachment… https://t.co/YDMs1FNZSh",
        "id": 1214696528247431169,
        "in_reply_to_user_id": null,
        "lang": "en",
        "is_quote_status": false,
        "quote_count": 22,
        "geo": null,
        "entities": {
          "urls": [
            {
              "url": "https://t.co/YDMs1FNZSh",
              "display_url": "twitter.com/i/web/status/1…",
              "expanded_url": "https://twitter.com/i/web/status/1214696528247431169",
              "indices": [
                117,
                140
              ]
            }
          ],
          "user_mentions": [],
          "symbols": [],
          "hashtags": []
        },
        "in_reply_to_screen_name": null,
        "extended_tweet": {
          "entities": {
            "urls": [],
            "user_mentions": [],
            "symbols": [],
            "hashtags": []
          },
          "full_text": "So Iran has kicked off and knowing Trump he will retaliate  .....so there we are a great distraction to impeachment and big help to Boris ( I’m just like Churchill) Johnson . Tory voters remember we wouldn’t be in this shite if you voted labour",
          "display_text_range": [
            0,
            244
          ]
        },
        "in_reply_to_user_id_str": null,
        "id_str": "1214696528247431169",
        "in_reply_to_status_id": null,
        "coordinates": null,
        "retweeted": false,
        "filter_level": "low",
        "truncated": true,
        "favorite_count": 1176,
        "place": null,
        "in_reply_to_status_id_str": null,
        "created_at": "Tue Jan 07 23:53:14 +0000 2020"
      },
      "quote_count": 0,
      "is_quote_status": false,
      "geo": null,
      "entities": {
        "urls": [],
        "user_mentions": [
          {
            "screen_name": "thelawoffice11",
            "id_str": "882955777241227265",
            "name": "The Law Office",
            "indices": [
              3,
              18
            ],
            "id": 882955777241227265
          }
        ],
        "symbols": [],
        "hashtags": []
      },
      "in_reply_to_screen_name": null,
      "in_reply_to_user_id_str": null,
      "id_str": "1214757093238018048",
      "in_reply_to_status_id": null,
      "timestamp_ms": "1578455634780",
      "coordinates": null,
      "retweeted": false,
      "filter_level": "low",
      "truncated": false,
      "favorite_count": 0,
      "place": null,
      "in_reply_to_status_id_str": null,
      "created_at": "Wed Jan 08 03:53:54 +0000 2020"
    },
    {
      "truncated": false,
      "contributors": null,
      "user": {
        "verified": false,
        "profile_image_url": "http://pbs.twimg.com/profile_images/1214422592565784576/wYY1Oplu_normal.jpg",
        "follow_request_sent": null,
        "profile_use_background_image": true,
        "profile_link_color": "1123EB",
        "profile_background_tile": false,
        "profile_image_url_https": "https://pbs.twimg.com/profile_images/1214422592565784576/wYY1Oplu_normal.jpg",
        "profile_background_color": "000000",
        "utc_offset": null,
        "name": "Najd",
        "geo_enabled": true,
        "url": null,
        "profile_banner_url": "https://pbs.twimg.com/profile_banners/2157233069/1576893774",
        "id": 2157233069,
        "lang": null,
        "contributors_enabled": false,
        "followers_count": 1335,
        "friends_count": 224,
        "profile_sidebar_border_color": "FFFFFF",
        "following": null,
        "default_profile": false,
        "statuses_count": 262,
        "description": null,
        "screen_name": "NajdAlshumary",
        "id_str": "2157233069",
        "protected": false,
        "is_translator": false,
        "location": "Michigan, USA",
        "default_profile_image": false,
        "profile_background_image_url_https": "https://abs.twimg.com/images/themes/theme1/bg.png",
        "notifications": null,
        "profile_sidebar_fill_color": "DDEEF6",
        "profile_background_image_url": "http://abs.twimg.com/images/themes/theme1/bg.png",
        "favourites_count": 7520,
        "translator_type": "none",
        "created_at": "Mon Oct 28 13:47:51 +0000 2013",
        "time_zone": null,
        "listed_count": 1,
        "profile_text_color": "333333"
      },
      "favorited": false,
      "source": "<a href=\"http://twitter.com/download/android\" rel=\"nofollow\">Twitter for Android</a>",
      "retweet_count": 0,
      "text": "@The_Dies3l @iran https://t.co/jwmQslnoY5",
      "id": 1214757092810248194,
      "in_reply_to_user_id": 284323758,
      "lang": "und",
      "is_quote_status": false,
      "quote_count": 0,
      "geo": null,
      "entities": {
        "urls": [],
        "user_mentions": [
          {
            "screen_name": "The_Dies3l",
            "id_str": "284323758",
            "name": "AJ ❤️s Whiskey",
            "indices": [
              0,
              11
            ],
            "id": 284323758
          },
          {
            "screen_name": "Iran",
            "id_str": "2180371",
            "name": "Iran",
            "indices": [
              12,
              17
            ],
            "id": 2180371
          }
        ],
        "media": [
          {
            "type": "photo",
            "url": "https://t.co/jwmQslnoY5",
            "media_url_https": "https://pbs.twimg.com/ext_tw_video_thumb/1214757065324945409/pu/img/RFRgYwrTKOKGpGP-.jpg",
            "display_url": "pic.twitter.com/jwmQslnoY5",
            "id_str": "1214757065324945409",
            "expanded_url": "https://twitter.com/NajdAlshumary/status/1214757092810248194/video/1",
            "additional_media_info": {
              "monetizable": false
            },
            "id": 1214757065324945409,
            "indices": [
              18,
              41
            ],
            "media_url": "http://pbs.twimg.com/ext_tw_video_thumb/1214757065324945409/pu/img/RFRgYwrTKOKGpGP-.jpg",
            "sizes": {
              "medium": {
                "h": 960,
                "w": 480,
                "resize": "fit"
              },
              "thumb": {
                "h": 150,
                "w": 150,
                "resize": "crop"
              },
              "large": {
                "h": 960,
                "w": 480,
                "resize": "fit"
              },
              "small": {
                "h": 680,
                "w": 340,
                "resize": "fit"
              }
            }
          }
        ],
        "symbols": [],
        "hashtags": []
      },
      "in_reply_to_screen_name": "The_Dies3l",
      "possibly_sensitive": false,
      "in_reply_to_user_id_str": "284323758",
      "id_str": "1214757092810248194",
      "in_reply_to_status_id": 1214697232496254976,
      "timestamp_ms": "1578455634678",
      "coordinates": null,
      "display_text_range": [
        12,
        17
      ],
      "filter_level": "low",
      "reply_count": 0,
      "favorite_count": 0,
      "place": null,
      "extended_entities": {
        "media": [
          {
            "id_str": "1214757065324945409",
            "media_url_https": "https://pbs.twimg.com/ext_tw_video_thumb/1214757065324945409/pu/img/RFRgYwrTKOKGpGP-.jpg",
            "expanded_url": "https://twitter.com/NajdAlshumary/status/1214757092810248194/video/1",
            "video_info": {
              "duration_millis": 7872,
              "variants": [
                {
                  "bitrate": 632000,
                  "url": "https://video.twimg.com/ext_tw_video/1214757065324945409/pu/vid/320x640/j0hjnrSMcF38zqtB.mp4?tag=10",
                  "content_type": "video/mp4"
                },
                {
                  "bitrate": 2176000,
                  "url": "https://video.twimg.com/ext_tw_video/1214757065324945409/pu/vid/480x960/yLyt7QnBg7vt1MCn.mp4?tag=10",
                  "content_type": "video/mp4"
                },
                {
                  "bitrate": 832000,
                  "url": "https://video.twimg.com/ext_tw_video/1214757065324945409/pu/vid/360x720/tQ_fzqW9RkYO3LOe.mp4?tag=10",
                  "content_type": "video/mp4"
                },
                {
                  "url": "https://video.twimg.com/ext_tw_video/1214757065324945409/pu/pl/ptfiPjf042ZPKsLO.m3u8?tag=10",
                  "content_type": "application/x-mpegURL"
                }
              ],
              "aspect_ratio": [
                1,
                2
              ]
            },
            "url": "https://t.co/jwmQslnoY5",
            "display_url": "pic.twitter.com/jwmQslnoY5",
            "id": 1214757065324945409,
            "additional_media_info": {
              "monetizable": false
            },
            "media_url": "http://pbs.twimg.com/ext_tw_video_thumb/1214757065324945409/pu/img/RFRgYwrTKOKGpGP-.jpg",
            "indices": [
              18,
              41
            ],
            "type": "video",
            "sizes": {
              "medium": {
                "h": 960,
                "w": 480,
                "resize": "fit"
              },
              "thumb": {
                "h": 150,
                "w": 150,
                "resize": "crop"
              },
              "large": {
                "h": 960,
                "w": 480,
                "resize": "fit"
              },
              "small": {
                "h": 680,
                "w": 340,
                "resize": "fit"
              }
            }
          }
        ]
      },
      "in_reply_to_status_id_str": "1214697232496254976",
      "created_at": "Wed Jan 08 03:53:54 +0000 2020",
      "retweeted": false
    },
    {
      "reply_count": 0,
      "contributors": null,
      "user": {
        "verified": false,
        "profile_image_url": "http://pbs.twimg.com/profile_images/1114983593959481344/YUZ15R3T_normal.jpg",
        "follow_request_sent": null,
        "profile_use_background_image": false,
        "profile_link_color": "FAB81E",
        "profile_background_tile": false,
        "profile_image_url_https": "https://pbs.twimg.com/profile_images/1114983593959481344/YUZ15R3T_normal.jpg",
        "profile_background_color": "000000",
        "utc_offset": null,
        "name": "✨ Guinea Gus @ PCD🎆",
        "geo_enabled": false,
        "url": "http://www.furaffinity.com/princessgustopher",
        "profile_banner_url": "https://pbs.twimg.com/profile_banners/3363926531/1573940531",
        "id": 3363926531,
        "lang": null,
        "contributors_enabled": false,
        "followers_count": 149,
        "friends_count": 402,
        "profile_sidebar_border_color": "000000",
        "following": null,
        "default_profile": false,
        "statuses_count": 2551,
        "description": "25☆Trans☆He/They☆Engaged to @The8_Echo ☆ @wnyfur Admin ☆ ☆Suits by: @KaijuCostumes & @fritzkangaroo  I play too much #PvZGW2 and #PokemonGO 18+ ONLY!!!",
        "screen_name": "PrincessGussy",
        "id_str": "3363926531",
        "protected": false,
        "is_translator": false,
        "location": "Buffalo, NY",
        "default_profile_image": false,
        "profile_background_image_url_https": "https://abs.twimg.com/images/themes/theme1/bg.png",
        "notifications": null,
        "profile_sidebar_fill_color": "000000",
        "profile_background_image_url": "http://abs.twimg.com/images/themes/theme1/bg.png",
        "favourites_count": 5038,
        "translator_type": "none",
        "created_at": "Tue Jul 07 10:10:22 +0000 2015",
        "time_zone": null,
        "listed_count": 0,
        "profile_text_color": "000000"
      },
      "favorited": false,
      "source": "<a href=\"http://twitter.com/download/android\" rel=\"nofollow\">Twitter for Android</a>",
      "retweet_count": 0,
      "text": "RT @stickermule: Mule Army, \n\nWe need your help to send love to Australia. \n\nGot $5k set aside to help @NSWRFS battle the devastating wildf…",
      "id": 1214757093284204544,
      "in_reply_to_user_id": null,
      "lang": "en",
      "retweeted_status": {
        "reply_count": 25,
        "contributors": null,
        "user": {
          "verified": true,
          "profile_image_url": "http://pbs.twimg.com/profile_images/1044285150790660096/kGJv-pH3_normal.jpg",
          "follow_request_sent": null,
          "profile_use_background_image": false,
          "profile_link_color": "9D582E",
          "profile_background_tile": false,
          "profile_image_url_https": "https://pbs.twimg.com/profile_images/1044285150790660096/kGJv-pH3_normal.jpg",
          "profile_background_color": "602303",
          "utc_offset": null,
          "name": "Sticker Mule",
          "geo_enabled": true,
          "url": "https://www.stickermule.com",
          "profile_banner_url": "https://pbs.twimg.com/profile_banners/103760901/1497902634",
          "id": 103760901,
          "lang": null,
          "contributors_enabled": false,
          "followers_count": 87829,
          "friends_count": 78,
          "profile_sidebar_border_color": "FFFFFF",
          "following": null,
          "default_profile": false,
          "statuses_count": 69291,
          "description": "Internet's most \"kick ass\" brand.",
          "screen_name": "stickermule",
          "id_str": "103760901",
          "protected": false,
          "is_translator": false,
          "location": "Worldwide",
          "default_profile_image": false,
          "profile_background_image_url_https": "https://abs.twimg.com/images/themes/theme1/bg.png",
          "notifications": null,
          "profile_sidebar_fill_color": "EADEAA",
          "profile_background_image_url": "http://abs.twimg.com/images/themes/theme1/bg.png",
          "favourites_count": 144530,
          "translator_type": "none",
          "created_at": "Mon Jan 11 04:53:04 +0000 2010",
          "time_zone": null,
          "listed_count": 754,
          "profile_text_color": "333333"
        },
        "favorited": false,
        "source": "<a href=\"http://twitter.com/download/iphone\" rel=\"nofollow\">Twitter for iPhone</a>",
        "retweet_count": 822,
        "text": "Mule Army, \n\nWe need your help to send love to Australia. \n\nGot $5k set aside to help @NSWRFS battle the devastatin… https://t.co/6b9hmw1xrT",
        "id": 1214651810822131712,
        "in_reply_to_user_id": null,
        "lang": "en",
        "is_quote_status": false,
        "quote_count": 20,
        "geo": null,
        "entities": {
          "urls": [
            {
              "url": "https://t.co/6b9hmw1xrT",
              "display_url": "twitter.com/i/web/status/1…",
              "expanded_url": "https://twitter.com/i/web/status/1214651810822131712",
              "indices": [
                117,
                140
              ]
            }
          ],
          "user_mentions": [
            {
              "screen_name": "NSWRFS",
              "id_str": "10926872",
              "name": "NSW RFS",
              "indices": [
                86,
                93
              ],
              "id": 10926872
            }
          ],
          "symbols": [],
          "hashtags": []
        },
        "in_reply_to_screen_name": null,
        "possibly_sensitive": false,
        "extended_tweet": {
          "entities": {
            "urls": [
              {
                "url": "https://t.co/ToBSp4NGqC",
                "display_url": "rfs.nsw.gov.au/volunteer/supp…",
                "expanded_url": "https://www.rfs.nsw.gov.au/volunteer/support-your-local-brigade",
                "indices": [
                  215,
                  238
                ]
              }
            ],
            "user_mentions": [
              {
                "screen_name": "NSWRFS",
                "id_str": "10926872",
                "name": "NSW RFS",
                "indices": [
                  86,
                  93
                ],
                "id": 10926872
              }
            ],
            "symbols": [],
            "hashtags": []
          },
          "full_text": "Mule Army, \n\nWe need your help to send love to Australia. \n\nGot $5k set aside to help @NSWRFS battle the devastating wildfires. \n\nRT to encourage others to help. We'll donate $1 /RT up to $5k. \n\nDonate direct here:\nhttps://t.co/ToBSp4NGqC",
          "display_text_range": [
            0,
            238
          ]
        },
        "in_reply_to_user_id_str": null,
        "id_str": "1214651810822131712",
        "in_reply_to_status_id": null,
        "coordinates": null,
        "retweeted": false,
        "filter_level": "low",
        "truncated": true,
        "favorite_count": 349,
        "place": null,
        "in_reply_to_status_id_str": null,
        "created_at": "Tue Jan 07 20:55:33 +0000 2020"
      },
      "quote_count": 0,
      "is_quote_status": false,
      "geo": null,
      "entities": {
        "urls": [],
        "user_mentions": [
          {
            "screen_name": "stickermule",
            "id_str": "103760901",
            "name": "Sticker Mule",
            "indices": [
              3,
              15
            ],
            "id": 103760901
          },
          {
            "screen_name": "NSWRFS",
            "id_str": "10926872",
            "name": "NSW RFS",
            "indices": [
              103,
              110
            ],
            "id": 10926872
          }
        ],
        "symbols": [],
        "hashtags": []
      },
      "in_reply_to_screen_name": null,
      "in_reply_to_user_id_str": null,
      "id_str": "1214757093284204544",
      "in_reply_to_status_id": null,
      "timestamp_ms": "1578455634791",
      "coordinates": null,
      "retweeted": false,
      "filter_level": "low",
      "truncated": false,
      "favorite_count": 0,
      "place": null,
      "in_reply_to_status_id_str": null,
      "created_at": "Wed Jan 08 03:53:54 +0000 2020"
    },
    {
      "reply_count": 0,
      "contributors": null,
      "user": {
        "verified": false,
        "profile_image_url": "http://pbs.twimg.com/profile_images/872266015748608001/E1uwKpoI_normal.jpg",
        "follow_request_sent": null,
        "profile_use_background_image": true,
        "profile_link_color": "1DA1F2",
        "profile_background_tile": false,
        "profile_image_url_https": "https://pbs.twimg.com/profile_images/872266015748608001/E1uwKpoI_normal.jpg",
        "profile_background_color": "C0DEED",
        "utc_offset": null,
        "name": "Brave Heart",
        "geo_enabled": false,
        "url": null,
        "id": 233484311,
        "lang": null,
        "contributors_enabled": false,
        "followers_count": 978,
        "friends_count": 4460,
        "profile_sidebar_border_color": "C0DEED",
        "following": null,
        "default_profile": true,
        "statuses_count": 55569,
        "description": "RT/follow Does Not Necessarily Imply Endorsement",
        "screen_name": "BraveHeart4434",
        "id_str": "233484311",
        "protected": false,
        "is_translator": false,
        "location": "The Globe",
        "default_profile_image": false,
        "profile_background_image_url_https": "https://abs.twimg.com/images/themes/theme1/bg.png",
        "notifications": null,
        "profile_sidebar_fill_color": "DDEEF6",
        "profile_background_image_url": "http://abs.twimg.com/images/themes/theme1/bg.png",
        "favourites_count": 151397,
        "translator_type": "none",
        "created_at": "Mon Jan 03 10:32:06 +0000 2011",
        "time_zone": null,
        "listed_count": 33,
        "profile_text_color": "333333"
      },
      "favorited": false,
      "source": "<a href=\"http://twitter.com/download/android\" rel=\"nofollow\">Twitter for Android</a>",
      "retweet_count": 0,
      "text": "RT @spectatorindex: BREAKING: Four of the fifteen missiles fired by Iran failed to reach their target and only Iraqi casualties have been c…",
      "id": 1214757093313523712,
      "in_reply_to_user_id": null,
      "lang": "en",
      "retweeted_status": {
        "reply_count": 412,
        "favorite_count": 5529,
        "user": {
          "verified": false,
          "profile_image_url": "http://pbs.twimg.com/profile_images/1145865652533547008/XBahoZmX_normal.png",
          "follow_request_sent": null,
          "profile_use_background_image": false,
          "profile_link_color": "ABB8C2",
          "profile_background_tile": false,
          "profile_image_url_https": "https://pbs.twimg.com/profile_images/1145865652533547008/XBahoZmX_normal.png",
          "profile_background_color": "000000",
          "utc_offset": null,
          "name": "The Spectator Index",
          "geo_enabled": false,
          "url": "http://spectatorindex.com",
          "profile_banner_url": "https://pbs.twimg.com/profile_banners/1626294277/1430626667",
          "id": 1626294277,
          "lang": null,
          "contributors_enabled": false,
          "followers_count": 1335378,
          "friends_count": 0,
          "profile_sidebar_border_color": "000000",
          "following": null,
          "default_profile": false,
          "statuses_count": 39735,
          "description": "Watching the world. Focused on politics, economics, science and sports. Message us for business inquiries.",
          "screen_name": "spectatorindex",
          "id_str": "1626294277",
          "protected": false,
          "is_translator": false,
          "location": "Global",
          "default_profile_image": false,
          "profile_background_image_url_https": "https://abs.twimg.com/images/themes/theme1/bg.png",
          "notifications": null,
          "profile_sidebar_fill_color": "000000",
          "profile_background_image_url": "http://abs.twimg.com/images/themes/theme1/bg.png",
          "favourites_count": 1,
          "translator_type": "none",
          "created_at": "Sat Jul 27 20:42:27 +0000 2013",
          "time_zone": null,
          "listed_count": 10340,
          "profile_text_color": "000000"
        },
        "favorited": false,
        "source": "<a href=\"http://twitter.com/download/android\" rel=\"nofollow\">Twitter for Android</a>",
        "retweet_count": 2363,
        "text": "BREAKING: Four of the fifteen missiles fired by Iran failed to reach their target and only Iraqi casualties have been confirmed so far",
        "id": 1214727917625700353,
        "in_reply_to_user_id": null,
        "lang": "en",
        "is_quote_status": false,
        "quote_count": 942,
        "geo": null,
        "entities": {
          "urls": [],
          "user_mentions": [],
          "symbols": [],
          "hashtags": []
        },
        "in_reply_to_screen_name": null,
        "in_reply_to_user_id_str": null,
        "id_str": "1214727917625700353",
        "in_reply_to_status_id": null,
        "coordinates": null,
        "retweeted": false,
        "filter_level": "low",
        "truncated": false,
        "place": null,
        "in_reply_to_status_id_str": null,
        "created_at": "Wed Jan 08 01:57:58 +0000 2020",
        "contributors": null
      },
      "quote_count": 0,
      "is_quote_status": false,
      "geo": null,
      "entities": {
        "urls": [],
        "user_mentions": [
          {
            "screen_name": "spectatorindex",
            "id_str": "1626294277",
            "name": "The Spectator Index",
            "indices": [
              3,
              18
            ],
            "id": 1626294277
          }
        ],
        "symbols": [],
        "hashtags": []
      },
      "in_reply_to_screen_name": null,
      "in_reply_to_user_id_str": null,
      "id_str": "1214757093313523712",
      "in_reply_to_status_id": null,
      "timestamp_ms": "1578455634798",
      "coordinates": null,
      "retweeted": false,
      "filter_level": "low",
      "truncated": false,
      "favorite_count": 0,
      "place": null,
      "in_reply_to_status_id_str": null,
      "created_at": "Wed Jan 08 03:53:54 +0000 2020"
    }
  ]
}