{
  "request_date": "2020-01-07-22:52:33",
  "data": [
    {
      "truncated": true,
      "contributors": null,
      "user": {
        "verified": false,
        "profile_image_url": "http://pbs.twimg.com/profile_images/1088537827749650432/z5SL7vOT_normal.jpg",
        "follow_request_sent": null,
        "profile_use_background_image": true,
        "profile_link_color": "1DA1F2",
        "profile_background_tile": false,
        "profile_image_url_https": "https://pbs.twimg.com/profile_images/1088537827749650432/z5SL7vOT_normal.jpg",
        "profile_background_color": "F5F8FA",
        "utc_offset": null,
        "name": "911Spartan",
        "geo_enabled": false,
        "url": null,
        "profile_banner_url": "https://pbs.twimg.com/profile_banners/1086450931351384065/1577785955",
        "id": 1086450931351384065,
        "lang": null,
        "contributors_enabled": false,
        "followers_count": 2643,
        "friends_count": 3332,
        "profile_sidebar_border_color": "C0DEED",
        "following": null,
        "default_profile": true,
        "statuses_count": 2222,
        "description": "I FOLLOW BACK ALL PATRIOTS!\n#MAGA #KAG",
        "screen_name": "911Spartan",
        "id_str": "1086450931351384065",
        "protected": false,
        "is_translator": false,
        "location": "NYC",
        "default_profile_image": false,
        "profile_background_image_url_https": "",
        "notifications": null,
        "profile_sidebar_fill_color": "DDEEF6",
        "profile_background_image_url": "",
        "favourites_count": 2117,
        "translator_type": "none",
        "created_at": "Sat Jan 19 02:31:02 +0000 2019",
        "time_zone": null,
        "listed_count": 0,
        "profile_text_color": "333333"
      },
      "favorited": false,
      "source": "<a href=\"http://twitter.com/download/android\" rel=\"nofollow\">Twitter for Android</a>",
      "retweet_count": 0,
      "text": "@Houdini1000 @IlhanMN INCREDIBLE NEWS!\n\"ILHAN OMAR!\"\nIS A QATAR AND IRANIAN \nINFILTRATOR !!\nPROOF IS HERE\nAMERICAN… https://t.co/7MR5MbHl0E",
      "id": 1214756732184023040,
      "in_reply_to_user_id": 2161260314,
      "lang": "en",
      "is_quote_status": false,
      "quote_count": 0,
      "geo": null,
      "entities": {
        "urls": [
          {
            "url": "https://t.co/7MR5MbHl0E",
            "display_url": "twitter.com/i/web/status/1…",
            "expanded_url": "https://twitter.com/i/web/status/1214756732184023040",
            "indices": [
              116,
              139
            ]
          }
        ],
        "user_mentions": [
          {
            "screen_name": "Houdini1000",
            "id_str": "2161260314",
            "name": "John Smith",
            "indices": [
              0,
              12
            ],
            "id": 2161260314
          },
          {
            "screen_name": "IlhanMN",
            "id_str": "783792992",
            "name": "Ilhan Omar",
            "indices": [
              13,
              21
            ],
            "id": 783792992
          }
        ],
        "symbols": [],
        "hashtags": []
      },
      "in_reply_to_screen_name": "Houdini1000",
      "possibly_sensitive": false,
      "extended_tweet": {
        "entities": {
          "urls": [
            {
              "url": "https://t.co/OHQvkK5try",
              "display_url": "theredpillednews.com/rep-ilhan-omar…",
              "expanded_url": "https://theredpillednews.com/rep-ilhan-omar-is-done-shes-now-accused-of-being-foreign-agent-and-sending-secret-informations-to-iran/",
              "indices": [
                126,
                149
              ]
            }
          ],
          "user_mentions": [
            {
              "screen_name": "Houdini1000",
              "id_str": "2161260314",
              "name": "John Smith",
              "indices": [
                0,
                12
              ],
              "id": 2161260314
            },
            {
              "screen_name": "IlhanMN",
              "id_str": "783792992",
              "name": "Ilhan Omar",
              "indices": [
                13,
                21
              ],
              "id": 783792992
            }
          ],
          "symbols": [],
          "hashtags": []
        },
        "full_text": "@Houdini1000 @IlhanMN INCREDIBLE NEWS!\n\"ILHAN OMAR!\"\nIS A QATAR AND IRANIAN \nINFILTRATOR !!\nPROOF IS HERE\nAMERICAN TRAITOR !!\nhttps://t.co/OHQvkK5try",
        "display_text_range": [
          22,
          149
        ]
      },
      "in_reply_to_user_id_str": "2161260314",
      "id_str": "1214756732184023040",
      "in_reply_to_status_id": 1214720919689682944,
      "timestamp_ms": "1578455548698",
      "coordinates": null,
      "display_text_range": [
        22,
        140
      ],
      "filter_level": "low",
      "reply_count": 0,
      "favorite_count": 0,
      "place": null,
      "in_reply_to_status_id_str": "1214720919689682944",
      "created_at": "Wed Jan 08 03:52:28 +0000 2020",
      "retweeted": false
    },
    {
      "reply_count": 0,
      "contributors": null,
      "user": {
        "verified": false,
        "profile_image_url": "http://pbs.twimg.com/profile_images/1156955852701667329/6WlBkVX7_normal.jpg",
        "follow_request_sent": null,
        "profile_use_background_image": true,
        "profile_link_color": "0E0F0F",
        "profile_background_tile": true,
        "profile_image_url_https": "https://pbs.twimg.com/profile_images/1156955852701667329/6WlBkVX7_normal.jpg",
        "profile_background_color": "F5F1E0",
        "utc_offset": null,
        "name": "✌🏾",
        "geo_enabled": true,
        "url": null,
        "profile_banner_url": "https://pbs.twimg.com/profile_banners/316559183/1429465204",
        "id": 316559183,
        "lang": null,
        "contributors_enabled": false,
        "followers_count": 757,
        "friends_count": 251,
        "profile_sidebar_border_color": "919394",
        "following": null,
        "default_profile": false,
        "statuses_count": 46768,
        "description": "♡",
        "screen_name": "nimahXO",
        "id_str": "316559183",
        "protected": false,
        "is_translator": false,
        "location": "Switzerland",
        "default_profile_image": false,
        "profile_background_image_url_https": "https://abs.twimg.com/images/themes/theme1/bg.png",
        "notifications": null,
        "profile_sidebar_fill_color": "A6ABAD",
        "profile_background_image_url": "http://abs.twimg.com/images/themes/theme1/bg.png",
        "favourites_count": 75,
        "translator_type": "none",
        "created_at": "Mon Jun 13 16:43:57 +0000 2011",
        "time_zone": null,
        "listed_count": 4,
        "profile_text_color": "454341"
      },
      "favorited": false,
      "source": "<a href=\"http://twitter.com/download/iphone\" rel=\"nofollow\">Twitter for iPhone</a>",
      "retweet_count": 0,
      "text": "RT @ajplus: Iran’s military fired missiles at 2 U.S. bases in Iraq. \n\nWhat we know:\n- Pentagon has confirmed an attack\n- The bases both hou…",
      "id": 1214756732360110080,
      "in_reply_to_user_id": null,
      "lang": "en",
      "retweeted_status": {
        "reply_count": 19,
        "contributors": null,
        "user": {
          "verified": true,
          "profile_image_url": "http://pbs.twimg.com/profile_images/1012020793348198401/ohNwCtH9_normal.jpg",
          "follow_request_sent": null,
          "profile_use_background_image": false,
          "profile_link_color": "6CC5F5",
          "profile_background_tile": false,
          "profile_image_url_https": "https://pbs.twimg.com/profile_images/1012020793348198401/ohNwCtH9_normal.jpg",
          "profile_background_color": "FFFFFF",
          "utc_offset": null,
          "name": "AJ+",
          "geo_enabled": true,
          "url": "http://ajplus.net",
          "profile_banner_url": "https://pbs.twimg.com/profile_banners/110396781/1530119565",
          "id": 110396781,
          "lang": null,
          "contributors_enabled": false,
          "followers_count": 1069596,
          "friends_count": 356,
          "profile_sidebar_border_color": "FFFFFF",
          "following": null,
          "default_profile": false,
          "statuses_count": 77407,
          "description": "AJ+ is news for the connected generation, sharing human struggles and challenging the status quo.",
          "screen_name": "ajplus",
          "id_str": "110396781",
          "protected": false,
          "is_translator": false,
          "location": null,
          "default_profile_image": false,
          "profile_background_image_url_https": "https://abs.twimg.com/images/themes/theme1/bg.png",
          "notifications": null,
          "profile_sidebar_fill_color": "8F8A89",
          "profile_background_image_url": "http://abs.twimg.com/images/themes/theme1/bg.png",
          "favourites_count": 2292,
          "translator_type": "regular",
          "created_at": "Mon Feb 01 11:53:42 +0000 2010",
          "time_zone": null,
          "listed_count": 10580,
          "profile_text_color": "333333"
        },
        "favorited": false,
        "source": "<a href=\"https://mobile.twitter.com\" rel=\"nofollow\">Twitter Web App</a>",
        "retweet_count": 783,
        "text": "Iran’s military fired missiles at 2 U.S. bases in Iraq. \n\nWhat we know:\n- Pentagon has confirmed an attack\n- The ba… https://t.co/i03Afgvpon",
        "id": 1214719080248287233,
        "in_reply_to_user_id": null,
        "lang": "en",
        "is_quote_status": false,
        "quote_count": 89,
        "geo": null,
        "entities": {
          "urls": [
            {
              "url": "https://t.co/i03Afgvpon",
              "display_url": "twitter.com/i/web/status/1…",
              "expanded_url": "https://twitter.com/i/web/status/1214719080248287233",
              "indices": [
                117,
                140
              ]
            }
          ],
          "user_mentions": [],
          "symbols": [],
          "hashtags": []
        },
        "in_reply_to_screen_name": null,
        "extended_tweet": {
          "entities": {
            "urls": [],
            "user_mentions": [],
            "symbols": [],
            "hashtags": []
          },
          "full_text": "Iran’s military fired missiles at 2 U.S. bases in Iraq. \n\nWhat we know:\n- Pentagon has confirmed an attack\n- The bases both house U.S. troops\n- No immediate reports of casualties\n- Iran claimed responsibility and warned U.S. and allies against retaliation, according to state TV",
          "display_text_range": [
            0,
            278
          ]
        },
        "in_reply_to_user_id_str": null,
        "id_str": "1214719080248287233",
        "in_reply_to_status_id": null,
        "coordinates": null,
        "retweeted": false,
        "filter_level": "low",
        "truncated": true,
        "favorite_count": 1303,
        "place": null,
        "in_reply_to_status_id_str": null,
        "created_at": "Wed Jan 08 01:22:51 +0000 2020"
      },
      "quote_count": 0,
      "is_quote_status": false,
      "geo": null,
      "entities": {
        "urls": [],
        "user_mentions": [
          {
            "screen_name": "ajplus",
            "id_str": "110396781",
            "name": "AJ+",
            "indices": [
              3,
              10
            ],
            "id": 110396781
          }
        ],
        "symbols": [],
        "hashtags": []
      },
      "in_reply_to_screen_name": null,
      "in_reply_to_user_id_str": null,
      "id_str": "1214756732360110080",
      "in_reply_to_status_id": null,
      "timestamp_ms": "1578455548740",
      "coordinates": null,
      "retweeted": false,
      "filter_level": "low",
      "truncated": false,
      "favorite_count": 0,
      "place": null,
      "in_reply_to_status_id_str": null,
      "created_at": "Wed Jan 08 03:52:28 +0000 2020"
    },
    {
      "reply_count": 0,
      "contributors": null,
      "user": {
        "verified": true,
        "profile_image_url": "http://pbs.twimg.com/profile_images/1202370566109319169/PlYCzhPl_normal.jpg",
        "follow_request_sent": null,
        "profile_use_background_image": true,
        "profile_link_color": "1150F0",
        "profile_background_tile": true,
        "profile_image_url_https": "https://pbs.twimg.com/profile_images/1202370566109319169/PlYCzhPl_normal.jpg",
        "profile_background_color": "131516",
        "utc_offset": null,
        "name": "Keith Gill",
        "geo_enabled": true,
        "url": "http://PunkPit.com",
        "profile_banner_url": "https://pbs.twimg.com/profile_banners/54066216/1497372263",
        "id": 54066216,
        "lang": null,
        "contributors_enabled": false,
        "followers_count": 14133,
        "friends_count": 12783,
        "profile_sidebar_border_color": "000000",
        "following": null,
        "default_profile": false,
        "statuses_count": 62994,
        "description": "🔺#Marketing #SEO & #PunkMusic. #USAF #OEF Veteran 🇺🇸Tweets are my own. Small “L” libertarian aka Political Nihilist. Founder of @ThePunkPit RT≠endorsement👁",
        "screen_name": "DigitalKeith",
        "id_str": "54066216",
        "protected": false,
        "is_translator": false,
        "location": "Tucson, AZ",
        "default_profile_image": false,
        "profile_background_image_url_https": "https://abs.twimg.com/images/themes/theme14/bg.gif",
        "notifications": null,
        "profile_sidebar_fill_color": "EFEFEF",
        "profile_background_image_url": "http://abs.twimg.com/images/themes/theme14/bg.gif",
        "favourites_count": 6885,
        "translator_type": "none",
        "created_at": "Mon Jul 06 01:19:07 +0000 2009",
        "time_zone": null,
        "listed_count": 633,
        "profile_text_color": "333333"
      },
      "favorited": false,
      "source": "<a href=\"http://twitter.com/download/iphone\" rel=\"nofollow\">Twitter for iPhone</a>",
      "retweet_count": 0,
      "text": "RT @CNN: A Ukrainian Airlines Boeing 737 plane carrying 180 passengers and crew crashed shortly after takeoff in Tehran early on Wednesday,…",
      "id": 1214756732456464385,
      "in_reply_to_user_id": null,
      "lang": "en",
      "retweeted_status": {
        "reply_count": 49,
        "contributors": null,
        "user": {
          "verified": true,
          "profile_image_url": "http://pbs.twimg.com/profile_images/508960761826131968/LnvhR8ED_normal.png",
          "follow_request_sent": null,
          "profile_use_background_image": false,
          "profile_link_color": "004287",
          "profile_background_tile": false,
          "profile_image_url_https": "https://pbs.twimg.com/profile_images/508960761826131968/LnvhR8ED_normal.png",
          "profile_background_color": "323232",
          "utc_offset": null,
          "name": "CNN",
          "geo_enabled": true,
          "url": "http://www.cnn.com",
          "profile_banner_url": "https://pbs.twimg.com/profile_banners/759251/1564637377",
          "id": 759251,
          "lang": null,
          "contributors_enabled": false,
          "followers_count": 44154014,
          "friends_count": 1107,
          "profile_sidebar_border_color": "000000",
          "following": null,
          "default_profile": false,
          "statuses_count": 279958,
          "description": "It’s our job to #GoThere & tell the most difficult stories. Join us! For more breaking news updates follow @CNNBRK  & Download our app http://cnn.com/apps",
          "screen_name": "CNN",
          "id_str": "759251",
          "protected": false,
          "is_translator": false,
          "location": null,
          "default_profile_image": false,
          "profile_background_image_url_https": "https://abs.twimg.com/images/themes/theme1/bg.png",
          "notifications": null,
          "profile_sidebar_fill_color": "EEEEEE",
          "profile_background_image_url": "http://abs.twimg.com/images/themes/theme1/bg.png",
          "favourites_count": 1434,
          "translator_type": "regular",
          "created_at": "Fri Feb 09 00:35:02 +0000 2007",
          "time_zone": null,
          "listed_count": 140744,
          "profile_text_color": "000000"
        },
        "favorited": false,
        "source": "<a href=\"http://www.socialflow.com\" rel=\"nofollow\">SocialFlow</a>",
        "retweet_count": 224,
        "text": "A Ukrainian Airlines Boeing 737 plane carrying 180 passengers and crew crashed shortly after takeoff in Tehran earl… https://t.co/5j1LIn5B6u",
        "id": 1214756043005317120,
        "in_reply_to_user_id": null,
        "lang": "en",
        "is_quote_status": false,
        "quote_count": 48,
        "geo": null,
        "entities": {
          "urls": [
            {
              "url": "https://t.co/5j1LIn5B6u",
              "display_url": "twitter.com/i/web/status/1…",
              "expanded_url": "https://twitter.com/i/web/status/1214756043005317120",
              "indices": [
                117,
                140
              ]
            }
          ],
          "user_mentions": [],
          "symbols": [],
          "hashtags": []
        },
        "in_reply_to_screen_name": null,
        "possibly_sensitive": false,
        "extended_tweet": {
          "entities": {
            "urls": [
              {
                "url": "https://t.co/9NHl2lkU5j",
                "display_url": "cnn.it/39KtE5D",
                "expanded_url": "https://cnn.it/39KtE5D",
                "indices": [
                  178,
                  201
                ]
              }
            ],
            "user_mentions": [],
            "symbols": [],
            "hashtags": []
          },
          "full_text": "A Ukrainian Airlines Boeing 737 plane carrying 180 passengers and crew crashed shortly after takeoff in Tehran early on Wednesday, Iran's semi-official news agency ISNA reports. https://t.co/9NHl2lkU5j",
          "display_text_range": [
            0,
            201
          ]
        },
        "in_reply_to_user_id_str": null,
        "id_str": "1214756043005317120",
        "in_reply_to_status_id": null,
        "coordinates": null,
        "retweeted": false,
        "filter_level": "low",
        "truncated": true,
        "favorite_count": 219,
        "place": null,
        "in_reply_to_status_id_str": null,
        "created_at": "Wed Jan 08 03:49:44 +0000 2020"
      },
      "quote_count": 0,
      "is_quote_status": false,
      "geo": null,
      "entities": {
        "urls": [],
        "user_mentions": [
          {
            "screen_name": "CNN",
            "id_str": "759251",
            "name": "CNN",
            "indices": [
              3,
              7
            ],
            "id": 759251
          }
        ],
        "symbols": [],
        "hashtags": []
      },
      "in_reply_to_screen_name": null,
      "in_reply_to_user_id_str": null,
      "id_str": "1214756732456464385",
      "in_reply_to_status_id": null,
      "timestamp_ms": "1578455548763",
      "coordinates": null,
      "retweeted": false,
      "filter_level": "low",
      "truncated": false,
      "favorite_count": 0,
      "place": null,
      "in_reply_to_status_id_str": null,
      "created_at": "Wed Jan 08 03:52:28 +0000 2020"
    },
    {
      "truncated": false,
      "contributors": null,
      "quoted_status_permalink": {
        "expanded": "https://twitter.com/realDonaldTrump/status/1214739853025394693",
        "url": "https://t.co/YTCCdY5HXU",
        "display": "twitter.com/realDonaldTrum…"
      },
      "favorited": false,
      "source": "<a href=\"http://twitter.com/download/android\" rel=\"nofollow\">Twitter for Android</a>",
      "retweet_count": 0,
      "text": "RT @jmkarg: Donald Trump versión Pity Álvarez: \"Todo sigue igual de bien\"",
      "id": 1214756732376879104,
      "in_reply_to_user_id": null,
      "lang": "es",
      "retweeted_status": {
        "truncated": false,
        "contributors": null,
        "quoted_status_permalink": {
          "expanded": "https://twitter.com/realDonaldTrump/status/1214739853025394693",
          "url": "https://t.co/YTCCdY5HXU",
          "display": "twitter.com/realDonaldTrum…"
        },
        "favorited": false,
        "source": "<a href=\"http://twitter.com/download/android\" rel=\"nofollow\">Twitter for Android</a>",
        "retweet_count": 22,
        "text": "Donald Trump versión Pity Álvarez: \"Todo sigue igual de bien\"",
        "id": 1214744508484739078,
        "in_reply_to_user_id": null,
        "lang": "es",
        "is_quote_status": true,
        "quote_count": 1,
        "in_reply_to_status_id_str": null,
        "entities": {
          "urls": [],
          "user_mentions": [],
          "symbols": [],
          "hashtags": []
        },
        "in_reply_to_screen_name": null,
        "in_reply_to_user_id_str": null,
        "id_str": "1214744508484739078",
        "in_reply_to_status_id": null,
        "quoted_status_id": 1214739853025394693,
        "coordinates": null,
        "geo": null,
        "filter_level": "low",
        "quoted_status": {
          "reply_count": 57013,
          "contributors": null,
          "user": {
            "verified": true,
            "profile_image_url": "http://pbs.twimg.com/profile_images/874276197357596672/kUuht00m_normal.jpg",
            "follow_request_sent": null,
            "profile_use_background_image": true,
            "profile_link_color": "1B95E0",
            "profile_background_tile": true,
            "profile_image_url_https": "https://pbs.twimg.com/profile_images/874276197357596672/kUuht00m_normal.jpg",
            "profile_background_color": "6D5C18",
            "utc_offset": null,
            "name": "Donald J. Trump",
            "geo_enabled": true,
            "url": "http://www.Instagram.com/realDonaldTrump",
            "profile_banner_url": "https://pbs.twimg.com/profile_banners/25073877/1560920145",
            "id": 25073877,
            "lang": null,
            "contributors_enabled": false,
            "followers_count": 69790215,
            "friends_count": 47,
            "profile_sidebar_border_color": "BDDCAD",
            "following": null,
            "default_profile": false,
            "statuses_count": 47739,
            "description": "45th President of the United States of America🇺🇸",
            "screen_name": "realDonaldTrump",
            "id_str": "25073877",
            "protected": false,
            "is_translator": false,
            "location": "Washington, DC",
            "default_profile_image": false,
            "profile_background_image_url_https": "https://abs.twimg.com/images/themes/theme1/bg.png",
            "notifications": null,
            "profile_sidebar_fill_color": "C5CEC0",
            "profile_background_image_url": "http://abs.twimg.com/images/themes/theme1/bg.png",
            "favourites_count": 6,
            "translator_type": "regular",
            "created_at": "Wed Mar 18 13:46:38 +0000 2009",
            "time_zone": null,
            "listed_count": 112777,
            "profile_text_color": "333333"
          },
          "favorited": false,
          "source": "<a href=\"http://twitter.com/download/iphone\" rel=\"nofollow\">Twitter for iPhone</a>",
          "retweet_count": 75526,
          "text": "All is well! Missiles launched from Iran at two military bases located in Iraq. Assessment of casualties &amp; damages… https://t.co/5OSmLxzhin",
          "id": 1214739853025394693,
          "in_reply_to_user_id": null,
          "lang": "en",
          "is_quote_status": false,
          "quote_count": 28891,
          "geo": null,
          "entities": {
            "urls": [
              {
                "url": "https://t.co/5OSmLxzhin",
                "display_url": "twitter.com/i/web/status/1…",
                "expanded_url": "https://twitter.com/i/web/status/1214739853025394693",
                "indices": [
                  120,
                  143
                ]
              }
            ],
            "user_mentions": [],
            "symbols": [],
            "hashtags": []
          },
          "in_reply_to_screen_name": null,
          "extended_tweet": {
            "entities": {
              "urls": [],
              "user_mentions": [],
              "symbols": [],
              "hashtags": []
            },
            "full_text": "All is well! Missiles launched from Iran at two military bases located in Iraq. Assessment of casualties &amp; damages taking place now. So far, so good! We have the most powerful and well equipped military anywhere in the world, by far! I will be making a statement tomorrow morning.",
            "display_text_range": [
              0,
              284
            ]
          },
          "in_reply_to_user_id_str": null,
          "id_str": "1214739853025394693",
          "in_reply_to_status_id": null,
          "coordinates": null,
          "retweeted": false,
          "filter_level": "low",
          "truncated": true,
          "favorite_count": 266435,
          "place": null,
          "in_reply_to_status_id_str": null,
          "created_at": "Wed Jan 08 02:45:24 +0000 2020"
        },
        "favorite_count": 98,
        "place": null,
        "quoted_status_id_str": "1214739853025394693",
        "created_at": "Wed Jan 08 03:03:54 +0000 2020",
        "retweeted": false,
        "user": {
          "verified": false,
          "profile_image_url": "http://pbs.twimg.com/profile_images/1149646428030898176/pW_fU5ra_normal.jpg",
          "follow_request_sent": null,
          "profile_use_background_image": true,
          "profile_link_color": "0084B4",
          "profile_background_tile": true,
          "profile_image_url_https": "https://pbs.twimg.com/profile_images/1149646428030898176/pW_fU5ra_normal.jpg",
          "profile_background_color": "9AE4E8",
          "utc_offset": null,
          "name": "Juan Manuel Karg",
          "geo_enabled": true,
          "url": null,
          "profile_banner_url": "https://pbs.twimg.com/profile_banners/117802244/1431010417",
          "id": 117802244,
          "lang": null,
          "contributors_enabled": false,
          "followers_count": 46126,
          "friends_count": 3583,
          "profile_sidebar_border_color": "FFFFFF",
          "following": null,
          "default_profile": false,
          "statuses_count": 34588,
          "description": "Politólogo / Magíster en Estudios Sociales Latinoamericanos / IIGG-UBA / #UnMundoDeSensaciones por @FuturockOk / @SanLorenzo / Cuenta Personal",
          "screen_name": "jmkarg",
          "id_str": "117802244",
          "protected": false,
          "is_translator": false,
          "location": "jmkarg@gmail.com",
          "default_profile_image": false,
          "profile_background_image_url_https": "https://abs.twimg.com/images/themes/theme1/bg.png",
          "notifications": null,
          "profile_sidebar_fill_color": "DDEEF6",
          "profile_background_image_url": "http://abs.twimg.com/images/themes/theme1/bg.png",
          "favourites_count": 12099,
          "translator_type": "none",
          "created_at": "Fri Feb 26 17:22:40 +0000 2010",
          "time_zone": null,
          "listed_count": 403,
          "profile_text_color": "333333"
        },
        "reply_count": 2
      },
      "quote_count": 0,
      "is_quote_status": true,
      "in_reply_to_status_id_str": null,
      "entities": {
        "urls": [],
        "user_mentions": [
          {
            "screen_name": "jmkarg",
            "id_str": "117802244",
            "name": "Juan Manuel Karg",
            "indices": [
              3,
              10
            ],
            "id": 117802244
          }
        ],
        "symbols": [],
        "hashtags": []
      },
      "in_reply_to_screen_name": null,
      "in_reply_to_user_id_str": null,
      "id_str": "1214756732376879104",
      "in_reply_to_status_id": null,
      "quoted_status_id": 1214739853025394693,
      "timestamp_ms": "1578455548744",
      "coordinates": null,
      "geo": null,
      "filter_level": "low",
      "quoted_status": {
        "reply_count": 57013,
        "contributors": null,
        "user": {
          "verified": true,
          "profile_image_url": "http://pbs.twimg.com/profile_images/874276197357596672/kUuht00m_normal.jpg",
          "follow_request_sent": null,
          "profile_use_background_image": true,
          "profile_link_color": "1B95E0",
          "profile_background_tile": true,
          "profile_image_url_https": "https://pbs.twimg.com/profile_images/874276197357596672/kUuht00m_normal.jpg",
          "profile_background_color": "6D5C18",
          "utc_offset": null,
          "name": "Donald J. Trump",
          "geo_enabled": true,
          "url": "http://www.Instagram.com/realDonaldTrump",
          "profile_banner_url": "https://pbs.twimg.com/profile_banners/25073877/1560920145",
          "id": 25073877,
          "lang": null,
          "contributors_enabled": false,
          "followers_count": 69790215,
          "friends_count": 47,
          "profile_sidebar_border_color": "BDDCAD",
          "following": null,
          "default_profile": false,
          "statuses_count": 47739,
          "description": "45th President of the United States of America🇺🇸",
          "screen_name": "realDonaldTrump",
          "id_str": "25073877",
          "protected": false,
          "is_translator": false,
          "location": "Washington, DC",
          "default_profile_image": false,
          "profile_background_image_url_https": "https://abs.twimg.com/images/themes/theme1/bg.png",
          "notifications": null,
          "profile_sidebar_fill_color": "C5CEC0",
          "profile_background_image_url": "http://abs.twimg.com/images/themes/theme1/bg.png",
          "favourites_count": 6,
          "translator_type": "regular",
          "created_at": "Wed Mar 18 13:46:38 +0000 2009",
          "time_zone": null,
          "listed_count": 112777,
          "profile_text_color": "333333"
        },
        "favorited": false,
        "source": "<a href=\"http://twitter.com/download/iphone\" rel=\"nofollow\">Twitter for iPhone</a>",
        "retweet_count": 75526,
        "text": "All is well! Missiles launched from Iran at two military bases located in Iraq. Assessment of casualties &amp; damages… https://t.co/5OSmLxzhin",
        "id": 1214739853025394693,
        "in_reply_to_user_id": null,
        "lang": "en",
        "is_quote_status": false,
        "quote_count": 28891,
        "geo": null,
        "entities": {
          "urls": [
            {
              "url": "https://t.co/5OSmLxzhin",
              "display_url": "twitter.com/i/web/status/1…",
              "expanded_url": "https://twitter.com/i/web/status/1214739853025394693",
              "indices": [
                120,
                143
              ]
            }
          ],
          "user_mentions": [],
          "symbols": [],
          "hashtags": []
        },
        "in_reply_to_screen_name": null,
        "extended_tweet": {
          "entities": {
            "urls": [],
            "user_mentions": [],
            "symbols": [],
            "hashtags": []
          },
          "full_text": "All is well! Missiles launched from Iran at two military bases located in Iraq. Assessment of casualties &amp; damages taking place now. So far, so good! We have the most powerful and well equipped military anywhere in the world, by far! I will be making a statement tomorrow morning.",
          "display_text_range": [
            0,
            284
          ]
        },
        "in_reply_to_user_id_str": null,
        "id_str": "1214739853025394693",
        "in_reply_to_status_id": null,
        "coordinates": null,
        "retweeted": false,
        "filter_level": "low",
        "truncated": true,
        "favorite_count": 266435,
        "place": null,
        "in_reply_to_status_id_str": null,
        "created_at": "Wed Jan 08 02:45:24 +0000 2020"
      },
      "favorite_count": 0,
      "place": null,
      "quoted_status_id_str": "1214739853025394693",
      "created_at": "Wed Jan 08 03:52:28 +0000 2020",
      "retweeted": false,
      "user": {
        "verified": false,
        "profile_image_url": "http://pbs.twimg.com/profile_images/837819387642011648/_jA3tQQI_normal.jpg",
        "follow_request_sent": null,
        "profile_use_background_image": true,
        "profile_link_color": "1A1B1F",
        "profile_background_tile": false,
        "profile_image_url_https": "https://pbs.twimg.com/profile_images/837819387642011648/_jA3tQQI_normal.jpg",
        "profile_background_color": "1A1B1F",
        "utc_offset": null,
        "name": "mauri",
        "geo_enabled": false,
        "url": "https://instagram.com/maurinicola5",
        "profile_banner_url": "https://pbs.twimg.com/profile_banners/191329452/1488679422",
        "id": 191329452,
        "lang": null,
        "contributors_enabled": false,
        "followers_count": 210,
        "friends_count": 352,
        "profile_sidebar_border_color": "EEEEEE",
        "following": null,
        "default_profile": false,
        "statuses_count": 9870,
        "description": "- por gusto no por moda gil -",
        "screen_name": "maurinicola5",
        "id_str": "191329452",
        "protected": false,
        "is_translator": false,
        "location": "Villa Madero, Buenos Aires.",
        "default_profile_image": false,
        "profile_background_image_url_https": "https://abs.twimg.com/images/themes/theme14/bg.gif",
        "notifications": null,
        "profile_sidebar_fill_color": "EFEFEF",
        "profile_background_image_url": "http://abs.twimg.com/images/themes/theme14/bg.gif",
        "favourites_count": 9987,
        "translator_type": "none",
        "created_at": "Thu Sep 16 05:04:06 +0000 2010",
        "time_zone": null,
        "listed_count": 1,
        "profile_text_color": "333333"
      },
      "reply_count": 0
    },
    {
      "reply_count": 0,
      "favorite_count": 0,
      "user": {
        "verified": false,
        "profile_image_url": "http://pbs.twimg.com/profile_images/826252781124251648/m3_bqO8H_normal.jpg",
        "follow_request_sent": null,
        "profile_use_background_image": true,
        "profile_link_color": "1DA1F2",
        "profile_background_tile": false,
        "profile_image_url_https": "https://pbs.twimg.com/profile_images/826252781124251648/m3_bqO8H_normal.jpg",
        "profile_background_color": "C0DEED",
        "utc_offset": null,
        "name": "Deeba",
        "geo_enabled": false,
        "url": null,
        "profile_banner_url": "https://pbs.twimg.com/profile_banners/438871300/1555552447",
        "id": 438871300,
        "lang": null,
        "contributors_enabled": false,
        "followers_count": 254,
        "friends_count": 288,
        "profile_sidebar_border_color": "C0DEED",
        "following": null,
        "default_profile": true,
        "statuses_count": 6222,
        "description": "Unapologetic supporter of human rights. Refuse to tango with stupid people. Facts matter. 🇵🇸 #FreePalestine 🇵🇸 #BDS",
        "screen_name": "deeba_k",
        "id_str": "438871300",
        "protected": false,
        "is_translator": false,
        "location": "Canada",
        "default_profile_image": false,
        "profile_background_image_url_https": "https://abs.twimg.com/images/themes/theme1/bg.png",
        "notifications": null,
        "profile_sidebar_fill_color": "DDEEF6",
        "profile_background_image_url": "http://abs.twimg.com/images/themes/theme1/bg.png",
        "favourites_count": 12511,
        "translator_type": "none",
        "created_at": "Sat Dec 17 03:37:07 +0000 2011",
        "time_zone": null,
        "listed_count": 1,
        "profile_text_color": "333333"
      },
      "favorited": false,
      "source": "<a href=\"http://twitter.com/#!/download/ipad\" rel=\"nofollow\">Twitter for iPad</a>",
      "retweet_count": 0,
      "text": "Oh dear. This is truly a terrible day. https://t.co/NsYyhcTJ35",
      "id": 1214756732364378112,
      "in_reply_to_user_id": null,
      "lang": "en",
      "is_quote_status": false,
      "quote_count": 0,
      "geo": null,
      "entities": {
        "urls": [
          {
            "url": "https://t.co/NsYyhcTJ35",
            "display_url": "reuters.com/article/us-ira…",
            "expanded_url": "https://www.reuters.com/article/us-iran-crash/ukrainian-airplane-with-180-aboard-crashes-in-iran-fars-idUSKBN1Z70EL",
            "indices": [
              39,
              62
            ]
          }
        ],
        "user_mentions": [],
        "symbols": [],
        "hashtags": []
      },
      "in_reply_to_screen_name": null,
      "possibly_sensitive": false,
      "in_reply_to_user_id_str": null,
      "id_str": "1214756732364378112",
      "in_reply_to_status_id": null,
      "timestamp_ms": "1578455548741",
      "coordinates": null,
      "retweeted": false,
      "filter_level": "low",
      "truncated": false,
      "place": null,
      "in_reply_to_status_id_str": null,
      "created_at": "Wed Jan 08 03:52:28 +0000 2020",
      "contributors": null
    },
    {
      "truncated": false,
      "contributors": null,
      "quoted_status_permalink": {
        "expanded": "https://twitter.com/hericw/status/1214741313544970245",
        "url": "https://t.co/QpgtMZaMx4",
        "display": "twitter.com/hericw/status/…"
      },
      "favorited": false,
      "source": "<a href=\"http://twitter.com/download/iphone\" rel=\"nofollow\">Twitter for iPhone</a>",
      "retweet_count": 0,
      "text": "mds eu não vou dormir hj lendo todas as teorias",
      "id": 1214756732339138560,
      "in_reply_to_user_id": null,
      "lang": "pt",
      "is_quote_status": true,
      "quote_count": 0,
      "in_reply_to_status_id_str": null,
      "entities": {
        "urls": [],
        "user_mentions": [],
        "symbols": [],
        "hashtags": []
      },
      "in_reply_to_screen_name": null,
      "in_reply_to_user_id_str": null,
      "id_str": "1214756732339138560",
      "in_reply_to_status_id": null,
      "quoted_status_id": 1214741313544970245,
      "timestamp_ms": "1578455548735",
      "coordinates": null,
      "geo": null,
      "filter_level": "low",
      "quoted_status": {
        "truncated": true,
        "contributors": null,
        "user": {
          "verified": false,
          "profile_image_url": "http://pbs.twimg.com/profile_images/1168633947015843840/_O7tf6GZ_normal.jpg",
          "follow_request_sent": null,
          "profile_use_background_image": false,
          "profile_link_color": "ABB8C2",
          "profile_background_tile": false,
          "profile_image_url_https": "https://pbs.twimg.com/profile_images/1168633947015843840/_O7tf6GZ_normal.jpg",
          "profile_background_color": "000000",
          "utc_offset": null,
          "name": "o conector foi conectado",
          "geo_enabled": false,
          "url": null,
          "profile_banner_url": "https://pbs.twimg.com/profile_banners/897587116829495297/1556927469",
          "id": 897587116829495297,
          "lang": null,
          "contributors_enabled": false,
          "followers_count": 78,
          "friends_count": 287,
          "profile_sidebar_border_color": "000000",
          "following": null,
          "default_profile": false,
          "statuses_count": 6663,
          "description": "talk dirty to me",
          "screen_name": "hericw",
          "id_str": "897587116829495297",
          "protected": false,
          "is_translator": false,
          "location": "Santa Catarina, Brasil",
          "default_profile_image": false,
          "profile_background_image_url_https": "https://abs.twimg.com/images/themes/theme1/bg.png",
          "notifications": null,
          "profile_sidebar_fill_color": "000000",
          "profile_background_image_url": "http://abs.twimg.com/images/themes/theme1/bg.png",
          "favourites_count": 6773,
          "translator_type": "none",
          "created_at": "Tue Aug 15 22:33:39 +0000 2017",
          "time_zone": null,
          "listed_count": 0,
          "profile_text_color": "000000"
        },
        "favorited": false,
        "source": "<a href=\"http://twitter.com/download/android\" rel=\"nofollow\">Twitter for Android</a>",
        "retweet_count": 15,
        "text": "os USA possuem alguma coisa além do nosso conhecimento sobre guerra e armas\n\nnão é possível tamanha coincidência, e… https://t.co/jKeHySbcwH",
        "id": 1214741313544970245,
        "in_reply_to_user_id": null,
        "lang": "pt",
        "quote_count": 1,
        "in_reply_to_status_id_str": null,
        "entities": {
          "urls": [
            {
              "url": "https://t.co/jKeHySbcwH",
              "display_url": "twitter.com/i/web/status/1…",
              "expanded_url": "https://twitter.com/i/web/status/1214741313544970245",
              "indices": [
                117,
                140
              ]
            }
          ],
          "user_mentions": [],
          "symbols": [],
          "hashtags": []
        },
        "in_reply_to_screen_name": null,
        "extended_tweet": {
          "entities": {
            "urls": [],
            "user_mentions": [],
            "symbols": [],
            "hashtags": []
          },
          "full_text": "os USA possuem alguma coisa além do nosso conhecimento sobre guerra e armas\n\nnão é possível tamanha coincidência, estou começando a acreditar no projeto HAARP",
          "display_text_range": [
            0,
            158
          ]
        },
        "in_reply_to_user_id_str": null,
        "id_str": "1214741313544970245",
        "in_reply_to_status_id": null,
        "quoted_status_id": 1214740630674558976,
        "coordinates": null,
        "geo": null,
        "filter_level": "low",
        "is_quote_status": true,
        "favorite_count": 38,
        "place": null,
        "quoted_status_id_str": "1214740630674558976",
        "created_at": "Wed Jan 08 02:51:12 +0000 2020",
        "retweeted": false,
        "reply_count": 4
      },
      "favorite_count": 0,
      "place": null,
      "quoted_status_id_str": "1214741313544970245",
      "created_at": "Wed Jan 08 03:52:28 +0000 2020",
      "retweeted": false,
      "user": {
        "verified": false,
        "profile_image_url": "http://pbs.twimg.com/profile_images/1197658255637590016/mULVgoLR_normal.jpg",
        "follow_request_sent": null,
        "profile_use_background_image": true,
        "profile_link_color": "1DA1F2",
        "profile_background_tile": false,
        "profile_image_url_https": "https://pbs.twimg.com/profile_images/1197658255637590016/mULVgoLR_normal.jpg",
        "profile_background_color": "C0DEED",
        "utc_offset": null,
        "name": "faria neto",
        "geo_enabled": false,
        "url": "http://www.instagram.com/paulinhofaria",
        "profile_banner_url": "https://pbs.twimg.com/profile_banners/3222570596/1559399200",
        "id": 3222570596,
        "lang": null,
        "contributors_enabled": false,
        "followers_count": 310,
        "friends_count": 795,
        "profile_sidebar_border_color": "C0DEED",
        "following": null,
        "default_profile": true,
        "statuses_count": 3593,
        "description": "revoltado com a life",
        "screen_name": "PauloFariia",
        "id_str": "3222570596",
        "protected": false,
        "is_translator": false,
        "location": "Pernambuco, Brasil",
        "default_profile_image": false,
        "profile_background_image_url_https": "https://abs.twimg.com/images/themes/theme1/bg.png",
        "notifications": null,
        "profile_sidebar_fill_color": "DDEEF6",
        "profile_background_image_url": "http://abs.twimg.com/images/themes/theme1/bg.png",
        "favourites_count": 914,
        "translator_type": "none",
        "created_at": "Thu May 21 18:06:57 +0000 2015",
        "time_zone": null,
        "listed_count": 0,
        "profile_text_color": "333333"
      },
      "reply_count": 0
    },
    {
      "reply_count": 0,
      "contributors": null,
      "user": {
        "verified": false,
        "profile_image_url": "http://abs.twimg.com/sticky/default_profile_images/default_profile_normal.png",
        "follow_request_sent": null,
        "profile_use_background_image": true,
        "profile_link_color": "1DA1F2",
        "profile_background_tile": false,
        "profile_image_url_https": "https://abs.twimg.com/sticky/default_profile_images/default_profile_normal.png",
        "profile_background_color": "F5F8FA",
        "utc_offset": null,
        "name": "Jennifer Gray",
        "geo_enabled": false,
        "url": null,
        "id": 822195709239644161,
        "lang": null,
        "contributors_enabled": false,
        "followers_count": 152,
        "friends_count": 33,
        "profile_sidebar_border_color": "C0DEED",
        "following": null,
        "default_profile": true,
        "statuses_count": 34080,
        "description": null,
        "screen_name": "GrayKatzMom",
        "id_str": "822195709239644161",
        "protected": false,
        "is_translator": false,
        "location": null,
        "default_profile_image": false,
        "profile_background_image_url_https": "",
        "notifications": null,
        "profile_sidebar_fill_color": "DDEEF6",
        "profile_background_image_url": "",
        "favourites_count": 60887,
        "translator_type": "none",
        "created_at": "Thu Jan 19 21:35:07 +0000 2017",
        "time_zone": null,
        "listed_count": 0,
        "profile_text_color": "333333"
      },
      "favorited": false,
      "source": "<a href=\"https://mobile.twitter.com\" rel=\"nofollow\">Twitter Web App</a>",
      "retweet_count": 0,
      "text": "RT @dcexaminer: This little guy couldn't stop hugging the woman who saved him from a bush fire in Australia. https://t.co/9ULVV6H3ti",
      "id": 1214756732452397056,
      "in_reply_to_user_id": null,
      "lang": "en",
      "retweeted_status": {
        "truncated": false,
        "contributors": null,
        "user": {
          "verified": true,
          "profile_image_url": "http://pbs.twimg.com/profile_images/1049003685639081986/zX2rN7zN_normal.jpg",
          "follow_request_sent": null,
          "profile_use_background_image": true,
          "profile_link_color": "CA0613",
          "profile_background_tile": false,
          "profile_image_url_https": "https://pbs.twimg.com/profile_images/1049003685639081986/zX2rN7zN_normal.jpg",
          "profile_background_color": "FFFFFF",
          "utc_offset": null,
          "name": "Washington Examiner",
          "geo_enabled": true,
          "url": "http://www.washingtonexaminer.com",
          "profile_banner_url": "https://pbs.twimg.com/profile_banners/18956073/1551308627",
          "id": 18956073,
          "lang": null,
          "contributors_enabled": false,
          "followers_count": 198238,
          "friends_count": 217,
          "profile_sidebar_border_color": "D9B17E",
          "following": null,
          "default_profile": false,
          "statuses_count": 438583,
          "description": "Political news and commentary from the Washington Examiner. http://www.washingtonexaminer.com",
          "screen_name": "dcexaminer",
          "id_str": "18956073",
          "protected": false,
          "is_translator": false,
          "location": "Washington, DC",
          "default_profile_image": false,
          "profile_background_image_url_https": "https://abs.twimg.com/images/themes/theme1/bg.png",
          "notifications": null,
          "profile_sidebar_fill_color": "EADEAA",
          "profile_background_image_url": "http://abs.twimg.com/images/themes/theme1/bg.png",
          "favourites_count": 522,
          "translator_type": "regular",
          "created_at": "Tue Jan 13 22:16:00 +0000 2009",
          "time_zone": null,
          "listed_count": 4116,
          "profile_text_color": "333333"
        },
        "favorited": false,
        "source": "<a href=\"http://www.socialflow.com\" rel=\"nofollow\">SocialFlow</a>",
        "retweet_count": 390,
        "text": "This little guy couldn't stop hugging the woman who saved him from a bush fire in Australia. https://t.co/9ULVV6H3ti",
        "id": 1214703909828202496,
        "in_reply_to_user_id": null,
        "lang": "en",
        "is_quote_status": false,
        "quote_count": 35,
        "geo": null,
        "entities": {
          "urls": [],
          "user_mentions": [],
          "media": [
            {
              "type": "photo",
              "url": "https://t.co/9ULVV6H3ti",
              "media_url_https": "https://pbs.twimg.com/amplify_video_thumb/1214674859621539841/img/lp_6u87jUSOoI1nk.jpg",
              "display_url": "pic.twitter.com/9ULVV6H3ti",
              "id_str": "1214674859621539841",
              "expanded_url": "https://twitter.com/dcexaminer/status/1214703909828202496/video/1",
              "additional_media_info": {
                "monetizable": false
              },
              "id": 1214674859621539841,
              "indices": [
                93,
                116
              ],
              "media_url": "http://pbs.twimg.com/amplify_video_thumb/1214674859621539841/img/lp_6u87jUSOoI1nk.jpg",
              "sizes": {
                "medium": {
                  "h": 400,
                  "w": 320,
                  "resize": "fit"
                },
                "thumb": {
                  "h": 150,
                  "w": 150,
                  "resize": "crop"
                },
                "large": {
                  "h": 400,
                  "w": 320,
                  "resize": "fit"
                },
                "small": {
                  "h": 400,
                  "w": 320,
                  "resize": "fit"
                }
              }
            }
          ],
          "symbols": [],
          "hashtags": []
        },
        "in_reply_to_screen_name": null,
        "possibly_sensitive": false,
        "in_reply_to_user_id_str": null,
        "id_str": "1214703909828202496",
        "in_reply_to_status_id": null,
        "coordinates": null,
        "display_text_range": [
          0,
          92
        ],
        "filter_level": "low",
        "reply_count": 37,
        "favorite_count": 1201,
        "place": null,
        "extended_entities": {
          "media": [
            {
              "id_str": "1214674859621539841",
              "media_url_https": "https://pbs.twimg.com/amplify_video_thumb/1214674859621539841/img/lp_6u87jUSOoI1nk.jpg",
              "expanded_url": "https://twitter.com/dcexaminer/status/1214703909828202496/video/1",
              "video_info": {
                "duration_millis": 39133,
                "variants": [
                  {
                    "bitrate": 632000,
                    "url": "https://video.twimg.com/amplify_video/1214674859621539841/vid/320x400/KEkrJIKmJMV2GZnO.mp4?tag=13",
                    "content_type": "video/mp4"
                  },
                  {
                    "url": "https://video.twimg.com/amplify_video/1214674859621539841/pl/dTlt7wd_m0NZ91vj.m3u8?tag=13",
                    "content_type": "application/x-mpegURL"
                  }
                ],
                "aspect_ratio": [
                  4,
                  5
                ]
              },
              "url": "https://t.co/9ULVV6H3ti",
              "display_url": "pic.twitter.com/9ULVV6H3ti",
              "id": 1214674859621539841,
              "additional_media_info": {
                "monetizable": false
              },
              "media_url": "http://pbs.twimg.com/amplify_video_thumb/1214674859621539841/img/lp_6u87jUSOoI1nk.jpg",
              "indices": [
                93,
                116
              ],
              "type": "video",
              "sizes": {
                "medium": {
                  "h": 400,
                  "w": 320,
                  "resize": "fit"
                },
                "thumb": {
                  "h": 150,
                  "w": 150,
                  "resize": "crop"
                },
                "large": {
                  "h": 400,
                  "w": 320,
                  "resize": "fit"
                },
                "small": {
                  "h": 400,
                  "w": 320,
                  "resize": "fit"
                }
              }
            }
          ]
        },
        "in_reply_to_status_id_str": null,
        "created_at": "Wed Jan 08 00:22:34 +0000 2020",
        "retweeted": false
      },
      "quote_count": 0,
      "is_quote_status": false,
      "geo": null,
      "entities": {
        "urls": [],
        "user_mentions": [
          {
            "screen_name": "dcexaminer",
            "id_str": "18956073",
            "name": "Washington Examiner",
            "indices": [
              3,
              14
            ],
            "id": 18956073
          }
        ],
        "media": [
          {
            "source_user_id_str": "18956073",
            "id_str": "1214674859621539841",
            "media_url_https": "https://pbs.twimg.com/amplify_video_thumb/1214674859621539841/img/lp_6u87jUSOoI1nk.jpg",
            "source_status_id_str": "1214703909828202496",
            "source_user_id": 18956073,
            "expanded_url": "https://twitter.com/dcexaminer/status/1214703909828202496/video/1",
            "url": "https://t.co/9ULVV6H3ti",
            "display_url": "pic.twitter.com/9ULVV6H3ti",
            "source_status_id": 1214703909828202496,
            "id": 1214674859621539841,
            "additional_media_info": {
              "monetizable": false
            },
            "media_url": "http://pbs.twimg.com/amplify_video_thumb/1214674859621539841/img/lp_6u87jUSOoI1nk.jpg",
            "indices": [
              109,
              132
            ],
            "type": "photo",
            "sizes": {
              "medium": {
                "h": 400,
                "w": 320,
                "resize": "fit"
              },
              "thumb": {
                "h": 150,
                "w": 150,
                "resize": "crop"
              },
              "large": {
                "h": 400,
                "w": 320,
                "resize": "fit"
              },
              "small": {
                "h": 400,
                "w": 320,
                "resize": "fit"
              }
            }
          }
        ],
        "symbols": [],
        "hashtags": []
      },
      "in_reply_to_screen_name": null,
      "possibly_sensitive": false,
      "in_reply_to_user_id_str": null,
      "id_str": "1214756732452397056",
      "in_reply_to_status_id": null,
      "timestamp_ms": "1578455548762",
      "coordinates": null,
      "retweeted": false,
      "filter_level": "low",
      "truncated": false,
      "favorite_count": 0,
      "place": null,
      "extended_entities": {
        "media": [
          {
            "source_user_id_str": "18956073",
            "id_str": "1214674859621539841",
            "media_url_https": "https://pbs.twimg.com/amplify_video_thumb/1214674859621539841/img/lp_6u87jUSOoI1nk.jpg",
            "source_status_id_str": "1214703909828202496",
            "source_user_id": 18956073,
            "expanded_url": "https://twitter.com/dcexaminer/status/1214703909828202496/video/1",
            "video_info": {
              "duration_millis": 39133,
              "variants": [
                {
                  "bitrate": 632000,
                  "url": "https://video.twimg.com/amplify_video/1214674859621539841/vid/320x400/KEkrJIKmJMV2GZnO.mp4?tag=13",
                  "content_type": "video/mp4"
                },
                {
                  "url": "https://video.twimg.com/amplify_video/1214674859621539841/pl/dTlt7wd_m0NZ91vj.m3u8?tag=13",
                  "content_type": "application/x-mpegURL"
                }
              ],
              "aspect_ratio": [
                4,
                5
              ]
            },
            "url": "https://t.co/9ULVV6H3ti",
            "display_url": "pic.twitter.com/9ULVV6H3ti",
            "source_status_id": 1214703909828202496,
            "id": 1214674859621539841,
            "additional_media_info": {
              "monetizable": false
            },
            "media_url": "http://pbs.twimg.com/amplify_video_thumb/1214674859621539841/img/lp_6u87jUSOoI1nk.jpg",
            "indices": [
              109,
              132
            ],
            "type": "video",
            "sizes": {
              "medium": {
                "h": 400,
                "w": 320,
                "resize": "fit"
              },
              "thumb": {
                "h": 150,
                "w": 150,
                "resize": "crop"
              },
              "large": {
                "h": 400,
                "w": 320,
                "resize": "fit"
              },
              "small": {
                "h": 400,
                "w": 320,
                "resize": "fit"
              }
            }
          }
        ]
      },
      "in_reply_to_status_id_str": null,
      "created_at": "Wed Jan 08 03:52:28 +0000 2020"
    },
    {
      "truncated": false,
      "contributors": null,
      "quoted_status_permalink": {
        "expanded": "https://twitter.com/kfile/status/1213209203432665092",
        "url": "https://t.co/AdchJj1uvX",
        "display": "twitter.com/kfile/status/1…"
      },
      "favorited": false,
      "source": "<a href=\"http://twitter.com/download/android\" rel=\"nofollow\">Twitter for Android</a>",
      "retweet_count": 0,
      "text": "RT @gtconway3d: And that he said ten times Obama would start a war with Iran to get re-elected tells you that that was something he thought…",
      "id": 1214756732414631936,
      "in_reply_to_user_id": null,
      "lang": "en",
      "retweeted_status": {
        "truncated": true,
        "contributors": null,
        "quoted_status_permalink": {
          "expanded": "https://twitter.com/kfile/status/1213209203432665092",
          "url": "https://t.co/AdchJj1uvX",
          "display": "twitter.com/kfile/status/1…"
        },
        "favorited": false,
        "source": "<a href=\"http://twitter.com/download/iphone\" rel=\"nofollow\">Twitter for iPhone</a>",
        "retweet_count": 2026,
        "text": "And that he said ten times Obama would start a war with Iran to get re-elected tells you that that was something he… https://t.co/jlgy3ku12L",
        "id": 1214699278989484032,
        "in_reply_to_user_id": 471677441,
        "lang": "en",
        "is_quote_status": true,
        "quote_count": 54,
        "in_reply_to_status_id_str": "1214695095758397446",
        "entities": {
          "urls": [
            {
              "url": "https://t.co/jlgy3ku12L",
              "display_url": "twitter.com/i/web/status/1…",
              "expanded_url": "https://twitter.com/i/web/status/1214699278989484032",
              "indices": [
                117,
                140
              ]
            }
          ],
          "user_mentions": [],
          "symbols": [],
          "hashtags": []
        },
        "in_reply_to_screen_name": "gtconway3d",
        "extended_tweet": {
          "entities": {
            "urls": [],
            "user_mentions": [],
            "symbols": [],
            "hashtags": []
          },
          "full_text": "And that he said ten times Obama would start a war with Iran to get re-elected tells you that that was something he thought a president would do. \n\nAnd now that Trump’s president, it is. \n\nPure projection—falsely accusing someone of possibly doing something he would do.",
          "display_text_range": [
            0,
            270
          ]
        },
        "in_reply_to_user_id_str": "471677441",
        "id_str": "1214699278989484032",
        "in_reply_to_status_id": 1214695095758397446,
        "quoted_status_id": 1213209203432665092,
        "coordinates": null,
        "geo": null,
        "filter_level": "low",
        "quoted_status": {
          "reply_count": 296,
          "contributors": null,
          "user": {
            "verified": true,
            "profile_image_url": "http://pbs.twimg.com/profile_images/1212822815302443009/fyGboX56_normal.jpg",
            "follow_request_sent": null,
            "profile_use_background_image": true,
            "profile_link_color": "1B95E0",
            "profile_background_tile": false,
            "profile_image_url_https": "https://pbs.twimg.com/profile_images/1212822815302443009/fyGboX56_normal.jpg",
            "profile_background_color": "3B94D9",
            "utc_offset": null,
            "name": "andrew kaczynski🤔",
            "geo_enabled": false,
            "url": "http://www.cnn.com/KFILE",
            "profile_banner_url": "https://pbs.twimg.com/profile_banners/326255267/1462030182",
            "id": 326255267,
            "lang": null,
            "contributors_enabled": false,
            "followers_count": 308242,
            "friends_count": 4251,
            "profile_sidebar_border_color": "FFFFFF",
            "following": null,
            "default_profile": false,
            "statuses_count": 1064,
            "description": "Reporter at CNN's KFile. Attenti al gatto. 🇵🇱-🇮🇹/🇦🇱Gchat: Andrew.w.Kaczynski@gmail.com Instagram:AndyKaczynski",
            "screen_name": "KFILE",
            "id_str": "326255267",
            "protected": false,
            "is_translator": false,
            "location": "New York, USA",
            "default_profile_image": false,
            "profile_background_image_url_https": "https://abs.twimg.com/images/themes/theme1/bg.png",
            "notifications": null,
            "profile_sidebar_fill_color": "DDEEF6",
            "profile_background_image_url": "http://abs.twimg.com/images/themes/theme1/bg.png",
            "favourites_count": 46474,
            "translator_type": "none",
            "created_at": "Wed Jun 29 16:44:57 +0000 2011",
            "time_zone": null,
            "listed_count": 7467,
            "profile_text_color": "333333"
          },
          "favorited": false,
          "source": "<a href=\"https://mobile.twitter.com\" rel=\"nofollow\">Twitter Web App</a>",
          "retweet_count": 5162,
          "text": "We sort through all...10...times Trump said Obama would attack Iran to win re-election:\n\nTrump: \"Some time prior to… https://t.co/tt7Lx4rsoe",
          "id": 1213209203432665092,
          "in_reply_to_user_id": null,
          "lang": "en",
          "is_quote_status": false,
          "quote_count": 382,
          "geo": null,
          "entities": {
            "urls": [
              {
                "url": "https://t.co/tt7Lx4rsoe",
                "display_url": "twitter.com/i/web/status/1…",
                "expanded_url": "https://twitter.com/i/web/status/1213209203432665092",
                "indices": [
                  117,
                  140
                ]
              }
            ],
            "user_mentions": [],
            "symbols": [],
            "hashtags": []
          },
          "in_reply_to_screen_name": null,
          "possibly_sensitive": false,
          "extended_tweet": {
            "entities": {
              "urls": [
                {
                  "url": "https://t.co/WHRGdcBy4U",
                  "display_url": "cnn.com/2020/01/03/pol…",
                  "expanded_url": "https://www.cnn.com/2020/01/03/politics/kfile-trump-obama-2012-iran-war-reelection/index.html",
                  "indices": [
                    255,
                    278
                  ]
                }
              ],
              "user_mentions": [],
              "symbols": [],
              "hashtags": []
            },
            "full_text": "We sort through all...10...times Trump said Obama would attack Iran to win re-election:\n\nTrump: \"Some time prior to the election they'll be some kind of war started.\"\n\nHannity: \"That would be the single most chilling abuse of power in American history.\"\n\nhttps://t.co/WHRGdcBy4U",
            "display_text_range": [
              0,
              278
            ]
          },
          "in_reply_to_user_id_str": null,
          "id_str": "1213209203432665092",
          "in_reply_to_status_id": null,
          "coordinates": null,
          "retweeted": false,
          "filter_level": "low",
          "truncated": true,
          "favorite_count": 9223,
          "place": null,
          "in_reply_to_status_id_str": null,
          "created_at": "Fri Jan 03 21:23:09 +0000 2020"
        },
        "favorite_count": 8580,
        "place": {
          "url": "https://api.twitter.com/1.1/geo/id/51df886075148e45.json",
          "country_code": "US",
          "country": "United States",
          "id": "51df886075148e45",
          "name": "Alpine",
          "bounding_box": {
            "coordinates": [
              [
                [
                  -73.944994,
                  40.917626
                ],
                [
                  -73.944994,
                  41.005898
                ],
                [
                  -73.902406,
                  41.005898
                ],
                [
                  -73.902406,
                  40.917626
                ]
              ]
            ],
            "type": "Polygon"
          },
          "full_name": "Alpine, NJ",
          "place_type": "city",
          "attributes": {}
        },
        "quoted_status_id_str": "1213209203432665092",
        "created_at": "Wed Jan 08 00:04:10 +0000 2020",
        "retweeted": false,
        "user": {
          "verified": false,
          "profile_image_url": "http://pbs.twimg.com/profile_images/1783627578/image_normal.jpg",
          "follow_request_sent": null,
          "profile_use_background_image": true,
          "profile_link_color": "1DA1F2",
          "profile_background_tile": false,
          "profile_image_url_https": "https://pbs.twimg.com/profile_images/1783627578/image_normal.jpg",
          "profile_background_color": "C0DEED",
          "utc_offset": null,
          "name": "George Conway",
          "geo_enabled": true,
          "url": null,
          "profile_banner_url": "https://pbs.twimg.com/profile_banners/471677441/1578439660",
          "id": 471677441,
          "lang": null,
          "contributors_enabled": false,
          "followers_count": 871218,
          "friends_count": 1000,
          "profile_sidebar_border_color": "C0DEED",
          "following": null,
          "default_profile": true,
          "statuses_count": 34193,
          "description": "Lawyer. Windmill cancer survivor. Non-smocker.",
          "screen_name": "gtconway3d",
          "id_str": "471677441",
          "protected": false,
          "is_translator": false,
          "location": "Originally from U.S.",
          "default_profile_image": false,
          "profile_background_image_url_https": "https://abs.twimg.com/images/themes/theme1/bg.png",
          "notifications": null,
          "profile_sidebar_fill_color": "DDEEF6",
          "profile_background_image_url": "http://abs.twimg.com/images/themes/theme1/bg.png",
          "favourites_count": 7685,
          "translator_type": "none",
          "created_at": "Mon Jan 23 04:23:10 +0000 2012",
          "time_zone": null,
          "listed_count": 3747,
          "profile_text_color": "333333"
        },
        "reply_count": 141
      },
      "quote_count": 0,
      "is_quote_status": true,
      "in_reply_to_status_id_str": null,
      "entities": {
        "urls": [],
        "user_mentions": [
          {
            "screen_name": "gtconway3d",
            "id_str": "471677441",
            "name": "George Conway",
            "indices": [
              3,
              14
            ],
            "id": 471677441
          }
        ],
        "symbols": [],
        "hashtags": []
      },
      "in_reply_to_screen_name": null,
      "in_reply_to_user_id_str": null,
      "id_str": "1214756732414631936",
      "in_reply_to_status_id": null,
      "quoted_status_id": 1213209203432665092,
      "timestamp_ms": "1578455548753",
      "coordinates": null,
      "geo": null,
      "filter_level": "low",
      "quoted_status": {
        "reply_count": 296,
        "contributors": null,
        "user": {
          "verified": true,
          "profile_image_url": "http://pbs.twimg.com/profile_images/1212822815302443009/fyGboX56_normal.jpg",
          "follow_request_sent": null,
          "profile_use_background_image": true,
          "profile_link_color": "1B95E0",
          "profile_background_tile": false,
          "profile_image_url_https": "https://pbs.twimg.com/profile_images/1212822815302443009/fyGboX56_normal.jpg",
          "profile_background_color": "3B94D9",
          "utc_offset": null,
          "name": "andrew kaczynski🤔",
          "geo_enabled": false,
          "url": "http://www.cnn.com/KFILE",
          "profile_banner_url": "https://pbs.twimg.com/profile_banners/326255267/1462030182",
          "id": 326255267,
          "lang": null,
          "contributors_enabled": false,
          "followers_count": 308242,
          "friends_count": 4251,
          "profile_sidebar_border_color": "FFFFFF",
          "following": null,
          "default_profile": false,
          "statuses_count": 1064,
          "description": "Reporter at CNN's KFile. Attenti al gatto. 🇵🇱-🇮🇹/🇦🇱Gchat: Andrew.w.Kaczynski@gmail.com Instagram:AndyKaczynski",
          "screen_name": "KFILE",
          "id_str": "326255267",
          "protected": false,
          "is_translator": false,
          "location": "New York, USA",
          "default_profile_image": false,
          "profile_background_image_url_https": "https://abs.twimg.com/images/themes/theme1/bg.png",
          "notifications": null,
          "profile_sidebar_fill_color": "DDEEF6",
          "profile_background_image_url": "http://abs.twimg.com/images/themes/theme1/bg.png",
          "favourites_count": 46474,
          "translator_type": "none",
          "created_at": "Wed Jun 29 16:44:57 +0000 2011",
          "time_zone": null,
          "listed_count": 7467,
          "profile_text_color": "333333"
        },
        "favorited": false,
        "source": "<a href=\"https://mobile.twitter.com\" rel=\"nofollow\">Twitter Web App</a>",
        "retweet_count": 5162,
        "text": "We sort through all...10...times Trump said Obama would attack Iran to win re-election:\n\nTrump: \"Some time prior to… https://t.co/tt7Lx4rsoe",
        "id": 1213209203432665092,
        "in_reply_to_user_id": null,
        "lang": "en",
        "is_quote_status": false,
        "quote_count": 382,
        "geo": null,
        "entities": {
          "urls": [
            {
              "url": "https://t.co/tt7Lx4rsoe",
              "display_url": "twitter.com/i/web/status/1…",
              "expanded_url": "https://twitter.com/i/web/status/1213209203432665092",
              "indices": [
                117,
                140
              ]
            }
          ],
          "user_mentions": [],
          "symbols": [],
          "hashtags": []
        },
        "in_reply_to_screen_name": null,
        "possibly_sensitive": false,
        "extended_tweet": {
          "entities": {
            "urls": [
              {
                "url": "https://t.co/WHRGdcBy4U",
                "display_url": "cnn.com/2020/01/03/pol…",
                "expanded_url": "https://www.cnn.com/2020/01/03/politics/kfile-trump-obama-2012-iran-war-reelection/index.html",
                "indices": [
                  255,
                  278
                ]
              }
            ],
            "user_mentions": [],
            "symbols": [],
            "hashtags": []
          },
          "full_text": "We sort through all...10...times Trump said Obama would attack Iran to win re-election:\n\nTrump: \"Some time prior to the election they'll be some kind of war started.\"\n\nHannity: \"That would be the single most chilling abuse of power in American history.\"\n\nhttps://t.co/WHRGdcBy4U",
          "display_text_range": [
            0,
            278
          ]
        },
        "in_reply_to_user_id_str": null,
        "id_str": "1213209203432665092",
        "in_reply_to_status_id": null,
        "coordinates": null,
        "retweeted": false,
        "filter_level": "low",
        "truncated": true,
        "favorite_count": 9223,
        "place": null,
        "in_reply_to_status_id_str": null,
        "created_at": "Fri Jan 03 21:23:09 +0000 2020"
      },
      "favorite_count": 0,
      "place": null,
      "quoted_status_id_str": "1213209203432665092",
      "created_at": "Wed Jan 08 03:52:28 +0000 2020",
      "retweeted": false,
      "user": {
        "verified": false,
        "profile_image_url": "http://pbs.twimg.com/profile_images/733309622493302785/fkLxoJO8_normal.jpg",
        "follow_request_sent": null,
        "profile_use_background_image": true,
        "profile_link_color": "1DA1F2",
        "profile_background_tile": false,
        "profile_image_url_https": "https://pbs.twimg.com/profile_images/733309622493302785/fkLxoJO8_normal.jpg",
        "profile_background_color": "C0DEED",
        "utc_offset": null,
        "name": "mch",
        "geo_enabled": false,
        "url": null,
        "profile_banner_url": "https://pbs.twimg.com/profile_banners/3084072940/1533405626",
        "id": 3084072940,
        "lang": null,
        "contributors_enabled": false,
        "followers_count": 571,
        "friends_count": 1456,
        "profile_sidebar_border_color": "C0DEED",
        "following": null,
        "default_profile": true,
        "statuses_count": 44587,
        "description": null,
        "screen_name": "mcth79",
        "id_str": "3084072940",
        "protected": false,
        "is_translator": false,
        "location": "Wisconsin, USA",
        "default_profile_image": false,
        "profile_background_image_url_https": "https://abs.twimg.com/images/themes/theme1/bg.png",
        "notifications": null,
        "profile_sidebar_fill_color": "DDEEF6",
        "profile_background_image_url": "http://abs.twimg.com/images/themes/theme1/bg.png",
        "favourites_count": 68202,
        "translator_type": "none",
        "created_at": "Tue Mar 10 13:40:26 +0000 2015",
        "time_zone": null,
        "listed_count": 0,
        "profile_text_color": "333333"
      },
      "reply_count": 0
    },
    {
      "reply_count": 0,
      "favorite_count": 0,
      "user": {
        "verified": false,
        "profile_image_url": "http://abs.twimg.com/sticky/default_profile_images/default_profile_normal.png",
        "follow_request_sent": null,
        "profile_use_background_image": true,
        "profile_link_color": "1DA1F2",
        "profile_background_tile": false,
        "profile_image_url_https": "https://abs.twimg.com/sticky/default_profile_images/default_profile_normal.png",
        "profile_background_color": "F5F8FA",
        "utc_offset": null,
        "name": "liquidc",
        "geo_enabled": false,
        "url": null,
        "id": 1081610044637106176,
        "lang": null,
        "contributors_enabled": false,
        "followers_count": 1,
        "friends_count": 3,
        "profile_sidebar_border_color": "C0DEED",
        "following": null,
        "default_profile": true,
        "statuses_count": 503,
        "description": null,
        "screen_name": "liquidc6",
        "id_str": "1081610044637106176",
        "protected": false,
        "is_translator": false,
        "location": null,
        "default_profile_image": false,
        "profile_background_image_url_https": "",
        "notifications": null,
        "profile_sidebar_fill_color": "DDEEF6",
        "profile_background_image_url": "",
        "favourites_count": 1,
        "translator_type": "none",
        "created_at": "Sat Jan 05 17:55:04 +0000 2019",
        "time_zone": null,
        "listed_count": 0,
        "profile_text_color": "333333"
      },
      "favorited": false,
      "source": "<a href=\"http://twitter.com\" rel=\"nofollow\">Twitter Web Client</a>",
      "retweet_count": 0,
      "text": "Why Are THEY Pushing The IRAN HOAX? https://t.co/1hWU1IrA3K via @YouTube",
      "id": 1214756732389462021,
      "in_reply_to_user_id": null,
      "lang": "en",
      "is_quote_status": false,
      "quote_count": 0,
      "geo": null,
      "entities": {
        "urls": [
          {
            "url": "https://t.co/1hWU1IrA3K",
            "display_url": "youtu.be/IC9FN_fY2go",
            "expanded_url": "https://youtu.be/IC9FN_fY2go",
            "indices": [
              36,
              59
            ]
          }
        ],
        "user_mentions": [
          {
            "screen_name": "YouTube",
            "id_str": "10228272",
            "name": "YouTube",
            "indices": [
              64,
              72
            ],
            "id": 10228272
          }
        ],
        "symbols": [],
        "hashtags": []
      },
      "in_reply_to_screen_name": null,
      "possibly_sensitive": false,
      "in_reply_to_user_id_str": null,
      "id_str": "1214756732389462021",
      "in_reply_to_status_id": null,
      "timestamp_ms": "1578455548747",
      "coordinates": null,
      "retweeted": false,
      "filter_level": "low",
      "truncated": false,
      "place": null,
      "in_reply_to_status_id_str": null,
      "created_at": "Wed Jan 08 03:52:28 +0000 2020",
      "contributors": null
    },
    {
      "reply_count": 0,
      "contributors": null,
      "user": {
        "verified": false,
        "profile_image_url": "http://pbs.twimg.com/profile_images/1213488241413890054/JwRJzMre_normal.jpg",
        "follow_request_sent": null,
        "profile_use_background_image": true,
        "profile_link_color": "1DA1F2",
        "profile_background_tile": false,
        "profile_image_url_https": "https://pbs.twimg.com/profile_images/1213488241413890054/JwRJzMre_normal.jpg",
        "profile_background_color": "C0DEED",
        "utc_offset": null,
        "name": "𝔊𝔦𝔫𝔤𝔢𝔯 𝔔𝔲𝔢𝔢𝔫𝔒𝔣𝔗𝔥𝔢 𝔊𝔞𝔬 ✨💛✨",
        "geo_enabled": false,
        "url": null,
        "profile_banner_url": "https://pbs.twimg.com/profile_banners/204940780/1577802888",
        "id": 204940780,
        "lang": null,
        "contributors_enabled": false,
        "followers_count": 4699,
        "friends_count": 2710,
        "profile_sidebar_border_color": "C0DEED",
        "following": null,
        "default_profile": true,
        "statuses_count": 86816,
        "description": "✨IrishWitch-Empath-Rocker chick✨be kind,always DC’17/19Marcher-Chef🎶DJ for my posse-GingersCaftanCafé🎶 Ming’s girl/SK1c💝 NOLA is my💜city",
        "screen_name": "Ginger624",
        "id_str": "204940780",
        "protected": false,
        "is_translator": false,
        "location": "🔮#MingSquad ",
        "default_profile_image": false,
        "profile_background_image_url_https": "https://abs.twimg.com/images/themes/theme1/bg.png",
        "notifications": null,
        "profile_sidebar_fill_color": "DDEEF6",
        "profile_background_image_url": "http://abs.twimg.com/images/themes/theme1/bg.png",
        "favourites_count": 202960,
        "translator_type": "none",
        "created_at": "Tue Oct 19 20:18:59 +0000 2010",
        "time_zone": null,
        "listed_count": 9,
        "profile_text_color": "333333"
      },
      "favorited": false,
      "source": "<a href=\"http://twitter.com/#!/download/ipad\" rel=\"nofollow\">Twitter for iPad</a>",
      "retweet_count": 0,
      "text": "RT @MingGao26: https://t.co/SdwoZGJpG5",
      "id": 1214756732628541444,
      "in_reply_to_user_id": null,
      "lang": "und",
      "retweeted_status": {
        "reply_count": 9,
        "favorite_count": 19,
        "user": {
          "verified": false,
          "profile_image_url": "http://pbs.twimg.com/profile_images/791747139173027841/CmJMPw6X_normal.jpg",
          "follow_request_sent": null,
          "profile_use_background_image": false,
          "profile_link_color": "FF691F",
          "profile_background_tile": false,
          "profile_image_url_https": "https://pbs.twimg.com/profile_images/791747139173027841/CmJMPw6X_normal.jpg",
          "profile_background_color": "000000",
          "utc_offset": null,
          "name": "Ming Solenya Nethery",
          "geo_enabled": false,
          "url": null,
          "profile_banner_url": "https://pbs.twimg.com/profile_banners/791744773707235328/1477602924",
          "id": 791744773707235328,
          "lang": null,
          "contributors_enabled": false,
          "followers_count": 29162,
          "friends_count": 20351,
          "profile_sidebar_border_color": "000000",
          "following": null,
          "default_profile": false,
          "statuses_count": 25200,
          "description": "Ming have big wok. ⚓️",
          "screen_name": "MingGao26",
          "id_str": "791744773707235328",
          "protected": false,
          "is_translator": false,
          "location": null,
          "default_profile_image": false,
          "profile_background_image_url_https": "https://abs.twimg.com/images/themes/theme1/bg.png",
          "notifications": null,
          "profile_sidebar_fill_color": "000000",
          "profile_background_image_url": "http://abs.twimg.com/images/themes/theme1/bg.png",
          "favourites_count": 187046,
          "translator_type": "none",
          "created_at": "Thu Oct 27 20:53:58 +0000 2016",
          "time_zone": null,
          "listed_count": 186,
          "profile_text_color": "000000"
        },
        "favorited": false,
        "source": "<a href=\"https://mobile.twitter.com\" rel=\"nofollow\">Twitter Web App</a>",
        "retweet_count": 13,
        "text": "https://t.co/SdwoZGJpG5",
        "id": 1214756111489929217,
        "in_reply_to_user_id": null,
        "lang": "und",
        "is_quote_status": false,
        "quote_count": 0,
        "geo": null,
        "entities": {
          "urls": [
            {
              "url": "https://t.co/SdwoZGJpG5",
              "display_url": "in.reuters.com/article/iran-c…",
              "expanded_url": "https://in.reuters.com/article/iran-crash-idINKBN1Z70ET",
              "indices": [
                0,
                23
              ]
            }
          ],
          "user_mentions": [],
          "symbols": [],
          "hashtags": []
        },
        "in_reply_to_screen_name": null,
        "possibly_sensitive": true,
        "in_reply_to_user_id_str": null,
        "id_str": "1214756111489929217",
        "in_reply_to_status_id": null,
        "coordinates": null,
        "retweeted": false,
        "filter_level": "low",
        "truncated": false,
        "place": null,
        "in_reply_to_status_id_str": null,
        "created_at": "Wed Jan 08 03:50:00 +0000 2020",
        "contributors": null
      },
      "quote_count": 0,
      "is_quote_status": false,
      "geo": null,
      "entities": {
        "urls": [
          {
            "url": "https://t.co/SdwoZGJpG5",
            "display_url": "in.reuters.com/article/iran-c…",
            "expanded_url": "https://in.reuters.com/article/iran-crash-idINKBN1Z70ET",
            "indices": [
              15,
              38
            ]
          }
        ],
        "user_mentions": [
          {
            "screen_name": "MingGao26",
            "id_str": "791744773707235328",
            "name": "Ming Solenya Nethery",
            "indices": [
              3,
              13
            ],
            "id": 791744773707235328
          }
        ],
        "symbols": [],
        "hashtags": []
      },
      "in_reply_to_screen_name": null,
      "possibly_sensitive": false,
      "in_reply_to_user_id_str": null,
      "id_str": "1214756732628541444",
      "in_reply_to_status_id": null,
      "timestamp_ms": "1578455548804",
      "coordinates": null,
      "retweeted": false,
      "filter_level": "low",
      "truncated": false,
      "favorite_count": 0,
      "place": null,
      "in_reply_to_status_id_str": null,
      "created_at": "Wed Jan 08 03:52:28 +0000 2020"
    }
  ]
}