{
  "data": [
    {
      "in_reply_to_user_id_str": null,
      "retweet_count": 0,
      "favorite_count": 0,
      "truncated": false,
      "source": "<a href=\"http://twitter.com/download/android\" rel=\"nofollow\">Twitter for Android</a>",
      "retweeted": false,
      "entities": {
        "symbols": [],
        "user_mentions": [
          {
            "indices": [
              3,
              12
            ],
            "id": 560309409,
            "name": "@tema0902",
            "screen_name": "tema0902",
            "id_str": "560309409"
          },
          {
            "indices": [
              14,
              22
            ],
            "id": 248692867,
            "name": "Canal N",
            "screen_name": "canalN_",
            "id_str": "248692867"
          }
        ],
        "hashtags": [],
        "urls": [
          {
            "expanded_url": "https://twitter.com/tema0902/status/1217153008145965059?s=20",
            "display_url": "twitter.com/tema0902/statu…",
            "url": "https://t.co/aatdDBvtfq",
            "indices": [
              23,
              46
            ]
          }
        ]
      },
      "user": {
        "geo_enabled": true,
        "verified": false,
        "profile_sidebar_fill_color": "DDEEF6",
        "listed_count": 0,
        "screen_name": "LuzAme01",
        "followers_count": 48,
        "notifications": null,
        "profile_text_color": "333333",
        "profile_image_url": "http://abs.twimg.com/sticky/default_profile_images/default_profile_normal.png",
        "profile_use_background_image": true,
        "friends_count": 30,
        "id": 883511494301949952,
        "statuses_count": 11237,
        "utc_offset": null,
        "follow_request_sent": null,
        "profile_background_tile": false,
        "profile_background_image_url_https": "",
        "profile_background_image_url": "",
        "profile_image_url_https": "https://abs.twimg.com/sticky/default_profile_images/default_profile_normal.png",
        "url": null,
        "name": "Luz Amelia Sánchez A",
        "location": null,
        "contributors_enabled": false,
        "created_at": "Sat Jul 08 02:22:09 +0000 2017",
        "time_zone": null,
        "profile_background_color": "F5F8FA",
        "id_str": "883511494301949952",
        "translator_type": "none",
        "lang": null,
        "following": null,
        "is_translator": false,
        "favourites_count": 3032,
        "protected": false,
        "default_profile": true,
        "default_profile_image": false,
        "description": null,
        "profile_link_color": "1DA1F2",
        "profile_sidebar_border_color": "C0DEED"
      },
      "favorited": false,
      "id": 1217273438068408320,
      "quoted_status_id": 1217153008145965059,
      "is_quote_status": true,
      "quoted_status_id_str": "1217153008145965059",
      "id_str": "1217273438068408320",
      "filter_level": "low",
      "text": "RT @tema0902: @canalN_ https://t.co/aatdDBvtfq",
      "retweeted_status": {
        "in_reply_to_user_id_str": "248692867",
        "display_text_range": [
          9,
          32
        ],
        "retweet_count": 2,
        "favorite_count": 0,
        "truncated": false,
        "source": "<a href=\"https://mobile.twitter.com\" rel=\"nofollow\">Twitter Web App</a>",
        "retweeted": false,
        "entities": {
          "symbols": [],
          "user_mentions": [
            {
              "indices": [
                0,
                8
              ],
              "id": 248692867,
              "name": "Canal N",
              "screen_name": "canalN_",
              "id_str": "248692867"
            }
          ],
          "hashtags": [],
          "urls": [
            {
              "expanded_url": "https://twitter.com/tema0902/status/1217153008145965059?s=20",
              "display_url": "twitter.com/tema0902/statu…",
              "url": "https://t.co/aatdDBvtfq",
              "indices": [
                9,
                32
              ]
            }
          ]
        },
        "user": {
          "geo_enabled": true,
          "verified": false,
          "profile_sidebar_fill_color": "DDEEF6",
          "listed_count": 5,
          "screen_name": "tema0902",
          "followers_count": 1671,
          "notifications": null,
          "profile_text_color": "333333",
          "profile_image_url": "http://pbs.twimg.com/profile_images/1213052093180846081/5w1fafSl_normal.jpg",
          "profile_use_background_image": true,
          "friends_count": 2466,
          "profile_banner_url": "https://pbs.twimg.com/profile_banners/560309409/1566972914",
          "id": 560309409,
          "statuses_count": 30858,
          "utc_offset": null,
          "follow_request_sent": null,
          "profile_background_tile": false,
          "profile_background_image_url_https": "https://abs.twimg.com/images/themes/theme1/bg.png",
          "profile_background_image_url": "http://abs.twimg.com/images/themes/theme1/bg.png",
          "profile_image_url_https": "https://pbs.twimg.com/profile_images/1213052093180846081/5w1fafSl_normal.jpg",
          "url": null,
          "name": "@tema0902",
          "location": "Malmö, Sverige",
          "contributors_enabled": false,
          "created_at": "Sun Apr 22 11:25:12 +0000 2012",
          "time_zone": null,
          "profile_background_color": "C0DEED",
          "id_str": "560309409",
          "translator_type": "none",
          "lang": null,
          "following": null,
          "is_translator": false,
          "favourites_count": 29624,
          "protected": false,
          "default_profile": true,
          "default_profile_image": false,
          "description": "Simpatizante por tradición familiar. NO MILITANTE\n\"Sobre mi tumba no se escribirá: aquí yace un presidente que alcanzó la salud económica\"\nF. Belaunde Terry",
          "profile_link_color": "1DA1F2",
          "profile_sidebar_border_color": "C0DEED"
        },
        "id": 1217156232651399171,
        "quoted_status_id": 1217153008145965059,
        "is_quote_status": true,
        "quoted_status_id_str": "1217153008145965059",
        "id_str": "1217156232651399171",
        "filter_level": "low",
        "text": "@canalN_ https://t.co/aatdDBvtfq",
        "favorited": false,
        "quoted_status_permalink": {
          "expanded": "https://twitter.com/tema0902/status/1217153008145965059?s=20",
          "display": "twitter.com/tema0902/statu…",
          "url": "https://t.co/aatdDBvtfq"
        },
        "quote_count": 0,
        "in_reply_to_screen_name": "canalN_",
        "created_at": "Tue Jan 14 18:47:14 +0000 2020",
        "place": null,
        "reply_count": 0,
        "possibly_sensitive": false,
        "in_reply_to_status_id_str": "1217119395652218880",
        "geo": null,
        "in_reply_to_status_id": 1217119395652218880,
        "lang": "und",
        "coordinates": null,
        "contributors": null,
        "in_reply_to_user_id": 248692867,
        "quoted_status": {
          "is_quote_status": false,
          "display_text_range": [
            9,
            140
          ],
          "retweet_count": 18,
          "favorite_count": 104,
          "truncated": true,
          "source": "<a href=\"https://mobile.twitter.com\" rel=\"nofollow\">Twitter Web App</a>",
          "extended_tweet": {
            "entities": {
              "symbols": [],
              "user_mentions": [
                {
                  "indices": [
                    0,
                    8
                  ],
                  "id": 269982019,
                  "name": "Tribunal Constitucional del Perú",
                  "screen_name": "TC_Peru",
                  "id_str": "269982019"
                },
                {
                  "indices": [
                    146,
                    160
                  ],
                  "id": 53189543,
                  "name": "Keiko Fujimori",
                  "screen_name": "KeikoFujimori",
                  "id_str": "53189543"
                }
              ],
              "hashtags": [
                {
                  "text": "Blume",
                  "indices": [
                    23,
                    29
                  ]
                },
                {
                  "text": "CasoKeiko",
                  "indices": [
                    38,
                    48
                  ]
                },
                {
                  "text": "MagEspinoza",
                  "indices": [
                    237,
                    249
                  ]
                },
                {
                  "text": "Ramos",
                  "indices": [
                    250,
                    256
                  ]
                }
              ],
              "urls": []
            },
            "full_text": "@TC_Peru Recuérdenle a #Blume para el #CasoKeiko VOTARON A LA VOLADA, no presentaron ni descargos y a él lo vimos en TV anunciando la libertad de @keikofujimori. \nHOY INTENTÓ ALARGAR LA PONENCIA, LOS VOTOS, CON PRETEXTOS TONTOS.\nGracias #MagEspinoza #Ramos y otros, UDS. SON BIEN CAPOS!",
            "display_text_range": [
              9,
              286
            ]
          },
          "entities": {
            "symbols": [],
            "user_mentions": [
              {
                "indices": [
                  0,
                  8
                ],
                "id": 269982019,
                "name": "Tribunal Constitucional del Perú",
                "screen_name": "TC_Peru",
                "id_str": "269982019"
              }
            ],
            "hashtags": [
              {
                "text": "Blume",
                "indices": [
                  23,
                  29
                ]
              },
              {
                "text": "CasoKeiko",
                "indices": [
                  38,
                  48
                ]
              }
            ],
            "urls": [
              {
                "expanded_url": "https://twitter.com/i/web/status/1217153008145965059",
                "display_url": "twitter.com/i/web/status/1…",
                "url": "https://t.co/ltaaD0Z3TF",
                "indices": [
                  117,
                  140
                ]
              }
            ]
          },
          "user": {
            "geo_enabled": true,
            "verified": false,
            "profile_sidebar_fill_color": "DDEEF6",
            "listed_count": 5,
            "screen_name": "tema0902",
            "followers_count": 1671,
            "notifications": null,
            "profile_text_color": "333333",
            "profile_image_url": "http://pbs.twimg.com/profile_images/1213052093180846081/5w1fafSl_normal.jpg",
            "profile_use_background_image": true,
            "friends_count": 2466,
            "profile_banner_url": "https://pbs.twimg.com/profile_banners/560309409/1566972914",
            "id": 560309409,
            "statuses_count": 30858,
            "utc_offset": null,
            "follow_request_sent": null,
            "profile_background_tile": false,
            "profile_background_image_url_https": "https://abs.twimg.com/images/themes/theme1/bg.png",
            "profile_background_image_url": "http://abs.twimg.com/images/themes/theme1/bg.png",
            "profile_image_url_https": "https://pbs.twimg.com/profile_images/1213052093180846081/5w1fafSl_normal.jpg",
            "url": null,
            "name": "@tema0902",
            "location": "Malmö, Sverige",
            "contributors_enabled": false,
            "created_at": "Sun Apr 22 11:25:12 +0000 2012",
            "time_zone": null,
            "profile_background_color": "C0DEED",
            "id_str": "560309409",
            "translator_type": "none",
            "lang": null,
            "following": null,
            "is_translator": false,
            "favourites_count": 29624,
            "protected": false,
            "default_profile": true,
            "default_profile_image": false,
            "description": "Simpatizante por tradición familiar. NO MILITANTE\n\"Sobre mi tumba no se escribirá: aquí yace un presidente que alcanzó la salud económica\"\nF. Belaunde Terry",
            "profile_link_color": "1DA1F2",
            "profile_sidebar_border_color": "C0DEED"
          },
          "id": 1217153008145965059,
          "in_reply_to_user_id_str": "269982019",
          "retweeted": false,
          "id_str": "1217153008145965059",
          "filter_level": "low",
          "text": "@TC_Peru Recuérdenle a #Blume para el #CasoKeiko VOTARON A LA VOLADA, no presentaron ni descargos y a él lo vimos e… https://t.co/ltaaD0Z3TF",
          "favorited": false,
          "quote_count": 4,
          "in_reply_to_screen_name": "TC_Peru",
          "created_at": "Tue Jan 14 18:34:25 +0000 2020",
          "place": null,
          "reply_count": 2,
          "in_reply_to_status_id_str": "1217148071294971905",
          "geo": null,
          "in_reply_to_status_id": 1217148071294971905,
          "lang": "es",
          "coordinates": null,
          "contributors": null,
          "in_reply_to_user_id": 269982019
        }
      },
      "quoted_status_permalink": {
        "expanded": "https://twitter.com/tema0902/status/1217153008145965059?s=20",
        "display": "twitter.com/tema0902/statu…",
        "url": "https://t.co/aatdDBvtfq"
      },
      "quote_count": 0,
      "in_reply_to_screen_name": null,
      "created_at": "Wed Jan 15 02:32:58 +0000 2020",
      "place": null,
      "reply_count": 0,
      "possibly_sensitive": false,
      "in_reply_to_status_id_str": null,
      "geo": null,
      "in_reply_to_status_id": null,
      "lang": "und",
      "timestamp_ms": "1579055578139",
      "coordinates": null,
      "contributors": null,
      "in_reply_to_user_id": null,
      "quoted_status": {
        "is_quote_status": false,
        "display_text_range": [
          9,
          140
        ],
        "retweet_count": 18,
        "favorite_count": 104,
        "truncated": true,
        "source": "<a href=\"https://mobile.twitter.com\" rel=\"nofollow\">Twitter Web App</a>",
        "extended_tweet": {
          "entities": {
            "symbols": [],
            "user_mentions": [
              {
                "indices": [
                  0,
                  8
                ],
                "id": 269982019,
                "name": "Tribunal Constitucional del Perú",
                "screen_name": "TC_Peru",
                "id_str": "269982019"
              },
              {
                "indices": [
                  146,
                  160
                ],
                "id": 53189543,
                "name": "Keiko Fujimori",
                "screen_name": "KeikoFujimori",
                "id_str": "53189543"
              }
            ],
            "hashtags": [
              {
                "text": "Blume",
                "indices": [
                  23,
                  29
                ]
              },
              {
                "text": "CasoKeiko",
                "indices": [
                  38,
                  48
                ]
              },
              {
                "text": "MagEspinoza",
                "indices": [
                  237,
                  249
                ]
              },
              {
                "text": "Ramos",
                "indices": [
                  250,
                  256
                ]
              }
            ],
            "urls": []
          },
          "full_text": "@TC_Peru Recuérdenle a #Blume para el #CasoKeiko VOTARON A LA VOLADA, no presentaron ni descargos y a él lo vimos en TV anunciando la libertad de @keikofujimori. \nHOY INTENTÓ ALARGAR LA PONENCIA, LOS VOTOS, CON PRETEXTOS TONTOS.\nGracias #MagEspinoza #Ramos y otros, UDS. SON BIEN CAPOS!",
          "display_text_range": [
            9,
            286
          ]
        },
        "entities": {
          "symbols": [],
          "user_mentions": [
            {
              "indices": [
                0,
                8
              ],
              "id": 269982019,
              "name": "Tribunal Constitucional del Perú",
              "screen_name": "TC_Peru",
              "id_str": "269982019"
            }
          ],
          "hashtags": [
            {
              "text": "Blume",
              "indices": [
                23,
                29
              ]
            },
            {
              "text": "CasoKeiko",
              "indices": [
                38,
                48
              ]
            }
          ],
          "urls": [
            {
              "expanded_url": "https://twitter.com/i/web/status/1217153008145965059",
              "display_url": "twitter.com/i/web/status/1…",
              "url": "https://t.co/ltaaD0Z3TF",
              "indices": [
                117,
                140
              ]
            }
          ]
        },
        "user": {
          "geo_enabled": true,
          "verified": false,
          "profile_sidebar_fill_color": "DDEEF6",
          "listed_count": 5,
          "screen_name": "tema0902",
          "followers_count": 1671,
          "notifications": null,
          "profile_text_color": "333333",
          "profile_image_url": "http://pbs.twimg.com/profile_images/1213052093180846081/5w1fafSl_normal.jpg",
          "profile_use_background_image": true,
          "friends_count": 2466,
          "profile_banner_url": "https://pbs.twimg.com/profile_banners/560309409/1566972914",
          "id": 560309409,
          "statuses_count": 30858,
          "utc_offset": null,
          "follow_request_sent": null,
          "profile_background_tile": false,
          "profile_background_image_url_https": "https://abs.twimg.com/images/themes/theme1/bg.png",
          "profile_background_image_url": "http://abs.twimg.com/images/themes/theme1/bg.png",
          "profile_image_url_https": "https://pbs.twimg.com/profile_images/1213052093180846081/5w1fafSl_normal.jpg",
          "url": null,
          "name": "@tema0902",
          "location": "Malmö, Sverige",
          "contributors_enabled": false,
          "created_at": "Sun Apr 22 11:25:12 +0000 2012",
          "time_zone": null,
          "profile_background_color": "C0DEED",
          "id_str": "560309409",
          "translator_type": "none",
          "lang": null,
          "following": null,
          "is_translator": false,
          "favourites_count": 29624,
          "protected": false,
          "default_profile": true,
          "default_profile_image": false,
          "description": "Simpatizante por tradición familiar. NO MILITANTE\n\"Sobre mi tumba no se escribirá: aquí yace un presidente que alcanzó la salud económica\"\nF. Belaunde Terry",
          "profile_link_color": "1DA1F2",
          "profile_sidebar_border_color": "C0DEED"
        },
        "id": 1217153008145965059,
        "in_reply_to_user_id_str": "269982019",
        "retweeted": false,
        "id_str": "1217153008145965059",
        "filter_level": "low",
        "text": "@TC_Peru Recuérdenle a #Blume para el #CasoKeiko VOTARON A LA VOLADA, no presentaron ni descargos y a él lo vimos e… https://t.co/ltaaD0Z3TF",
        "favorited": false,
        "quote_count": 4,
        "in_reply_to_screen_name": "TC_Peru",
        "created_at": "Tue Jan 14 18:34:25 +0000 2020",
        "place": null,
        "reply_count": 2,
        "in_reply_to_status_id_str": "1217148071294971905",
        "geo": null,
        "in_reply_to_status_id": 1217148071294971905,
        "lang": "es",
        "coordinates": null,
        "contributors": null,
        "in_reply_to_user_id": 269982019
      }
    },
    {
      "is_quote_status": false,
      "retweet_count": 0,
      "favorite_count": 0,
      "truncated": false,
      "source": "<a href=\"http://twitter.com/download/android\" rel=\"nofollow\">Twitter for Android</a>",
      "entities": {
        "symbols": [],
        "user_mentions": [
          {
            "indices": [
              3,
              15
            ],
            "id": 829750511624679424,
            "name": "Política LRepública",
            "screen_name": "Politica_LR",
            "id_str": "829750511624679424"
          }
        ],
        "hashtags": [],
        "urls": []
      },
      "user": {
        "geo_enabled": true,
        "verified": false,
        "profile_sidebar_fill_color": "DDEEF6",
        "listed_count": 1,
        "screen_name": "OresteRains",
        "followers_count": 150,
        "notifications": null,
        "profile_text_color": "333333",
        "profile_image_url": "http://pbs.twimg.com/profile_images/792856483/en_la_catolica_normal.jpg",
        "profile_use_background_image": true,
        "friends_count": 2484,
        "profile_banner_url": "https://pbs.twimg.com/profile_banners/127244939/1402158051",
        "id": 127244939,
        "statuses_count": 19522,
        "utc_offset": null,
        "follow_request_sent": null,
        "profile_background_tile": false,
        "profile_background_image_url_https": "https://abs.twimg.com/images/themes/theme1/bg.png",
        "profile_background_image_url": "http://abs.twimg.com/images/themes/theme1/bg.png",
        "profile_image_url_https": "https://pbs.twimg.com/profile_images/792856483/en_la_catolica_normal.jpg",
        "url": null,
        "name": "Oreste Rains Orellana",
        "location": "Lima - Peru",
        "contributors_enabled": false,
        "created_at": "Sun Mar 28 15:24:46 +0000 2010",
        "time_zone": null,
        "profile_background_color": "C0DEED",
        "id_str": "127244939",
        "translator_type": "none",
        "lang": null,
        "following": null,
        "is_translator": false,
        "favourites_count": 10702,
        "protected": false,
        "default_profile": true,
        "default_profile_image": false,
        "description": "Químico Farmacéutico, Experto en Elaboración de Dossier, Responsable de Asuntos Regulatorios, Experto Comercial en productos Farmacéuticos a nivel nacional.",
        "profile_link_color": "1DA1F2",
        "profile_sidebar_border_color": "C0DEED"
      },
      "favorited": false,
      "id": 1217273472289837059,
      "in_reply_to_user_id_str": null,
      "retweeted": false,
      "id_str": "1217273472289837059",
      "filter_level": "low",
      "text": "RT @Politica_LR: Fiscal José Domingo Pérez sostiene que Keiko Fujimori tiene un “pacto criminal” con Los Cuellos Blancos del Puerto\n\nhttps:…",
      "retweeted_status": {
        "is_quote_status": false,
        "retweet_count": 137,
        "favorite_count": 413,
        "truncated": false,
        "source": "<a href=\"https://mobile.twitter.com\" rel=\"nofollow\">Twitter Web App</a>",
        "entities": {
          "symbols": [],
          "user_mentions": [],
          "hashtags": [],
          "urls": [
            {
              "expanded_url": "https://larepublica.pe/politica/2020/01/14/keiko-fujiimori-fiscal-jose-domingo-perez-sostiene-que-lideresa-de-fuerza-popular-tiene-un-pacto-criminal-con-los-cuellos-blancos-del-puerto-odebrecht-video/",
              "display_url": "larepublica.pe/politica/2020/…",
              "url": "https://t.co/w3FYQ7qtjs",
              "indices": [
                116,
                139
              ]
            }
          ]
        },
        "user": {
          "geo_enabled": false,
          "verified": false,
          "profile_sidebar_fill_color": "DDEEF6",
          "listed_count": 191,
          "screen_name": "Politica_LR",
          "followers_count": 109993,
          "notifications": null,
          "profile_text_color": "333333",
          "profile_image_url": "http://pbs.twimg.com/profile_images/829751614995042305/7iW_P3jk_normal.jpg",
          "profile_use_background_image": true,
          "friends_count": 49,
          "profile_banner_url": "https://pbs.twimg.com/profile_banners/829750511624679424/1527802305",
          "id": 829750511624679424,
          "statuses_count": 29033,
          "utc_offset": null,
          "follow_request_sent": null,
          "profile_background_tile": false,
          "profile_background_image_url_https": "",
          "profile_background_image_url": "",
          "profile_image_url_https": "https://pbs.twimg.com/profile_images/829751614995042305/7iW_P3jk_normal.jpg",
          "url": "http://larepublica.pe/",
          "name": "Política LRepública",
          "location": "Lima, Peru",
          "contributors_enabled": false,
          "created_at": "Thu Feb 09 17:55:12 +0000 2017",
          "time_zone": null,
          "profile_background_color": "F5F8FA",
          "id_str": "829750511624679424",
          "translator_type": "none",
          "lang": null,
          "following": null,
          "is_translator": false,
          "favourites_count": 22,
          "protected": false,
          "default_profile": true,
          "default_profile_image": false,
          "description": "Todas las noticias políticas y económicas del Perú y el mundo. También nos puedes encontrar en @LaRepublica_pe",
          "profile_link_color": "1DA1F2",
          "profile_sidebar_border_color": "C0DEED"
        },
        "id": 1217170613162389506,
        "in_reply_to_user_id_str": null,
        "retweeted": false,
        "id_str": "1217170613162389506",
        "filter_level": "low",
        "text": "Fiscal José Domingo Pérez sostiene que Keiko Fujimori tiene un “pacto criminal” con Los Cuellos Blancos del Puerto\n\nhttps://t.co/w3FYQ7qtjs",
        "favorited": false,
        "quote_count": 3,
        "in_reply_to_screen_name": null,
        "created_at": "Tue Jan 14 19:44:22 +0000 2020",
        "place": null,
        "reply_count": 16,
        "possibly_sensitive": false,
        "in_reply_to_status_id_str": null,
        "geo": null,
        "in_reply_to_status_id": null,
        "lang": "es",
        "coordinates": null,
        "contributors": null,
        "in_reply_to_user_id": null
      },
      "quote_count": 0,
      "in_reply_to_screen_name": null,
      "created_at": "Wed Jan 15 02:33:06 +0000 2020",
      "place": null,
      "reply_count": 0,
      "in_reply_to_status_id_str": null,
      "geo": null,
      "in_reply_to_status_id": null,
      "lang": "es",
      "timestamp_ms": "1579055586298",
      "coordinates": null,
      "contributors": null,
      "in_reply_to_user_id": null
    },
    {
      "is_quote_status": false,
      "retweet_count": 0,
      "favorite_count": 0,
      "truncated": false,
      "source": "<a href=\"https://mobile.twitter.com\" rel=\"nofollow\">Twitter Web App</a>",
      "entities": {
        "symbols": [],
        "user_mentions": [
          {
            "indices": [
              3,
              14
            ],
            "id": 118729143,
            "name": "Henry Cotos",
            "screen_name": "HenryCotos",
            "id_str": "118729143"
          }
        ],
        "hashtags": [],
        "urls": []
      },
      "user": {
        "geo_enabled": false,
        "verified": false,
        "profile_sidebar_fill_color": "DDEEF6",
        "listed_count": 6,
        "screen_name": "luisveratorres1",
        "followers_count": 133,
        "notifications": null,
        "profile_text_color": "333333",
        "profile_image_url": "http://abs.twimg.com/sticky/default_profile_images/default_profile_normal.png",
        "profile_use_background_image": true,
        "friends_count": 111,
        "id": 1586724445,
        "statuses_count": 48108,
        "utc_offset": null,
        "follow_request_sent": null,
        "profile_background_tile": false,
        "profile_background_image_url_https": "https://abs.twimg.com/images/themes/theme1/bg.png",
        "profile_background_image_url": "http://abs.twimg.com/images/themes/theme1/bg.png",
        "profile_image_url_https": "https://abs.twimg.com/sticky/default_profile_images/default_profile_normal.png",
        "url": null,
        "name": "luis vera  torres",
        "location": null,
        "contributors_enabled": false,
        "created_at": "Thu Jul 11 20:10:00 +0000 2013",
        "time_zone": null,
        "profile_background_color": "C0DEED",
        "id_str": "1586724445",
        "translator_type": "none",
        "lang": null,
        "following": null,
        "is_translator": false,
        "favourites_count": 39082,
        "protected": false,
        "default_profile": true,
        "default_profile_image": false,
        "description": null,
        "profile_link_color": "1DA1F2",
        "profile_sidebar_border_color": "C0DEED"
      },
      "favorited": false,
      "id": 1217273491638116353,
      "in_reply_to_user_id_str": null,
      "retweeted": false,
      "id_str": "1217273491638116353",
      "filter_level": "low",
      "text": "RT @HenryCotos: Edwar García, abogado de Keiko, enviaba correos y preparaba a falsos aportantes junto con Jorge Yoshiyama, mientras Giullia…",
      "retweeted_status": {
        "is_quote_status": false,
        "retweet_count": 29,
        "favorite_count": 54,
        "truncated": true,
        "source": "<a href=\"http://twitter.com/download/android\" rel=\"nofollow\">Twitter for Android</a>",
        "extended_tweet": {
          "entities": {
            "symbols": [],
            "user_mentions": [
              {
                "indices": [
                  251,
                  266
                ],
                "id": 66746614,
                "name": "Diario La República",
                "screen_name": "larepublica_pe",
                "id_str": "66746614"
              },
              {
                "indices": [
                  267,
                  279
                ],
                "id": 829750511624679424,
                "name": "Política LRepública",
                "screen_name": "Politica_LR",
                "id_str": "829750511624679424"
              }
            ],
            "hashtags": [],
            "urls": []
          },
          "full_text": "Edwar García, abogado de Keiko, enviaba correos y preparaba a falsos aportantes junto con Jorge Yoshiyama, mientras Giulliana Loza daba directiva a abogados del fujimorismo. Fiscal considera que la organización para obstruir la justicia, se mantiene. @larepublica_pe @Politica_LR",
          "display_text_range": [
            0,
            279
          ]
        },
        "entities": {
          "symbols": [],
          "user_mentions": [],
          "hashtags": [],
          "urls": [
            {
              "expanded_url": "https://twitter.com/i/web/status/1217126946401931265",
              "display_url": "twitter.com/i/web/status/1…",
              "url": "https://t.co/hqXz0xMVek",
              "indices": [
                117,
                140
              ]
            }
          ]
        },
        "user": {
          "geo_enabled": true,
          "verified": false,
          "profile_sidebar_fill_color": "95E8EC",
          "listed_count": 8,
          "screen_name": "HenryCotos",
          "followers_count": 775,
          "notifications": null,
          "profile_text_color": "3C3940",
          "profile_image_url": "http://pbs.twimg.com/profile_images/1188166366/Henry-CCC1_normal.JPG",
          "profile_use_background_image": true,
          "friends_count": 2096,
          "id": 118729143,
          "statuses_count": 862,
          "utc_offset": null,
          "follow_request_sent": null,
          "profile_background_tile": false,
          "profile_background_image_url_https": "https://abs.twimg.com/images/themes/theme4/bg.gif",
          "profile_background_image_url": "http://abs.twimg.com/images/themes/theme4/bg.gif",
          "profile_image_url_https": "https://pbs.twimg.com/profile_images/1188166366/Henry-CCC1_normal.JPG",
          "url": null,
          "name": "Henry Cotos",
          "location": "Peru",
          "contributors_enabled": false,
          "created_at": "Mon Mar 01 15:44:37 +0000 2010",
          "time_zone": null,
          "profile_background_color": "0099B9",
          "id_str": "118729143",
          "translator_type": "none",
          "lang": null,
          "following": null,
          "is_translator": false,
          "favourites_count": 3888,
          "protected": false,
          "default_profile": false,
          "default_profile_image": false,
          "description": "Periodista del diario La República.",
          "profile_link_color": "0099B9",
          "profile_sidebar_border_color": "5ED4DC"
        },
        "id": 1217126946401931265,
        "in_reply_to_user_id_str": null,
        "retweeted": false,
        "id_str": "1217126946401931265",
        "filter_level": "low",
        "text": "Edwar García, abogado de Keiko, enviaba correos y preparaba a falsos aportantes junto con Jorge Yoshiyama, mientras… https://t.co/hqXz0xMVek",
        "favorited": false,
        "quote_count": 1,
        "in_reply_to_screen_name": null,
        "created_at": "Tue Jan 14 16:50:51 +0000 2020",
        "place": null,
        "reply_count": 0,
        "in_reply_to_status_id_str": null,
        "geo": null,
        "in_reply_to_status_id": null,
        "lang": "es",
        "coordinates": null,
        "contributors": null,
        "in_reply_to_user_id": null
      },
      "quote_count": 0,
      "in_reply_to_screen_name": null,
      "created_at": "Wed Jan 15 02:33:10 +0000 2020",
      "place": null,
      "reply_count": 0,
      "in_reply_to_status_id_str": null,
      "geo": null,
      "in_reply_to_status_id": null,
      "lang": "es",
      "timestamp_ms": "1579055590911",
      "coordinates": null,
      "contributors": null,
      "in_reply_to_user_id": null
    },
    {
      "is_quote_status": false,
      "retweet_count": 0,
      "favorite_count": 0,
      "truncated": false,
      "source": "<a href=\"http://twittbot.net/\" rel=\"nofollow\">twittbot.net</a>",
      "entities": {
        "symbols": [],
        "user_mentions": [],
        "hashtags": [],
        "urls": []
      },
      "user": {
        "geo_enabled": false,
        "verified": false,
        "profile_sidebar_fill_color": "DDEEF6",
        "listed_count": 23,
        "screen_name": "kalafinaclubbot",
        "followers_count": 757,
        "notifications": null,
        "profile_text_color": "333333",
        "profile_image_url": "http://pbs.twimg.com/profile_images/1162452231/bayfm_normal.jpg",
        "profile_use_background_image": true,
        "friends_count": 0,
        "id": 213148658,
        "statuses_count": 92007,
        "utc_offset": null,
        "follow_request_sent": null,
        "profile_background_tile": false,
        "profile_background_image_url_https": "https://abs.twimg.com/images/themes/theme1/bg.png",
        "profile_background_image_url": "http://abs.twimg.com/images/themes/theme1/bg.png",
        "profile_image_url_https": "https://pbs.twimg.com/profile_images/1162452231/bayfm_normal.jpg",
        "url": "http://www.bayfm.co.jp/ip/index.html",
        "name": "Kalafina倶楽部bot",
        "location": null,
        "contributors_enabled": false,
        "created_at": "Mon Nov 08 03:00:46 +0000 2010",
        "time_zone": null,
        "profile_background_color": "C0DEED",
        "id_str": "213148658",
        "translator_type": "none",
        "lang": null,
        "following": null,
        "is_translator": false,
        "favourites_count": 0,
        "protected": false,
        "default_profile": true,
        "default_profile_image": false,
        "description": "Kalafina倶楽部非公式botです、倶楽部で面白いや癒される話を偶に呟いていま～す☆　（最近は忙しくて、更新できないだけ、別に放置していているじゃないです）",
        "profile_link_color": "1DA1F2",
        "profile_sidebar_border_color": "C0DEED"
      },
      "id": 1217273539142668288,
      "in_reply_to_user_id_str": null,
      "retweeted": false,
      "id_str": "1217273539142668288",
      "filter_level": "low",
      "text": "Wakana「(男みたいな声で)おはよう。元気？Keiko」　From＃06",
      "favorited": false,
      "quote_count": 0,
      "in_reply_to_screen_name": null,
      "created_at": "Wed Jan 15 02:33:22 +0000 2020",
      "place": null,
      "reply_count": 0,
      "in_reply_to_status_id_str": null,
      "geo": null,
      "in_reply_to_status_id": null,
      "lang": "ja",
      "timestamp_ms": "1579055602237",
      "coordinates": null,
      "contributors": null,
      "in_reply_to_user_id": null
    },
    {
      "is_quote_status": false,
      "display_text_range": [
        13,
        45
      ],
      "retweet_count": 0,
      "favorite_count": 0,
      "truncated": false,
      "source": "<a href=\"http://twitter.com/download/android\" rel=\"nofollow\">Twitter for Android</a>",
      "entities": {
        "symbols": [],
        "user_mentions": [
          {
            "indices": [
              0,
              12
            ],
            "id": 102207014,
            "name": "2M Analytics",
            "screen_name": "2MAnalytics",
            "id_str": "102207014"
          }
        ],
        "hashtags": [],
        "urls": []
      },
      "user": {
        "geo_enabled": true,
        "verified": false,
        "profile_sidebar_fill_color": "000000",
        "listed_count": 1,
        "screen_name": "cesarmuguerza",
        "followers_count": 461,
        "notifications": null,
        "profile_text_color": "000000",
        "profile_image_url": "http://pbs.twimg.com/profile_images/1050436785296338948/pegIKa3__normal.jpg",
        "profile_use_background_image": false,
        "friends_count": 1413,
        "id": 199099889,
        "statuses_count": 46625,
        "utc_offset": null,
        "follow_request_sent": null,
        "profile_background_tile": false,
        "profile_background_image_url_https": "https://abs.twimg.com/images/themes/theme10/bg.gif",
        "profile_background_image_url": "http://abs.twimg.com/images/themes/theme10/bg.gif",
        "profile_image_url_https": "https://pbs.twimg.com/profile_images/1050436785296338948/pegIKa3__normal.jpg",
        "url": null,
        "name": "CESAR MUGUERZA P.",
        "location": "Trujillo",
        "contributors_enabled": false,
        "created_at": "Wed Oct 06 01:16:47 +0000 2010",
        "time_zone": null,
        "profile_background_color": "000000",
        "id_str": "199099889",
        "translator_type": "none",
        "lang": null,
        "following": null,
        "is_translator": false,
        "favourites_count": 40953,
        "protected": false,
        "default_profile": false,
        "default_profile_image": false,
        "description": null,
        "profile_link_color": "9266CC",
        "profile_sidebar_border_color": "000000"
      },
      "id": 1217273540841365504,
      "in_reply_to_user_id_str": "102207014",
      "retweeted": false,
      "id_str": "1217273540841365504",
      "filter_level": "low",
      "text": "@2MAnalytics Keiko presidenta 2021 jajajajaja",
      "favorited": false,
      "quote_count": 0,
      "in_reply_to_screen_name": "2MAnalytics",
      "created_at": "Wed Jan 15 02:33:22 +0000 2020",
      "place": null,
      "reply_count": 0,
      "in_reply_to_status_id_str": "1216895300801089537",
      "geo": null,
      "in_reply_to_status_id": 1216895300801089537,
      "lang": "es",
      "timestamp_ms": "1579055602642",
      "coordinates": null,
      "contributors": null,
      "in_reply_to_user_id": 102207014
    },
    {
      "is_quote_status": false,
      "retweet_count": 0,
      "favorite_count": 0,
      "truncated": true,
      "source": "<a href=\"http://twitter.com/download/android\" rel=\"nofollow\">Twitter for Android</a>",
      "extended_tweet": {
        "entities": {
          "symbols": [],
          "user_mentions": [
            {
              "indices": [
                0,
                7
              ],
              "id": 461625299,
              "name": "20/20",
              "screen_name": "2020N_",
              "id_str": "461625299"
            }
          ],
          "hashtags": [],
          "urls": []
        },
        "full_text": "@2020N_ invitan al corrupto blume que es fujimorista y dejo libre a la corrupta keiko Fujimori este señor debe irse a su casa que daña mucho al país si estuviera y viviera en México o Colombia ya estaría muerto",
        "display_text_range": [
          0,
          210
        ]
      },
      "entities": {
        "symbols": [],
        "user_mentions": [
          {
            "indices": [
              0,
              7
            ],
            "id": 461625299,
            "name": "20/20",
            "screen_name": "2020N_",
            "id_str": "461625299"
          }
        ],
        "hashtags": [],
        "urls": [
          {
            "expanded_url": "https://twitter.com/i/web/status/1217273595929325568",
            "display_url": "twitter.com/i/web/status/1…",
            "url": "https://t.co/6LqjnCbJWi",
            "indices": [
              117,
              140
            ]
          }
        ]
      },
      "user": {
        "geo_enabled": false,
        "verified": false,
        "profile_sidebar_fill_color": "DDEEF6",
        "listed_count": 0,
        "screen_name": "rorcarol11",
        "followers_count": 2,
        "notifications": null,
        "profile_text_color": "333333",
        "profile_image_url": "http://abs.twimg.com/sticky/default_profile_images/default_profile_normal.png",
        "profile_use_background_image": true,
        "friends_count": 1,
        "id": 882616777435475970,
        "statuses_count": 815,
        "utc_offset": null,
        "follow_request_sent": null,
        "profile_background_tile": false,
        "profile_background_image_url_https": "",
        "profile_background_image_url": "",
        "profile_image_url_https": "https://abs.twimg.com/sticky/default_profile_images/default_profile_normal.png",
        "url": null,
        "name": "Ruben",
        "location": null,
        "contributors_enabled": false,
        "created_at": "Wed Jul 05 15:06:52 +0000 2017",
        "time_zone": null,
        "profile_background_color": "F5F8FA",
        "id_str": "882616777435475970",
        "translator_type": "none",
        "lang": null,
        "following": null,
        "is_translator": false,
        "favourites_count": 6,
        "protected": false,
        "default_profile": true,
        "default_profile_image": false,
        "description": null,
        "profile_link_color": "1DA1F2",
        "profile_sidebar_border_color": "C0DEED"
      },
      "id": 1217273595929325568,
      "in_reply_to_user_id_str": "461625299",
      "retweeted": false,
      "id_str": "1217273595929325568",
      "filter_level": "low",
      "text": "@2020N_ invitan al corrupto blume que es fujimorista y dejo libre a la corrupta keiko Fujimori este señor debe irse… https://t.co/6LqjnCbJWi",
      "favorited": false,
      "quote_count": 0,
      "in_reply_to_screen_name": "2020N_",
      "created_at": "Wed Jan 15 02:33:35 +0000 2020",
      "place": null,
      "reply_count": 0,
      "in_reply_to_status_id_str": null,
      "geo": null,
      "in_reply_to_status_id": null,
      "lang": "es",
      "timestamp_ms": "1579055615776",
      "coordinates": null,
      "contributors": null,
      "in_reply_to_user_id": 461625299
    },
    {
      "in_reply_to_user_id_str": null,
      "retweet_count": 0,
      "favorite_count": 0,
      "truncated": false,
      "source": "<a href=\"https://mobile.twitter.com\" rel=\"nofollow\">Twitter Web App</a>",
      "retweeted": false,
      "entities": {
        "symbols": [],
        "user_mentions": [
          {
            "indices": [
              3,
              15
            ],
            "id": 54797928,
            "name": "Sigrid Bazán",
            "screen_name": "sigridbazan",
            "id_str": "54797928"
          }
        ],
        "hashtags": [],
        "urls": []
      },
      "user": {
        "geo_enabled": false,
        "verified": false,
        "profile_sidebar_fill_color": "DDEEF6",
        "listed_count": 6,
        "screen_name": "luisveratorres1",
        "followers_count": 133,
        "notifications": null,
        "profile_text_color": "333333",
        "profile_image_url": "http://abs.twimg.com/sticky/default_profile_images/default_profile_normal.png",
        "profile_use_background_image": true,
        "friends_count": 111,
        "id": 1586724445,
        "statuses_count": 48109,
        "utc_offset": null,
        "follow_request_sent": null,
        "profile_background_tile": false,
        "profile_background_image_url_https": "https://abs.twimg.com/images/themes/theme1/bg.png",
        "profile_background_image_url": "http://abs.twimg.com/images/themes/theme1/bg.png",
        "profile_image_url_https": "https://abs.twimg.com/sticky/default_profile_images/default_profile_normal.png",
        "url": null,
        "name": "luis vera  torres",
        "location": null,
        "contributors_enabled": false,
        "created_at": "Thu Jul 11 20:10:00 +0000 2013",
        "time_zone": null,
        "profile_background_color": "C0DEED",
        "id_str": "1586724445",
        "translator_type": "none",
        "lang": null,
        "following": null,
        "is_translator": false,
        "favourites_count": 39083,
        "protected": false,
        "default_profile": true,
        "default_profile_image": false,
        "description": null,
        "profile_link_color": "1DA1F2",
        "profile_sidebar_border_color": "C0DEED"
      },
      "favorited": false,
      "id": 1217273624354283520,
      "quoted_status_id": 1216675805746601986,
      "is_quote_status": true,
      "quoted_status_id_str": "1216675805746601986",
      "id_str": "1217273624354283520",
      "filter_level": "low",
      "text": "RT @sigridbazan: -2018: fujimorismo promovió iniciativa para tumbarse un decreto que subía el impuesto a los casinos\n-2020: se descubre que…",
      "retweeted_status": {
        "in_reply_to_user_id_str": null,
        "display_text_range": [
          0,
          140
        ],
        "retweet_count": 1034,
        "favorite_count": 2215,
        "truncated": true,
        "source": "<a href=\"https://mobile.twitter.com\" rel=\"nofollow\">Twitter Web App</a>",
        "retweeted": false,
        "extended_tweet": {
          "entities": {
            "symbols": [],
            "user_mentions": [],
            "hashtags": [],
            "urls": [
              {
                "expanded_url": "https://twitter.com/larepublica_pe/status/1216675805746601986",
                "display_url": "twitter.com/larepublica_pe…",
                "url": "https://t.co/OgVYAGzjld",
                "indices": [
                  274,
                  297
                ]
              }
            ]
          },
          "full_text": "-2018: fujimorismo promovió iniciativa para tumbarse un decreto que subía el impuesto a los casinos\n-2020: se descubre que 'rey de los casinos' le habría pagado una mensualidad a Keiko Fujimori para sus gastos y reclutado 11 falsos aportantes para su campaña\n¿Coincidencia? https://t.co/OgVYAGzjld",
          "display_text_range": [
            0,
            273
          ]
        },
        "entities": {
          "symbols": [],
          "user_mentions": [],
          "hashtags": [],
          "urls": [
            {
              "expanded_url": "https://twitter.com/i/web/status/1216824414853050369",
              "display_url": "twitter.com/i/web/status/1…",
              "url": "https://t.co/ulS1gQY1eU",
              "indices": [
                117,
                140
              ]
            }
          ]
        },
        "user": {
          "geo_enabled": true,
          "verified": true,
          "profile_sidebar_fill_color": "E3E2DE",
          "listed_count": 317,
          "screen_name": "sigridbazan",
          "followers_count": 178677,
          "notifications": null,
          "profile_text_color": "634047",
          "profile_image_url": "http://pbs.twimg.com/profile_images/1208166981385555968/zDzSD1hu_normal.jpg",
          "profile_use_background_image": true,
          "friends_count": 2381,
          "profile_banner_url": "https://pbs.twimg.com/profile_banners/54797928/1576884310",
          "id": 54797928,
          "statuses_count": 30548,
          "utc_offset": null,
          "follow_request_sent": null,
          "profile_background_tile": false,
          "profile_background_image_url_https": "https://abs.twimg.com/images/themes/theme3/bg.gif",
          "profile_background_image_url": "http://abs.twimg.com/images/themes/theme3/bg.gif",
          "profile_image_url_https": "https://pbs.twimg.com/profile_images/1208166981385555968/zDzSD1hu_normal.jpg",
          "url": "http://larepublica.pe/persona/sigrid-bazan",
          "name": "Sigrid Bazán",
          "location": "Lima, Perú",
          "contributors_enabled": false,
          "created_at": "Wed Jul 08 04:29:50 +0000 2009",
          "time_zone": null,
          "profile_background_color": "EDECE9",
          "id_str": "54797928",
          "translator_type": "none",
          "lang": null,
          "following": null,
          "is_translator": false,
          "favourites_count": 13382,
          "protected": false,
          "default_profile": false,
          "default_profile_image": false,
          "description": "Licenciada en Ciencia Política. Presidenta FEPUC (2012).Columnista los miércoles en @larepublica_pe. Conductora en @Latina_pe.  Las opiniones son mías.",
          "profile_link_color": "E02141",
          "profile_sidebar_border_color": "D3D2CF"
        },
        "id": 1216824414853050369,
        "quoted_status_id": 1216675805746601986,
        "is_quote_status": true,
        "quoted_status_id_str": "1216675805746601986",
        "id_str": "1216824414853050369",
        "filter_level": "low",
        "text": "-2018: fujimorismo promovió iniciativa para tumbarse un decreto que subía el impuesto a los casinos\n-2020: se descu… https://t.co/ulS1gQY1eU",
        "favorited": false,
        "quoted_status_permalink": {
          "expanded": "https://twitter.com/larepublica_pe/status/1216675805746601986",
          "display": "twitter.com/larepublica_pe…",
          "url": "https://t.co/OgVYAGzjld"
        },
        "quote_count": 41,
        "in_reply_to_screen_name": null,
        "created_at": "Mon Jan 13 20:48:42 +0000 2020",
        "place": null,
        "reply_count": 138,
        "possibly_sensitive": false,
        "in_reply_to_status_id_str": null,
        "geo": null,
        "in_reply_to_status_id": null,
        "lang": "es",
        "coordinates": null,
        "contributors": null,
        "in_reply_to_user_id": null,
        "quoted_status": {
          "is_quote_status": false,
          "retweet_count": 318,
          "favorite_count": 610,
          "truncated": false,
          "source": "<a href=\"https://www.hootsuite.com\" rel=\"nofollow\">Hootsuite Inc.</a>",
          "entities": {
            "symbols": [],
            "user_mentions": [],
            "hashtags": [],
            "urls": [
              {
                "expanded_url": "https://larepublica.pe/politica/2020/01/13/keiko-fujimori-fuerza-popular-el-rey-de-casinos-jose-sam-yuen-fue-aportante-fantasma-de-la-lideresa-del-fujimorismo/",
                "display_url": "larepublica.pe/politica/2020/…",
                "url": "https://t.co/Oa189GkNQs",
                "indices": [
                  65,
                  88
                ]
              }
            ]
          },
          "user": {
            "geo_enabled": true,
            "verified": true,
            "profile_sidebar_fill_color": "F7F7F7",
            "listed_count": 4942,
            "screen_name": "larepublica_pe",
            "followers_count": 2065448,
            "notifications": null,
            "profile_text_color": "333333",
            "profile_image_url": "http://pbs.twimg.com/profile_images/1064502823533064192/EHAkD082_normal.jpg",
            "profile_use_background_image": true,
            "friends_count": 906,
            "profile_banner_url": "https://pbs.twimg.com/profile_banners/66746614/1555940346",
            "id": 66746614,
            "statuses_count": 515972,
            "utc_offset": null,
            "follow_request_sent": null,
            "profile_background_tile": true,
            "profile_background_image_url_https": "https://abs.twimg.com/images/themes/theme9/bg.gif",
            "profile_background_image_url": "http://abs.twimg.com/images/themes/theme9/bg.gif",
            "profile_image_url_https": "https://pbs.twimg.com/profile_images/1064502823533064192/EHAkD082_normal.jpg",
            "url": "http://www.larepublica.pe/",
            "name": "Diario La República",
            "location": "Lima, Perú.",
            "contributors_enabled": false,
            "created_at": "Tue Aug 18 17:49:35 +0000 2009",
            "time_zone": null,
            "profile_background_color": "FFFFFF",
            "id_str": "66746614",
            "translator_type": "none",
            "lang": null,
            "following": null,
            "is_translator": false,
            "favourites_count": 1162,
            "protected": false,
            "default_profile": false,
            "default_profile_image": false,
            "description": "La República informa a través de Twitter lo que sucede en el Perú y el mundo. También en @Politica_LR @DeportesLR y @LRTendencias",
            "profile_link_color": "BD0D0D",
            "profile_sidebar_border_color": "FFFFFF"
          },
          "id": 1216675805746601986,
          "in_reply_to_user_id_str": null,
          "retweeted": false,
          "id_str": "1216675805746601986",
          "filter_level": "low",
          "text": "El “rey de los casinos” fue aportante fantasma de Keiko Fujimori\nhttps://t.co/Oa189GkNQs",
          "favorited": false,
          "quote_count": 24,
          "in_reply_to_screen_name": null,
          "created_at": "Mon Jan 13 10:58:11 +0000 2020",
          "place": null,
          "reply_count": 58,
          "possibly_sensitive": false,
          "in_reply_to_status_id_str": null,
          "geo": null,
          "in_reply_to_status_id": null,
          "lang": "es",
          "coordinates": null,
          "contributors": null,
          "in_reply_to_user_id": null
        }
      },
      "quoted_status_permalink": {
        "expanded": "https://twitter.com/larepublica_pe/status/1216675805746601986",
        "display": "twitter.com/larepublica_pe…",
        "url": "https://t.co/OgVYAGzjld"
      },
      "quote_count": 0,
      "in_reply_to_screen_name": null,
      "created_at": "Wed Jan 15 02:33:42 +0000 2020",
      "place": null,
      "reply_count": 0,
      "in_reply_to_status_id_str": null,
      "geo": null,
      "in_reply_to_status_id": null,
      "lang": "es",
      "timestamp_ms": "1579055622553",
      "coordinates": null,
      "contributors": null,
      "in_reply_to_user_id": null,
      "quoted_status": {
        "is_quote_status": false,
        "retweet_count": 318,
        "favorite_count": 610,
        "truncated": false,
        "source": "<a href=\"https://www.hootsuite.com\" rel=\"nofollow\">Hootsuite Inc.</a>",
        "entities": {
          "symbols": [],
          "user_mentions": [],
          "hashtags": [],
          "urls": [
            {
              "expanded_url": "https://larepublica.pe/politica/2020/01/13/keiko-fujimori-fuerza-popular-el-rey-de-casinos-jose-sam-yuen-fue-aportante-fantasma-de-la-lideresa-del-fujimorismo/",
              "display_url": "larepublica.pe/politica/2020/…",
              "url": "https://t.co/Oa189GkNQs",
              "indices": [
                65,
                88
              ]
            }
          ]
        },
        "user": {
          "geo_enabled": true,
          "verified": true,
          "profile_sidebar_fill_color": "F7F7F7",
          "listed_count": 4942,
          "screen_name": "larepublica_pe",
          "followers_count": 2065448,
          "notifications": null,
          "profile_text_color": "333333",
          "profile_image_url": "http://pbs.twimg.com/profile_images/1064502823533064192/EHAkD082_normal.jpg",
          "profile_use_background_image": true,
          "friends_count": 906,
          "profile_banner_url": "https://pbs.twimg.com/profile_banners/66746614/1555940346",
          "id": 66746614,
          "statuses_count": 515972,
          "utc_offset": null,
          "follow_request_sent": null,
          "profile_background_tile": true,
          "profile_background_image_url_https": "https://abs.twimg.com/images/themes/theme9/bg.gif",
          "profile_background_image_url": "http://abs.twimg.com/images/themes/theme9/bg.gif",
          "profile_image_url_https": "https://pbs.twimg.com/profile_images/1064502823533064192/EHAkD082_normal.jpg",
          "url": "http://www.larepublica.pe/",
          "name": "Diario La República",
          "location": "Lima, Perú.",
          "contributors_enabled": false,
          "created_at": "Tue Aug 18 17:49:35 +0000 2009",
          "time_zone": null,
          "profile_background_color": "FFFFFF",
          "id_str": "66746614",
          "translator_type": "none",
          "lang": null,
          "following": null,
          "is_translator": false,
          "favourites_count": 1162,
          "protected": false,
          "default_profile": false,
          "default_profile_image": false,
          "description": "La República informa a través de Twitter lo que sucede en el Perú y el mundo. También en @Politica_LR @DeportesLR y @LRTendencias",
          "profile_link_color": "BD0D0D",
          "profile_sidebar_border_color": "FFFFFF"
        },
        "id": 1216675805746601986,
        "in_reply_to_user_id_str": null,
        "retweeted": false,
        "id_str": "1216675805746601986",
        "filter_level": "low",
        "text": "El “rey de los casinos” fue aportante fantasma de Keiko Fujimori\nhttps://t.co/Oa189GkNQs",
        "favorited": false,
        "quote_count": 24,
        "in_reply_to_screen_name": null,
        "created_at": "Mon Jan 13 10:58:11 +0000 2020",
        "place": null,
        "reply_count": 58,
        "possibly_sensitive": false,
        "in_reply_to_status_id_str": null,
        "geo": null,
        "in_reply_to_status_id": null,
        "lang": "es",
        "coordinates": null,
        "contributors": null,
        "in_reply_to_user_id": null
      }
    },
    {
      "is_quote_status": false,
      "retweet_count": 0,
      "favorite_count": 0,
      "truncated": false,
      "source": "<a href=\"http://twitter.com/download/android\" rel=\"nofollow\">Twitter for Android</a>",
      "entities": {
        "symbols": [],
        "user_mentions": [
          {
            "indices": [
              3,
              11
            ],
            "id": 248692867,
            "name": "Canal N",
            "screen_name": "canalN_",
            "id_str": "248692867"
          }
        ],
        "hashtags": [],
        "urls": []
      },
      "user": {
        "geo_enabled": true,
        "verified": false,
        "profile_sidebar_fill_color": "DDEEF6",
        "listed_count": 5,
        "screen_name": "jmvilca99",
        "followers_count": 1101,
        "notifications": null,
        "profile_text_color": "333333",
        "profile_image_url": "http://pbs.twimg.com/profile_images/614390046/Diablotin_normal.bmp",
        "profile_use_background_image": true,
        "friends_count": 3036,
        "profile_banner_url": "https://pbs.twimg.com/profile_banners/73947704/1534805533",
        "id": 73947704,
        "statuses_count": 82013,
        "utc_offset": null,
        "follow_request_sent": null,
        "profile_background_tile": false,
        "profile_background_image_url_https": "https://abs.twimg.com/images/themes/theme1/bg.png",
        "profile_background_image_url": "http://abs.twimg.com/images/themes/theme1/bg.png",
        "profile_image_url_https": "https://pbs.twimg.com/profile_images/614390046/Diablotin_normal.bmp",
        "url": null,
        "name": "Jesus Vilca Urdiales",
        "location": null,
        "contributors_enabled": false,
        "created_at": "Sun Sep 13 18:56:17 +0000 2009",
        "time_zone": null,
        "profile_background_color": "C0DEED",
        "id_str": "73947704",
        "translator_type": "none",
        "lang": null,
        "following": null,
        "is_translator": false,
        "favourites_count": 124527,
        "protected": false,
        "default_profile": true,
        "default_profile_image": false,
        "description": "Asesor y Consultor en Gestión  Empresarial, de Negocios, Finanzas, Evaluacion de Proyectos. Docente Universitario.",
        "profile_link_color": "1DA1F2",
        "profile_sidebar_border_color": "C0DEED"
      },
      "favorited": false,
      "id": 1217273655262138369,
      "in_reply_to_user_id_str": null,
      "retweeted": false,
      "id_str": "1217273655262138369",
      "filter_level": "low",
      "text": "RT @canalN_: [LO ÚLTIMO] Fiscal Pérez: \"El Estado no puede garantizar que Keiko Fujimori no se fugará porque ha demostrado que la protecció…",
      "retweeted_status": {
        "is_quote_status": false,
        "display_text_range": [
          0,
          140
        ],
        "retweet_count": 502,
        "favorite_count": 1658,
        "truncated": true,
        "source": "<a href=\"https://www.hootsuite.com\" rel=\"nofollow\">Hootsuite Inc.</a>",
        "extended_tweet": {
          "entities": {
            "symbols": [],
            "user_mentions": [],
            "hashtags": [],
            "media": [
              {
                "expanded_url": "https://twitter.com/canalN_/status/1217089413353701376/video/1",
                "url": "https://t.co/jN68woNvTO",
                "media_url": "http://pbs.twimg.com/ext_tw_video_thumb/1217089316691812353/pu/img/nsDnZQV9IB1WKu20.jpg",
                "indices": [
                  225,
                  248
                ],
                "sizes": {
                  "small": {
                    "h": 360,
                    "resize": "fit",
                    "w": 640
                  },
                  "large": {
                    "h": 360,
                    "resize": "fit",
                    "w": 640
                  },
                  "thumb": {
                    "h": 150,
                    "resize": "crop",
                    "w": 150
                  },
                  "medium": {
                    "h": 360,
                    "resize": "fit",
                    "w": 640
                  }
                },
                "type": "video",
                "display_url": "pic.twitter.com/jN68woNvTO",
                "id": 1217089316691812353,
                "video_info": {
                  "duration_millis": 55016,
                  "variants": [
                    {
                      "url": "https://video.twimg.com/ext_tw_video/1217089316691812353/pu/vid/480x270/bl9NHunmO8FDKcw-.mp4?tag=10",
                      "content_type": "video/mp4",
                      "bitrate": 256000
                    },
                    {
                      "url": "https://video.twimg.com/ext_tw_video/1217089316691812353/pu/vid/640x360/R2YwWeMnYvK_HgIP.mp4?tag=10",
                      "content_type": "video/mp4",
                      "bitrate": 832000
                    },
                    {
                      "content_type": "application/x-mpegURL",
                      "url": "https://video.twimg.com/ext_tw_video/1217089316691812353/pu/pl/LT_kSWR5-IRGjvdk.m3u8?tag=10"
                    }
                  ],
                  "aspect_ratio": [
                    16,
                    9
                  ]
                },
                "additional_media_info": {
                  "monetizable": false
                },
                "id_str": "1217089316691812353",
                "media_url_https": "https://pbs.twimg.com/ext_tw_video_thumb/1217089316691812353/pu/img/nsDnZQV9IB1WKu20.jpg"
              }
            ],
            "urls": [
              {
                "expanded_url": "http://www.canaln.pe",
                "display_url": "canaln.pe",
                "url": "https://t.co/oYIW8cxAGV",
                "indices": [
                  201,
                  224
                ]
              }
            ]
          },
          "full_text": "[LO ÚLTIMO] Fiscal Pérez: \"El Estado no puede garantizar que Keiko Fujimori no se fugará porque ha demostrado que la protección de la reserva de los millones de Romero está por encima de su familia\" ► https://t.co/oYIW8cxAGV https://t.co/jN68woNvTO",
          "extended_entities": {
            "media": [
              {
                "expanded_url": "https://twitter.com/canalN_/status/1217089413353701376/video/1",
                "url": "https://t.co/jN68woNvTO",
                "media_url": "http://pbs.twimg.com/ext_tw_video_thumb/1217089316691812353/pu/img/nsDnZQV9IB1WKu20.jpg",
                "indices": [
                  225,
                  248
                ],
                "sizes": {
                  "small": {
                    "h": 360,
                    "resize": "fit",
                    "w": 640
                  },
                  "large": {
                    "h": 360,
                    "resize": "fit",
                    "w": 640
                  },
                  "thumb": {
                    "h": 150,
                    "resize": "crop",
                    "w": 150
                  },
                  "medium": {
                    "h": 360,
                    "resize": "fit",
                    "w": 640
                  }
                },
                "type": "video",
                "display_url": "pic.twitter.com/jN68woNvTO",
                "id": 1217089316691812353,
                "video_info": {
                  "duration_millis": 55016,
                  "variants": [
                    {
                      "url": "https://video.twimg.com/ext_tw_video/1217089316691812353/pu/vid/480x270/bl9NHunmO8FDKcw-.mp4?tag=10",
                      "content_type": "video/mp4",
                      "bitrate": 256000
                    },
                    {
                      "url": "https://video.twimg.com/ext_tw_video/1217089316691812353/pu/vid/640x360/R2YwWeMnYvK_HgIP.mp4?tag=10",
                      "content_type": "video/mp4",
                      "bitrate": 832000
                    },
                    {
                      "content_type": "application/x-mpegURL",
                      "url": "https://video.twimg.com/ext_tw_video/1217089316691812353/pu/pl/LT_kSWR5-IRGjvdk.m3u8?tag=10"
                    }
                  ],
                  "aspect_ratio": [
                    16,
                    9
                  ]
                },
                "additional_media_info": {
                  "monetizable": false
                },
                "id_str": "1217089316691812353",
                "media_url_https": "https://pbs.twimg.com/ext_tw_video_thumb/1217089316691812353/pu/img/nsDnZQV9IB1WKu20.jpg"
              }
            ]
          },
          "display_text_range": [
            0,
            224
          ]
        },
        "entities": {
          "symbols": [],
          "user_mentions": [],
          "hashtags": [],
          "urls": [
            {
              "expanded_url": "https://twitter.com/i/web/status/1217089413353701376",
              "display_url": "twitter.com/i/web/status/1…",
              "url": "https://t.co/IsELaVubyO",
              "indices": [
                117,
                140
              ]
            }
          ]
        },
        "user": {
          "geo_enabled": true,
          "verified": true,
          "profile_sidebar_fill_color": "DDEEF6",
          "listed_count": 2835,
          "screen_name": "canalN_",
          "followers_count": 2715215,
          "notifications": null,
          "profile_text_color": "333333",
          "profile_image_url": "http://pbs.twimg.com/profile_images/1157339679848636416/HMKgSOUr_normal.png",
          "profile_use_background_image": true,
          "friends_count": 526,
          "profile_banner_url": "https://pbs.twimg.com/profile_banners/248692867/1578331368",
          "id": 248692867,
          "statuses_count": 142328,
          "utc_offset": null,
          "follow_request_sent": null,
          "profile_background_tile": false,
          "profile_background_image_url_https": "https://abs.twimg.com/images/themes/theme1/bg.png",
          "profile_background_image_url": "http://abs.twimg.com/images/themes/theme1/bg.png",
          "profile_image_url_https": "https://pbs.twimg.com/profile_images/1157339679848636416/HMKgSOUr_normal.png",
          "url": "http://canaln.pe/",
          "name": "Canal N",
          "location": "Peru",
          "contributors_enabled": false,
          "created_at": "Mon Feb 07 14:45:57 +0000 2011",
          "time_zone": null,
          "profile_background_color": "C0DEED",
          "id_str": "248692867",
          "translator_type": "none",
          "lang": null,
          "following": null,
          "is_translator": false,
          "favourites_count": 10558,
          "protected": false,
          "default_profile": false,
          "default_profile_image": false,
          "description": "#CanalN Todas las noticias, siempre.\nFB: http://facebook.com/canalnoficial \nIG: http://instagram.com/canalnoficial/",
          "profile_link_color": "141414",
          "profile_sidebar_border_color": "FFFFFF"
        },
        "id": 1217089413353701376,
        "in_reply_to_user_id_str": null,
        "retweeted": false,
        "id_str": "1217089413353701376",
        "filter_level": "low",
        "text": "[LO ÚLTIMO] Fiscal Pérez: \"El Estado no puede garantizar que Keiko Fujimori no se fugará porque ha demostrado que l… https://t.co/IsELaVubyO",
        "favorited": false,
        "quote_count": 58,
        "in_reply_to_screen_name": null,
        "created_at": "Tue Jan 14 14:21:43 +0000 2020",
        "place": null,
        "reply_count": 182,
        "possibly_sensitive": false,
        "in_reply_to_status_id_str": null,
        "geo": null,
        "in_reply_to_status_id": null,
        "lang": "es",
        "coordinates": null,
        "contributors": null,
        "in_reply_to_user_id": null
      },
      "quote_count": 0,
      "in_reply_to_screen_name": null,
      "created_at": "Wed Jan 15 02:33:49 +0000 2020",
      "place": null,
      "reply_count": 0,
      "in_reply_to_status_id_str": null,
      "geo": null,
      "in_reply_to_status_id": null,
      "lang": "es",
      "timestamp_ms": "1579055629922",
      "coordinates": null,
      "contributors": null,
      "in_reply_to_user_id": null
    },
    {
      "is_quote_status": true,
      "retweet_count": 0,
      "in_reply_to_user_id_str": null,
      "truncated": false,
      "source": "<a href=\"http://twitter.com/download/android\" rel=\"nofollow\">Twitter for Android</a>",
      "retweeted": false,
      "entities": {
        "symbols": [],
        "user_mentions": [],
        "hashtags": [],
        "urls": []
      },
      "user": {
        "geo_enabled": true,
        "verified": false,
        "profile_sidebar_fill_color": "DDEEF6",
        "listed_count": 5,
        "screen_name": "AlbertoSativa",
        "followers_count": 2246,
        "notifications": null,
        "profile_text_color": "333333",
        "profile_image_url": "http://pbs.twimg.com/profile_images/884139001820708865/1h7qONGF_normal.jpg",
        "profile_use_background_image": true,
        "friends_count": 2493,
        "id": 3156112379,
        "statuses_count": 121663,
        "utc_offset": null,
        "follow_request_sent": null,
        "profile_background_tile": false,
        "profile_background_image_url_https": "https://abs.twimg.com/images/themes/theme1/bg.png",
        "profile_background_image_url": "http://abs.twimg.com/images/themes/theme1/bg.png",
        "profile_image_url_https": "https://pbs.twimg.com/profile_images/884139001820708865/1h7qONGF_normal.jpg",
        "url": null,
        "name": "alberto sativa lex",
        "location": "lacsanga",
        "contributors_enabled": false,
        "created_at": "Sat Apr 11 12:20:47 +0000 2015",
        "time_zone": null,
        "profile_background_color": "C0DEED",
        "id_str": "3156112379",
        "translator_type": "none",
        "lang": null,
        "following": null,
        "is_translator": false,
        "favourites_count": 15359,
        "protected": false,
        "default_profile": true,
        "default_profile_image": false,
        "description": null,
        "profile_link_color": "1DA1F2",
        "profile_sidebar_border_color": "C0DEED"
      },
      "id": 1217273697557458945,
      "quoted_status_id": 1217272909548392448,
      "quoted_status_id_str": "1217272909548392448",
      "id_str": "1217273697557458945",
      "filter_level": "low",
      "text": "Mañana la china puede desaparecer y no pasa nada, nada tiene a su nombre",
      "favorited": false,
      "timestamp_ms": "1579055640006",
      "quoted_status_permalink": {
        "expanded": "https://twitter.com/Politica_LR/status/1217272909548392448",
        "display": "twitter.com/Politica_LR/st…",
        "url": "https://t.co/oWpGRpFb1A"
      },
      "quote_count": 0,
      "in_reply_to_screen_name": null,
      "created_at": "Wed Jan 15 02:34:00 +0000 2020",
      "place": null,
      "reply_count": 0,
      "in_reply_to_status_id_str": null,
      "geo": null,
      "in_reply_to_status_id": null,
      "lang": "es",
      "favorite_count": 0,
      "coordinates": null,
      "contributors": null,
      "in_reply_to_user_id": null,
      "quoted_status": {
        "is_quote_status": false,
        "retweet_count": 1,
        "favorite_count": 1,
        "truncated": true,
        "source": "<a href=\"https://mobile.twitter.com\" rel=\"nofollow\">Twitter Web App</a>",
        "extended_tweet": {
          "entities": {
            "symbols": [],
            "user_mentions": [],
            "hashtags": [
              {
                "text": "VIDEO",
                "indices": [
                  0,
                  6
                ]
              }
            ],
            "urls": [
              {
                "expanded_url": "https://larepublica.pe/politica/2020/01/15/keiko-fujimori-giulliana-loza-afirma-que-es-discriminador-que-la-fiscalia-diga-que-su-representada-no-tiene-arraigo-porque-vive-alquilado-fuerza-popular-jose-domingo-perez/?fbclid=IwAR1rSHnCu33S_8CBtH0YbuDP4aOwEgbB_R58XsZd5WBj2VcgAoFOaCuhwGc",
                "display_url": "larepublica.pe/politica/2020/…",
                "url": "https://t.co/pdU8jv79v1",
                "indices": [
                  148,
                  171
                ]
              }
            ]
          },
          "full_text": "#VIDEO Giulliana Loza afirma que es “discriminador” que la Fiscalía postule que Keiko Fujimori no tiene arraigo domiciliario porque vive alquilado\n\nhttps://t.co/pdU8jv79v1",
          "display_text_range": [
            0,
            171
          ]
        },
        "entities": {
          "symbols": [],
          "user_mentions": [],
          "hashtags": [
            {
              "text": "VIDEO",
              "indices": [
                0,
                6
              ]
            }
          ],
          "urls": [
            {
              "expanded_url": "https://twitter.com/i/web/status/1217272909548392448",
              "display_url": "twitter.com/i/web/status/1…",
              "url": "https://t.co/u2CxyHCV90",
              "indices": [
                117,
                140
              ]
            }
          ]
        },
        "user": {
          "geo_enabled": false,
          "verified": false,
          "profile_sidebar_fill_color": "DDEEF6",
          "listed_count": 191,
          "screen_name": "Politica_LR",
          "followers_count": 109995,
          "notifications": null,
          "profile_text_color": "333333",
          "profile_image_url": "http://pbs.twimg.com/profile_images/829751614995042305/7iW_P3jk_normal.jpg",
          "profile_use_background_image": true,
          "friends_count": 49,
          "profile_banner_url": "https://pbs.twimg.com/profile_banners/829750511624679424/1527802305",
          "id": 829750511624679424,
          "statuses_count": 29033,
          "utc_offset": null,
          "follow_request_sent": null,
          "profile_background_tile": false,
          "profile_background_image_url_https": "",
          "profile_background_image_url": "",
          "profile_image_url_https": "https://pbs.twimg.com/profile_images/829751614995042305/7iW_P3jk_normal.jpg",
          "url": "http://larepublica.pe/",
          "name": "Política LRepública",
          "location": "Lima, Peru",
          "contributors_enabled": false,
          "created_at": "Thu Feb 09 17:55:12 +0000 2017",
          "time_zone": null,
          "profile_background_color": "F5F8FA",
          "id_str": "829750511624679424",
          "translator_type": "none",
          "lang": null,
          "following": null,
          "is_translator": false,
          "favourites_count": 22,
          "protected": false,
          "default_profile": true,
          "default_profile_image": false,
          "description": "Todas las noticias políticas y económicas del Perú y el mundo. También nos puedes encontrar en @LaRepublica_pe",
          "profile_link_color": "1DA1F2",
          "profile_sidebar_border_color": "C0DEED"
        },
        "id": 1217272909548392448,
        "in_reply_to_user_id_str": null,
        "retweeted": false,
        "id_str": "1217272909548392448",
        "filter_level": "low",
        "text": "#VIDEO Giulliana Loza afirma que es “discriminador” que la Fiscalía postule que Keiko Fujimori no tiene arraigo dom… https://t.co/u2CxyHCV90",
        "favorited": false,
        "quote_count": 0,
        "in_reply_to_screen_name": null,
        "created_at": "Wed Jan 15 02:30:52 +0000 2020",
        "place": null,
        "reply_count": 3,
        "possibly_sensitive": false,
        "in_reply_to_status_id_str": null,
        "geo": null,
        "in_reply_to_status_id": null,
        "lang": "es",
        "coordinates": null,
        "contributors": null,
        "in_reply_to_user_id": null
      }
    },
    {
      "is_quote_status": false,
      "retweet_count": 0,
      "favorite_count": 0,
      "truncated": false,
      "source": "<a href=\"http://twitter.com/download/iphone\" rel=\"nofollow\">Twitter for iPhone</a>",
      "entities": {
        "symbols": [],
        "user_mentions": [
          {
            "indices": [
              3,
              15
            ],
            "id": 225812483,
            "name": "Cr0nicallyInsane",
            "screen_name": "AngryCr0Bar",
            "id_str": "225812483"
          }
        ],
        "hashtags": [],
        "urls": []
      },
      "user": {
        "geo_enabled": false,
        "verified": false,
        "profile_sidebar_fill_color": "DDEEF6",
        "listed_count": 2,
        "screen_name": "KemixKo",
        "followers_count": 45,
        "notifications": null,
        "profile_text_color": "333333",
        "profile_image_url": "http://pbs.twimg.com/profile_images/1187217363390722048/Cxv0bxHc_normal.jpg",
        "profile_use_background_image": true,
        "friends_count": 1154,
        "id": 1140475766871773185,
        "statuses_count": 5576,
        "utc_offset": null,
        "follow_request_sent": null,
        "profile_background_tile": false,
        "profile_background_image_url_https": "",
        "profile_background_image_url": "",
        "profile_image_url_https": "https://pbs.twimg.com/profile_images/1187217363390722048/Cxv0bxHc_normal.jpg",
        "url": null,
        "name": "kemix",
        "location": "Depressed hell",
        "contributors_enabled": false,
        "created_at": "Mon Jun 17 04:26:26 +0000 2019",
        "time_zone": null,
        "profile_background_color": "F5F8FA",
        "id_str": "1140475766871773185",
        "translator_type": "none",
        "lang": null,
        "following": null,
        "is_translator": false,
        "favourites_count": 3692,
        "protected": false,
        "default_profile": true,
        "default_profile_image": false,
        "description": "Nobody worth mentioning, no one under 18 plz",
        "profile_link_color": "1DA1F2",
        "profile_sidebar_border_color": "C0DEED"
      },
      "favorited": false,
      "id": 1217273711486652417,
      "in_reply_to_user_id_str": null,
      "retweeted": false,
      "id_str": "1217273711486652417",
      "filter_level": "low",
      "text": "RT @AngryCr0Bar: \"This is what I do I sit, on you, sit on you, sit on you!\nThis is what I do I sit on you, RIGHT ON YOUR FACE!!\"\n\nJust one…",
      "retweeted_status": {
        "is_quote_status": false,
        "display_text_range": [
          0,
          140
        ],
        "retweet_count": 327,
        "favorite_count": 1550,
        "truncated": true,
        "source": "<a href=\"https://mobile.twitter.com\" rel=\"nofollow\">Twitter Web App</a>",
        "extended_tweet": {
          "entities": {
            "symbols": [],
            "user_mentions": [],
            "hashtags": [],
            "media": [
              {
                "expanded_url": "https://twitter.com/AngryCr0Bar/status/1172213500443275266/photo/1",
                "display_url": "pic.twitter.com/0oRCFxu6g8",
                "id": 1172213473515900928,
                "media_url": "http://pbs.twimg.com/media/EESJ8YnXkAAeHSI.jpg",
                "indices": [
                  166,
                  189
                ],
                "sizes": {
                  "small": {
                    "h": 427,
                    "resize": "fit",
                    "w": 680
                  },
                  "large": {
                    "h": 1286,
                    "resize": "fit",
                    "w": 2048
                  },
                  "thumb": {
                    "h": 150,
                    "resize": "crop",
                    "w": 150
                  },
                  "medium": {
                    "h": 753,
                    "resize": "fit",
                    "w": 1200
                  }
                },
                "url": "https://t.co/0oRCFxu6g8",
                "media_url_https": "https://pbs.twimg.com/media/EESJ8YnXkAAeHSI.jpg",
                "type": "photo",
                "id_str": "1172213473515900928"
              }
            ],
            "urls": []
          },
          "full_text": "\"This is what I do I sit, on you, sit on you, sit on you!\nThis is what I do I sit on you, RIGHT ON YOUR FACE!!\"\n\nJust one of Keiko's ways of asserting her dominance~ https://t.co/0oRCFxu6g8",
          "extended_entities": {
            "media": [
              {
                "expanded_url": "https://twitter.com/AngryCr0Bar/status/1172213500443275266/photo/1",
                "display_url": "pic.twitter.com/0oRCFxu6g8",
                "id": 1172213473515900928,
                "media_url": "http://pbs.twimg.com/media/EESJ8YnXkAAeHSI.jpg",
                "indices": [
                  166,
                  189
                ],
                "sizes": {
                  "small": {
                    "h": 427,
                    "resize": "fit",
                    "w": 680
                  },
                  "large": {
                    "h": 1286,
                    "resize": "fit",
                    "w": 2048
                  },
                  "thumb": {
                    "h": 150,
                    "resize": "crop",
                    "w": 150
                  },
                  "medium": {
                    "h": 753,
                    "resize": "fit",
                    "w": 1200
                  }
                },
                "url": "https://t.co/0oRCFxu6g8",
                "media_url_https": "https://pbs.twimg.com/media/EESJ8YnXkAAeHSI.jpg",
                "type": "photo",
                "id_str": "1172213473515900928"
              }
            ]
          },
          "display_text_range": [
            0,
            165
          ]
        },
        "entities": {
          "symbols": [],
          "user_mentions": [],
          "hashtags": [],
          "urls": [
            {
              "expanded_url": "https://twitter.com/i/web/status/1172213500443275266",
              "display_url": "twitter.com/i/web/status/1…",
              "url": "https://t.co/iWPkx3z2Vs",
              "indices": [
                117,
                140
              ]
            }
          ]
        },
        "user": {
          "geo_enabled": false,
          "verified": false,
          "profile_sidebar_fill_color": "DDEEF6",
          "listed_count": 4,
          "screen_name": "AngryCr0Bar",
          "followers_count": 1644,
          "notifications": null,
          "profile_text_color": "333333",
          "profile_image_url": "http://pbs.twimg.com/profile_images/943038395462443009/3sy9Z0V8_normal.jpg",
          "profile_use_background_image": true,
          "friends_count": 1524,
          "id": 225812483,
          "statuses_count": 5111,
          "utc_offset": null,
          "follow_request_sent": null,
          "profile_background_tile": false,
          "profile_background_image_url_https": "https://abs.twimg.com/images/themes/theme1/bg.png",
          "profile_background_image_url": "http://abs.twimg.com/images/themes/theme1/bg.png",
          "profile_image_url_https": "https://pbs.twimg.com/profile_images/943038395462443009/3sy9Z0V8_normal.jpg",
          "url": null,
          "name": "Cr0nicallyInsane",
          "location": "Everywhere :D",
          "contributors_enabled": false,
          "created_at": "Sun Dec 12 14:17:15 +0000 2010",
          "time_zone": null,
          "profile_background_color": "C0DEED",
          "id_str": "225812483",
          "translator_type": "none",
          "lang": null,
          "following": null,
          "is_translator": false,
          "favourites_count": 36397,
          "protected": false,
          "default_profile": true,
          "default_profile_image": false,
          "description": "dude/30 000 years old/scum of the Earth/this account is 18+ YOU'VE BEEN WARNED\n\nMy SFW Twitter is @Cr0nicT",
          "profile_link_color": "1DA1F2",
          "profile_sidebar_border_color": "C0DEED"
        },
        "id": 1172213500443275266,
        "in_reply_to_user_id_str": null,
        "retweeted": false,
        "id_str": "1172213500443275266",
        "filter_level": "low",
        "text": "\"This is what I do I sit, on you, sit on you, sit on you!\nThis is what I do I sit on you, RIGHT ON YOUR FACE!!\"\n\nJu… https://t.co/iWPkx3z2Vs",
        "favorited": false,
        "quote_count": 1,
        "in_reply_to_screen_name": null,
        "created_at": "Thu Sep 12 18:20:51 +0000 2019",
        "place": null,
        "reply_count": 37,
        "possibly_sensitive": true,
        "in_reply_to_status_id_str": null,
        "geo": null,
        "in_reply_to_status_id": null,
        "lang": "en",
        "coordinates": null,
        "contributors": null,
        "in_reply_to_user_id": null
      },
      "quote_count": 0,
      "in_reply_to_screen_name": null,
      "created_at": "Wed Jan 15 02:34:03 +0000 2020",
      "place": null,
      "reply_count": 0,
      "in_reply_to_status_id_str": null,
      "geo": null,
      "in_reply_to_status_id": null,
      "lang": "en",
      "timestamp_ms": "1579055643327",
      "coordinates": null,
      "contributors": null,
      "in_reply_to_user_id": null
    }
  ],
  "request_date": "2020-01-14-21:34:14"
}